ID,sentence,reference_Id
Q16_2_001,大南一統志卷之十六, 清化省斗, 東西距一百七十四里 南北距二百八十五里 东至海三十七里 西至山同接哀牢一百三十七里 南至父安瓊瑠縣界一百十五里,"[""[[1720, 0], [1799, 0], [1799, 1691], [1720, 1691]]"", ""[[1599, 0], [1720, 0], [1720, 1691], [1599, 1691]]"", ""[[1478, 0], [1599, 0], [1599, 1691], [1478, 1691]]"", ""[[1347, 0], [1478, 0], [1478, 1691], [1347, 1691]]"", ""[[1241, 0], [1347, 0], [1347, 1691], [1241, 1691]]"", ""[[1030, 0], [1132, 0], [1132, 1691], [1030, 1691]]"", ""[[851, 0], [961, 0], [961, 1691], [851, 1691]]"", ""[[738, 0], [851, 0], [851, 1691], [738, 1691]]"", ""[[635, 0], [738, 0], [738, 1691], [635, 1691]]"", ""[[1604, 0], [1687, 0], [1687, 1690], [1604, 1690]]"", ""[[863, 0], [915, 0], [915, 1690], [863, 1690]]"", ""[[631, 0], [689, 0], [689, 1690], [631, 1690]]"", ""[[464, 0], [514, 0], [514, 1690], [464, 1690]]"", ""[[342, 0], [404, 0], [404, 1690], [342, 1690]]"", ""[[1703, 0], [1754, 0], [1754, 1691], [1703, 1691]]"", ""[[1465, 0], [1528, 0], [1528, 1691], [1465, 1691]]"", ""[[1194, 0], [1250, 0], [1250, 1691], [1194, 1691]]""]"
Q16_4_002, 北至寧平奉化縣界一百七十里 东南至海四十里 西南至父安瓊瑠縣界一百六十三里 东北至正大汛 接寧平安謨縣界七十五里 西北至興化枚州山界二百十二里 自省城南進京 凡二,"[""[[913, 0], [972, 0], [972, 1691], [913, 1691]]"", ""[[802, 0], [854, 0], [854, 1691], [802, 1691]]"", ""[[516, 0], [573, 0], [573, 1691], [516, 1691]]"", ""[[459, 0], [516, 0], [516, 1691], [459, 1691]]"", ""[[228, 0], [286, 0], [286, 1691], [228, 1691]]"", ""[[1698, 0], [1756, 0], [1756, 1687], [1698, 1687]]"", ""[[1644, 0], [1698, 0], [1698, 1687], [1644, 1687]]"", ""[[1570, 0], [1644, 0], [1644, 1687], [1570, 1687]]"", ""[[1264, 0], [1347, 0], [1347, 1687], [1264, 1687]]"", ""[[1040, 0], [1121, 0], [1121, 1687], [1040, 1687]]"", ""[[872, 0], [951, 0], [951, 1687], [872, 1687]]"", ""[[518, 0], [573, 0], [573, 1687], [518, 1687]]"", ""[[402, 0], [460, 0], [460, 1687], [402, 1687]]"", ""[[169, 0], [232, 0], [232, 1687], [169, 1687]]"", ""[[1482, 0], [1593, 0], [1593, 1687], [1482, 1687]]"", ""[[1304, 0], [1367, 0], [1367, 1687], [1304, 1687]]"", ""[[1252, 0], [1304, 0], [1304, 1687], [1252, 1687]]"", ""[[691, 0], [753, 0], [753, 1687], [691, 1687]]"", ""[[405, 0], [459, 0], [459, 1687], [405, 1687]]"", ""[[286, 0], [346, 0], [346, 1687], [286, 1687]]"", ""[[1751, 0], [1807, 0], [1807, 1688], [1751, 1688]]"", ""[[1368, 0], [1481, 0], [1481, 1688], [1368, 1688]]"", ""[[1143, 0], [1232, 0], [1232, 1688], [1143, 1688]]""]"
Q16_7_003,十七站一千八十三里 分野 天文翼軫 分野 鶉尾之次 明命十八年 测极高十九度二十六分 偏西一度四十分 按 唐 地理志 安南翼軫分 及 前漢書 天文志 生·女 杨,"[""[[864, 0], [961, 0], [961, 1688], [864, 1688]]"", ""[[504, 0], [618, 0], [618, 1688], [504, 1688]]"", ""[[1708, 0], [1803, 0], [1803, 1684], [1708, 1684]]"", ""[[1529, 0], [1577, 0], [1577, 1684], [1529, 1684]]"", ""[[1365, 0], [1425, 0], [1425, 1684], [1365, 1684]]"", ""[[1199, 0], [1257, 0], [1257, 1684], [1199, 1684]]"", ""[[917, 0], [988, 0], [988, 1684], [917, 1684]]"", ""[[524, 0], [582, 0], [582, 1684], [524, 1684]]""]"
Q16_8_004,州地理志 粤地 牛 文之分野也 交趾 日南 九眞 皆粤地 班 固 刘 向 三统历 推亦以交趾 日南 九眞 皆古粤地 牛 文分 姑两存之 备考 建置 沿革 古雄王,"[""[[466, 0], [524, 0], [524, 1684], [466, 1684]]"", ""[[352, 0], [411, 0], [411, 1684], [352, 1684]]"", ""[[299, 0], [352, 0], [352, 1684], [299, 1684]]"", ""[[180, 0], [237, 0], [237, 1684], [180, 1684]]"", ""[[1759, 0], [1816, 0], [1816, 1691], [1759, 1691]]"", ""[[1424, 0], [1477, 0], [1477, 1691], [1424, 1691]]"", ""[[1312, 0], [1367, 0], [1367, 1691], [1312, 1691]]"", ""[[918, 0], [972, 0], [972, 1691], [918, 1691]]"", ""[[693, 0], [748, 0], [748, 1691], [693, 1691]]"", ""[[292, 0], [346, 0], [346, 1691], [292, 1691]]"", ""[[1756, 0], [1812, 0], [1812, 1687], [1756, 1687]]"", ""[[1586, 0], [1643, 0], [1643, 1687], [1586, 1687]]""]"
Q16_10_005,为九眞部 秦属象郡 赵为九眞郡 记市适 房市 房后司市 务局 务济 房动司人 上 前漢地理志 武帝 元鼎六年郡 统县 方一爻足凡七 胥浦 居风都 庞余发 咸驩无,"[""[[1307, 0], [1364, 0], [1364, 1687], [1307, 1687]]"", ""[[1085, 0], [1140, 0], [1140, 1687], [1085, 1687]]"", ""[[970, 0], [1029, 0], [1029, 1687], [970, 1687]]"", ""[[633, 0], [690, 0], [690, 1687], [633, 1687]]"", ""[[346, 0], [402, 0], [402, 1687], [346, 1687]]""]"
Q16_10_006,功无编 后汉地理志 元帝 元初三年省都庞馀发二县 存统县五 注胥浦 莽曰驩 成无编 恭曰九眞亭 居风 交州记 曰有山出金牛 往往夜见光耀 十里山常有风都 庞陆德,"[""[[288, 0], [346, 0], [346, 1687], [288, 1687]]"", ""[[1587, 0], [1647, 0], [1647, 1691], [1587, 1691]]"", ""[[1474, 0], [1532, 0], [1532, 1691], [1474, 1691]]"", ""[[1419, 0], [1474, 0], [1474, 1691], [1419, 1691]]"", ""[[1252, 0], [1303, 0], [1303, 1691], [1252, 1691]]"", ""[[1026, 0], [1083, 0], [1083, 1691], [1026, 1691]]"", ""[[742, 0], [804, 0], [804, 1691], [742, 1691]]"", ""[[457, 0], [515, 0], [515, 1691], [457, 1691]]"", ""[[399, 0], [457, 0], [457, 1691], [399, 1691]]"", ""[[1753, 0], [1813, 0], [1813, 1691], [1753, 1691]]"", ""[[1643, 0], [1702, 0], [1702, 1691], [1643, 1691]]"", ""[[1530, 0], [1586, 0], [1586, 1691], [1530, 1691]]"", ""[[1476, 0], [1530, 0], [1530, 1691], [1476, 1691]]""]"
Q16_12_007,明 南康记都龐嶺在九眞郡，,"[""[[1362, 0], [1421, 0], [1421, 1691], [1362, 1691]]"", ""[[1027, 0], [1081, 0], [1081, 1691], [1027, 1691]]""]"
Q16_12_008,《文獻通》之《元頭》、,"[""[[742, 0], [799, 0], [799, 1691], [742, 1691]]""]"
Q16_12_009,《元手》之《考注》，,"[""[[338, 0], [398, 0], [398, 1691], [338, 1691]]""]"
Q16_12_010,「都龎」即「永明」在江花郡，,"[""[[282, 0], [338, 0], [338, 1691], [282, 1691]]"", ""[[1757, 0], [1813, 0], [1813, 1688], [1757, 1688]]""]"
Q16_13_011,《夏一了》九道郡，,"[""[[1709, 0], [1757, 0], [1757, 1688], [1709, 1688]]""]"
Q16_13_012,《統縣》七月浦，,"[""[[1590, 0], [1646, 0], [1646, 1688], [1590, 1688]]""]"
Q16_13_013,《九眞君》一鼎置力德君，,"[""[[1590, 0], [1646, 0], [1646, 1688], [1590, 1688]]"", ""[[1309, 0], [1364, 0], [1364, 1688], [1309, 1688]]""]"
Q16_13_014,移風湛梧建初常樂扶樂松原，,[]
Q16_13_015,其咸驩改隸九尺目之百齊刃，,"[""[[1249, 0], [1309, 0], [1309, 1688], [1249, 1688]]"", ""[[912, 0], [975, 0], [975, 1688], [912, 1688]]""]"
Q16_13_016,德郡，,[]
Q16_13_017,《統縣》八詳父安省志子學才五，,"[""[[686, 0], [744, 0], [744, 1688], [686, 1688]]"", ""[[516, 0], [576, 0], [576, 1688], [516, 1688]]""]"
Q16_13_018,以九直乃為外，,"[""[[232, 0], [286, 0], [286, 1688], [232, 1688]]""]"
Q16_13_019,愛州之言力事之里君器容少，,"[""[[168, 0], [232, 0], [232, 1688], [168, 1688]]"", ""[[1534, 0], [1589, 0], [1589, 1691], [1534, 1691]]""]"
Q16_14_020,名始此所衣上，,"[""[[1365, 0], [1421, 0], [1421, 1691], [1365, 1691]]"", ""[[1251, 0], [1309, 0], [1309, 1691], [1251, 1691]]""]"
Q16_14_021,看愛少後夏，,"[""[[1086, 0], [1140, 0], [1140, 1691], [1086, 1691]]""]"
Q16_14_022,故曰乞義，,"[""[[689, 0], [747, 0], [747, 1691], [689, 1691]]""]"
Q16_14_023,乃充泰隋文帝改郡爲州，,"[""[[459, 0], [516, 0], [516, 1691], [459, 1691]]""]"
Q16_14_024,民房務務院後堂券務務堂學房務品市業房務罷州置郡，,"[""[[228, 0], [286, 0], [286, 1691], [228, 1691]]"", ""[[1704, 0], [1759, 0], [1759, 1691], [1704, 1691]]"", ""[[1650, 0], [1704, 0], [1704, 1691], [1650, 1691]]"", ""[[1421, 0], [1479, 0], [1479, 1691], [1421, 1691]]""]"
Q16_15_025,按《隋書·地理志》，,"[""[[1199, 0], [1258, 0], [1258, 1691], [1199, 1691]]"", ""[[748, 0], [810, 0], [810, 1691], [748, 1691]]""]"
Q16_15_026,九眞移風胥浦隆安軍安安順日南凡七縣注，,"[""[[518, 0], [579, 0], [579, 1691], [518, 1691]]"", ""[[289, 0], [349, 0], [349, 1691], [289, 1691]]"", ""[[232, 0], [289, 0], [289, 1691], [232, 1691]]"", ""[[171, 0], [232, 0], [232, 1691], [171, 1691]]""]"
Q16_15_027,隆安舊高安，,[]
Q16_16_028,開皇十八年改安順，,"[""[[1649, 0], [1704, 0], [1704, 1691], [1649, 1691]]"", ""[[1593, 0], [1649, 0], [1649, 1691], [1593, 1691]]"", ""[[1310, 0], [1371, 0], [1371, 1691], [1310, 1691]]""]"
Q16_16_029,舊寸常樂開皇十六年改周曰愛少，,"[""[[1199, 0], [1257, 0], [1257, 1691], [1199, 1691]]"", ""[[1090, 0], [1144, 0], [1144, 1691], [1090, 1691]]"", ""[[1033, 0], [1090, 0], [1090, 1691], [1033, 1691]]"", ""[[693, 0], [752, 0], [752, 1691], [693, 1691]]""]"
Q16_16_030,力眞君孫，,[]
Q16_16_031,唐因漢制以州統郡，,"[""[[578, 0], [637, 0], [637, 1691], [578, 1691]]"", ""[[521, 0], [578, 0], [578, 1691], [521, 1691]]""]"
Q16_16_032,按《唐書·地理志》焉。,[]
Q16_16_033,二曰九眞安順崇平軍寧日南長林凡六縣注，,"[""[[289, 0], [350, 0], [350, 1691], [289, 1691]]"", ""[[238, 0], [289, 0], [289, 1691], [238, 1691]]"", ""[[1645, 0], [1699, 0], [1699, 1691], [1645, 1691]]"", ""[[1418, 0], [1477, 0], [1477, 1691], [1418, 1691]]"", ""[[1249, 0], [1307, 0], [1307, 1691], [1249, 1691]]""]"
Q16_17_034,九眞武德五年以愛州地置松源陽山安預三縣，,"[""[[1080, 0], [1136, 0], [1136, 1691], [1080, 1691]]"", ""[[801, 0], [854, 0], [854, 1691], [801, 1691]]"", ""[[456, 0], [507, 0], [507, 1691], [456, 1691]]"", ""[[340, 0], [399, 0], [399, 1691], [340, 1691]]"", ""[[168, 0], [223, 0], [223, 1691], [168, 1691]]"", ""[[1705, 0], [1758, 0], [1758, 1691], [1705, 1691]]"", ""[[1538, 0], [1594, 0], [1594, 1691], [1538, 1691]]"", ""[[1201, 0], [1253, 0], [1253, 1691], [1201, 1691]]"", ""[[1146, 0], [1201, 0], [1201, 1691], [1146, 1691]]""]"
Q16_18_035,貞觀元年省陽山安預九年省松源八九眞縣安順武德五年以安順地置順州，,"[""[[1030, 0], [1090, 0], [1090, 1691], [1030, 1691]]"", ""[[301, 0], [386, 0], [386, 1691], [301, 1691]]"", ""[[1770, 0], [1888, 0], [1888, 1687], [1770, 1687]]"", ""[[1716, 0], [1770, 0], [1770, 1687], [1716, 1687]]"", ""[[1320, 0], [1375, 0], [1375, 1687], [1320, 1687]]""]"
Q16_19_036,又分設東河建昌邊河三縣，,"[""[[1166, 0], [1214, 0], [1214, 1687], [1166, 1687]]"", ""[[1033, 0], [1104, 0], [1104, 1687], [1033, 1687]]"", ""[[647, 0], [758, 0], [758, 1687], [647, 1687]]""]"
Q16_20_037,貞觀元年廢州省三縣復八安順縣崇平舊隆安武德五年以隆安地置安州並置敎山建道都握三縣，,"[""[[1680, 0], [1795, 0], [1795, 1688], [1680, 1688]]"", ""[[1592, 0], [1680, 0], [1680, 1688], [1592, 1688]]"", ""[[1476, 0], [1592, 0], [1592, 1688], [1476, 1688]]"", ""[[1144, 0], [1230, 0], [1230, 1688], [1144, 1688]]"", ""[[527, 0], [646, 0], [646, 1688], [527, 1688]]"", ""[[179, 0], [267, 0], [267, 1688], [179, 1688]]""]"
Q16_21_038,又置山州並置岡山眞潤古安西安八建初縣八年省建初，,"[""[[1029, 0], [1154, 0], [1154, 1691], [1029, 1691]]"", ""[[687, 0], [762, 0], [762, 1691], [687, 1691]]"", ""[[291, 0], [434, 0], [434, 1691], [291, 1691]]""]"
Q16_21_039,後又。,[]
Q16_21_040,改隆安曰榮安，至德二載更名崇平軍寧舊軍。,[]
Q16_21_041,安武德五年以軍安縣地置永州，七年改曰都州。,"[""[[291, 0], [434, 0], [434, 1691], [291, 1691]]""]"
Q16_22_042,貞觀元年廢都州爲軍安縣隸南陸州，廢作至德二載更名軍寧。,"[""[[1522, 0], [1581, 0], [1581, 1688], [1522, 1688]]"", ""[[1415, 0], [1471, 0], [1471, 1688], [1415, 1688]]"", ""[[1247, 0], [1303, 0], [1303, 1688], [1247, 1688]]"", ""[[798, 0], [853, 0], [853, 1688], [798, 1688]]""]"
Q16_22_043,日南武德五年以日南縣地置積州，并置積善津、梧方載三縣，以移風縣置前眞州，并置九皐、建正、眞寧三縣，以胥浦縣地置胥州，并置攀龍、如候、博犢、鎭星四縣。,"[""[[576, 0], [627, 0], [627, 1688], [576, 1688]]"", ""[[297, 0], [392, 0], [392, 1688], [297, 1688]]"", ""[[1575, 0], [1639, 0], [1639, 1692], [1575, 1692]]"", ""[[1291, 0], [1357, 0], [1357, 1692], [1291, 1692]]"", ""[[1203, 0], [1291, 0], [1291, 1692], [1203, 1692]]"", ""[[1049, 0], [1123, 0], [1123, 1692], [1049, 1692]]"", ""[[749, 0], [797, 0], [797, 1692], [749, 1692]]"", ""[[681, 0], [749, 0], [749, 1692], [681, 1692]]"", ""[[532, 0], [621, 0], [621, 1692], [532, 1692]]"", ""[[396, 0], [532, 0], [532, 1692], [396, 1692]]"", ""[[277, 0], [332, 0], [332, 1692], [277, 1692]]""]"
Q16_23_044,九年更積州曰南陸州。,"[""[[230, 0], [277, 0], [277, 1692], [230, 1692]]""]"
Q16_23_045,貞觀元年廢前眞州，省九皐、建正、眞寧復八移風縣，廢胥州，省攀龍、如候、博犢、鎭星復八胥浦縣，皆隸南陸州。,"[""[[155, 0], [230, 0], [230, 1692], [155, 1692]]"", ""[[1528, 0], [1586, 0], [1586, 1684], [1528, 1684]]"", ""[[1306, 0], [1367, 0], [1367, 1684], [1306, 1684]]"", ""[[1193, 0], [1248, 0], [1248, 1684], [1193, 1684]]"", ""[[804, 0], [862, 0], [862, 1684], [804, 1684]]"", ""[[691, 0], [745, 0], [745, 1684], [691, 1684]]"", ""[[632, 0], [691, 0], [691, 1684], [632, 1684]]"", ""[[230, 0], [305, 0], [305, 1684], [230, 1684]]""]"
Q16_24_046,十年廢南陸州，以軍安、日南、移風、胥浦復隸愛州。,"[""[[169, 0], [230, 0], [230, 1684], [169, 1684]]"", ""[[1760, 0], [1885, 0], [1885, 1691], [1760, 1691]]"", ""[[1471, 0], [1579, 0], [1579, 1691], [1471, 1691]]"", ""[[973, 0], [1129, 0], [1129, 1691], [973, 1691]]"", ""[[724, 0], [849, 0], [849, 1691], [724, 1691]]"", ""[[633, 0], [724, 0], [724, 1691], [633, 1691]]""]"
Q16_25_047,天寶中省移風、胥浦二縣，長林舊無編丁，分爲道黎，改爲路。,"[""[[513, 0], [578, 0], [578, 1691], [513, 1691]]"", ""[[277, 0], [408, 0], [408, 1691], [277, 1691]]"", ""[[96, 0], [191, 0], [191, 1691], [96, 1691]]""]"
Q16_26_048,李順天元年改爲寨，尋下斤化之名始此，一年定爲清化路。,"[""[[1489, 0], [1601, 0], [1601, 1684], [1489, 1684]]"", ""[[1378, 0], [1489, 0], [1489, 1684], [1378, 1684]]"", ""[[874, 0], [951, 0], [951, 1684], [874, 1684]]""]"
Q16_26_049,元豐三年改爲寨，紹皇年間復爲路。,"[""[[761, 0], [874, 0], [874, 1684], [761, 1684]]"", ""[[347, 0], [390, 0], [390, 1684], [347, 1684]]"", ""[[1692, 0], [1802, 0], [1802, 1688], [1692, 1688]]""]"
Q16_27_050,所屬有清化、九眞、愛州三府，後稱爲鎭順尊光。,"[""[[1578, 0], [1692, 0], [1692, 1688], [1578, 1688]]""]"
Q16_27_051,泰十年改爲清都鎭。,"[""[[1578, 0], [1692, 0], [1692, 1688], [1578, 1688]]""]"
Q16_27_052,胡氏篡陳，改爲天昌府，并九眞、愛州爲三輔，號曰西都昇龍。,"[""[[1266, 0], [1353, 0], [1353, 1688], [1266, 1688]]"", ""[[638, 0], [691, 0], [691, 1688], [638, 1688]]"", ""[[521, 0], [572, 0], [572, 1688], [521, 1688]]""]"
Q16_27_053,爲月十清一統志領九眞、,"[""[[348, 0], [407, 0], [407, 1688], [348, 1688]]"", ""[[1653, 0], [1706, 0], [1706, 1688], [1653, 1688]]""]"
Q16_27_054,愛東都，,[]
Q16_28_055,明爲清仁原州、,"[""[[1542, 0], [1593, 0], [1593, 1688], [1542, 1688]]"", ""[[1204, 0], [1262, 0], [1262, 1688], [1204, 1688]]""]"
Q16_28_056,清化葵州四州，,"[""[[1038, 0], [1094, 0], [1094, 1688], [1038, 1688]]""]"
Q16_28_057,安西—泰局房堂務房磊江安樂十一縣，,"[""[[1038, 0], [1094, 0], [1094, 1688], [1038, 1688]]"", ""[[922, 0], [990, 0], [990, 1688], [922, 1688]]"", ""[[703, 0], [756, 0], [756, 1688], [703, 1688]]""]"
Q16_28_058,天下郡國利病書明永樂五年初設清化府領州三縣十九，,"[""[[417, 0], [473, 0], [473, 1688], [417, 1688]]"", ""[[298, 0], [360, 0], [360, 1688], [298, 1688]]""]"
Q16_28_059,府領古藤、,[]
Q16_28_060,古宏、,[]
Q16_28_061,東山、,"[""[[298, 0], [360, 0], [360, 1688], [298, 1688]]""]"
Q16_28_062,古雷、,[]
Q16_28_063,永寧、,[]
Q16_28_064,安定、,[]
Q16_28_065,梁江七縣，,[]
Q16_28_066,清化州領俄樂、,[]
Q16_28_067,細江、,[]
Q16_28_068,安樂、,[]
Q16_28_069,磊江四縣，,[]
Q16_28_070,愛州。,[]
Q16_29_071,州領河中、,"[""[[1586, 0], [1645, 0], [1645, 1684], [1586, 1684]]""]"
Q16_29_072,統寧、,[]
Q16_29_073,兵戰、,[]
Q16_29_074,原統宋江、,[]
Q16_29_075,支俄四縣、,"[""[[1307, 0], [1361, 0], [1361, 1684], [1307, 1684]]""]"
Q16_29_076,九眞州領古平、,[]
Q16_29_077,結帨緣覺、,[]
Q16_29_078,貢四縣、,[]
Q16_29_079,八年、,"[""[[1029, 0], [1087, 0], [1087, 1684], [1029, 1684]]""]"
Q16_29_080,細江支俄、,[]
Q16_29_081,古平各八、,[]
Q16_29_082,本州十三年並古究八、,[]
Q16_29_083,古藤河中、,"[""[[692, 0], [751, 0], [751, 1684], [692, 1684]]""]"
Q16_29_084,統寧、,[]
Q16_29_085,緣覺結悅、,"[""[[410, 0], [467, 0], [467, 1684], [410, 1684]]""]"
Q16_30_086,各以其地、,"[""[[1756, 0], [1814, 0], [1814, 1688], [1756, 1688]]"", ""[[1644, 0], [1701, 0], [1701, 1688], [1644, 1688]]""]"
Q16_30_087,八本州、,[]
Q16_30_088,十五年始以減州之葵州改隸、,"[""[[1366, 0], [1418, 0], [1418, 1688], [1366, 1688]]""]"
Q16_30_089,十七年復拜安定、,"[""[[1198, 0], [1249, 0], [1249, 1688], [1198, 1688]]"", ""[[916, 0], [974, 0], [974, 1688], [916, 1688]]""]"
Q16_30_090,八永寧、,[]
Q16_30_091,梁江八古雷、,"[""[[633, 0], [689, 0], [689, 1688], [633, 1688]]""]"
Q16_30_092,東山八古藤、,"[""[[575, 0], [633, 0], [633, 1688], [575, 1688]]"", ""[[519, 0], [575, 0], [575, 1688], [519, 1688]]""]"
Q16_30_093,安樂八清化州、,[]
Q16_30_094,磊江貢八、,"[""[[519, 0], [575, 0], [575, 1688], [519, 1688]]""]"
Q16_30_095,俄樂宋江八愛州、,"[""[[461, 0], [519, 0], [519, 1688], [461, 1688]]""]"
Q16_30_096,農貢八、,[]
Q16_30_097,九眞州、,[]
Q16_30_098,秀川天元年屬海西道、,"[""[[288, 0], [348, 0], [348, 1688], [288, 1688]]""]"
Q16_30_099,光順七年置、,[]
Q16_30_100,清化承宣十年改為清甘、,[]
Q16_30_101,承宣名始此清豈之領府四縣、,"[""[[231, 0], [288, 0], [288, 1688], [231, 1688]]""]"
Q16_31_102,十六州、,"[""[[1593, 0], [1652, 0], [1652, 1684], [1593, 1684]]""]"
Q16_31_103,天南餘暇集紹天府繞縣八、,"[""[[1539, 0], [1593, 0], [1593, 1684], [1539, 1684]]""]"
Q16_31_104,梁江東山雷匹陽安定永寧錦水石城平江河中府統縣四、,"[""[[1539, 0], [1593, 0], [1593, 1684], [1539, 1684]]"", ""[[1210, 0], [1259, 0], [1259, 1684], [1210, 1684]]"", ""[[925, 0], [982, 0], [982, 1684], [925, 1684]]"", ""[[869, 0], [925, 0], [925, 1684], [869, 1684]]"", ""[[643, 0], [696, 0], [696, 1684], [643, 1684]]""]"
Q16_31_105,宋江弘化淳祐俄江清寧府備靖領縣三、,"[""[[472, 0], [528, 0], [528, 1684], [472, 1684]]"", ""[[416, 0], [472, 0], [472, 1684], [416, 1684]]"", ""[[299, 0], [355, 0], [355, 1684], [299, 1684]]""]"
Q16_31_106,農貞玉山廣昌清都府領縣一、,"[""[[243, 0], [299, 0], [299, 1684], [243, 1684]]"", ""[[1749, 0], [1805, 0], [1805, 1688], [1749, 1688]]""]"
Q16_31_107,壽春州四、,[]
Q16_32_108,相按潘輝地志註、,"[""[[1581, 0], [1638, 0], [1638, 1688], [1581, 1688]]""]"
Q16_32_109,又以長安天關二府載為府六縣二十州。,"[""[[1416, 0], [1468, 0], [1468, 1688], [1416, 1688]]"", ""[[1190, 0], [1244, 0], [1244, 1688], [1190, 1688]]"", ""[[801, 0], [855, 0], [855, 1688], [801, 1688]]"", ""[[634, 0], [687, 0], [687, 1688], [634, 1688]]""]"
Q16_32_110,T海元上民民堂務、,"[""[[343, 0], [405, 0], [405, 1688], [343, 1688]]""]"
Q16_32_111,商務領其外鎭、,[]
Q16_32_112,詳寧平省志、,[]
Q16_32_113,清甘鎮置督鎮、,"[""[[171, 0], [230, 0], [230, 1688], [171, 1688]]""]"
Q16_32_114,協鎮、,[]
Q16_33_115,參協各一、,"[""[[1750, 0], [1810, 0], [1810, 1688], [1750, 1688]]""]"
Q16_33_116,府四縣十六、,[]
Q16_33_117,河中靜嘉清都紹天四府、,"[""[[1476, 0], [1525, 0], [1525, 1688], [1476, 1688]]"", ""[[1358, 0], [1412, 0], [1412, 1688], [1358, 1688]]""]"
Q16_33_118,宋山弘化豐州三、,"[""[[1358, 0], [1412, 0], [1412, 1688], [1358, 1688]]""]"
Q16_33_119,祿峩山農貢、,"[""[[1246, 0], [1302, 0], [1302, 1688], [1246, 1688]]""]"
Q16_33_120,玉山廣昌壽春東山安定廣平石城錦水永祿雷陽瑞原十六縣、,"[""[[1191, 0], [1246, 0], [1246, 1688], [1191, 1688]]"", ""[[1025, 0], [1081, 0], [1081, 1688], [1025, 1688]]"", ""[[684, 0], [741, 0], [741, 1688], [684, 1688]]"", ""[[627, 0], [684, 0], [684, 1688], [627, 1688]]"", ""[[455, 0], [514, 0], [514, 1688], [455, 1688]]""]"
Q16_33_121,關柳琅政蠶州三、,[]
Q16_33_122,州按鴻德版圖有岑州凡十三崗、,"[""[[455, 0], [514, 0], [514, 1688], [455, 1688]]"", ""[[342, 0], [404, 0], [404, 1688], [342, 1688]]""]"
Q16_33_123,今版籍不見登載、,"[""[[286, 0], [342, 0], [342, 1688], [286, 1688]]"", ""[[1771, 0], [1833, 0], [1833, 1700], [1771, 1700]]"", ""[[1488, 0], [1545, 0], [1545, 1700], [1488, 1700]]""]"
Q16_33_124,從前巳并八何州未詳、,[]
Q16_34_125,又按明命二年大駕北巡、,"[""[[1321, 0], [1379, 0], [1379, 1700], [1321, 1700]]""]"
Q16_34_126,清巷岑泗州酋長齒圩歆遣土目齒德曷等具方物抵。,"[""[[1040, 0], [1098, 0], [1098, 1700], [1040, 1700]]"", ""[[815, 0], [872, 0], [872, 1700], [815, 1700]]""]"
Q16_34_127,鎮請詣行在拜獻，且言州屬十崗，從前受貢於万象嘉隆十八年。,"[""[[698, 0], [754, 0], [754, 1700], [698, 1700]]"", ""[[528, 0], [583, 0], [583, 1700], [528, 1700]]"", ""[[238, 0], [297, 0], [297, 1700], [238, 1700]]"", ""[[1693, 0], [1749, 0], [1749, 1688], [1693, 1688]]""]"
Q16_35_128,因何功泰求內附，經略大臣黎文悦許之。,"[""[[1693, 0], [1749, 0], [1749, 1688], [1693, 1688]]""]"
Q16_35_129,今願瞻拜，奉修職貢，歲以三月輸之。,"[""[[1416, 0], [1472, 0], [1472, 1688], [1416, 1688]]"", ""[[1304, 0], [1359, 0], [1359, 1688], [1304, 1688]]""]"
Q16_35_130,鎮臣以事聞，厚賞銀月二三。,"[""[[1249, 0], [1304, 0], [1304, 1688], [1249, 1688]]"", ""[[911, 0], [970, 0], [970, 1688], [911, 1688]]"", ""[[692, 0], [744, 0], [744, 1688], [692, 1688]]""]"
Q16_35_131,民民市民房務務務院務目同司清都府曰壽春府，,"[""[[461, 0], [517, 0], [517, 1688], [461, 1688]]"", ""[[231, 0], [289, 0], [289, 1688], [231, 1688]]"", ""[[1586, 0], [1642, 0], [1642, 1688], [1586, 1688]]"", ""[[1191, 0], [1254, 0], [1254, 1688], [1191, 1688]]""]"
Q16_36_132,七年柝紹化原紹天嘉隆十四年改府之雷陽縣隸焉，,"[""[[1142, 0], [1191, 0], [1191, 1688], [1142, 1688]]"", ""[[911, 0], [972, 0], [972, 1688], [911, 1688]]""]"
Q16_36_133,九年增設鎮蠻府領呈固蠻維岑柳三縣，,"[""[[750, 0], [802, 0], [802, 1688], [750, 1688]]"", ""[[521, 0], [569, 0], [569, 1688], [521, 1688]]""]"
Q16_36_134,十二年分轄曰清豐省，,"[""[[463, 0], [521, 0], [521, 1688], [463, 1688]]"", ""[[400, 0], [463, 0], [463, 1688], [400, 1688]]""]"
Q16_36_135,置清甘一總督布政按察二司。,"[""[[400, 0], [463, 0], [463, 1688], [400, 1688]]"", ""[[1709, 0], [1758, 0], [1758, 1685], [1709, 1685]]"", ""[[1587, 0], [1660, 0], [1660, 1685], [1587, 1685]]""]"
Q16_37_136,十六年柝紹化府之永祿錦水石城廣濟四縣，增設廣化府，合壽春縣與瑯政州為良政州，蠶州關椰為關化州。,"[""[[1423, 0], [1481, 0], [1481, 1685], [1423, 1685]]"", ""[[1373, 0], [1423, 0], [1423, 1685], [1373, 1685]]"", ""[[1309, 0], [1373, 0], [1373, 1685], [1309, 1685]]"", ""[[1148, 0], [1203, 0], [1203, 1685], [1148, 1685]]"", ""[[811, 0], [926, 0], [926, 1685], [811, 1685]]"", ""[[584, 0], [648, 0], [648, 1685], [584, 1685]]"", ""[[473, 0], [534, 0], [534, 1685], [473, 1685]]"", ""[[1751, 0], [1811, 0], [1811, 1688], [1751, 1688]]"", ""[[1416, 0], [1472, 0], [1472, 1688], [1416, 1688]]"", ""[[1253, 0], [1306, 0], [1306, 1688], [1253, 1688]]"", ""[[1197, 0], [1253, 0], [1253, 1688], [1197, 1688]]""]"
Q16_38_137,十八年增置常春州，始設流官石城廣濟錦水關化良政常春等州縣。,"[""[[804, 0], [862, 0], [862, 1688], [804, 1688]]"", ""[[744, 0], [804, 0], [804, 1688], [744, 1688]]"", ""[[633, 0], [690, 0], [690, 1688], [633, 1688]]"", ""[[519, 0], [577, 0], [577, 1688], [519, 1688]]""]"
Q16_38_138,原設土官明司局民市學房司學美司化縣，又設河中分府紹治元年改曰清化省。,"[""[[347, 0], [405, 0], [405, 1688], [347, 1688]]""]"
Q16_39_139,嗣德三年省河中分府，復裁省官吏，以弘化縣併攝美化石城廣濟關化三縣州歸廣化府，兼攝常春良政二州歸壽春府，兼攝成泰元年復設石城縣知縣，府攝廣濟縣。,"[""[[1789, 0], [1919, 0], [1919, 1685], [1789, 1685]]"", ""[[1595, 0], [1641, 0], [1641, 1685], [1595, 1685]]"", ""[[1537, 0], [1595, 0], [1595, 1685], [1537, 1685]]"", ""[[1096, 0], [1162, 0], [1162, 1685], [1096, 1685]]"", ""[[925, 0], [1026, 0], [1026, 1685], [925, 1685]]""]"
Q16_39_140,六年析農貢縣地置如春州，十二年設峴山縣知縣，仍隸河中府，又柝瑞原縣地置玉勒州。,"[""[[586, 0], [651, 0], [651, 1685], [586, 1685]]"", ""[[365, 0], [417, 0], [417, 1685], [365, 1685]]"", ""[[1646, 0], [1702, 0], [1702, 1692], [1646, 1692]]"", ""[[1421, 0], [1476, 0], [1476, 1692], [1421, 1692]]"", ""[[1145, 0], [1197, 0], [1197, 1692], [1145, 1692]]""]"
Q16_40_141,今碩十元系一六川五焉六寺一縣三可中府右一京五聚十六六五年房市元堂定安房居市民司限九里，東至海連寧平安謨縣界二十。,"[""[[1087, 0], [1145, 0], [1145, 1692], [1087, 1692]]"", ""[[913, 0], [976, 0], [976, 1692], [913, 1692]]"", ""[[861, 0], [913, 0], [913, 1692], [861, 1692]]"", ""[[576, 0], [639, 0], [639, 1692], [576, 1692]]"", ""[[1773, 0], [1839, 0], [1839, 1684], [1773, 1684]]"", ""[[1546, 0], [1606, 0], [1606, 1684], [1546, 1684]]"", ""[[1417, 0], [1480, 0], [1480, 1684], [1417, 1684]]"", ""[[1159, 0], [1217, 0], [1217, 1684], [1159, 1684]]"", ""[[932, 0], [1026, 0], [1026, 1684], [932, 1684]]""]"
Q16_41_142,三里，西至廣化府永祿右城二縣界十九里，南至紹化府東山縣靜嘉府廣昌縣界十八里，北至寧平奉化安謨二縣界四十一里。,"[""[[645, 0], [698, 0], [698, 1684], [645, 1684]]"", ""[[418, 0], [466, 0], [466, 1684], [418, 1684]]"", ""[[159, 0], [251, 0], [251, 1684], [159, 1684]]"", ""[[1529, 0], [1587, 0], [1587, 1684], [1529, 1684]]"", ""[[1473, 0], [1529, 0], [1529, 1684], [1473, 1684]]"", ""[[1140, 0], [1195, 0], [1195, 1684], [1140, 1684]]"", ""[[747, 0], [804, 0], [804, 1684], [747, 1684]]""]"
Q16_42_143,古九眞郡地，陳以前曰河中縣屬，明以愛州領之。,"[""[[691, 0], [747, 0], [747, 1684], [691, 1684]]"", ""[[633, 0], [691, 0], [691, 1684], [633, 1684]]"", ""[[405, 0], [463, 0], [463, 1684], [405, 1684]]""]"
Q16_42_144,將清全房創宴房宇房局市房局府務務府司，本朝因之兼理。,"[""[[292, 0], [348, 0], [348, 1684], [292, 1684]]""]"
Q16_42_145,厚祿統轄，宋山峩山弘化。,"[""[[235, 0], [292, 0], [292, 1684], [235, 1684]]"", ""[[1591, 0], [1648, 0], [1648, 1688], [1591, 1688]]"", ""[[1424, 0], [1481, 0], [1481, 1688], [1424, 1688]]"", ""[[1257, 0], [1311, 0], [1311, 1688], [1257, 1688]]""]"
Q16_43_146,明命十九年增設河中分府，以弘化為兼理，又設美化縣為統轄。,"[""[[1143, 0], [1199, 0], [1199, 1688], [1143, 1688]]"", ""[[862, 0], [913, 0], [913, 1688], [862, 1688]]"", ""[[580, 0], [638, 0], [638, 1688], [580, 1688]]"", ""[[522, 0], [580, 0], [580, 1688], [522, 1688]]"", ""[[180, 0], [236, 0], [236, 1688], [180, 1688]]""]"
Q16_44_147,其河中府兼理宋山統乾峩山厚祿。,"[""[[1700, 0], [1757, 0], [1757, 1688], [1700, 1688]]"", ""[[1636, 0], [1700, 0], [1700, 1688], [1636, 1688]]"", ""[[1417, 0], [1479, 0], [1479, 1688], [1417, 1688]]""]"
Q16_44_148,嗣德三年省分府，復改兼理宋山義山統轄。,"[""[[1417, 0], [1479, 0], [1479, 1688], [1417, 1688]]"", ""[[1089, 0], [1147, 0], [1147, 1688], [1089, 1688]]""]"
Q16_44_149,弘化美化厚祿。,"[""[[1028, 0], [1089, 0], [1089, 1688], [1028, 1688]]""]"
Q16_44_150,成泰十二年峩山復頭縣五，宋山縣二十八里。,"[""[[916, 0], [988, 0], [988, 1688], [916, 1688]]"", ""[[694, 0], [751, 0], [751, 1688], [694, 1688]]"", ""[[312, 0], [350, 0], [350, 1688], [312, 1688]]"", ""[[1758, 0], [1820, 0], [1820, 1688], [1758, 1688]]"", ""[[1648, 0], [1703, 0], [1703, 1688], [1648, 1688]]"", ""[[1420, 0], [1482, 0], [1482, 1688], [1420, 1688]]"", ""[[1201, 0], [1257, 0], [1257, 1688], [1201, 1688]]""]"
Q16_45_151,東至海竝峩山縣界，西至石城永祿二縣界，南至厚祿美化二縣界，北至寧平安謨二縣界。,"[""[[858, 0], [919, 0], [919, 1688], [858, 1688]]"", ""[[814, 0], [858, 0], [858, 1688], [814, 1688]]"", ""[[580, 0], [652, 0], [652, 1688], [580, 1688]]"", ""[[349, 0], [404, 0], [404, 1688], [349, 1688]]"", ""[[1752, 0], [1830, 0], [1830, 1688], [1752, 1688]]"", ""[[1646, 0], [1704, 0], [1704, 1688], [1646, 1688]]"", ""[[1596, 0], [1646, 0], [1646, 1688], [1596, 1688]]"", ""[[1303, 0], [1381, 0], [1381, 1688], [1303, 1688]]""]"
Q16_46_152,陳以前爲宋江縣，明因之屬愛州，隸清化府。,"[""[[1303, 0], [1381, 0], [1381, 1688], [1303, 1688]]"", ""[[914, 0], [977, 0], [977, 1688], [914, 1688]]"", ""[[855, 0], [914, 0], [914, 1688], [855, 1688]]"", ""[[746, 0], [802, 0], [802, 1688], [746, 1688]]"", ""[[570, 0], [633, 0], [633, 1688], [570, 1688]]"", ""[[351, 0], [409, 0], [409, 1688], [351, 1688]]""]"
Q16_46_153,黎光順改隸今府，中興後改令名。,"[""[[155, 0], [235, 0], [235, 1688], [155, 1688]]""]"
Q16_47_154,本朝邰邠初基開拓之地，嘉隆三年以宋山爲貴縣，嘉苗外主爲貴鄉屬府統轄。,"[""[[1477, 0], [1533, 0], [1533, 1688], [1477, 1688]]"", ""[[1311, 0], [1367, 0], [1367, 1688], [1311, 1688]]"", ""[[1255, 0], [1311, 0], [1311, 1688], [1255, 1688]]"", ""[[1034, 0], [1090, 0], [1090, 1688], [1034, 1688]]""]"
Q16_47_155,明命十九年改爲兼理一，舊領總四。,"[""[[865, 0], [916, 0], [916, 1688], [865, 1688]]""]"
Q16_47_156,成泰十二年摘峩山縣飛來東安二總，十八年又摘廣化府永祿縣之午舍總隸焉。,"[""[[581, 0], [639, 0], [639, 1688], [581, 1688]]"", ""[[352, 0], [409, 0], [409, 1688], [352, 1688]]"", ""[[1696, 0], [1750, 0], [1750, 1688], [1696, 1688]]"", ""[[1417, 0], [1477, 0], [1477, 1688], [1417, 1688]]""]"
Q16_47_157,今領總七。,[]
Q16_48_158,義山系在府東南，東西距二社村一百十八寺口東十一里，南北距二十二里。,"[""[[1365, 0], [1417, 0], [1417, 1688], [1365, 1688]]""]"
Q16_48_159,東至海，西至宋山縣界，南至厚祿縣界，北至寧平安謨縣界。,"[""[[1141, 0], [1195, 0], [1195, 1688], [1141, 1688]]"", ""[[754, 0], [805, 0], [805, 1688], [754, 1688]]"", ""[[408, 0], [468, 0], [468, 1688], [408, 1688]]"", ""[[292, 0], [350, 0], [350, 1688], [292, 1688]]"", ""[[234, 0], [292, 0], [292, 1688], [234, 1688]]"", ""[[1540, 0], [1592, 0], [1592, 1692], [1540, 1692]]"", ""[[1486, 0], [1540, 0], [1540, 1692], [1486, 1692]]""]"
Q16_49_160,陳以前曰支俄，或云俄樂屬明，以愛州領。,"[""[[1254, 0], [1312, 0], [1312, 1692], [1254, 1692]]"", ""[[1203, 0], [1254, 0], [1254, 1692], [1203, 1692]]"", ""[[811, 0], [865, 0], [865, 1692], [811, 1692]]""]"
Q16_49_161,之隸清化府，黎光順曰峩江，改隸今府，尋改今名。,"[""[[751, 0], [811, 0], [811, 1692], [751, 1692]]"", ""[[521, 0], [583, 0], [583, 1692], [521, 1692]]"", ""[[466, 0], [521, 0], [521, 1692], [466, 1692]]""]"
Q16_49_162,本朝因之屬府統轄，舊領總七。,"[""[[408, 0], [466, 0], [466, 1692], [408, 1692]]""]"
Q16_49_163,明命十九年柝神符，總隸寧平省安謨縣。,"[""[[296, 0], [350, 0], [350, 1692], [296, 1692]]""]"
Q16_50_164,嗣德三年，改為餘理。,"[""[[1579, 0], [1645, 0], [1645, 1695], [1579, 1695]]""]"
Q16_50_165,二十八年及以沿海新募地，設為蓮山安山南山三總隸焉，凡九總。,"[""[[1473, 0], [1511, 0], [1511, 1695], [1473, 1695]]"", ""[[1357, 0], [1430, 0], [1430, 1695], [1357, 1695]]"", ""[[1186, 0], [1241, 0], [1241, 1695], [1186, 1695]]"", ""[[1075, 0], [1130, 0], [1130, 1695], [1075, 1695]]"", ""[[906, 0], [966, 0], [966, 1695], [906, 1695]]""]"
Q16_50_166,成泰十二年，,"[""[[842, 0], [906, 0], [906, 1695], [842, 1695]]""]"
Q16_50_167,復改統轄，,[]
Q16_50_168,再柝飛來一東安二總隸八宋山縣，,"[""[[553, 0], [622, 0], [622, 1695], [553, 1695]]"", ""[[239, 0], [298, 0], [298, 1695], [239, 1695]]"", ""[[1452, 0], [1569, 0], [1569, 1713], [1452, 1713]]""]"
Q16_51_169,今享眾孫，,"[""[[1017, 0], [1089, 0], [1089, 1713], [1017, 1713]]""]"
Q16_51_170,在府南東一領總七社村一百十二人，,"[""[[880, 0], [965, 0], [965, 1713], [880, 1713]]"", ""[[816, 0], [880, 0], [880, 1713], [816, 1713]]"", ""[[556, 0], [646, 0], [646, 1713], [556, 1713]]""]"
Q16_51_171,川集西距十六里，,"[""[[517, 0], [556, 0], [556, 1713], [517, 1713]]""]"
Q16_51_172,南北距二十一里，,[]
Q16_52_173,東至海竝弘化縣界，,"[""[[1726, 0], [1837, 0], [1837, 1713], [1726, 1713]]""]"
Q16_52_174,西至永祿美化二縣界，,"[""[[1502, 0], [1620, 0], [1620, 1713], [1502, 1713]]""]"
Q16_52_175,南至美化縣界，,"[""[[794, 0], [872, 0], [872, 1713], [794, 1713]]"", ""[[414, 0], [475, 0], [475, 1713], [414, 1713]]""]"
Q16_53_176,北至宋山峩山二縣界。,"[""[[1763, 0], [1830, 0], [1830, 1707], [1763, 1707]]"", ""[[1716, 0], [1763, 0], [1763, 1707], [1716, 1707]]"", ""[[1656, 0], [1716, 0], [1716, 1707], [1656, 1707]]"", ""[[1373, 0], [1426, 0], [1426, 1707], [1373, 1707]]"", ""[[1191, 0], [1252, 0], [1252, 1707], [1191, 1707]]""]"
Q16_53_177,陳以前曰兵縣，其地也一按翫公龍離籍頤燦欄善明，改統寧屬愛州，隸清化府黎光順，改淳祐隸本府，中興後避眞尊諱，改淳祿，後復改豐祿，本朝因之。,"[""[[1088, 0], [1139, 0], [1139, 1707], [1088, 1707]]"", ""[[688, 0], [753, 0], [753, 1707], [688, 1707]]"", ""[[221, 0], [277, 0], [277, 1707], [221, 1707]]"", ""[[1555, 0], [1618, 0], [1618, 1710], [1555, 1710]]"", ""[[1326, 0], [1391, 0], [1391, 1710], [1326, 1710]]""]"
Q16_53_178,旧领总五，,[]
Q16_54_179,明命二年改今名屬府兼理，,"[""[[1272, 0], [1326, 0], [1326, 1710], [1272, 1710]]""]"
Q16_54_180,十九年改爲統轄，,"[""[[922, 0], [1041, 0], [1041, 1710], [922, 1710]]"", ""[[872, 0], [922, 0], [922, 1710], [872, 1710]]"", ""[[754, 0], [816, 0], [816, 1710], [754, 1710]]"", ""[[524, 0], [585, 0], [585, 1710], [524, 1710]]""]"
Q16_54_181,舊領總五，,"[""[[470, 0], [515, 0], [515, 1710], [470, 1710]]""]"
Q16_54_182,尋摘大里總隸美化縣，,"[""[[375, 0], [424, 0], [424, 1710], [375, 1710]]""]"
Q16_54_183,嗣德三十年，,[]
Q16_54_184,又摘仍舊，,[]
Q16_55_185,成泰三年，,"[""[[1704, 0], [1766, 0], [1766, 1704], [1704, 1704]]"", ""[[1371, 0], [1426, 0], [1426, 1704], [1371, 1704]]""]"
Q16_55_186,再摘美化縣楊山總之富家豐牧二社隸之，,"[""[[1311, 0], [1371, 0], [1371, 1704], [1311, 1704]]"", ""[[1200, 0], [1260, 0], [1260, 1704], [1200, 1704]]"", ""[[1089, 0], [1148, 0], [1148, 1704], [1089, 1704]]""]"
Q16_55_187,今領總五社村九十七。,[]
Q16_55_188,乙辰在府南，東西距二十七里，南北距一至東山廣昌二縣界，北至厚祿縣界。,"[""[[751, 0], [805, 0], [805, 1704], [751, 1704]]"", ""[[693, 0], [751, 0], [751, 1704], [693, 1704]]"", ""[[348, 0], [405, 0], [405, 1704], [348, 1704]]""]"
Q16_55_189,下黎初爲古弘甲，李天資嘉瑞年間，改古藤甲，陳興隆年閒，改古藤縣閏胡改古靈，屬明復曰古藤，隸清化府黎光順，改今名隸本府統轄，本朝因之。,"[""[[348, 0], [405, 0], [405, 1704], [348, 1704]]"", ""[[169, 0], [231, 0], [231, 1704], [169, 1704]]"", ""[[1545, 0], [1603, 0], [1603, 1701], [1545, 1701]]"", ""[[1431, 0], [1491, 0], [1491, 1701], [1431, 1701]]"", ""[[1318, 0], [1373, 0], [1373, 1701], [1318, 1701]]"", ""[[1092, 0], [1148, 0], [1148, 1701], [1092, 1701]]"", ""[[1030, 0], [1092, 0], [1092, 1701], [1030, 1701]]"", ""[[919, 0], [995, 0], [995, 1701], [919, 1701]]"", ""[[751, 0], [808, 0], [808, 1701], [751, 1701]]""]"
Q16_56_190,舊領總七，明命十九年別爲河中分。,"[""[[518, 0], [579, 0], [579, 1701], [518, 1701]]""]"
Q16_56_191,府兼理、又柳魯鄉、楊山二總及筆山總三社，增設美華縣，隸府統轄。,"[""[[347, 0], [406, 0], [406, 1701], [347, 1701]]"", ""[[175, 0], [246, 0], [246, 1701], [175, 1701]]"", ""[[1653, 0], [1712, 0], [1712, 1704], [1653, 1704]]"", ""[[1592, 0], [1653, 0], [1653, 1704], [1592, 1704]]"", ""[[1537, 0], [1592, 0], [1592, 1704], [1537, 1704]]"", ""[[1311, 0], [1370, 0], [1370, 1704], [1311, 1704]]"", ""[[1087, 0], [1139, 0], [1139, 1704], [1087, 1704]]""]"
Q16_57_192,嗣德三年省分，府仍置知縣，復由府統轄，今領總五社村一百十，在府西北，東西距十里，南北距二美華鼎十一里。,"[""[[1031, 0], [1087, 0], [1087, 1704], [1031, 1704]]"", ""[[802, 0], [856, 0], [856, 1704], [802, 1704]]"", ""[[454, 0], [509, 0], [509, 1704], [454, 1704]]"", ""[[165, 0], [222, 0], [222, 1704], [165, 1704]]"", ""[[1800, 0], [1863, 0], [1863, 1723], [1800, 1723]]"", ""[[1579, 0], [1620, 0], [1620, 1723], [1579, 1723]]"", ""[[1164, 0], [1218, 0], [1218, 1723], [1164, 1723]]""]"
Q16_58_193,東至弘化、厚祿二縣界，西至永祿縣界，南至安定、瑞原二縣界，北至宋X山、厚祿二縣界。,"[""[[583, 0], [644, 0], [644, 1723], [583, 1723]]"", ""[[414, 0], [468, 0], [468, 1723], [414, 1723]]"", ""[[353, 0], [414, 0], [414, 1723], [353, 1723]]"", ""[[292, 0], [353, 0], [353, 1723], [292, 1723]]"", ""[[1590, 0], [1696, 0], [1696, 1714], [1590, 1714]]""]"
Q16_59_194,原弘化、厚祿二縣地，明命十九年柝弘化二總及筆山之沛川河水，忠節三社分設楊水總，又柝厚祿之大里總設今縣名，隸河中分府統轄。,"[""[[1411, 0], [1479, 0], [1479, 1714], [1411, 1714]]"", ""[[1305, 0], [1373, 0], [1373, 1714], [1305, 1714]]"", ""[[978, 0], [1084, 0], [1084, 1714], [978, 1714]]"", ""[[628, 0], [680, 0], [680, 1714], [628, 1714]]"", ""[[395, 0], [450, 0], [450, 1714], [395, 1714]]"", ""[[140, 0], [212, 0], [212, 1714], [140, 1714]]"", ""[[1574, 0], [1647, 0], [1647, 1710], [1574, 1710]]"", ""[[1416, 0], [1499, 0], [1499, 1710], [1416, 1710]]"", ""[[1360, 0], [1416, 0], [1416, 1710], [1360, 1710]]""]"
Q16_59_195,嗣德三年省知縣，,[]
Q16_60_196,由弘化縣攝，,"[""[[1130, 0], [1191, 0], [1191, 1710], [1130, 1710]]""]"
Q16_60_197,舊領總四三十，,"[""[[1079, 0], [1130, 0], [1130, 1710], [1079, 1710]]""]"
Q16_60_198,復以大里總仍隸厚祿，,[]
Q16_60_199,今領總三社村六召七守，,[]
Q16_60_200,在省西十二縣治，,[]
Q16_60_201,舊在義莊社，,[]
Q16_60_202,今廢系千斤北二十一行建行行行年行行行行三里，,"[""[[796, 0], [846, 0], [846, 1710], [796, 1710]]""]"
Q16_60_203,東西距一百十五里，,"[""[[623, 0], [676, 0], [676, 1710], [623, 1710]]""]"
Q16_60_204,南北距五十一里，,"[""[[268, 0], [331, 0], [331, 1710], [268, 1710]]""]"
Q16_60_205,東至河中府弘化縣界四十里，,"[""[[210, 0], [268, 0], [268, 1710], [210, 1710]]""]"
Q16_61_206,西至玉勒良政二州及廣化府錦水縣界七十五里，,"[""[[1772, 0], [1831, 0], [1831, 1707], [1772, 1707]]"", ""[[1658, 0], [1714, 0], [1714, 1707], [1658, 1707]]""]"
Q16_61_207,南至靜嘉府廣昌農貢二縣界二十九里，,[]
Q16_61_208,北至廣一化府永祿縣河中府美華縣界二十二里。,"[""[[1374, 0], [1427, 0], [1427, 1707], [1374, 1707]]"", ""[[1092, 0], [1144, 0], [1144, 1707], [1092, 1707]]"", ""[[913, 0], [976, 0], [976, 1707], [913, 1707]]""]"
Q16_61_209,古九眞郡地屬明為清化府之地，黎光順始置曰紹天府，隸清化承宣，以其地爲黎家興王所故名。,"[""[[863, 0], [913, 0], [913, 1707], [863, 1707]]"", ""[[805, 0], [863, 0], [863, 1707], [805, 1707]]"", ""[[750, 0], [805, 0], [805, 1707], [750, 1707]]"", ""[[694, 0], [750, 0], [750, 1707], [694, 1707]]"", ""[[403, 0], [458, 0], [458, 1707], [403, 1707]]"", ""[[224, 0], [285, 0], [285, 1707], [224, 1707]]""]"
Q16_62_210,本朝嘉隆十四年改今名，舊領縣八，兼理瑞原、錦水、石城、廣地四縣統轄，安定、雷陽、東山、永祿四縣。,"[""[[1648, 0], [1707, 0], [1707, 1701], [1648, 1701]]""]"
Q16_62_211,明命十六年摘雷陽縣隸壽春。,"[""[[1308, 0], [1370, 0], [1370, 1701], [1308, 1701]]""]"
Q16_62_212,府十七年，又以永祿、錦水、石/DD 絲/、/DD 城广地改隸新設廣化府，今領縣三。,"[""[[1258, 0], [1308, 0], [1308, 1701], [1258, 1701]]"", ""[[1139, 0], [1200, 0], [1200, 1701], [1139, 1701]]"", ""[[1084, 0], [1139, 0], [1139, 1701], [1084, 1701]]"", ""[[1033, 0], [1084, 0], [1084, 1701], [1033, 1701]]""]"
Q16_62_213,/东西距八十九里，南北距二十四里，东至县河中府弘化縣马江界，西至玉勒州界，南至东山縣及寿春府雷陽縣界，北至安定縣及河中府美化縣界。,"[""[[1033, 0], [1084, 0], [1084, 1701], [1033, 1701]]"", ""[[634, 0], [687, 0], [687, 1701], [634, 1701]]"", ""[[400, 0], [459, 0], [459, 1701], [400, 1701]]"", ""[[282, 0], [341, 0], [341, 1701], [282, 1701]]"", ""[[227, 0], [282, 0], [282, 1701], [227, 1701]]"", ""[[1718, 0], [1771, 0], [1771, 1704], [1718, 1704]]"", ""[[1430, 0], [1490, 0], [1490, 1704], [1430, 1704]]"", ""[[1376, 0], [1430, 0], [1430, 1704], [1376, 1704]]""]"
Q16_63_214,陈以前曰梁江县，其地有梁江故名属明因之，隶清化府。,"[""[[1262, 0], [1317, 0], [1317, 1704], [1262, 1704]]"", ""[[919, 0], [995, 0], [995, 1704], [919, 1704]]""]"
Q16_63_215,黎顺天初建西京于其地，改曰应瑞县，光顺年间隶今府复为梁江县。,"[""[[694, 0], [753, 0], [753, 1704], [694, 1704]]"", ""[[521, 0], [579, 0], [579, 1704], [521, 1704]]""]"
Q16_63_216,端庆初改今名属府，兼理本朝因之。,[]
Q16_63_217,旧领总八。,"[""[[230, 0], [286, 0], [286, 1704], [230, 1704]]""]"
Q16_64_218,泰十二年，摘玉勒一总与安场广施二总土民诸社设玉勒州存韭菜民诸社，合设为安广总，又摘东山县之运规大贝二总来属。,"[""[[1659, 0], [1712, 0], [1712, 1704], [1659, 1704]]"", ""[[1599, 0], [1659, 0], [1659, 1704], [1599, 1704]]""]"
Q16_64_219,今领总东系在府东南，,[]
Q16_64_220,东八社村一百三十三二一县，,"[""[[1599, 0], [1659, 0], [1659, 1704], [1599, 1704]]""]"
Q16_64_221,西距五十里，,[]
Q16_64_222,南北距二十五里，,[]
Q16_64_223,东至静嘉府广昌县界，,[]
Q16_64_224,西至寿春府雷阳县界，,"[""[[1374, 0], [1431, 0], [1431, 1704], [1374, 1704]]""]"
Q16_64_225,南至静嘉府农贡广昌二县界，,[]
Q16_64_226,北至瑞原及河中府弘化县界。,"[""[[1095, 0], [1144, 0], [1144, 1704], [1095, 1704]]""]"
Q16_64_227,汉曰无编县，莽曰九真亭，隋唐为九真县，陈始置今县名属明，隶清化府。,[]
Q16_64_228,黎光顺改隶今府统辖，本朝因之。,"[""[[911, 0], [977, 0], [977, 1704], [911, 1704]]"", ""[[629, 0], [690, 0], [690, 1704], [629, 1704]]"", ""[[284, 0], [340, 0], [340, 1704], [284, 1704]]""]"
Q16_64_229,旧领总六。,[]
Q16_65_230,明命十九年，分寿鹤光炤二总为四，遵化石溪二总为三，凡领总九。,"[""[[1656, 0], [1713, 0], [1713, 1704], [1656, 1704]]"", ""[[1379, 0], [1426, 0], [1426, 1704], [1379, 1704]]""]"
Q16_65_231,成泰十二年，摘运规大贝二总隶归瑞原。,"[""[[1089, 0], [1151, 0], [1151, 1704], [1089, 1704]]"", ""[[807, 0], [867, 0], [867, 1704], [807, 1704]]""]"
Q16_65_232,今领总七。,"[""[[636, 0], [687, 0], [687, 1704], [636, 1704]]""]"
Q16_65_233,社之三系在府西北，东西距四村一百十三二天县十七里，南北距二十一里，东至。,"[""[[577, 0], [636, 0], [636, 1704], [577, 1704]]"", ""[[340, 0], [400, 0], [400, 1704], [340, 1704]]"", ""[[1654, 0], [1712, 0], [1712, 1701], [1654, 1701]]"", ""[[1430, 0], [1485, 0], [1485, 1701], [1430, 1701]]"", ""[[1312, 0], [1372, 0], [1372, 1701], [1312, 1701]]"", ""[[916, 0], [989, 0], [989, 1701], [916, 1701]]"", ""[[867, 0], [916, 0], [916, 1701], [867, 1701]]""]"
Q16_66_234,至瑞原縣及河中府美化縣界，西至廣化府錦水縣界，南至瑞原縣界，北至廣化府永祿縣界。,"[""[[580, 0], [637, 0], [637, 1701], [580, 1701]]"", ""[[350, 0], [406, 0], [406, 1701], [350, 1701]]"", ""[[236, 0], [290, 0], [290, 1701], [236, 1701]]"", ""[[1773, 0], [1830, 0], [1830, 1701], [1773, 1701]]""]"
Q16_67_235,隋曰軍安縣，唐至德改軍寧，均隸九眞郡，屬明改今縣名，隸清化府。,"[""[[1547, 0], [1600, 0], [1600, 1701], [1547, 1701]]"", ""[[1427, 0], [1489, 0], [1489, 1701], [1427, 1701]]"", ""[[1092, 0], [1146, 0], [1146, 1701], [1092, 1701]]"", ""[[1033, 0], [1092, 0], [1092, 1701], [1033, 1701]]"", ""[[953, 0], [1033, 0], [1033, 1701], [953, 1701]]"", ""[[635, 0], [695, 0], [695, 1701], [635, 1701]]""]"
Q16_67_236,黎光順改隸今府，本朝因之。,"[""[[579, 0], [635, 0], [635, 1701], [579, 1701]]""]"
Q16_67_237,今爭言於在省南六十領，,"[""[[229, 0], [284, 0], [284, 1701], [229, 1701]]"", ""[[176, 0], [229, 0], [229, 1701], [176, 1701]]"", ""[[1650, 0], [1711, 0], [1711, 1704], [1650, 1704]]"", ""[[1600, 0], [1650, 0], [1650, 1704], [1600, 1704]]""]"
Q16_69_238,總八社，,"[""[[1422, 0], [1480, 0], [1480, 1704], [1422, 1704]]"", ""[[1369, 0], [1422, 0], [1422, 1704], [1369, 1704]]""]"
Q16_69_239,村一百八靑芳月九里，,"[""[[1199, 0], [1259, 0], [1259, 1704], [1199, 1704]]"", ""[[1021, 0], [1090, 0], [1090, 1704], [1021, 1704]]""]"
Q16_69_240,東西距一百八里，,"[""[[806, 0], [863, 0], [863, 1704], [806, 1704]]"", ""[[632, 0], [691, 0], [691, 1704], [632, 1704]]"", ""[[348, 0], [409, 0], [409, 1704], [348, 1704]]""]"
Q16_69_241,南北距一百里，,"[""[[225, 0], [291, 0], [291, 1704], [225, 1704]]"", ""[[175, 0], [225, 0], [225, 1704], [175, 1704]]""]"
Q16_70_242,東至海八里，,"[""[[1791, 0], [1838, 0], [1838, 1701], [1791, 1701]]"", ""[[1600, 0], [1654, 0], [1654, 1701], [1600, 1701]]""]"
Q16_70_243,西至壽春府雷陽縣界一百里，,"[""[[1313, 0], [1375, 0], [1375, 1701], [1313, 1701]]"", ""[[1096, 0], [1147, 0], [1147, 1701], [1096, 1701]]"", ""[[914, 0], [1035, 0], [1035, 1701], [914, 1701]]""]"
Q16_70_244,南至安省瓊瑠縣界四十九里，,"[""[[693, 0], [754, 0], [754, 1701], [693, 1701]]"", ""[[636, 0], [693, 0], [693, 1701], [636, 1701]]"", ""[[339, 0], [408, 0], [408, 1701], [339, 1701]]"", ""[[1713, 0], [1766, 0], [1766, 1704], [1713, 1704]]"", ""[[1313, 0], [1394, 0], [1394, 1704], [1313, 1704]]"", ""[[1253, 0], [1313, 0], [1313, 1704], [1253, 1704]]"", ""[[1090, 0], [1147, 0], [1147, 1704], [1090, 1704]]""]"
Q16_71_245,北至紹化府東山縣與河中府弘化縣界五十一里。,"[""[[918, 0], [976, 0], [976, 1704], [918, 1704]]"", ""[[860, 0], [918, 0], [918, 1704], [860, 1704]]"", ""[[809, 0], [860, 0], [860, 1704], [809, 1704]]"", ""[[751, 0], [809, 0], [809, 1704], [751, 1704]]"", ""[[693, 0], [751, 0], [751, 1704], [693, 1704]]"", ""[[575, 0], [636, 0], [636, 1704], [575, 1704]]""]"
Q16_71_246,古九眞郡地，屬明為九眞州，隸清化府。,"[""[[230, 0], [286, 0], [286, 1704], [230, 1704]]""]"
Q16_71_247,黎光順改爲清寧府備靖，隸清化承宣中興後改靖江，尋改今名，本朝因之。,"[""[[230, 0], [286, 0], [286, 1704], [230, 1704]]"", ""[[1650, 0], [1707, 0], [1707, 1704], [1650, 1704]]""]"
Q16_72_248,今系東西距六十里，南北距七領縣三三山縣十里，東至海，西至曲農貢縣界，南至父安瓊瑠縣界，北至廣昌縣界。,"[""[[1650, 0], [1707, 0], [1707, 1704], [1650, 1704]]"", ""[[1593, 0], [1650, 0], [1650, 1704], [1593, 1704]]"", ""[[1537, 0], [1593, 0], [1593, 1704], [1537, 1704]]"", ""[[1368, 0], [1425, 0], [1425, 1704], [1368, 1704]]"", ""[[1196, 0], [1254, 0], [1254, 1704], [1196, 1704]]"", ""[[1087, 0], [1140, 0], [1140, 1704], [1087, 1704]]"", ""[[1031, 0], [1087, 0], [1087, 1704], [1031, 1704]]"", ""[[750, 0], [806, 0], [806, 1704], [750, 1704]]"", ""[[691, 0], [750, 0], [750, 1704], [691, 1704]]"", ""[[518, 0], [575, 0], [575, 1704], [518, 1704]]"", ""[[403, 0], [461, 0], [461, 1704], [403, 1704]]"", ""[[344, 0], [403, 0], [403, 1704], [344, 1704]]"", ""[[229, 0], [285, 0], [285, 1704], [229, 1704]]"", ""[[1761, 0], [1912, 0], [1912, 1701], [1761, 1701]]"", ""[[1544, 0], [1599, 0], [1599, 1701], [1544, 1701]]"", ""[[1439, 0], [1485, 0], [1485, 1701], [1439, 1701]]"", ""[[1379, 0], [1439, 0], [1439, 1701], [1379, 1701]]"", ""[[1029, 0], [1095, 0], [1095, 1701], [1029, 1701]]""]"
Q16_73_249,古曰古戰縣，冰經姓鮫洲入綝龜大，屬明改古平，又曰結帨縣，屬九眞州，隸清化府。,"[""[[865, 0], [922, 0], [922, 1701], [865, 1701]]"", ""[[701, 0], [760, 0], [760, 1701], [701, 1701]]"", ""[[646, 0], [701, 0], [701, 1701], [646, 1701]]""]"
Q16_73_250,黎光順建今縣名，屬本府兼理，本朝因之。,"[""[[359, 0], [407, 0], [407, 1701], [359, 1701]]"", ""[[291, 0], [359, 0], [359, 1701], [291, 1701]]"", ""[[237, 0], [291, 0], [291, 1701], [237, 1701]]"", ""[[1483, 0], [1556, 0], [1556, 1701], [1483, 1701]]""]"
Q16_74_251,明命年閒分文貞文場二總爲四，,"[""[[1328, 0], [1369, 0], [1369, 1701], [1328, 1701]]"", ""[[1154, 0], [1198, 0], [1198, 1701], [1154, 1701]]"", ""[[1028, 0], [1088, 0], [1088, 1701], [1028, 1701]]""]"
Q16_74_252,舊領總七，,[]
Q16_74_253,成泰十三年摘文貞玉帶二總隸八廣昌縣，,"[""[[920, 0], [982, 0], [982, 1701], [920, 1701]]"", ""[[860, 0], [920, 0], [920, 1701], [860, 1701]]"", ""[[745, 0], [808, 0], [808, 1701], [745, 1701]]"", ""[[578, 0], [632, 0], [632, 1701], [578, 1701]]"", ""[[517, 0], [578, 0], [578, 1701], [517, 1701]]""]"
Q16_74_254,今領總五，,"[""[[459, 0], [517, 0], [517, 1701], [459, 1701]]"", ""[[405, 0], [459, 0], [459, 1701], [405, 1701]]""]"
Q16_75_255,社村一辰書系在府東北，,"[""[[1762, 0], [1827, 0], [1827, 1701], [1762, 1701]]"", ""[[1651, 0], [1708, 0], [1708, 1701], [1651, 1701]]"", ""[[1593, 0], [1651, 0], [1651, 1701], [1593, 1701]]""]"
Q16_75_256,東西距六十里，,"[""[[1538, 0], [1593, 0], [1593, 1701], [1538, 1701]]""]"
Q16_75_257,百八十三房縣，,"[""[[1538, 0], [1593, 0], [1593, 1701], [1538, 1701]]"", ""[[1485, 0], [1538, 0], [1538, 1701], [1485, 1701]]"", ""[[1427, 0], [1485, 0], [1485, 1701], [1427, 1701]]""]"
Q16_75_258,南北距三十一里，,"[""[[1201, 0], [1257, 0], [1257, 1701], [1201, 1701]]"", ""[[1144, 0], [1201, 0], [1201, 1701], [1144, 1701]]"", ""[[919, 0], [986, 0], [986, 1701], [919, 1701]]""]"
Q16_75_259,東至海，,"[""[[861, 0], [919, 0], [919, 1701], [861, 1701]]""]"
Q16_75_260,小西至農貢與紹化府東山縣界，,"[""[[749, 0], [806, 0], [806, 1701], [749, 1701]]""]"
Q16_75_261,南至玉山縣界，,"[""[[404, 0], [462, 0], [462, 1701], [404, 1701]]"", ""[[345, 0], [404, 0], [404, 1701], [345, 1701]]"", ""[[1707, 0], [1764, 0], [1764, 1701], [1707, 1701]]"", ""[[1651, 0], [1707, 0], [1707, 1701], [1651, 1701]]""]"
Q16_76_262,北至河中府弘化縣紹化府東山縣界，,"[""[[1651, 0], [1707, 0], [1707, 1701], [1651, 1701]]"", ""[[1313, 0], [1368, 0], [1368, 1701], [1313, 1701]]"", ""[[972, 0], [1052, 0], [1052, 1701], [972, 1701]]"", ""[[911, 0], [972, 0], [972, 1701], [911, 1701]]"", ""[[803, 0], [859, 0], [859, 1701], [803, 1701]]"", ""[[687, 0], [745, 0], [745, 1701], [687, 1701]]""]"
Q16_76_263,黎以前。,"[""[[633, 0], [687, 0], [687, 1701], [633, 1701]]""]"
Q16_76_264,或云：永昌縣光順閒建，今縣名隸府統轄，本朝因之。,"[""[[280, 0], [342, 0], [342, 1701], [280, 1701]]"", ""[[227, 0], [280, 0], [280, 1701], [227, 1701]]"", ""[[1650, 0], [1711, 0], [1711, 1704], [1650, 1704]]""]"
Q16_77_265,舊領總四，成泰十三年分留衞總為留靑衛安二總，又以玉山縣二農貢總來屬，今領總七社村一百八十八，在府西北，東西距六十四里，南北距七十，與如春州界。,"[""[[1650, 0], [1711, 0], [1711, 1704], [1650, 1704]]"", ""[[1537, 0], [1601, 0], [1601, 1704], [1537, 1704]]"", ""[[1423, 0], [1488, 0], [1488, 1704], [1423, 1704]]""]"
Q16_77_266,南至玉山，與父安義壇縣界，北至東山縣界陳以前，巳有縣名屬明，以九眞州領之，隸清化府。,"[""[[1200, 0], [1257, 0], [1257, 1704], [1200, 1704]]"", ""[[906, 0], [983, 0], [983, 1704], [906, 1704]]"", ""[[867, 0], [906, 0], [906, 1704], [867, 1704]]"", ""[[807, 0], [867, 0], [867, 1704], [807, 1704]]""]"
Q16_77_267,黎光順改隸本府統轄，本朝因之。,[]
Q16_77_268,明命十八年析如陵總隸常春州，,"[""[[746, 0], [807, 0], [807, 1704], [746, 1704]]""]"
Q16_77_269,十九年又分古定萬善高舍三總為六，,"[""[[524, 0], [575, 0], [575, 1704], [524, 1704]]"", ""[[406, 0], [462, 0], [462, 1704], [406, 1704]]""]"
Q16_77_270,舊領總朗陵二總，,"[""[[406, 0], [462, 0], [462, 1704], [406, 1704]]""]"
Q16_77_271,設如春州，,[]
Q16_77_272,今領總十社七守，,"[""[[343, 0], [406, 0], [406, 1704], [343, 1704]]""]"
Q16_77_273,在省西北四十七村邑一百八十九，,"[""[[343, 0], [406, 0], [406, 1704], [343, 1704]]"", ""[[294, 0], [343, 0], [343, 1704], [294, 1704]]"", ""[[1601, 0], [1664, 0], [1664, 1698], [1601, 1698]]""]"
Q16_78_274,月千斤里，,"[""[[1256, 0], [1375, 0], [1375, 1698], [1256, 1698]]""]"
Q16_78_275,東西距一百六十里，,"[""[[1256, 0], [1375, 0], [1375, 1698], [1256, 1698]]"", ""[[1029, 0], [1171, 0], [1171, 1698], [1029, 1698]]""]"
Q16_78_276,南北距二百二十二里，,[]
Q16_78_277,東至河中府宋山美化二縣界三十七里，,"[""[[538, 0], [618, 0], [618, 1698], [538, 1698]]"", ""[[405, 0], [538, 0], [538, 1698], [405, 1698]]"", ""[[1760, 0], [1821, 0], [1821, 1698], [1760, 1698]]""]"
Q16_79_278,西至關化州界一百二十三里，,"[""[[1538, 0], [1589, 0], [1589, 1698], [1538, 1698]]"", ""[[1368, 0], [1424, 0], [1424, 1698], [1368, 1698]]"", ""[[1031, 0], [1088, 0], [1088, 1698], [1031, 1698]]""]"
Q16_79_279,南至紹化府安定縣界與玉勒良政州界一百里，,"[""[[906, 0], [973, 0], [973, 1698], [906, 1698]]"", ""[[636, 0], [691, 0], [691, 1698], [636, 1698]]""]"
Q16_79_280,北至寧平省奉化安化二縣界一百二十二里。,"[""[[400, 0], [463, 0], [463, 1698], [400, 1698]]"", ""[[1757, 0], [1818, 0], [1818, 1698], [1757, 1698]]""]"
Q16_79_281,原紹化府地，,[]
Q16_80_282,明命十六年以永祿錦水石城廣濟四縣地設今府名，,"[""[[1757, 0], [1818, 0], [1818, 1698], [1757, 1698]]""]"
Q16_80_283,嗣德三年及以壽春府之關化州來屬，,"[""[[1371, 0], [1419, 0], [1419, 1698], [1371, 1698]]"", ""[[1251, 0], [1303, 0], [1303, 1698], [1251, 1698]]"", ""[[1196, 0], [1251, 0], [1251, 1698], [1196, 1698]]"", ""[[1031, 0], [1083, 0], [1083, 1698], [1031, 1698]]""]"
Q16_80_284,成泰十六年關化州改隸法代理座，,"[""[[908, 0], [970, 0], [970, 1698], [908, 1698]]""]"
Q16_80_285,今領縣四水象系，,"[""[[908, 0], [970, 0], [970, 1698], [908, 1698]]""]"
Q16_80_286,東西距六十三里，,"[""[[858, 0], [908, 0], [908, 1698], [858, 1698]]"", ""[[748, 0], [798, 0], [798, 1698], [748, 1698]]""]"
Q16_80_287,南北距十三里，,"[""[[748, 0], [798, 0], [798, 1698], [748, 1698]]"", ""[[402, 0], [451, 0], [451, 1698], [402, 1698]]"", ""[[1765, 0], [1832, 0], [1832, 1698], [1765, 1698]]""]"
Q16_81_288,東川易至河中府宋山厚祿美化三縣界，,"[""[[1541, 0], [1599, 0], [1599, 1698], [1541, 1698]]"", ""[[1427, 0], [1488, 0], [1488, 1698], [1427, 1698]]"", ""[[1083, 0], [1153, 0], [1153, 1698], [1083, 1698]]""]"
Q16_81_289,西至錦水縣界，,"[""[[691, 0], [756, 0], [756, 1698], [691, 1698]]"", ""[[572, 0], [641, 0], [641, 1698], [572, 1698]]"", ""[[522, 0], [572, 0], [572, 1698], [522, 1698]]""]"
Q16_82_290,南至紹化府安定縣界，,"[""[[1718, 0], [1772, 0], [1772, 1701], [1718, 1701]]"", ""[[1489, 0], [1546, 0], [1546, 1701], [1489, 1701]]"", ""[[1428, 0], [1489, 0], [1489, 1701], [1428, 1701]]"", ""[[1378, 0], [1428, 0], [1428, 1701], [1378, 1701]]"", ""[[1317, 0], [1378, 0], [1378, 1701], [1317, 1701]]""]"
Q16_82_291,北至石城與河中府宋山縣界，,"[""[[1093, 0], [1154, 0], [1154, 1701], [1093, 1701]]""]"
Q16_82_292,陳以前。,[]
Q16_82_293,曰永寧縣，明因之隸清化府。,"[""[[875, 0], [993, 0], [993, 1701], [875, 1701]]""]"
Q16_82_294,黎光順改隸紹天府。,[]
Q16_82_295,中興後避莊尊諡，改曰永福僞西，改今名。,"[""[[458, 0], [523, 0], [523, 1701], [458, 1701]]""]"
Q16_82_296,本朝因之。,[]
Q16_82_297,明命十六年，改隸本府統轄，始設流官。,[]
Q16_82_298,舊領總七成泰，十八年柝午舍總隸八宋山縣，今領總帛水系在府西北，東西距六六社村五十金集十三里，南北距二十三里。,"[""[[295, 0], [410, 0], [410, 1701], [295, 1701]]"", ""[[1758, 0], [1822, 0], [1822, 1695], [1758, 1695]]"", ""[[1532, 0], [1598, 0], [1598, 1695], [1532, 1695]]"", ""[[1308, 0], [1373, 0], [1373, 1695], [1308, 1695]]"", ""[[1258, 0], [1308, 0], [1308, 1695], [1258, 1695]]""]"
Q16_83_299,東至永祿廣濟二縣界，西至關化州界，南至玉勒良政二州界，北至廣濟與寧平安樂縣界。,"[""[[1084, 0], [1147, 0], [1147, 1695], [1084, 1695]]"", ""[[800, 0], [862, 0], [862, 1695], [800, 1695]]"", ""[[530, 0], [576, 0], [576, 1695], [530, 1695]]"", ""[[461, 0], [530, 0], [530, 1695], [461, 1695]]"", ""[[348, 0], [406, 0], [406, 1695], [348, 1695]]"", ""[[1533, 0], [1591, 0], [1591, 1698], [1533, 1698]]"", ""[[1424, 0], [1485, 0], [1485, 1698], [1424, 1698]]"", ""[[1033, 0], [1139, 0], [1139, 1698], [1033, 1698]]"", ""[[804, 0], [873, 0], [873, 1698], [804, 1698]]""]"
Q16_83_300,丁、李、黎為莒隆蠻巨侶，與莒隆近也。,[]
Q16_84_301,黎初為洛水縣，紹平延寧年閒改爲巴隆縣，又爲多錦縣。,"[""[[747, 0], [804, 0], [804, 1698], [747, 1698]]"", ""[[575, 0], [635, 0], [635, 1698], [575, 1698]]"", ""[[457, 0], [517, 0], [517, 1698], [457, 1698]]""]"
Q16_85_302,光順始改今名，隸紹天府。,"[""[[1713, 0], [1819, 0], [1819, 1708], [1713, 1708]]""]"
Q16_85_303,土會何氏襲管，本朝因之。,[]
Q16_85_304,明命十六年，改隸本府統轄，始設流官。,[]
Q16_85_305,嗣德三年，改府兼理。,[]
Q16_85_306,成泰元年，復設知縣併。,"[""[[1713, 0], [1819, 0], [1819, 1708], [1713, 1708]]"", ""[[1592, 0], [1644, 0], [1644, 1708], [1592, 1708]]""]"
Q16_85_307,攝廣濟縣屬府統轄，今領總六社、村庄寨五十五。,"[""[[1364, 0], [1474, 0], [1474, 1708], [1364, 1708]]"", ""[[1144, 0], [1252, 0], [1252, 1708], [1144, 1708]]""]"
Q16_85_308,其地山林重疊，溪壑縱橫，道路險阻，嵐瘴深重，林分多而平原少。,"[""[[345, 0], [425, 0], [425, 1708], [345, 1708]]"", ""[[1706, 0], [1758, 0], [1758, 1708], [1706, 1708]]"", ""[[1426, 0], [1481, 0], [1481, 1708], [1426, 1708]]""]"
Q16_86_309,人民多於山腳立寨架棧以居。,"[""[[1143, 0], [1198, 0], [1198, 1708], [1143, 1708]]"", ""[[749, 0], [805, 0], [805, 1708], [749, 1708]]"", ""[[459, 0], [514, 0], [514, 1708], [459, 1708]]""]"
Q16_86_310,大社二三十屋，小社十摩系在府西北，東西距十八里，南屋而已。,"[""[[285, 0], [345, 0], [345, 1708], [285, 1708]]"", ""[[1658, 0], [1717, 0], [1717, 1698], [1658, 1698]]"", ""[[1603, 0], [1658, 0], [1658, 1698], [1603, 1698]]"", ""[[1481, 0], [1541, 0], [1541, 1698], [1481, 1698]]"", ""[[1145, 0], [1209, 0], [1209, 1698], [1145, 1698]]"", ""[[1094, 0], [1145, 0], [1145, 1698], [1094, 1698]]""]"
Q16_87_311,廣濟縣北距三十七里，東至石城縣界，西至錦水縣界，南至錦水縣界，北至寧平省安樂縣界。,"[""[[809, 0], [863, 0], [863, 1698], [809, 1698]]"", ""[[755, 0], [809, 0], [809, 1698], [755, 1698]]"", ""[[640, 0], [695, 0], [695, 1698], [640, 1698]]""]"
Q16_87_312,陳以前磊江縣之地屬明，以清化州領之，隸清化府。,"[""[[579, 0], [640, 0], [640, 1698], [579, 1698]]"", ""[[347, 0], [403, 0], [403, 1698], [347, 1698]]"", ""[[171, 0], [230, 0], [230, 1698], [171, 1698]]""]"
Q16_88_313,黎光順曰平江，隸紹天府土會，阮庭氏襲管中興後曰廣平，僞西曰廣憑。,"[""[[1477, 0], [1533, 0], [1533, 1698], [1477, 1698]]"", ""[[1421, 0], [1477, 0], [1477, 1698], [1421, 1698]]"", ""[[1363, 0], [1421, 0], [1421, 1698], [1363, 1698]]""]"
Q16_88_314,本朝嘉隆元年復曰廣平，明命二年改廣地，尋改今名。,"[""[[1196, 0], [1256, 0], [1256, 1698], [1196, 1698]]""]"
Q16_88_315,十六年改隸本府統轄，始設流官，嗣德三年改府兼理，成泰元年以石城知縣併攝。,"[""[[1028, 0], [1086, 0], [1086, 1698], [1028, 1698]]"", ""[[911, 0], [975, 0], [975, 1698], [911, 1698]]""]"
Q16_88_316,今領總五社、村寨甲三十，縣治舊在春盎社，今廢其地。,"[""[[689, 0], [748, 0], [748, 1698], [689, 1698]]"", ""[[346, 0], [402, 0], [402, 1698], [346, 1698]]"", ""[[231, 0], [289, 0], [289, 1698], [231, 1698]]"", ""[[1760, 0], [1819, 0], [1819, 1695], [1760, 1695]]""]"
Q16_89_317,南北長而東西短，東沿江西沿上山，尖下濶，形如衣帶，道路險而嵐瘴重。,"[""[[1646, 0], [1700, 0], [1700, 1695], [1646, 1695]]"", ""[[1424, 0], [1478, 0], [1478, 1695], [1424, 1695]]"", ""[[1196, 0], [1252, 0], [1252, 1695], [1196, 1695]]"", ""[[912, 0], [974, 0], [974, 1695], [912, 1695]]""]"
Q16_89_318,其田深浚，多被雨潦，民居平地只二三社，餘於山腳構屋架棧以居。,"[""[[912, 0], [974, 0], [974, 1695], [912, 1695]]"", ""[[570, 0], [633, 0], [633, 1695], [570, 1695]]"", ""[[404, 0], [461, 0], [461, 1695], [404, 1695]]""]"
Q16_90_319,風俗與石城相似，,"[""[[1761, 0], [1820, 0], [1820, 1701], [1761, 1701]]""]"
Q16_90_320,在省西南四十一里，,[]
Q16_90_321,東西距五十務市，,"[""[[1649, 0], [1701, 0], [1701, 1701], [1649, 1701]]""]"
Q16_90_322,市員與院堂院堂衛業市寧前堂房民務局房市局司府東山縣界十二里，,"[""[[1536, 0], [1590, 0], [1590, 1701], [1536, 1701]]"", ""[[1308, 0], [1362, 0], [1362, 1701], [1308, 1701]]""]"
Q16_90_323,西至良政州界四十五里，,"[""[[1308, 0], [1362, 0], [1362, 1701], [1308, 1701]]"", ""[[1195, 0], [1251, 0], [1251, 1701], [1195, 1701]]""]"
Q16_90_324,南至靜嘉府農貢縣界二十里，,"[""[[1086, 0], [1140, 0], [1140, 1701], [1086, 1701]]"", ""[[692, 0], [746, 0], [746, 1701], [692, 1701]]"", ""[[575, 0], [633, 0], [633, 1701], [575, 1701]]""]"
Q16_90_325,北至紹化府瑞原縣界七里。,"[""[[232, 0], [286, 0], [286, 1701], [232, 1701]]""]"
Q16_91_326,古哀牢地，李陳始闢之，陳末為清都鎭之地屬明，清化府。,"[""[[1643, 0], [1701, 0], [1701, 1698], [1643, 1698]]"", ""[[1589, 0], [1643, 0], [1643, 1698], [1589, 1698]]""]"
Q16_91_327,葵州之邊地也，黎光順始置為清都府，隸清化承宣領，縣一：曰壽春州，四曰關柳良政蠶州，岑州。,"[""[[1367, 0], [1421, 0], [1421, 1698], [1367, 1698]]"", ""[[1143, 0], [1196, 0], [1196, 1698], [1143, 1698]]"", ""[[861, 0], [917, 0], [917, 1698], [861, 1698]]"", ""[[749, 0], [804, 0], [804, 1698], [749, 1698]]"", ""[[694, 0], [749, 0], [749, 1698], [694, 1698]]"", ""[[350, 0], [406, 0], [406, 1698], [350, 1698]]"", ""[[174, 0], [234, 0], [234, 1698], [174, 1698]]""]"
Q16_92_328,本朝嘉隆初，仍府名，領縣一，州三。,"[""[[1758, 0], [1816, 0], [1816, 1698], [1758, 1698]]"", ""[[1476, 0], [1527, 0], [1527, 1698], [1476, 1698]]"", ""[[1414, 0], [1476, 0], [1476, 1698], [1414, 1698]]"", ""[[1368, 0], [1414, 0], [1414, 1698], [1368, 1698]]""]"
Q16_92_329,省卷明命二年，因縣名改置今府名，七年柝紹化府之雷陽縣，改隸為兼理府衙，寄治他縣。,"[""[[1308, 0], [1368, 0], [1368, 1698], [1308, 1698]]"", ""[[1193, 0], [1250, 0], [1250, 1698], [1193, 1698]]"", ""[[910, 0], [974, 0], [974, 1698], [910, 1698]]"", ""[[746, 0], [805, 0], [805, 1698], [746, 1698]]"", ""[[457, 0], [516, 0], [516, 1698], [457, 1698]]"", ""[[404, 0], [457, 0], [457, 1698], [404, 1698]]"", ""[[346, 0], [404, 0], [404, 1698], [346, 1698]]""]"
Q16_92_330,地多嵐瘴，從前十六年併蠔州關椰為關化州，又並壽春縣八良政州，球均舊屬清化縣地。,"[""[[346, 0], [404, 0], [404, 1698], [346, 1698]]""]"
Q16_93_331,良政之地，即前合於與農貢雷陽二縣西偏地，各一總，增設常春州，均隸府統轄。,"[""[[1757, 0], [1816, 0], [1816, 1695], [1757, 1695]]"", ""[[1646, 0], [1699, 0], [1699, 1695], [1646, 1695]]"", ""[[1477, 0], [1537, 0], [1537, 1695], [1477, 1695]]""]"
Q16_93_332,嗣德三年摘關化州，改隸廣化府，成泰十二年復摘常春良政二州，隸法代理。,"[""[[1195, 0], [1254, 0], [1254, 1695], [1195, 1695]]"", ""[[1140, 0], [1195, 0], [1195, 1695], [1140, 1695]]"", ""[[909, 0], [973, 0], [973, 1695], [909, 1695]]"", ""[[575, 0], [631, 0], [631, 1695], [575, 1695]]"", ""[[405, 0], [462, 0], [462, 1695], [405, 1695]]""]"
Q16_94_333,座今領縣一，官陽系東西四至與府同。,"[""[[1756, 0], [1821, 0], [1821, 1698], [1756, 1698]]""]"
Q16_94_334,陳以前曰古雷縣，屬明鼎因之，隸清化府。,"[""[[1585, 0], [1645, 0], [1645, 1698], [1585, 1698]]"", ""[[1534, 0], [1585, 0], [1585, 1698], [1534, 1698]]""]"
Q16_94_335,黎光順改今名，隸紹天府。,"[""[[1419, 0], [1475, 0], [1475, 1698], [1419, 1698]]""]"
Q16_94_336,本朝明命七年改隸本府，兼理舊領，總十十八年摘論溪一總隸常春州，存九總。,"[""[[1193, 0], [1246, 0], [1246, 1698], [1193, 1698]]"", ""[[849, 0], [907, 0], [907, 1698], [849, 1698]]"", ""[[797, 0], [849, 0], [849, 1698], [797, 1698]]"", ""[[455, 0], [510, 0], [510, 1698], [455, 1698]]""]"
Q16_94_337,成泰八年分雷陽總為雷陽春來二總兮象斗，在省西。,"[""[[224, 0], [280, 0], [280, 1698], [224, 1698]]"", ""[[1707, 0], [1768, 0], [1768, 1695], [1707, 1695]]""]"
Q16_95_338,今領總十社村一百七十二宵差少南九十三里，山溪叢莽林徑崎嶇，四至相距里數未詳。,"[""[[1655, 0], [1707, 0], [1707, 1695], [1655, 1695]]"", ""[[1543, 0], [1598, 0], [1598, 1695], [1543, 1695]]"", ""[[1314, 0], [1370, 0], [1370, 1695], [1314, 1695]]""]"
Q16_95_339,州國東至壽春府雷陽縣界，西至父安省葵州府界，南至如春州界，北至良政州界。,"[""[[1257, 0], [1314, 0], [1314, 1695], [1257, 1695]]"", ""[[1201, 0], [1257, 0], [1257, 1695], [1201, 1695]]""]"
Q16_95_340,明命十八年析舊壽春縣地與雷陽縣論溪總農貢總如陵總，設今州名。,[]
Q16_95_341,嗣德三年省知州。,"[""[[1146, 0], [1201, 0], [1201, 1695], [1146, 1695]]""]"
Q16_95_342,之仁山總來屬改設州尉，以土酋為之。,"[""[[1031, 0], [1092, 0], [1092, 1695], [1031, 1695]]"", ""[[807, 0], [860, 0], [860, 1695], [807, 1695]]""]"
Q16_95_343,冥公務隸今領良文州，在省一四百一十三總四社，村二十三正少十里。,"[""[[750, 0], [807, 0], [807, 1695], [750, 1695]]"", ""[[692, 0], [750, 0], [750, 1695], [692, 1695]]"", ""[[411, 0], [460, 0], [460, 1695], [411, 1695]]"", ""[[1764, 0], [1828, 0], [1828, 1698], [1764, 1698]]"", ""[[1597, 0], [1649, 0], [1649, 1698], [1597, 1698]]""]"
Q16_96_344,東至玉勒州界，西至鎮蠻府岑泗縣蠻界，南至常春州界，北至廣化府錦水縣界（古哀牢地）。,"[""[[1426, 0], [1483, 0], [1483, 1698], [1426, 1698]]"", ""[[1312, 0], [1371, 0], [1371, 1698], [1312, 1698]]"", ""[[913, 0], [973, 0], [973, 1698], [913, 1698]]"", ""[[689, 0], [746, 0], [746, 1698], [689, 1698]]""]"
Q16_96_345,陳曰浸供亦曰愛獠黎。,"[""[[573, 0], [635, 0], [635, 1698], [573, 1698]]""]"
Q16_96_346,黎光順初設州名隸清都府，土酋黎氏襲管。,"[""[[282, 0], [342, 0], [342, 1698], [282, 1698]]""]"
Q16_97_347,僞西改琅政，本朝嘉隆初因之。,"[""[[1757, 0], [1820, 0], [1820, 1695], [1757, 1695]]"", ""[[1475, 0], [1529, 0], [1529, 1695], [1475, 1695]]"", ""[[1305, 0], [1364, 0], [1364, 1695], [1305, 1695]]"", ""[[1139, 0], [1193, 0], [1193, 1695], [1139, 1695]]""]"
Q16_97_348,明命十六年以舊壽春縣地併八復置今州名，十八年改崗冊爲社村，始設流官，又析舊壽春縣地改隸常春州。,"[""[[1083, 0], [1139, 0], [1139, 1695], [1083, 1695]]"", ""[[1024, 0], [1083, 0], [1083, 1695], [1024, 1695]]""]"
Q16_97_349,嗣德三年省知州，由壽春府兼理舊領總八。,"[""[[687, 0], [750, 0], [750, 1695], [687, 1695]]""]"
Q16_97_350,成泰十二年改設清化省上爾尺州尉，又摘仁山總隸歸常春關北州，在省西十八里，東至廣化府錦水縣界，西至鎮蠻府呈固縣界，南至良政州界，北至興化省枚州界（古哀牢地）。,"[""[[516, 0], [574, 0], [574, 1695], [516, 1695]]"", ""[[291, 0], [341, 0], [341, 1695], [291, 1695]]"", ""[[1708, 0], [1758, 0], [1758, 1695], [1708, 1695]]"", ""[[1645, 0], [1708, 0], [1708, 1695], [1645, 1695]]"", ""[[1477, 0], [1532, 0], [1532, 1695], [1477, 1695]]"", ""[[1412, 0], [1477, 0], [1477, 1695], [1412, 1695]]"", ""[[978, 0], [1031, 0], [1031, 1695], [978, 1695]]"", ""[[858, 0], [915, 0], [915, 1695], [858, 1695]]"", ""[[751, 0], [807, 0], [807, 1695], [751, 1695]]"", ""[[691, 0], [751, 0], [751, 1695], [691, 1695]]"", ""[[576, 0], [635, 0], [635, 1695], [576, 1695]]"", ""[[525, 0], [576, 0], [576, 1695], [525, 1695]]"", ""[[237, 0], [296, 0], [296, 1695], [237, 1695]]"", ""[[1704, 0], [1761, 0], [1761, 1695], [1704, 1695]]"", ""[[1650, 0], [1704, 0], [1704, 1695], [1650, 1695]]"", ""[[1591, 0], [1650, 0], [1650, 1695], [1591, 1695]]""]"
Q16_100_351,李陳至黎初曰關遊寨，又曰挪關。,"[""[[1311, 0], [1370, 0], [1370, 1695], [1311, 1695]]"", ""[[1036, 0], [1089, 0], [1089, 1695], [1036, 1695]]"", ""[[691, 0], [748, 0], [748, 1695], [691, 1695]]""]"
Q16_100_352,冊光順改椰州陽隸清都府，土酋范氏襲管。,"[""[[636, 0], [691, 0], [691, 1695], [636, 1695]]""]"
Q16_100_353,本朝嘉隆年间因之，明命十六年以蠚州併八置今州名，設流官為知州，仍隸壽春府。,"[""[[408, 0], [464, 0], [464, 1695], [408, 1695]]"", ""[[349, 0], [408, 0], [408, 1695], [349, 1695]]"", ""[[287, 0], [349, 0], [349, 1695], [287, 1695]]"", ""[[131, 0], [232, 0], [232, 1695], [131, 1695]]""]"
Q16_101_354,原明嗣德三年省知州，改隸廣化府並攝舊領總六。,"[""[[1572, 0], [1622, 0], [1622, 1732], [1572, 1732]]"", ""[[1519, 0], [1572, 0], [1572, 1732], [1519, 1732]]"", ""[[1231, 0], [1289, 0], [1289, 1732], [1231, 1732]]""]"
Q16_101_355,成泰五年改設州尉，十四年摘錦水縣古隴總，十六年又摘良政州鐵獲總與錦水縣田爐沙籠二總均隸之。,"[""[[1171, 0], [1231, 0], [1231, 1732], [1171, 1732]]"", ""[[1119, 0], [1171, 0], [1171, 1732], [1119, 1732]]"", ""[[887, 0], [936, 0], [936, 1732], [887, 1732]]""]"
Q16_101_356,今領總十社，村四，在省西北九十九里，東至紹十九王革州化府瑞原縣界，西至良政州界。,"[""[[649, 0], [709, 0], [709, 1732], [649, 1732]]"", ""[[298, 0], [360, 0], [360, 1732], [298, 1732]]"", ""[[1752, 0], [1813, 0], [1813, 1695], [1752, 1695]]"", ""[[1416, 0], [1472, 0], [1472, 1695], [1416, 1695]]""]"
Q16_101_357,政治州界，,[]
Q16_102_358,南至常春州界，,"[""[[1136, 0], [1192, 0], [1192, 1695], [1136, 1695]]""]"
Q16_102_359,北至廣化府錦水縣界，,"[""[[909, 0], [968, 0], [968, 1695], [909, 1695]]"", ""[[686, 0], [740, 0], [740, 1695], [686, 1695]]""]"
Q16_102_360,原瑞原、,[]
Q16_102_361,錦水二縣地，,"[""[[626, 0], [686, 0], [686, 1695], [626, 1695]]"", ""[[340, 0], [398, 0], [398, 1695], [340, 1695]]""]"
Q16_102_362,成泰十二年柝瑞原縣玉勒一總，,"[""[[282, 0], [340, 0], [340, 1695], [282, 1695]]""]"
Q16_102_363,與廣施安場二總之十八社土民立為玉溪雲庵穀舍三總，,"[""[[163, 0], [224, 0], [224, 1695], [163, 1695]]""]"
Q16_103_364,又摘錦水縣雲寨關隍二總之五社立為鶴皇總置，,"[""[[1702, 0], [1759, 0], [1759, 1698], [1702, 1698]]"", ""[[1533, 0], [1590, 0], [1590, 1698], [1533, 1698]]""]"
Q16_103_365,今州一名設州尉，,"[""[[1365, 0], [1424, 0], [1424, 1698], [1365, 1698]]"", ""[[1307, 0], [1365, 0], [1365, 1698], [1307, 1698]]""]"
Q16_103_366,今領總四，,[]
Q16_103_367,祗村三十二文卷，,"[""[[1142, 0], [1195, 0], [1195, 1698], [1142, 1698]]""]"
Q16_103_368,州一，,"[""[[1029, 0], [1088, 0], [1088, 1698], [1029, 1698]]""]"
Q16_103_369,在省西南七十四里，,"[""[[858, 0], [915, 0], [915, 1698], [858, 1698]]"", ""[[633, 0], [689, 0], [689, 1698], [633, 1698]]""]"
Q16_103_370,東至靜嘉府農貢縣界，,[]
Q16_103_371,西至常春州界，,[]
Q16_103_372,南至父安省葵州府界，,[]
Q16_103_373,北至壽春府雷陽縣界，,[]
Q16_103_374,原農貢、,[]
Q16_103_375,常春二縣州地，,"[""[[576, 0], [633, 0], [633, 1698], [576, 1698]]"", ""[[460, 0], [517, 0], [517, 1698], [460, 1698]]""]"
Q16_103_376,成泰六年柝農貢縣遊春原六朗陵二總，,"[""[[171, 0], [229, 0], [229, 1698], [171, 1698]]""]"
Q16_104_377,與沿一山諸社立為春遊夏賞朗陵三總，,"[""[[1700, 0], [1760, 0], [1760, 1688], [1700, 1688]]"", ""[[1647, 0], [1700, 0], [1700, 1688], [1647, 1688]]""]"
Q16_104_378,又以常春之如陵總來屬置，,"[""[[1476, 0], [1531, 0], [1531, 1688], [1476, 1688]]"", ""[[1250, 0], [1310, 0], [1310, 1688], [1250, 1688]]"", ""[[1088, 0], [1142, 0], [1142, 1688], [1088, 1688]]""]"
Q16_104_379,今州名設州尉，,"[""[[750, 0], [804, 0], [804, 1688], [750, 1688]]""]"
Q16_104_380,今領總四，,"[""[[578, 0], [636, 0], [636, 1688], [578, 1688]]"", ""[[289, 0], [346, 0], [346, 1688], [289, 1688]]"", ""[[1702, 0], [1757, 0], [1757, 1698], [1702, 1698]]""]"
Q16_105_381,一祖村三眞守，,"[""[[1529, 0], [1588, 0], [1588, 1698], [1529, 1698]]""]"
Q16_105_382,在省西北，,"[""[[1360, 0], [1418, 0], [1418, 1698], [1360, 1698]]"", ""[[1305, 0], [1360, 0], [1360, 1698], [1305, 1698]]""]"
Q16_105_383,府治未設，,[]
Q16_105_384,里數未一十四金卷月詳縣同，,"[""[[1252, 0], [1305, 0], [1305, 1698], [1252, 1698]]"", ""[[911, 0], [972, 0], [972, 1698], [911, 1698]]"", ""[[799, 0], [860, 0], [860, 1698], [799, 1698]]""]"
Q16_105_385,東接廣化府錦水縣，,"[""[[690, 0], [748, 0], [748, 1698], [690, 1698]]"", ""[[574, 0], [629, 0], [629, 1698], [574, 1698]]""]"
Q16_105_386,壽春府常春良政二州界，,"[""[[457, 0], [516, 0], [516, 1698], [457, 1698]]"", ""[[290, 0], [341, 0], [341, 1698], [290, 1698]]""]"
Q16_106_387,西接久安鎭邊府一界連雲西北接興化奠邊府界，,"[""[[1761, 0], [1817, 0], [1817, 1695], [1761, 1695]]""]"
Q16_106_388,古哀牢芒虎蠻地，,[]
Q16_106_389,黎以前三年一貢，,"[""[[1706, 0], [1761, 0], [1761, 1695], [1706, 1695]]"", ""[[1647, 0], [1706, 0], [1706, 1695], [1647, 1695]]"", ""[[1534, 0], [1590, 0], [1590, 1695], [1534, 1695]]""]"
Q16_106_390,本朝嘉隆年間為清彗貢蠻，,"[""[[1422, 0], [1479, 0], [1479, 1695], [1422, 1695]]""]"
Q16_106_391,又別愛賦役于萬象，,[]
Q16_106_392,明命八年萬象國長招阿弩爲暹所破出奔，,"[""[[1422, 0], [1479, 0], [1479, 1695], [1422, 1695]]"", ""[[1249, 0], [1310, 0], [1310, 1695], [1249, 1695]]"", ""[[1090, 0], [1139, 0], [1139, 1695], [1090, 1695]]"", ""[[977, 0], [1034, 0], [1034, 1695], [977, 1695]]""]"
Q16_106_393,蠻民爲南掌所苦，,"[""[[857, 0], [910, 0], [910, 1695], [857, 1695]]"", ""[[572, 0], [652, 0], [652, 1695], [572, 1695]]""]"
Q16_106_394,與諸屬蠻諸父安經略大臣阮文春軍次懇求內附事聞，,"[""[[572, 0], [652, 0], [652, 1695], [572, 1695]]"", ""[[521, 0], [572, 0], [572, 1695], [521, 1695]]"", ""[[176, 0], [233, 0], [233, 1695], [176, 1695]]"", ""[[1705, 0], [1756, 0], [1756, 1702], [1705, 1702]]""]"
Q16_107_395,改爲呈固蠻粉岑柳三縣，,"[""[[1531, 0], [1589, 0], [1589, 1702], [1531, 1702]]""]"
Q16_107_396,一X餘月從蠻民便置今府名，,[]
Q16_107_397,以三司系東接廣一務房院後務堂質務路局製院化州界，,"[""[[1307, 0], [1366, 0], [1366, 1702], [1307, 1702]]"", ""[[1255, 0], [1307, 0], [1307, 1702], [1255, 1702]]"", ""[[1094, 0], [1142, 0], [1142, 1702], [1094, 1702]]""]"
Q16_107_398,西接興化校州寧。,[]
Q16_107_399,邊州與父安蠻撰縣界，南接岑柳蠻維縣界，北接興化枚州木州馬江界。,"[""[[915, 0], [974, 0], [974, 1702], [915, 1702]]""]"
Q16_107_400,本呈具巫供二州，後併八改今名黎末有興化馬南州之地，群本朝山土知縣耳。,"[""[[805, 0], [861, 0], [861, 1702], [805, 1702]]"", ""[[691, 0], [747, 0], [747, 1702], [691, 1702]]"", ""[[348, 0], [401, 0], [401, 1702], [348, 1702]]"", ""[[286, 0], [348, 0], [348, 1702], [286, 1702]]""]"
Q16_108_401,昆九年改隸本府，原執謁呈甫二崗，丁數一千九百凡二百十五人，尋改為總名，又増呈固一總凡孔領總三。,"[""[[1761, 0], [1861, 0], [1861, 1701], [1761, 1701]]"", ""[[1530, 0], [1584, 0], [1584, 1701], [1530, 1701]]""]"
Q16_108_402,供絲佳系東接關化州，與父安岑祚本四十六疊，糸東縣界，西接岑椰呈固二縣界，南接岑榔與岑祚縣界，北接關化州界。,"[""[[1308, 0], [1364, 0], [1364, 1701], [1308, 1701]]"", ""[[1066, 0], [1138, 0], [1138, 1701], [1066, 1701]]"", ""[[690, 0], [736, 0], [736, 1701], [690, 1701]]"", ""[[459, 0], [514, 0], [514, 1701], [459, 1701]]""]"
Q16_108_403,本山崔州蠻粧明命八年改置為縣，以輝粲房務父安鎭邊府九年改隸本府，後又改今縣名，丁數三百人。,"[""[[404, 0], [459, 0], [459, 1701], [404, 1701]]"", ""[[358, 0], [404, 0], [404, 1701], [358, 1701]]"", ""[[193, 0], [294, 0], [294, 1701], [193, 1701]]"", ""[[1590, 0], [1678, 0], [1678, 1699], [1590, 1699]]"", ""[[1525, 0], [1590, 0], [1590, 1699], [1525, 1699]]""]"
Q16_109_404,不那系東接父安鎭邊府，岑設總領本六之稱县祚縣界，西接父安蠻撰縣界，南接父安車虎岑祚二縣界，北接呈國縣界。,"[""[[1140, 0], [1177, 0], [1177, 1699], [1140, 1699]]"", ""[[1025, 0], [1140, 0], [1140, 1699], [1025, 1699]]"", ""[[917, 0], [1025, 0], [1025, 1699], [917, 1699]]"", ""[[809, 0], [867, 0], [867, 1699], [809, 1699]]"", ""[[529, 0], [637, 0], [637, 1699], [529, 1699]]"", ""[[403, 0], [479, 0], [479, 1699], [403, 1699]]"", ""[[359, 0], [403, 0], [403, 1699], [359, 1699]]"", ""[[1647, 0], [1703, 0], [1703, 1699], [1647, 1699]]""]"
Q16_110_405,本山崔州蠻粧明命八年置為縣，以保彊錢名等為土知縣，道南用為土縣丞，隸鎮邊府，九年改隸本府，丁數四百十四人，不設經侯。,"[""[[1370, 0], [1427, 0], [1427, 1699], [1370, 1699]]"", ""[[1204, 0], [1252, 0], [1252, 1699], [1204, 1699]]"", ""[[865, 0], [918, 0], [918, 1699], [865, 1699]]"", ""[[696, 0], [750, 0], [750, 1699], [696, 1699]]"", ""[[522, 0], [584, 0], [584, 1699], [522, 1699]]"", ""[[468, 0], [522, 0], [522, 1699], [468, 1699]]"", ""[[294, 0], [353, 0], [353, 1699], [294, 1699]]""]"
Q16_111_406,佳形藝東臨大海，西控長林冷水溪，阻其南三疊峰艮算八四日。,"[""[[1648, 0], [1702, 0], [1702, 1698], [1648, 1698]]"", ""[[1420, 0], [1474, 0], [1474, 1698], [1420, 1698]]"", ""[[1142, 0], [1193, 0], [1193, 1698], [1142, 1698]]"", ""[[974, 0], [1080, 0], [1080, 1698], [974, 1698]]"", ""[[745, 0], [802, 0], [802, 1698], [745, 1698]]""]"
Q16_111_407,有市務司務衛局衛務司，,"[""[[457, 0], [517, 0], [517, 1698], [457, 1698]]"", ""[[1711, 0], [1767, 0], [1767, 1698], [1711, 1698]]""]"
Q16_112_408,山河環繞，,"[""[[1377, 0], [1429, 0], [1429, 1698], [1377, 1698]]""]"
Q16_112_409,原隰盤互會潮猗碧，,"[""[[1204, 0], [1260, 0], [1260, 1698], [1204, 1698]]""]"
Q16_112_410,為海疆之關寧海汛，,[]
Q16_112_411,有七惟會欽昌陽才府為上足之要種潮猗碧二汛，,"[""[[812, 0], [864, 0], [864, 1698], [812, 1698]]"", ""[[524, 0], [581, 0], [581, 1698], [524, 1698]]"", ""[[467, 0], [524, 0], [524, 1698], [467, 1698]]"", ""[[354, 0], [409, 0], [409, 1698], [354, 1698]]""]"
Q16_112_412,洋呈必由比，,[]
Q16_112_413,以八梁馬二江事有緩急，,"[""[[295, 0], [354, 0], [354, 1698], [295, 1698]]"", ""[[1760, 0], [1824, 0], [1824, 1698], [1760, 1698]]"", ""[[1705, 0], [1760, 0], [1760, 1698], [1705, 1698]]""]"
Q16_112_414,弘化厚衆二縣當其衝，,[]
Q16_113_415,山路一由石城縣路過寧斗堂，,"[""[[1483, 0], [1537, 0], [1537, 1698], [1483, 1698]]""]"
Q16_113_416,堂質與。,"[""[[1483, 0], [1537, 0], [1537, 1698], [1483, 1698]]""]"
Q16_113_417,務房與和務堂運運堂務與務司者，係一由關化州路過鎮糧府地，非通身全。,[]
Q16_113_418,民、市民房民與居質念局行適司有市務堂房務務務後房局司。,"[""[[1369, 0], [1425, 0], [1425, 1698], [1369, 1698]]"", ""[[1033, 0], [1092, 0], [1092, 1698], [1033, 1698]]"", ""[[641, 0], [698, 0], [698, 1698], [641, 1698]]"", ""[[583, 0], [641, 0], [641, 1698], [583, 1698]]""]"
Q16_113_419,一兆丁度梁江抵關化以達哀牢，自永祿耳。,"[""[[461, 0], [516, 0], [516, 1698], [461, 1698]]""]"
Q16_113_420,各分水二岐，一北行與石城路合通於河。,"[""[[415, 0], [461, 0], [461, 1698], [415, 1698]]"", ""[[294, 0], [353, 0], [353, 1698], [294, 1698]]"", ""[[177, 0], [235, 0], [235, 1698], [177, 1698]]"", ""[[1759, 0], [1818, 0], [1818, 1695], [1759, 1695]]"", ""[[1703, 0], [1759, 0], [1759, 1695], [1703, 1695]]""]"
Q16_114_421,一辰二孫今壽春廣化又當三路之衝者矣。,"[""[[1649, 0], [1703, 0], [1703, 1695], [1649, 1695]]"", ""[[1483, 0], [1540, 0], [1540, 1695], [1483, 1695]]"", ""[[1257, 0], [1311, 0], [1311, 1695], [1257, 1695]]""]"
Q16_114_422,上大洛則當南邊界首之土山城路之左右，林海交環城之東西山野夾。,"[""[[1034, 0], [1093, 0], [1093, 1695], [1034, 1695]]""]"
Q16_114_423,自此而東南十有司學行司業公司司行司司司念司鞬屯又當林海之中種也。,"[""[[756, 0], [816, 0], [816, 1695], [756, 1695]]"", ""[[697, 0], [756, 0], [756, 1695], [697, 1695]]"", ""[[640, 0], [697, 0], [697, 1695], [640, 1695]]"", ""[[414, 0], [471, 0], [471, 1695], [414, 1695]]"", ""[[357, 0], [414, 0], [414, 1695], [357, 1695]]""]"
Q16_115_424,弘美農貢地稱沃衍，其形勢之壯諸直省無與為匹。,"[""[[1770, 0], [1827, 0], [1827, 1702], [1770, 1702]]"", ""[[1709, 0], [1770, 0], [1770, 1702], [1709, 1702]]"", ""[[1656, 0], [1709, 0], [1709, 1702], [1656, 1702]]""]"
Q16_115_425,若夫宋山貴縣為乾龍正脊群峰萬派重重疊疊四面環拱，山青水秀佳氣蔥鬱，乃我國家發祥之地。,"[""[[1488, 0], [1538, 0], [1538, 1702], [1488, 1702]]"", ""[[1205, 0], [1260, 0], [1260, 1702], [1205, 1702]]"", ""[[1148, 0], [1205, 0], [1205, 1702], [1148, 1702]]"", ""[[1035, 0], [1096, 0], [1096, 1702], [1035, 1702]]""]"
Q16_115_426,與黎之藍山獨標福地焉，亦猶周之邠岐漢之豐沛也。,"[""[[924, 0], [980, 0], [980, 1702], [924, 1702]]"", ""[[867, 0], [924, 0], [924, 1702], [867, 1702]]"", ""[[582, 0], [639, 0], [639, 1702], [582, 1702]]""]"
Q16_115_427,氣假正二月東北風氣微寒，三四月東南風暑氣漸盛，五六月南風盛發夕暑，七八月西南風暑氣稍平，或陣雨漲潦，或颶風大發。,"[""[[582, 0], [639, 0], [639, 1702], [582, 1702]]"", ""[[357, 0], [407, 0], [407, 1702], [357, 1702]]"", ""[[243, 0], [296, 0], [296, 1702], [243, 1702]]"", ""[[181, 0], [243, 0], [243, 1702], [181, 1702]]"", ""[[1484, 0], [1537, 0], [1537, 1688], [1484, 1688]]"", ""[[1148, 0], [1202, 0], [1202, 1688], [1148, 1688]]"", ""[[932, 0], [1032, 0], [1032, 1688], [932, 1688]]"", ""[[820, 0], [873, 0], [873, 1688], [820, 1688]]""]"
Q16_116_428,秋冬之交雷既收聲，天氣乍陰乍晴，常有陰風或霖雨或小颶發者。,"[""[[469, 0], [530, 0], [530, 1688], [469, 1688]]"", ""[[185, 0], [254, 0], [254, 1688], [185, 1688]]""]"
Q16_117_429,風十月魚颶風語雲九月禾蟲，十一十二月朔風寒盛地凍，大寒之未春氣巳萌，雷亦早發。,"[""[[1375, 0], [1430, 0], [1430, 1698], [1375, 1698]]"", ""[[1147, 0], [1208, 0], [1208, 1698], [1147, 1698]]"", ""[[821, 0], [869, 0], [869, 1698], [821, 1698]]"", ""[[702, 0], [757, 0], [757, 1698], [702, 1698]]"", ""[[647, 0], [702, 0], [702, 1698], [647, 1698]]""]"
Q16_117_430,此一歲寒暑之候也。,"[""[[298, 0], [363, 0], [363, 1698], [298, 1698]]"", ""[[242, 0], [298, 0], [298, 1698], [242, 1698]]"", ""[[1746, 0], [1811, 0], [1811, 1692], [1746, 1692]]""]"
Q16_118_431,其地平原窄狹海濶，林長林常西風，其氣多陰，海常南風，其氣多陽，故大小寒之候未至而近林居。,"[""[[1689, 0], [1746, 0], [1746, 1692], [1689, 1692]]"", ""[[1582, 0], [1633, 0], [1633, 1692], [1582, 1692]]"", ""[[1479, 0], [1524, 0], [1524, 1692], [1479, 1692]]""]"
Q16_118_432,者巳冷，大小暑之候未至而近海居者已熱，此一省氣候之稍異也。,"[""[[1194, 0], [1251, 0], [1251, 1692], [1194, 1692]]"", ""[[1145, 0], [1194, 0], [1194, 1692], [1145, 1692]]"", ""[[1087, 0], [1145, 0], [1145, 1692], [1087, 1692]]""]"
Q16_118_433,農候：,[]
Q16_118_434,近山林者，以春夏燒草投穀，至秋而穫，是為歲一穫；,"[""[[580, 0], [635, 0], [635, 1692], [580, 1692]]"", ""[[1757, 0], [1814, 0], [1814, 1698], [1757, 1698]]"", ""[[1651, 0], [1713, 0], [1713, 1698], [1651, 1698]]"", ""[[1537, 0], [1590, 0], [1590, 1698], [1537, 1698]]""]"
Q16_119_435,稻居原野者，高田以六月稼，十月穫；,"[""[[1313, 0], [1373, 0], [1373, 1698], [1313, 1698]]"", ""[[1202, 0], [1258, 0], [1258, 1698], [1202, 1698]]"", ""[[1089, 0], [1146, 0], [1146, 1698], [1089, 1698]]""]"
Q16_119_436,低田以十二月稼，五月穫，是為歲再穫；,[]
Q16_119_437,稻又有江邊州渚成田，以三四月種，七八月穫，號爲稑稻。,"[""[[919, 0], [964, 0], [964, 1698], [919, 1698]]"", ""[[696, 0], [756, 0], [756, 1698], [696, 1698]]"", ""[[643, 0], [696, 0], [696, 1698], [643, 1698]]"", ""[[417, 0], [470, 0], [470, 1698], [417, 1698]]""]"
Q16_119_438,按《稻谷譜》有云：“吳越二稻，九眞三稻。,"[""[[298, 0], [356, 0], [356, 1698], [298, 1698]]"", ""[[1759, 0], [1820, 0], [1820, 1698], [1759, 1698]]"", ""[[1478, 0], [1535, 0], [1535, 1698], [1478, 1698]]"", ""[[1360, 0], [1420, 0], [1420, 1698], [1360, 1698]]""]"
Q16_119_439,”是也。,[]
Q16_120_440,潮候與諸省同：林居多嵐瘴，海居則無。,"[""[[1360, 0], [1420, 0], [1420, 1698], [1360, 1698]]""]"
Q16_120_441,平原有閑一二以葆錐，二江帶有瘴氣，故也。,"[""[[1118, 0], [1195, 0], [1195, 1698], [1118, 1698]]"", ""[[196, 0], [278, 0], [278, 1698], [196, 1698]]""]"
Q16_120_442,司黨磊落多有氣節，益風俗，行上業行行得諸江山之秀。,"[""[[196, 0], [278, 0], [278, 1698], [196, 1698]]""]"
Q16_120_443,清一統志所謂“愛州之人倜儕好義”，是也。,[]
Q16_120_444,農貝力方來及北圻，故登穀少，工則技藝亦無別巧，惟去東山安足供器用。,[]
Q16_120_445,商則無富商大石戶擅長穫人，賈雖帆楫通於諸轄，亦鋪市列肆而已。,[]
Q16_120_446,歲月安史記屬漢辰節慶吊之儀，大略與父安同辰壬延爲九之豐九眞百年彗風寔自延始。,[]
Q16_120_447,眞太守教民以耕植之事，嫁娶惟三春月例有祈福事神，或歌唱或鬥棋，與求均木自遊諸土，民風俗獷得與莊民異，習尚未免有偏。,[]
Q16_120_448,各依山澗構屋架棧以居，業農者或穴土投穀而不秧，或聚牛蹂田而不耕，月則以三十日爲率，而不知大小之差。,"[""[[196, 0], [278, 0], [278, 1698], [196, 1698]]""]"
Q16_120_449,歲則元旦祀先一次，餘皆無忌臘之事。,[]
Q16_120_450,父毋沒則亭柩於宅內三。,[]
Q16_120_451,年乃塟送塟日，延巫呪供半日而畢，無虞奠禮。,[]
Q16_120_452,家有喜事，前期合麯與米封貯，曇丙二月而熟。,[]
Q16_120_453,至日延賓至，乃注清水於賓主環坐，以小竹竿為筒而吸之，以爲樂，謂之竿酒。,[]
Q16_120_454,蠻獠習尚，未尚盡變也。,[]
Q16_120_455,又傳：鎮蠻府土民有異術，三一曰能燒法，有得之以持身，则身不能中刃，不能傷，入火不焚，八水不弱。,[]
Q16_120_456,比范文寅善于其術，臨陣無敵，鄰蠻畏之。,[]
Q16_120_457,後以傳子文亨亦然。,[]
Q16_120_458,今質之土人則云其法已不傳矣。,[]
Q16_120_459,二曰魔盆法，有得以報怨，則潛之以金木器或沙石投之，能使令其物暗透人胸中发病，不救惟求彼治之，復能推出所投之物，其病乃愈。,[]
Q16_120_460,三曰匿形法，鍊得此法，一欲身则當仁日而其身不見，或欲害人則譽來斬影，既歸洗劍，其人即斃。,[]
Q16_120_461,然此二術所在上司屢案並錄之，以廣見聞。,[]
Q16_120_462,縣三五社稍識文字，成也。,[]
Q16_120_463,省城周六百三十丈，高一丈，門四濠，廣八丈八尺，深六尺五寸，在東山縣壽鷄社也。,[]
Q16_120_464,求易黎以前在瑞原縣安中安朗二社，後徙東山鼎楊舍府江岸。,[]
Q16_120_465,本朝嘉隆三年移今所築市司衛里，明發衛司年砂磚石元坊在宋山縣貴鄉，明命十省水師屯成泰六年改爲衙署，河中府治在宋山縣南伴總平和社下村，舊于峩山縣同風社上村，尋移于。,[]
Q16_120_466,平木出司，臺右厚祥將精社。,[]
Q16_120_467,明命二十年，移江文元年，復移于贍波村。,[]
Q16_120_468,成泰十二年，移于平和年，再移今所。,[]
Q16_120_469,一峩山縣治，在茂林總安幸社。,[]
Q16_120_470,厚祿縣治，明命十九年改為縣治，在油場總維精社。,[]
Q16_120_471,舊府治弘化縣台，在筆山總壽祿村。,[]
Q16_120_472,前黎在紫駝僞西艮，遷成泰十四年，復移于談村。,[]
Q16_120_473,地分絲化府治，在瑞原縣密勿總建中社。,[]
Q16_120_474,舊在安朗社，月本朝嘉隆年間，移密勿社，尋復移鵬間，移今所。,[]
Q16_120_475,示曰：命東山縣治，在古都社。,[]
Q16_120_476,書龍二，在壽鶴總壽鶴社。,[]
Q16_120_477,舊四年移，今所移石溪社。,[]
Q16_120_478,明命安定縣治，在黎舍社。,[]
Q16_120_479,明命年在多祿總察村。,[]
Q16_120_480,舊孝元方隆七年辦斤廣二文，在永祿縣高密總仁顯元羣在遘下社。,"[""[[196, 0], [278, 0], [278, 1698], [196, 1698]]""]"
Q16_120_481,明命十八年移，嗣德二十一年移治于舊胡城。,[]
Q16_120_482,尋復仍舊，錦水聚台，在蒙山總外山村。,[]
Q16_120_483,舊在翠嬴社，明命十見八年移關樸社。,[]
Q16_120_484,嗣德二十一年移于仙陵社。,[]
Q16_120_485,同慶乙酉年肉移于錦隍社。,[]
Q16_120_486,成成系泰五年，又移于豐懿社。,[]
Q16_120_487,十年移今所。,[]
Q16_120_488,不坊鼎台，在長葛總富山社。,[]
Q16_120_489,舊在法語社後廢，成言泰二年設于美津社。,[]
Q16_120_490,十一年移今所。,[]
Q16_120_491,言寸台，在雷陽縣堅石總春浦社。,[]
Q16_120_492,舊爭于者在盛美社。,[]
Q16_120_493,紹治七年移今所。,[]
Q16_120_494,青方口在玉山縣蓮池總胡上村。,[]
Q16_120_495,舊在海州社，明命四年遷雲齋社。,[]
Q16_120_496,土。,[]
Q16_120_497,城名靜嘉府，城嗣德三年移言書系台，在守正總裴村，舊在興禮，今所眉見之社囊村，後移於供上社椿村。,[]
Q16_120_498,嗣德三十年長貞系在文舍總球關，一年移今所農鼎之綴社宋公村。,[]
Q16_120_499,關州有行務廣民員務科一，在富麗總同春社。,[]
Q16_120_500,明命十六年穹州在仁山總仁枕社，明命十八年設在鄭溝總鄭滿社。,[]
Q16_120_501,嗣德三年省成泰十二年復設，今所良文州台在從正總班正社。,[]
Q16_120_502,明命十六年設長正少，,[]
Q16_120_503,以嗣德三年省成泰十二年復設玉功州台在玉溪總玉溪社口台在春務務務宇濟學務學院房念園春和社成泰六年設校郎式易在省城东北東山縣壽鶴社，,[]
Q16_120_504,周一百衆言去九十三丈，,[]
Q16_120_505,高六尺堂院並瓦。,[]
Q16_120_506,嗣德四年建同慶三年以事受錢破今言於又安場，成泰三年復仍舊省學在省社廣舍村。,[]
Q16_120_507,嘉隆十一年移東山縣壽鶴社，舊在布衛河中府學北平日，在府治。,[]
Q16_120_508,二年建元成泰十年山縣學成泰十二年建在縣治南安幸社弘化思學祿村明命五年建在縣治東筆山社壽厚祿縣學東淮青在縣冶改為縣學永舊府學。,[]
Q16_120_509,後廣化府學明命十六年建在府治南仁路社春府學社紹治七年建在府治西春浦紹化府學建中注月在府治南太南一統志。,[]
Q16_120_510,卷十六年建合日安定縣學，清化省上社。,[]
Q16_120_511,明命七年建，在縣治東北多祿靜嘉府學雲齋社。,[]
Q16_120_512,嗣德三年移，在府治北玉甲村（舊在廣昌縣學）。,[]
Q16_120_513,裴寸詞無在縣治北，在縣庚人口十年建農貢縣學社。,[]
Q16_120_514,明命五年建，在縣治南紫深錦水縣學行隍社。,[]
Q16_120_515,成泰十年移今所（夕口木），舊在錄石城縣學，在縣南富我五年建在美津社，十一年移今所。,[]
Q16_120_516,行口嘉隆年間原額三萬三千二百三十三人，成泰十年五萬四千一百十七人。,[]
Q16_120_517,職色免差竝貴鄉人丁例得准免在三斤里艮正兩免丁萬一千三百二十一人，銀十一萬一千七百六十七元。,[]
Q16_120_518,十八年加增至七萬二百九十八人，銀十五萬一千九百七十九元。,[]
Q16_120_519,又公三每丁壯二日四分電里市堂務四毛，合共十七萬九千五百三元四毛。,[]
Q16_120_520,田嗣德年間原額田土二十九萬二千一百二十九畝，徵粟十四萬七千三百五十二斛，錢十三萬三千六百七十九緡，銀五百十五兩。,[]
Q16_120_521,諸產稅亦成上三三二乙次，徵粟二十萬三百三十二斛零，錢十一萬四正日上二由上年正蕭稅銀徵額三十二萬八千九百六十二畝，銀十一六萬四千一百五十九元八毛。,[]
Q16_120_522,十八年加增至四十六萬九千二百三十畝零。,[]
Q16_120_523,銀四十萬八千八百七十二元三毛，又附納百分之六（銀二萬四百四十七元六毛六仙），合共四十二萬九千三百十九元九毛六仙。,[]
Q16_120_524,諸庄地長原陵在焉，山從石城縣來。,[]
Q16_120_525,大後會讀行上上串珠而下，連起十二峰，草木蒼翠，望之如錦三疊。,[]
Q16_120_526,神符蜿蜒於其左，澤林莊諸灣迴於其右，水從龍溪下，宋江縈繞於其前。,[]
Q16_120_527,舊名菴山，德三年列為名山，載在祀典。,[]
Q16_120_528,三農山山縣北中，伴總地山從石城縣來，峰巒聳拔，連絡重重，驛路所經有三版：,[]
Q16_120_529,第一版在清化界西北，稍平；,[]
Q16_120_530,第二版當中最高峰，是清寧二省分界；,[]
Q16_120_531,第三版抵寧平界，稍低平，故名「三壘」。,[]
Q16_120_532,自山東望海際，眼界潤然，寔爲南北咽喉處乖盡處，兩壁屹立，中有一路，俗傳爲孔路禪師筍口。,[]
Q16_120_533,紹治二年北巡，御製詩勒石，建亭於中峰，詩云：「當路岑欽積翠濃，层层縱步跨虬龍，不爲王屋空雷徑，更作羅浮剩别蹤。,[]
Q16_120_534,遠迓相逢臨一嶺，高攀送出尚重峰巑，分鎮清寧境起復上者，在宋山縣西。,[]
Q16_120_535,上伴總地從肇市運经務司與學學務理務衛司，,[]
Q16_120_536,如鵠立明命年間，,[]
Q16_120_537,御製碑交有曰『三疊山莊』諸山對峙於其左右，,[]
Q16_120_538,即此口卑在宋山縣美觀坊，,[]
Q16_120_539,山峙水湄，,[]
Q16_120_540,舟穿石X不石口腳石壁，,[]
Q16_120_541,有大神字硃色鮮紅，,[]
Q16_120_542,世傳黎聖。,[]
Q16_120_543,尊召丑在宋山縣南平林社，一名燕山。,[]
Q16_120_544,御題火山從永祿縣山來，內臨炤白江，外帶漆馬江，山水清幽，樹木蒼翠，俗號雙燕。,[]
Q16_120_545,申交飛上，有黎奉曉祠，歷代題詠遺跡尚存。,[]
Q16_120_546,而午在峩山縣東北鐵甲社山，從三靈山來，名曰延袤三四十里，中有一小江，判峰巒為兩條岸：,[]
Q16_120_547,之南一條為此山岸，之北一條自美觀莊聯至治內社，有二洞，一名徐式洞，一名白鷗洞。,[]
Q16_120_548,又過此到海，而止。,"[""[[196, 0], [278, 0], [278, 1698], [196, 1698]]""]"
Q16_120_549,水石爭雄，秀異滿目。,[]
Q16_120_550,陳以後士夫多有題詠，院忠彥詩有云：“一水白從天上落，羣山青壽在。,[]
Q16_120_551,”峩山縣東正到海門，空亦是逼肖。,[]
Q16_120_552,喜口大庄自神符山來，突起一峰，形如彗表，奇秀沖雲頓跌接續，疊嶺重峰，東臨海際，今海沙日培。,[]
Q16_120_553,山之內外有內村外村，新設三，在峩山縣東正大民居住漸成樂土。,[]
Q16_120_554,焦山庄自萬山東下一里許，踴起雙峰，酷似牛形相再逐於波浪間，今巳出海四五里矣。,[]
Q16_120_555,世傳嘉苗山貴局雙牛出海，通在雙牛島之外，一峰特立孤高動務，務商務務商務院遠望之如蓮花出水，故又名蓮山。,[]
Q16_120_556,相傳黎朝有公主與駙馬公於山傍別墅為園，裁桃數餘畝，故後人皆以桃園呼之。,[]
Q16_120_557,黎憲尊泛舟于此，有詩云：“攀雲坐石靜觀瀾，屹立流中眾所難。,[]
Q16_120_558,兜率西蓮浮水上，蓬萊左股在。,[]
Q16_120_559,”人閒六鰲不動，坤維靜。,[]
Q16_120_560,萬注趨朝，海藏寬鯨浪鰍旗，今巳息。,[]
Q16_120_561,英雄一目小塵寰。,[]
Q16_120_562,黎桂堂詩云：「紫府應移在此間，屹然一柱障羣灘。,[]
Q16_120_563,遠瞻正似蓮花座，向事呼長在峩山縣南石澗社，一名為復箸山。,[]
Q16_120_564,」眉一雲：「寰山舊云雲石山，自永祿金甌山落下，突起一峰，土山戴石，峭如壁立。,[]
Q16_120_565,"」

山之下沃野千里，前臨江岸，登臨辰白駒，海外水島風帆悠然在目。",[]
Q16_120_566,右有石洞，舊名翠雲洞，高可十六七尺，廣十尺許。,[]
Q16_120_567,陳紹慶年間有和尚因洞設庵置佛像，有記云：「彼蒼葱而聳出，如玉屏錦帳然者，非雲磊之山歟？,[]
Q16_120_568,」山之前潤濶潾縈，迴升降朝暮異狀者，非雲磊之水歟？,[]
Q16_120_569,其山腰寶香散彩，靈驄繽紛如煙如霧，又如空中之樓閣，孤高而晻靄然者，非雲磊之寺歟？,[]
Q16_120_570,辰僕射范師孟詩有云：「捫參歷井上雲端，身在碧霄雲漢間，下視鯨濤千萬里，長天浮水水浮山。,[]
Q16_120_571,」黎景興間鄭森過此有詩云：「名勝高標第一州，山容如黛水如油，半封雲洞邈玄鶴，平漲河門狎白鷗。,[]
Q16_120_572,雲徑樵緣頑石脚，星槎客渡急灘頭，憑高欲或在峩盡觀瀾，興碧浪滄溟一色秋。,[]
Q16_120_573,"」

鐘甲山縣東鐵甲社，一名條山，從宋山諸山頓跌而來，一條連石壁巉巖，中有一路稍平，乃清寧二省下游往來必由之路。",[]
Q16_120_574,黎以來用。,[]
Q16_120_575,兵者亦多從此出，八黎貴惇芸臺類語以爲此山路與三疊山路皆漢馬援所開，未詳所據，今其山北麓臨正大江渡，南麓有柳杏公主祠，亦山務務迎務員房堂務務創務大關要處。,[]
Q16_120_576,形山社從東山縣龍頷山來過江，,[]
Q16_120_577,屹立水邊，,[]
Q16_120_578,其峰小而純石，,[]
Q16_120_579,嶺圓腳尖石殺，,[]
Q16_120_580,有層次如龍之吐珠，,[]
Q16_120_581,而尖似火，,[]
Q16_120_582,故名「峰」之西，,[]
Q16_120_583,務局院品務突起片石酷似人形，,[]
Q16_120_584,名神童石，,[]
Q16_120_585,故又曰「兒峰」，,[]
Q16_120_586,諺雲：,[]
Q16_120_587,「異哉！,[]
Q16_120_588,東山九十九峰，一後未歸兮！,[]
Q16_120_589,」江岸東峰腳南有深潭，水如匹練，相傳此峰為市房務員衛務有務堂務務質務最登科第者多出，青年得之鐘毓秀氣爲獨厚也。,[]
Q16_120_590,成泰七年荷亭大學士安長子阮述督於清嘗登此遊覽，因建筆塔於山上，勒珠灣消夏四字於石，又有詩云：「湧出驪龍窟，清奇愛此山，明珠還在抱，消夏別成灣。,[]
Q16_120_591,」浦樹維舟靜，巖花倚坐閒，香風吹妙句瀟漉逈塵間。,[]
Q16_120_592,今架鐵橋于此四字石已沉之江中，,[]
Q16_120_593,寺與塔存，,[]
Q16_120_594,靈長在弘化縣東北玉綴玉林二社一焉，,[]
Q16_120_595,靈長名玉綴山，,[]
Q16_120_596,與厚祿漪碧對岸，,[]
Q16_120_597,從江岸突起七峰，,[]
Q16_120_598,沿江際海腳有石墩出水，,[]
Q16_120_599,如欲渡狀，,[]
Q16_120_600,離岸泊浪中，,[]
Q16_120_601,又靈起大小數峰，,[]
Q16_120_602,峰前有石嘴形如鞋頭，,[]
Q16_120_603,是爲厚祿縣碧汛之禰山。,[]
Q16_120_604,黎史鴻德七年聖尊遊此作靈長海。,[]
Q16_120_605,口詩並序雲：海水之傍，青山岌業；海口之峙，山形特異。,[]
Q16_120_606,山腳之洞，深不可測。,[]
Q16_120_607,世傳以為龍口焉。,[]
Q16_120_608,口之外，突起互石，形體尤奇。,[]
Q16_120_609,世傳以為龍鼻焉。,[]
Q16_120_610,鼻之下，別有一石圓美絶倫，世傳以為頷下之珠焉。,[]
Q16_120_611,巨石磷硐，或疏或密，殺不可數。,[]
Q16_120_612,世傳以為龍鬚焉。,[]
Q16_120_613,昔人登覽，勒僊州二字於石，今存耳。,[]
Q16_120_614,在厚祿縣東，漪碧汛口外，與靈長山山一對岸。,[]
Q16_120_615,一云鞋鼻峰，又曰黃牛母子峰，一景致奇特，為海汛。,[]
Q16_120_616,在美化縣西，楊山關鎖岸上，舊有屯令為山魯鄉二總地。,[]
Q16_120_617,一云義莊山，山巒重靈，中有二峰，最高。,[]
Q16_120_618,海商者云，一愛州近海諸山惟義莊山最高，海程視此為準。,[]
Q16_120_619,在美化縣東，楊山社，一名木山，平原力加突起二峰，一峰兩頭聳峻，中獨平坦，又名馬鞍山。,[]
Q16_120_620,李朝上將軍黎奉曉貞在美西禎山社，自金茶山來，南臨馬江，為一龍貞縣右友之祖山也。,[]
Q16_120_621,前有驛路曰清山站，,[]
Q16_120_622,音合一是，,[]
Q16_120_623,在東山縣東北，,[]
Q16_120_624,東山社，,[]
Q16_120_625,一名帳山，,[]
Q16_120_626,自楊舍一五花峰傍江而來，,[]
Q16_120_627,九十九峰蜿蜒連接，,[]
Q16_120_628,似一龍行狀，,[]
Q16_120_629,極處突起高峰，,[]
Q16_120_630,形如龍首，,[]
Q16_120_631,左貴有洞名龍光洞，,[]
Q16_120_632,可容四十五十人穿過一竅，,[]
Q16_120_633,為後洞。,[]
Q16_120_634,仅容五六人，傳云龍眼雌雄。,[]
Q16_120_635,右邊又起一嶺，云龍鼻，下則山石層層劈開，為二半，在上斜而聳，下一半落於江，如。,[]
Q16_120_636,龍之頷含沙吸水，頷下有腳石潛江，凹凸裡迤而來，對岸有火珠一峰，相传羣龍爭珠，一云龍吐珠，一云龍戲珠。,[]
Q16_120_637,X未知孰是。,[]
Q16_120_638,有渡曰龍頷渡，乃清寧二省下游往來之路。,[]
Q16_120_639,辰而樵影江心，漁聲山嶺，扁舟月夜出汲於煙波間。,[]
Q16_120_640,高熊徵安南志略：山高且秀，臨定明江，登高遠望，天水一色，真佳景也。,[]
Q16_120_641,明志安南名山二十一，其一曰龍岱。,[]
Q16_120_642,鴻武年間列為名山，命官致祭，圖其形以歸黎聖尊憲尊，登覽俱有詩。,[]
Q16_120_643,詩云：“翠微有地可徘徊，望遠登高宇宙恢。,[]
Q16_120_644,”卻訝告成封玉檢，殊非失路。,[]
Q16_120_645,八天台閑雲滿地無人掃，虚室凌霄鎮日開，窈窕澗窮林藪外，特邀黃屋翠花來。,[]
Q16_120_646,“又云凌空石室湛虛明，深貯雄風萬斛情。,[]
Q16_120_647,”野樹逢春多作態，山光滿徑不能名。,[]
Q16_120_648,河流激沛朝神海，地鎭盤根壯上京，剩得洞天閑日月，竦看上局說長生。,[]
Q16_120_649,又有句云：“萬古關河存禹跡，一天花水仁春雕金僊宮闕，無塵到水國乾坤八坐遙。,[]
Q16_120_650,”今石刻猶存，成泰十一年協辦大學士香池王維楨督於清建方亭於山側，名曰罔珠亭。,[]
Q16_120_651,嘗與僚屬登賞賦詩，同城泉使三甲同進士五峰尊室冷詩有云：“碧洞雲隨僊鶴到，丹崖松伴老龍吟。,[]
Q16_120_652,”寧平督學二甲進士梅山一阮尚賢詩云：“千古驪珠猶福地，十年”鴻雪此名山，江湖心事秋雲外，天壤聲施片石間。,[]
Q16_120_653,河一南督學二甲進士香巖阮曰rvine，詩云：「龍光名尚留鴻德，筆塔碑當對阮公。,[]
Q16_120_654,僊氣有辰棲麓鶴，神光終古抱江虹。,[]
Q16_120_655,」餘題詠不可勝紀，今築火車路架鐵橋於此，往其在東山縣南，一來如緇成一都會云鹿鹿山密山社，怪石明民市市市房務業局堂局後後同房號園尺，高可容人。,[]
Q16_120_656,石乳下乘如靈，眉如橫扁洞中一廣十二三尺，有臥石一片，兩邊低中微穹。,[]
Q16_120_657,每春末雨水後，洞中有水清漣可掬，俗呼為牢浴，亦名牢浴谷。,[]
Q16_120_658,左有一山亦云麒麟，旁有古寺曰大碑寺。,[]
Q16_120_659,辯汴上有一谷可容二三人，俗呼燈谷，相传古人讀書處。,[]
Q16_120_660,山之北有一石似人形，南面拱立，名玉女峰，或云麟尾。,[]
Q16_120_661,隔江又有一石名金童峰，與玉女峰相對。,[]
Q16_120_662,其麒巖二山之中有黎英尊明妃衍瑞陵，,[]
Q16_120_663,或以為市房迎有務司至黎末出帝北奔清國，,[]
Q16_120_664,玉欣公主南歸西山，,[]
Q16_120_665,果驗云黎聖尊辰南巡，,[]
Q16_120_666,有國音詩勒於石，,[]
Q16_120_667,今X省城以麒麟二山左右為前案，,[]
Q16_120_668,或云右為麒，,[]
Q16_120_669,左為麟，,[]
Q16_120_670,二山相逼如雌雄相鬬之走，,[]
Q16_120_671,在東壯故城之前門常閉不開，,[]
Q16_120_672,云安獲山山縣西南安獲社，,[]
Q16_120_673,山體高而純，,[]
Q16_120_674,石色白而潤，,[]
Q16_120_675,聲響而清，,[]
Q16_120_676,可供球磬碑志諸器用。,[]
Q16_120_677,明廣輿志云。,[]
Q16_120_678,晉三十二二大南一統志卷十六，清化省上。,[]
Q16_120_679,豫州太守寗嘗遣吏於此採石，星虞在安為磬，即此。,[]
Q16_120_680,今其邑有拔石戶，景漢獲社房務創適司登創山，有小洞為馨山古寺。,[]
Q16_120_681,其左嶺山石採取殆盡，惟留一石柱，高一百尺。,[]
Q16_120_682,稍遠五六十步，有一石谷，深百餘丈。,[]
Q16_120_683,古有雲：「刀斧若非人迹到」。,[]
Q16_120_684,「一爐銅誰辦化工」？,[]
Q16_120_685,玄成泰七年，督部荷亭阮述題於石柱曰：「在東川縣西赤輅社同德傑然中峙村」，從農貢縣北跨江來，山勢峻峭，連絡披開，左龍右虎，整整齊齊。,[]
Q16_120_686,前有土山如蛾眉形，山下正中有自然井，深不知底。,[]
Q16_120_687,井之左有穿山竅，為水谷可通農貢。,[]
Q16_120_688,山分右有洞，高可容人，廣五六尺。,[]
Q16_120_689,井前有陵陵左有天德寺，寺旁有碑，日久磨滅不可辦，僅見景治二字而已。,[]
Q16_120_690,山之下有黎隻故城蹟及人群下古百不一有。,[]
Q16_120_691,二峰其石堅剛，鑿之其色潤白。,[]
Q16_120_692,山下有韶公祠，辦下人稔靈應。,[]
Q16_120_693,山石雖美，人莫敢採。,[]
Q16_120_694,相传黎朝有登郡公者，撥民取石為生祠於玉盃社，若有山靈守之，終在莫能濟。,[]
Q16_120_695,今其石多棄之田間云。,[]
Q16_120_696,盤同山，瑞原縣南大慶社，梁江水口左半嶺過峽，為鵬程山，右半嶺鎮岸石屹河湄，波鑽巖腳，峰頭壁峭，去地丈零有方石可容人坐。,[]
Q16_120_697,黎憲尊遊此，稱爲林泉穩棲，有句。,[]
Q16_120_698,雲舉步高峰，看日浴横舟中沚，聽猿啼黎未河內進士吳辰仕泉於清刻盤阿山三大字以表之。,[]
Q16_120_699,又於山腰對江處有石壁可容盤膝以觀水，因名為居士觀瀾巢，有十詠：,[]
Q16_120_700,一慶鵬列障，二梁馬雙帆，三石象浴河，四嶺龜戲水，五古渡旗亭，六遠岑煙樹，七孤村茅舍，八隔岸禪林，九山下漁磯，十江中牧浦。,[]
Q16_120_701,有銘刻石云：“清華王氣佳哉，鬱葱錦山秀水蔚蒼所鍾。,[]
Q16_120_702,”馬梁之間盤阿更好，巖腰石隙又小又巧，匪架而高，天然一巢，萬象吾前無點盡。,[]
Q16_120_703,勞芳草浮洲，夕陽古渡，孤村遠岑，隱約煙雨，峭壁嶺吭名流迴環，濤翻斷石，潮漲危灘，商帆上下，漁舟往還。,[]
Q16_120_704,居士乘閒辰觀其瀾，自有天地，便有山水，尋幽覽勝，奚獨居士？,[]
Q16_120_705,居士為誰，姓名於碑其三，在瑞原程社右，倚盤阿前，瞰梁江，江心有石硯一片聳立，俗稱石象浴河。,[]
Q16_120_706,云山腳有寺，詳御黎鄭森有詩云：“一條石竄通幽徑，九品金臺倚峭屏”。,[]
Q16_120_707,邨市人歸初月上，溪難客渡晚潮生。,[]
Q16_120_708,藍在瑞原縣西，藍山社一名油山，從西北渡山梁江來，石峰起伏落下平地，突起土山，山下遺址，黎太祖故宅也。,[]
Q16_120_709,按黎史，太祖三世祖諱誨俄樂縣人，嘗遊藍山，見羣鳥翔集，如眾人聚會之。,[]
Q16_120_710,状曰 此必佳處也 因徙居焉 兴王後 乃以其地為藍京 去此四五里 有一土埠 名佛皇 是黎祖墓 年聖尊幸藍山 翰林校理楊直源 賡詩有云 蓝山咫尺 天南望 万古巍巍 ,[]
Q16_120_711,创业功 圣尊批云 此句有长远气象 又按 清化旧志云 清化上游诸山 分为四支 蓝山 那山 为右边 二友 梁 醇二江 从上游发源 经蓝山 那山 而下 通于会潮瑜 川,[]
Q16_120_712,诸海口 沛 庄 山 榜山 为左边 二友 马陀二江 从上游发源 经沛庄 山榜山 而下 通于会潮漪碧 三墓 在瑞原县西南 夹蓝山 察录 黎史 黎太祖 戊戌三年 初为,[]
Q16_120_713, 明军袭击 与诸将士潜栖此山 在雷阳县西 山 社 山 不甚高 秀丽 可司皮爱乃 黎太祖 所生之乡 今有庙在焉 金 彭山 在 安定县西 多泥 社 一名 可牢山 三,[]
Q16_120_714,峰耸起 高低连络 如三星 然 故又名三台山 山左有祠庙 注 峰腰有清源寺 上有朝天馆 俯瞰马江 遗迹犹存 祠后有古渡 商贾辐集 古人谓三台山有十景云 春山僊洞 ,[]
Q16_120_715,�嶷岭 云岩 古庙楼台 梵林 钟鼓 山麓 月池 村前 古渡横江 牧浦 隔岸渔舟 上下 商帆晓夕 村市亦爱州一都会处 祠中 有铜鼓 故以名山 军多在安定县东 官安,[]
Q16_120_716,突起 土山 戴石巉巖 耸峭 马江 抱其后 虽江绕其前 为一县之镇 山之系 在永禄县一昔姜状元公辅之家山也。,[]
Q16_120_717,安孙山，在西安孙社，自锦水县辖沿江来，突起石峰页，在永禄芳街社。,[]
Q16_120_718,自安孙经寿屯，富山诸山来拔起二峰。,[]
Q16_120_719,陈朝上将将军陈渴真之家山也。,[]
Q16_120_720,接《史记》陈渴真谋诛季声事泄，临刑上顿山，在禄县西寿域社。,[]
Q16_120_721,自安孙山东南沿江渚径顿山而来，如群马戏场，故名。,[]
Q16_120_722,按《清一统志》，一名游英山，巍然独立，横枕长江。,[]
Q16_120_723,义台在戏马为邑人九月九日登高处者。,[]
Q16_120_724,台山山边高峰耸起，马江抱其东，葆江绕其北。,[]
Q16_120_725,登临四望，有如鸾凤翔天，牛马饮河之状。,[]
Q16_120_726,山上壶公洞，下有游英家寿在永禄县东北多笔社寺。,[]
Q16_120_727,寺注三：有一从石城县一条山来，突起高峰，东可观沧溟，西可观马葆二江南北可望清宁二省。,[]
Q16_120_728,登临远眺，四顾豁然，乃一省之望山也。,[]
Q16_120_729,山出龙骨员，在永禄县东槊土人多掘取用药。,[]
Q16_120_730,左合山，在社自蒙衢山来，多产人参，参报俗呼山脚氏。,[]
Q16_120_731,在永禄县东本之西有井水涌如沸汤始社，,[]
Q16_120_732,自雄岭山来突起土山，,[]
Q16_120_733,前有一圆石似狮子戏珠状，,[]
Q16_120_734,有二十八宿诸星峰罗列于其左，,[]
Q16_120_735,中有降悉至壁立，,[]
Q16_120_736,上刻清知田智清智田知子堂市堂司院局金司降矣起平田穹隆似室房开一门，,[]
Q16_120_737,相集旦人八国工役繁重黄舍社人隐避于此。,[]
Q16_120_738,明人貞之故，火盡燒至今，遞年八月十五日，金山邑人具金銀酒饌奠之。,[]
Q16_120_739,此峰亦出龍骨，在永祿縣東南玉山社山。,[]
Q16_120_740,言雄嶺山，沿馬江而下，突起二十餘力山。,[]
Q16_120_741,一遠望之，或為傘，為樓臺，為旌旗，為象馬，為錦篆，為畫屏，晴陰異彩，曉暮殊色。,[]
Q16_120_742,中有二峯，務市行心前司心，務經行行峰，為枚山，多產細竹。,[]
Q16_120_743,腰閒開一蓮池，廣數畝，川清化省上大南一統志卷十六。,[]
Q16_120_744,東一峰為谷山，山腳開一巨竇，兩邊各有深水穿洞，中可行舟。,[]
Q16_120_745,即此竇上，又開一洞名金潭，舟行可通前後。,[]
Q16_120_746,按廣輿志，芃山下有巖漏，詳下文。,[]
Q16_120_747,洞又有一竇，直通屏山，有確亥馬一製自何代，今存軍山三大字，不知金甌山社山岡蟠遶，直聳在永祿縣東金圖雲霄下有清泉，四時不涸，初名翁樓巖山。,[]
Q16_120_748,右山又名大吏山，胡漢蒼始改今名。,[]
Q16_120_749,才錄縣東表校社從太堂山來，山之西北萬頃深田，一望無際。,[]
Q16_120_750,山上有一石洞，洞有寺，寺旁書金自太堂山來。,[]
Q16_120_751,南臨馬江，嶺上開一石洞，廣多相間，如五架然，洞口軒豁宛成伽藍一座，設黃金色相，蓮花十數。,[]
Q16_120_752,在永祿縣東午座，景致清幽，亦是佳勝。,[]
Q16_120_753,下山舍社平地卓起一峰，尖秀可愛山。,[]
Q16_120_754,山在石城縣東北鋪下有靈稱寺，化縣界山下有三岐路，西南可。,[]
Q16_120_755,達良政東下宋山，北通寧平，是上游險要處。,[]
Q16_120_756,舊有屯守，谷山在廣濟縣北富塢社。,[]
Q16_120_757,山從寧平、樂安縣來，高數百丈。,[]
Q16_120_758,山下有溪匯為蓮池。,[]
Q16_120_759,山貴有寺，寺有石門，側身方可入。,[]
Q16_120_760,八祠前有天然三務務府市房局務民，市創堂司居司。,[]
Q16_120_761,景致少在錦水縣南關憑社，一名牢山，狀可挹爻如獅子，前臨馬江，下遶九迴灘，為有洞，中有古寺。,[]
Q16_120_762,辯秀社形如馬骨，三五成羣，石磴磷確，林樹森會，在錦水縣西北。,[]
Q16_120_763,鬱中有古廟，祀獨腳神貝家社山有洞，洞有數石像，其形古樸，不知始於何代。,[]
Q16_120_764,景致清幽，洞中有一石乳，下乘撞之聲如巨鐘。,[]
Q16_120_765,洞左右各有一竅，屈曲二十七八丈，異石垂乳，或如覆鐘，或如錦鱗，斜望之玲瓏如金湘狀。,[]
Q16_120_766,右壁有碑記，紀年盛德二年奪左壁一碑，古字苔漫不可辦。,[]
Q16_120_767,嗣德年間弘化舉人黎有光遊於此，反覆吟用山沈二韻：「路蟠通寂境深，洞八深山勝景翹眸豁。,[]
Q16_120_768,尋芳喜步寬坐禪，端立石吟客間鳴湍玉湧清泉冷，金流乳窟寒碧溪。,[]
Q16_120_769,」松點翠陰徑竹生班岸北飄風，晩岑西落影殘，樹高標鶴老林遠龍月在曳雲還。,[]
Q16_120_770,往事隨流水沉沈，月院閒月指玉三尖秀望之川，蛾眉然如囊然，故名蛾眉山，又名囊山。,[]
Q16_120_771,本朝弘國陶維慈築室讀書其上。,[]
Q16_120_772,作龍竹林崩，在五岡曲以見志。,[]
Q16_120_773,後人因名焉。,[]
Q16_120_774,原正水與農貢接界，自那山來，羣峰羅列，突起二函理理理行務運測四次。,[]
Q16_120_775,土人呼為「涸海」，水清且浏深，不知底。,[]
Q16_120_776,業有務業務務，氣學有衛，業務行有務學學衛業，氣學創公國公陶維慈讀書龍岡，愛其清幽，移築室於嶺上，講讀。,[]
Q16_120_777,後以優人子不得預注發慎達海逼近，相傳昔水神與山神會誓於此，畫石為識，約以遞年，海水永無漲溢。,[]
Q16_120_778,至海方地大南一統志卷十六，至今石跡猶存之在玉山縣西蓮舍社。,[]
Q16_120_779,相清化省上以言顏名焉侯口傳。,[]
Q16_120_780,山下有圓石突出洪丁（卷日）黎末賤，為昔有外國商船至此，夜見財務氣與務與務局堂有員務與實務與司光杉日飛鳥出自低山，飛至海外眉二樂曰復還，因名之曰鳩玉。,[]
Q16_120_781,黎光順年間聖尊征占城至此，夜見鳩玉飛出，乃立壇祈謂，命匠珍之。,[]
Q16_120_782,其石堅硬，刀斧不能八以火焚之，隱然有聲，以為山川靈氣鍾結于此，始改名曰玉山。,[]
Q16_120_783,在玉山縣西北安泰社，山巒簷亙有庵閣，山巒九巔最高峻，多產斑竹，人多廂茶。,[]
Q16_120_784,在玉山縣東南雲輦社，其享百山在土山脈系行王字，舊名王山，東南厚石社山南北各有祠止處，有石洞，洞有寺，西南有驛路，山多象獸，行者戒。,[]
Q16_120_785,心俗名溪，在玉山縣西石內社，三面腰彎如螻之山，坐椅然，東臨安江，江磧有石蹲伏如蟾蜍狀，湧出涸海，俗呼波泮。,[]
Q16_120_786,廣粟峯在玉三畝餘，深不知底，此處舊多產鐵，山縣南瑜川社從安和同倫二社一條山龍峯在過江落下，南臨畔汛，舊黎有燕巢。,[]
Q16_120_787,稅山瑜川外，众水迴環，山勢彎抱如蒼龍之過海，山上有四位祠，古木陰森，咸風駘蕩，亦夏天景。,[]
Q16_120_788,沙山言巖山下有澳名玉澳，有石數片，一在山隈如人赴水形，俗號北人拜賀石，一在水際如兩人登山形，號夫婦相負石，又有一石如臥豬形，號六分豬子石。,[]
Q16_120_789,山之北有神祠，南有佛寺，西有媚娘公主祠，祠下有產玉潭，西南有浴玉井，舊黎有採玉場在此，其玉必須洗此井水方得光潤。,[]
Q16_120_790,山腰平坦有民居曰沐山坊，凡船艘浮海者必傍壽自沐山，依此以避風濤。,[]
Q16_120_791,舊有屯守本山島來屹立海中，八角對峙，宛然一榜，其旁羣峰羅列，酷似人形，有如負笈者，有如挾書者，有如燈檠者，土人名為學徒聚講處。,[]
Q16_120_792,此與汴山皆此海之鎮山也。,[]
Q16_120_793,明史鴻武元年列安南名山二十一，此其一也。,[]
Q16_120_794,三年命官致祭，圖其形三以歸今，清國稱爲十八碼，即此山也。,[]
Q16_120_795,E王廣昌縣西不羣社，田原突起石峰山象山。,[]
Q16_120_796,小而高，色秀而奇，形如伏象。,[]
Q16_120_797,黎、米、元、鄭，深裡里受發，有堂發建果業行務行司務前行行務司，水西南少田，東南一號象頭，東北道號鼈頸均有力士靈蕉祠。,[]
Q16_120_798,今駐省法使築乘京墅於山側，登覽之間，海氣石峽山百飄然，清風滿袖，亦一海天勝景。,[]
Q16_120_799,易中有官路，,[]
Q16_120_800,路名砂轍自行，,[]
Q16_120_801,有司信上運公育委育務業堂局司務司財全司，,[]
Q16_120_802,四水合襟為本省之右友，,[]
Q16_120_803,風水家所謂龍七一片虎七片，,[]
Q16_120_804,即此中有一嶺最峻絕，,[]
Q16_120_805,上有古寺貴有洞幽而深修而阻。,[]
Q16_120_806,陳朝大南一統志卷十六次曰：「那之山有石巑吭，樹蒼蒼，煙漠漠，水潺有相隱。,[]
Q16_120_807,」老眉先生尋朝兮吾去，暮兮吾還，有衣兮製芰有偏兮三也。,[]
Q16_120_808,朝市仁他車馬緇塵不到此，江山四書未朗，弓劍古丘，晉代衣冠王謝風流，蕭曹事美算主古來今卿相，石篆苔漫爭如我本豆一覺，紅日三竿漢蒼曰此乃賢而隱者也。,[]
Q16_120_809,命十財一姜寺臣尾八洞中見石壁間題歌二艮一曰民一曰受其屢以甘言招之，,[]
Q16_120_810,樵者不肯出，,[]
Q16_120_811,曰是虔不以東都諫議易桐賴之，,[]
Q16_120_812,煙波姜伯印崔不以天子書圖沈彭城之山水，,[]
Q16_120_813,後漢蒼命再往，,[]
Q16_120_814,欲以安車彊致之，,[]
Q16_120_815,至則苔漫洞口荊刺彌山，,[]
Q16_120_816,巳斷來辰歸路矣，,[]
Q16_120_817,但見石壁間題詩兩句雲奇羅海口。,[]
Q16_120_818,吟塊斷高望山頭，客思愁兮。,[]
Q16_120_819,花縣蒼子，被擒在此羅遊與高望川，均在奇漢蒼大命赭其山。,[]
Q16_120_820,只見玄鶴騰空，娑娑而舞。,[]
Q16_120_821,今山賓一頃平坦，二十餘畝，顏基在焉，茅茨生焉。,[]
Q16_120_822,東望則大海汪洋，西望則羣峰笏立，上下山徑崎嶇盤曲。,[]
Q16_120_823,房務務員務員務務商房店園，水淺而清，味甘可飲。,[]
Q16_120_824,青口巖葛村，下臨小河，西有務務務局明民司衛品適行司。,[]
Q16_120_825,天然之險下有故壘舞，下州西山石皆白，樹木蒼翠。,[]
Q16_120_826,山下有小江，中有嵩崗，中有祠，嘗有黑白二犀牛，再光如炬，又有羚羊學民務衛路動堂即務運登學務，土人莫敢獵取。,[]
Q16_120_827,票訾日峭，為一州之鎮。,[]
Q16_120_828,山黎太祖起義，嘗駐軍于此，今有遺廟風孤在焉。,[]
Q16_120_829,山多產桂瓢箭山，亦在州內。,[]
Q16_120_830,月川一在常春州，俗名瓢遷南有瓢祿山，西有坊山接葵州府，桂峰縣界皆此山之別名，乃一州之鎮山也。,[]
Q16_120_831,西遼山瓢月山，,[]
Q16_120_832,在呈周縣，,[]
Q16_120_833,白瓢巽山，,[]
Q16_120_834,瓢門山皆在州丙卜興化救州，,[]
Q16_120_835,來重巒疊嶂突起嶺爭在呈固岑柳二縣最高聳，,[]
Q16_120_836,俗名瓢公木界山勢連絡最高大，,[]
Q16_120_837,為二筆在巒維縣，,[]
Q16_120_838,自柳奇本迤運丁縣之鎮筆口而來，,[]
Q16_120_839,突起一峰，,[]
Q16_120_840,形如卓筆金，,[]
Q16_120_841,在岑柳縣長可十餘里，,[]
Q16_120_842,山在岑挪縣，,[]
Q16_120_843,山勢X山勢巖峻，,[]
Q16_120_844,望之如釘絡繹二十餘里，,[]
Q16_120_845,高可百。,[]
Q16_120_846,餘丈馬二，在永祿縣西，一名漆馬江，望如酒盞。,[]
Q16_120_847,之一名澧匯，自雲南九龍江發源，經哀牢八興化校州，與寧邊州通於呈固關，化錦水等縣州左右溪壑眾冰皆歸之。,[]
Q16_120_848,江之從寧平來者八焉，又至軍安山之東而玉雖江之從良政來者八焉，又至瑞原縣之靑陽渡而梁江入焉。,[]
Q16_120_849,由此合流而東，過龍頷火珠二山間，直至省水軍屯而新浚之壽江，又八焉。,[]
Q16_120_850,然後東放達於會潮海口。,[]
Q16_120_851,明命十七年取其形勒於英鼎，嗣德三年列八大川載在祀典。,[]
Q16_120_852,按通志云：「江在清化州上，自老撾來，下通永寧縣」。,[]
Q16_120_853,細江細江即今葆江潺江乃馬江也。,[]
Q16_120_854,至如所稱醴江、定明江、月常江、會潮江，皆此江之別名。,[]
Q16_120_855,陳史明沐晟軍於古靈縣會潮海口，重光帝立沐晟遣黃羅來訪帝，令人大接於清化弩江。,[]
Q16_120_856,又鄧景異與明將張輔大戰於九眞月常江。,[]
Q16_120_857,按弩江即月常江，今在弘化縣，月圓工在雷陽瑞原二縣界，其源有市務司務務局司司務司務務衛行司春達江來至藍山，匯為西湖，東流經百餘里，至鵬程山與馬江合八於潮海。,[]
Q16_120_858,其所稱藍江、府江、魯江皆天在宋山縣源，從寧平省奉此江之別名，化縣石盤溪轉八石城縣注下宋山縣莊諸山旁南過光朗社會水橋。,[]
Q16_120_859,東流至青旦關，分二友。,[]
Q16_120_860,一友由峩港南流至峩山闕，與峩江合注於白駒海口。,[]
Q16_120_861,一友東流達於正大江，與寧平之貞江、乾江水合，達於海義，在峩山縣源從馬江至苑渡，分流經之永祿、美化二縣，兩岸皆山。,[]
Q16_120_862,過大甲渡，有炤白灣入焉。,[]
Q16_120_863,轉而東流，左峩山，右厚祿，縈紆山岸，注於白駒海口。,[]
Q16_120_864,其大吏江、,[]
Q16_120_865,具江、,[]
Q16_120_866,制江皆此江召自工在宋峩二縣界，,[]
Q16_120_867,源從肇祥川來，,[]
Q16_120_868,橫過宋江，,[]
Q16_120_869,縈紆灣迴於二縣官路，,[]
Q16_120_870,問至平林社，,[]
Q16_120_871,與峩江合注於白駒海口，,[]
Q16_120_872,乃肇祥右友之秀虞，,[]
Q16_120_873,工在弘化、,[]
Q16_120_874,美化、,[]
Q16_120_875,厚祿三縣界，,[]
Q16_120_876,一名務員務員務務務務務關。,[]
Q16_120_877,分流經弘美，轉厚祿，有茶溪名之水八焉，注於漪碧海口。,[]
Q16_120_878,其所稱滿江、葛江、筆江、碧江，皆此江之別名。,[]
Q16_120_879,黎史天祐中矣，在石城二金市務市房局局務房務院局堂市司創質祿三縣，一名沛江，源從寧平省來，經石廣紫，迴至永祿縣福祥社，流八馬江。,[]
Q16_120_880,其江不廣而深，,[]
Q16_120_881,有至百五十六尺者，,[]
Q16_120_882,水常凝靜，,[]
Q16_120_883,非雨潦不流，,[]
Q16_120_884,多瘴毒，,[]
Q16_120_885,昔人嘗於入馬江處以兩岸之水秤之，,[]
Q16_120_886,其自馬江來者輕，,[]
Q16_120_887,自葆江來者重，,[]
Q16_120_888,故舟行此江者必汲南岸江之馬水以隨，,[]
Q16_120_889,欲避其瘴玉追在瑞原安定二縣，,[]
Q16_120_890,源自良政也。,[]
Q16_120_891,馬江其水靜，多瘴謬雲玉璉之玉日，工在玉水狗涉斷尾。,[]
Q16_120_892,言其毒之甚也。,[]
Q16_120_893,山廣昌二縣，其源有四：曰黃江、珠江、墨江、-clock-江，自雷陽農貢玉山三縣來合注于禾場津，東流于玉山廣昌二縣間，過玉甲渡注于瀚汛海口。,[]
Q16_120_894,紹治二年，北巡御製詩：「沙洲培曲岸，海口帖波聲極目雖無際，閒心冷穩舲，一篙春水長千里，客逢迎不待東風」。,[]
Q16_120_895,是力高登古渡汀，勒責工在農貢東山二縣。,[]
Q16_120_896,自石建亭于江岸，雷陽縣南過來朝總經都舍同舍等總夾東山未亡，在農貢縣自带與衛務路務：,[]
Q16_120_897,務：,[]
Q16_120_898,高舍文合等總在農貢縣，自朗陵經羅X注于三江三岐豈之撥至樂善總注于文初三童上在農貢玉山二縣。,[]
Q16_120_899,自農貢樂善總經岐金之玉山文場總轉北下注于禾場三岐江壽二在東山廣昌二縣。,[]
Q16_120_900,梁馬二江水自省言之水軍屯南轉經東山之布德總至布衛橋之馬煖江縈轉南流八于千齡三岐，,[]
Q16_120_901,又自三峻紫迴屈曲于玉山縣中，,[]
Q16_120_902,至冷水溪達學局民市房市房衛育司育務民房務房行瑀縣界之注下至密山與壽江合，,[]
Q16_120_903,又轉而南注在常春州。,[]
Q16_120_904,自州轄西至州于玉甲江江轄東夾雷陽縣入于梁江音乙，在良政州自州轄西至州轄東夾瑞原縣入于梁江停金山進在永祿縣，兩岸皆山，下至巨石隱見金漢水中灘。,[]
Q16_120_905,水奔湍約半里許，舟楫往來最難為力。,[]
Q16_120_906,黎順平間莫兵，由大吏江過金山，至翁龔津，鄭檢拒之，密令以石塡灘，使水涸，乃引兵象過河，截乙司。,[]
Q16_120_907,隹在錦水縣妙山，擊大破之。,[]
Q16_120_908,卽此迎漢洞景致清幽，,[]
Q16_120_909,刀志在弘化縣橫截其在美，,[]
Q16_120_910,化縣自茶山房務與衛市業務管路局房務—務中至厚祿河上易巷，,[]
Q16_120_911,在厚祿縣橫截縣轄辰於漢江士過大江達於弘七義一巷，,[]
Q16_120_912,在峴山縣北自宋江橫截之，,[]
Q16_120_913,在玉自聚將轉至我江注子白駒汎無港源，,[]
Q16_120_914,從安裁山溪東下至有賴社，,[]
Q16_120_915,為三岐涇注於衅汛。,[]
Q16_120_916,古蹟胡城在永祿縣安孫社，一曰西街城。,[]
Q16_120_917,陳順帝辰胡季從謀篡，欲逼使遷都，乃遣人入此築城鑿池立廟社開街巷，號曰西都。,[]
Q16_120_918,成方尺朱皆門，東西北三門，獲一石門下者勿少大，南一統志卷十六青石城門街衢皆寶文石，故有花街之號。,[]
Q16_120_919,城清化省上四十五外有濠，,[]
Q16_120_920,左右有石山，,[]
Q16_120_921,前臨馬江葆江抱其後夕，,[]
Q16_120_922,又築土為羅城左自占汴總經秉筆古牒房務與務房路局房務—務務務務務務務—司朔沿馬江而東，,[]
Q16_120_923,直至安孫山，,[]
Q16_120_924,延袤數萬丈。,[]
Q16_120_925,今星顏北墾為田，按陳光泰十年正月大輿二役辰有貢生號平姜者董其役，屢以爲言季聲大怒，命將貢生入這城缺處壓築之其。,[]
Q16_120_926,妻恆之常 日 至 此 ， 以 頭 觸 石 ， 輕 手 沐 石 ， 痛 哭 。,[]
Q16_120_927,背 肖 之 ， 莫 不 感 慕 。,[]
Q16_120_928,車 尘 馬 迹 綴 织 而 来 。,[]
Q16_120_929,本 朝 嗣 德 年 间 ， 美 化 督 学 汝 伯 仕 ， 有 語 曰 ：,[]
Q16_120_930,康 已 捐 雛 ， 触 石 岡 ， 从 夫 誓 指 ， 顿 山 阳 ， 死 而 未 死 心 ， 吕 石 生 不 虛 。,[]
Q16_120_931,生 节 傲 霜 。,[]
Q16_120_932,又 曰 ： 赤 声 君 王 知 也 ， 无 头 濁 触 石 ， 誓 从 夫 ， 纵 然 地 老 天 慌 。,[]
Q16_120_933,后 石 蹇 年 年 ， 只 怨 胡 父 安 。,[]
Q16_120_934,进 士 阮 春 温 語 曰 ： 何 物 閒 房 一 女 流 ， 刚 肠 凜 凛 日 霜 秋 。,[]
Q16_120_935,胡 人 巳 忍 欺 ， 孤 子 姜 氏 何 容 负 夫 丈 ？,[]
Q16_120_936,月 照 颜 城 ， 高 节 白雪 侵顽 石 ， 泪痕 留陈 家两 百年 ， 天下 谁 是 人家 的好 逑 ？,[]
Q16_120_937,又 胡 城 怀 古 曰 ： 奇罗 口 北 兵来 ， 七里 城门 锁不开 ， 烈女 宽仇 埋石 垒 ， 忠臣 怨恨 築花 街 。,[]
Q16_120_938,一犁 春雨 膏木 麦 ， 三径 秋风 赋草莱 。,[]
Q16_120_939,早识 民岩 真可畏 ， 当年 莫 上 白鸡台 。,[]
Q16_120_940,同庆 年问邑人 ， 有乡 豪者 憚 其烈冊教授胡得預，詩雲：「役書如火築民愁，君以身當妾以頭寬。,[]
Q16_120_941,」恨更深，精衛石悲聲增怛。,[]
Q16_120_942,澤門謳未應，山海成虚誓，重為江河障倒流。,[]
Q16_120_943,存沒不關興廢局，凜然正氣口碑留。,[]
Q16_120_944,又按是城與今廣化府治務後務司務務經有務學動務堂定後務務司。,[]
Q16_120_945,嗣以地瘴不果遷，或者閏胡築怨故，其寬氣鬱結久而月在永祿縣金甌社中村。,[]
Q16_120_946,胡秀未散歟？,[]
Q16_120_947,古聲作離宮於此，左有鬥雞樓相對，又於宮側創肇功寺，今只存柱石三兩片，砌石井三處竝城遺跡而已。,[]
Q16_120_948,城之西又有乘涼台，花石壁列雕刻龜龍花藻之形山設竹濯，山腰溪水注之清冽可愛，花石今十存其一。,[]
Q16_120_949,按史記季犲創葆清宮於大吏山之西南，逼陳順尊居之，即此故舊郊壇在永祿縣高密社頓山南嶺上，漢蒼所建下有浴井列石為盤遺跡今存。,[]
Q16_120_950,黍藍京在瑞原縣廣施社藍山之東南，,[]
Q16_120_951,臨梁江北枕重山，,[]
Q16_120_952,乃黎太祖興王之地，,[]
Q16_120_953,順天初名曰藍京，,[]
Q16_120_954,建立宮殿，,[]
Q16_120_955,殿之後有金牛湖，,[]
Q16_120_956,眾水合注外有大江環繞，,[]
Q16_120_957,山上多產小石圓潤可愛，,[]
Q16_120_958,又有小溪流過面前環抱如彎弓狀，,[]
Q16_120_959,因架瓦橋於溪上，,[]
Q16_120_960,由橋至殿四顧望之山溪左右予回環。,[]
Q16_120_961,景興年間江水衝激，吳辰仕率民修筑，黎亡後頽圮殆盡，遺址今存聚安場。,[]
Q16_120_962,府在瑞原縣安場社，黎中興初行，在廣七八畝。,[]
Q16_120_963,舊有宮府城池，今已成田，惟基址舊跡與城並一湖尚在。,[]
Q16_120_964,按黎史，元和十四年，莊尊立行一殿於萬賴，冊至中尊順平五年，以藍京逼狹而安場形勢壞，塗移立行殿居之。,[]
Q16_120_965,二十年後，莫氏侵掠，黎帝復移居萬賴，而府庫仍在安場，以此地為根本者，乘六十年及還昇龍城，安場宮府仍存，又二十餘年，鄭氏因之營建之。,[]
Q16_120_966,在農宮室府庫，至僞西燬破殆盡。,[]
Q16_120_967,黎隻故坊貢縣，珠綏社黃山坡近臨小江，又跨其江為東山縣，赤輅社之嶢山洞，此兩處皆故城也。,[]
Q16_120_968,左右連山為城山，缺處築土為壘，其中平地數百畝，有石碑歲久磨滅不可辦，今遺跡尚存。,[]
Q16_120_969,相传陳末黎隻拒明義國，文宅在宋山縣，心軍于此為藍人之古，曰歸社。,[]
Q16_120_970,黎朝貴鄉嘉苗外庄功封義國公，鴻順二年移宅于此，帝幸其第，賜詩勒甫書文，裡在石城縣鋪葛社，安老山碑今存。,[]
Q16_120_971,金直古畫坡北接寧平奉化縣，山林杳遠，山下有三岐路，西北達良政，北通寧平，東八宋山舊有壘，高六尺，丙廣六七畝，不知築自何代。,[]
Q16_120_972,黎朝設驛于此，名葛驛，上道來往必由之。,[]
Q16_120_973,聖尊南征占城，常屯兵于此，或原爲驛後因爲屯歟？,[]
Q16_120_974,本朝明命十直求在東四年，改同冊。,[]
Q16_120_975,為社村而屯，廢焉。,[]
Q16_120_976,金城山縣楊舍社，前臨大江，自黎至僞西築城于此，本朝移于壽鶴社，今遺跡猶存。,[]
Q16_120_977,安道州，在峩山縣鐵甲社北接正大汛。,[]
Q16_120_978,按嶺南摭怪傳：雄王世有臣枚安暹，少爲王奴，及長委以職事，又賜一妾，漸成富貴。,[]
Q16_120_979,常言曰：“富貴是前身物。,[]
Q16_120_980,”“富貴無往不富貴”。,[]
Q16_120_981,王惡其驕，謫之海外。,[]
Q16_120_982,沙洲无人跡處，使其食盡必死。,[]
Q16_120_983,暹欣然而往，居數月，忽見白鳥從西方來，吐瓜核于沙洲中，萌甲發生，開花結實。,[]
Q16_120_984,暹食而甘之，喜曰：“此天所以養我也。,[]
Q16_120_985,”又以易粟米而食，核而植之，名曰西瓜。,[]
Q16_120_986,遠近聞者皆來貧易，又成巨富。,[]
Q16_120_987,王聞之，嘆曰：“彼謂前身之物，信然。,[]
Q16_120_988,”遂召還，復其職。,[]
Q16_120_989,名此段在永祿縣槊山蓬上二社洲曰安遲洲。,[]
Q16_120_990,魚清堪汴鄭氏發福地也。,[]
Q16_120_991,鄭检槊山人，與其毋居于汴，家貧，性至孝。,[]
Q16_120_992,嘗盜其鄰家雞米以供奉，鄰人惡之，適檢他出，乃縛其毋投于江之鮫淵。,[]
Q16_120_993,其夜風雨大作，乍雷電震蕩江水，漲溢，明日深淵處成一土丘。,[]
Q16_120_994,惟七月風水師過其地訣云，非帝非自蘿貢天下二百年餘，蕭墻起禍，後果然。,[]
Q16_120_995,銅船湖右安定縣未詳何所。,[]
Q16_120_996,清一統志：交州軍寧縣有同日月步舟，消去合浦四十里，陰雨日常見有同一船出水上，又有一牛出湖中，人鳥身金祭之，倍獲魚若不。,[]
Q16_120_997,設祭則牛糞而神符，一志云：「神頭有人形，魚有尾，無鮮」。,[]
Q16_120_998,或謂靑化多惡獸，流精化為此魚，此古有之，眞無之矣。,[]
Q16_120_999,江流自正大關而下，兩旁時跑或走，滂爲川水，一大觀。,[]
Q16_120_1000,昔雄王南征至海，一三軍從之，海爲無波，凱還後援卒王封爲壓一。,[]
Q16_120_1001,民務商，成局局仙三笑中湯，一蜜走青蛇，江流如非英雄，過今古無常，事變多。,[]
Q16_120_1002,四海已清，塵已靜，如今海際帖鯨波。,[]
Q16_120_1003,黎聖尊過海口，詩云：「穿雲躡徑，一一形衆，重駕征軺，作遠遊」。,[]
Q16_120_1004,地浚江沱通上，動天來砥，杜障横流，胡王枉載河石羅援輕州及黎末，海口沙培今成民居焉。,[]
Q16_120_1005,大一正一充志，,[]
Q16_120_1006,卷之十七，,[]
Q16_120_1007,清化省陵墓書縣筆祥山肇祖，,[]
Q16_120_1008,靖皇帝長原陵，,[]
Q16_120_1009,靖皇后合塋，,[]
Q16_120_1010,嘉隆五年，,[]
Q16_120_1011,上陵名明命三年，,[]
Q16_120_1012,手御製詩均勒碑，,[]
Q16_120_1013,建亭於會務學員身—務育學務，,[]
Q16_120_1014,務學務學，,[]
Q16_120_1015,學務務司務，,[]
Q16_120_1016,務司我而迅雷風雨，,[]
Q16_120_1017,人皆驚散，,[]
Q16_120_1018,及霽會集而蹤跡之山石連接，,[]
Q16_120_1019,草木青葱已無識認其匕玄宮所矣。,[]
Q16_120_1020,至今有事，但望山祭之。,[]
Q16_120_1021,青花大熊書均奉展謁，,[]
Q16_120_1022,遞年清明，,[]
Q16_120_1023,黎宣祖陵而分算行禮，,[]
Q16_120_1024,在梁江縣吟原召義同弗皇處，,[]
Q16_120_1025,平地突出一頃半，,[]
Q16_120_1026,高其形似印，,[]
Q16_120_1027,左有太室至靈山，,[]
Q16_120_1028,右有仙伴土阜以之也，,[]
Q16_120_1029,在如右，,[]
Q16_120_1030,水繞虎外山穿珠白衣神僧姓山爲案在英前，,[]
Q16_120_1031,有龍山。,[]
Q16_120_1032,水内有龍清，乃蚓月鄭字白，以此地告太祖，將先考墓十益，以四包黎太祖永葬之，立為小庵。,[]
Q16_120_1033,此易川士虔，在瑞原縣耶藍山黎太尊祐陵，黎聖尊召社有碑今存。,[]
Q16_120_1034,同王福陵，,[]
Q16_120_1035,黎憲尊裕陵，,[]
Q16_120_1036,黎肅尊敬陵，,[]
Q16_120_1037,黎嘉尊陵，,[]
Q16_120_1038,祿社黎純尊陵，,[]
Q16_120_1039,吳社在平，,[]
Q16_120_1040,黎懿尊陵，,[]
Q16_120_1041,在扶原社黎英尊翠花陵，,[]
Q16_120_1042,社有碑今存，,[]
Q16_120_1043,在東山縣同下，,[]
Q16_120_1044,同下綽舍黎敬尊花蠐陵，,[]
Q16_120_1045,黎眞尊花浦陵，,[]
Q16_120_1046,代在黎熙尊福臨陵，,[]
Q16_120_1047,林社在富，,[]
Q16_120_1048,黎衍福陵不詳位號，,[]
Q16_120_1049,在壽鶴社黎神尊陵，,[]
Q16_120_1050,同下不在雷陽縣羣隊社黎裕尊陵，,[]
Q16_120_1051,盤石黎玄尊陵，,[]
Q16_120_1052,社有祠，,[]
Q16_120_1053,在果銳上黎顯尊陵石社在盤，,[]
Q16_120_1054,黎召府帝陽石社秀壹行入戶下一浄舍和簡同貞月在貴縣肇祥城中正楹前，,[]
Q16_120_1055,楹各三間，,[]
Q16_120_1056,二原原廈正中間奉祀太祖嘉裕皇帝所出也，,[]
Q16_120_1057,左間奉祀肇祖靖皇帝，,[]
Q16_120_1058,乃太祖嘉裕皇帝均南何遞年五享及諸節禮並休，,[]
Q16_120_1059,右列廟例省官欽命行禮，,[]
Q16_120_1060,登國公廟在京原廟之嘉隆二年建之，,[]
Q16_120_1061,戶左正楹前相各三肇祖靖皇帝所出也，,[]
Q16_120_1062,南向左間配莅仁公西向，,[]
Q16_120_1063,遞年間正中間奉祀澄國公，,[]
Q16_120_1064,乃曰從原廟土夏亶在城西北東山列嘉隆三年建示元土縣同壽鶴社明命十五在城東南布衛社浄山川壇務務氣色務務有在城西南嗣月月在城南密。,[]
Q16_120_1065,山村祀境內德六年建會同庫諸神祇，原建在城西，後移成隍廟，在城東。,[]
Q16_120_1066,富穀村文朝在省城东北焉。,[]
Q16_120_1067,下紹治元年建周東山社龍領山之右，支同慶年間遷于大慶各三司，在文社後，以其地泥濘復移舊所，曰川廟之東可中。,[]
Q16_120_1068,府文廟在厚祿縣河蓮社，凡三座，每月座五間，均瓦。,[]
Q16_120_1069,益祠有先聖及四配畫像五幅，石像五座。,[]
Q16_120_1070,黎弘定甲寅年建祠，乙卯年塑像，每歲春秋二丁府紳致祭。,[]
Q16_120_1071,同慶年間府轄有事均被燒破，成泰年間府紳仍舊重修，惟畫像與石像已被燒毀，無復存者。,[]
Q16_120_1072,來山貴縣文廟在靑旦社秋隴村，凡三座，戶內二座各三間，外一座五間，均義山縣文月在茂林社文林村，二公瓦益見周座各五間，均瓦。,[]
Q16_120_1073,益見方三居座各五間，瓦丑房鼎文廟在密勿社密村，凡三座，內一座三間。,[]
Q16_120_1074,衛西市務局務房司山系文朔在甫里社，丙二座各五間，文廟在多祿社，二座三間。,[]
Q16_120_1075,山系之有在曹山社，各五間，均瓦。,[]
Q16_120_1076,三口鼎六庫內二座各座各三間，芼白鼎六庫座各五間，瓦農貢孫文廟在昆明村，二座辰眾系之月見二層各三間，瓦永而東交廟坐各三間，瓦蓋在先和社山村，二錦水縣文。,[]
Q16_120_1077,廟一座一間在外僊陵祀丙周，瓦卷。,[]
Q16_120_1078,一座三雷陽縣文廟，各三間瓦，在汴澤社。,[]
Q16_120_1079,四座趙越王主美七縣貞河社，王姓趙諱光復，禎河乃實亦羊可為志，祀之例有官祭。,[]
Q16_120_1080,黎大行皇帝廟立社，此乃帝右瑞原鼎日先世家基也。,[]
Q16_120_1081,一云帝故宅，後因立廟祀之。,[]
Q16_120_1082,今石碑字按史記，帝愛州人，黎永祚八年重市創院房，房務堂園品院房品，房創寧房與創司之者馬文王之岐西吳辰仕，以帝爲清廉寧知何據？,[]
Q16_120_1083,泰人不黎諸帝廟舊號弘德殿，原在昇龍城，在東山縣布衛祖橋。,[]
Q16_120_1084,代木大南一統志卷十七及瑞原縣嘉隆四年移至此，合祀帝位二十清北九台立二十八，給廟夫一百四十名全年，通典錢三千緡。,[]
Q16_120_1085,明命四年以太祖聖尊莊尊從祀歷代帝王廟聖尊，又有專廟布衞廟所改集廟夫四十名，祀典錢仝年七百二十九緡。,[]
Q16_120_1086,春秋二祭用三牲，省官親往致祭，餘忌腊各司行與務業務理務合經司務學受一爲朝夫長監祀示釐。,[]
Q16_120_1087,元潮汛海曰之右，,[]
Q16_120_1088,在五山縣雲齋峯羊申同右先山界公福出召台二年建詹川山元元明命二年一在雷易縣盛美社，,[]
Q16_120_1089,後巳乃名黎恭慈皇后祠，,[]
Q16_120_1090,姓陳雷陽羣隊人太建祖之後太尊之母也，,[]
Q16_120_1091,太祖平吳進兵至父安朝口夜夢神。,[]
Q16_120_1092,人乞一妾，请陰助討賊。,[]
Q16_120_1093,明日，帝以語諸宮嬪，眾皆難色。,[]
Q16_120_1094,後欣然請往，己而果殂歸襯至盛美社，土蟻培覆成墳，因建顯仁祠以祀。,[]
Q16_120_1095,冬月，慈書言司在雷陽縣水注，祀太祖及得國亡，又司在安定縣洞滂，建祠於其鄉。,[]
Q16_120_1096,秀夕清言斤前社，此乃後之故鄉也。,[]
Q16_120_1097,後姓吳，諱瑤，初為黎太尊婕妤，生聖尊光順，年間追尊為光淑皇太后，建福光堂。,[]
Q16_120_1098,今民於其堂參。,[]
Q16_120_1099,司在宋山縣古耽社，祀柳齊立祠祀之，房形而僊主事跡詳《南定省志》。,[]
Q16_120_1100,乙良司在厚祿縣漪碧社，祀宋楊太后四仁聖刻而及三公主，又省內沿海凡七十餘祠，事跡詳《同友申司在安定縣丹泥社》，山父安省志。,[]
Q16_120_1101,金壹前而上牢名可昔雄王，世征占城，駐兵可牢山，夜夢神人告曰：“願得銅鼓銅桴助王戰勝。,[]
Q16_120_1102,”及對陣，空中隱隱有金鼓聲，果獲全勝。,[]
Q16_120_1103,敕封為銅鼓大王，李太尊為太子。,[]
Q16_120_1104,辰奉命征占，夜夢一人著戎衣握寶劍，作曰：“臣銅鼓山神也，願從立功。,[]
Q16_120_1105,”及事平，立廟祀之。,[]
Q16_120_1106,後帝即位，又夢神持詩示以三王構變事，已而果然。,[]
Q16_120_1107,帝嘉其功，封為天下盟主，加 上等神。,[]
Q16_120_1108,每歲築壇於祠前，命羣臣讀誓書曰：“臣子之道，係乎綱常；為子不孝，為臣不忠，神明默鑒，殄滅其門。,[]
Q16_120_1109,”黎中興初，莫兵侵擾永寧祿安定諸縣，黎舟師。,[]
Q16_120_1110,次馬江上流，夜聞鼓三聲，於數百里外，黎將使人偵知，鼓聲自可牢山中起，明日追擊。,[]
Q16_120_1111,莫兵交戰間，風猛潮漲，舟師順風揚帆，勇氣百倍，莫兵大敗。,[]
Q16_120_1112,弘定年敕封有云：「江上風潮大助三軍之勝，是也」。,[]
Q16_120_1113,景興年閒，常有黃傘見於朝天館，三日始散。,[]
Q16_120_1114,又一日，務務務務務堂司務創司創務務司見黑龍晚庭自天而下，及旦往見廟庭，鱗爪依然。,[]
Q16_120_1115,其靈顯似此，歷李至黎，每於春首出兵，曰將士會盟，必奉神鑒。,[]
Q16_120_1116,黎少傅院文楷有詩云：「台峰拱炤，水灣環毓，秀鐘靈，在此間。,[]
Q16_120_1117,壇上翻瓢消旱魃，空中敲鼓走狂蠻」。,[]
Q16_120_1118,龜碑石篆經，,[]
Q16_120_1119,明房民民民民里務西局務，,[]
Q16_120_1120,然正氣舊江山，,[]
Q16_120_1121,祠中有銅鼓一面，,[]
Q16_120_1122,約百斤，,[]
Q16_120_1123,圓徑一尺五寸，,[]
Q16_120_1124,高二尺許，,[]
Q16_120_1125,中空無底，,[]
Q16_120_1126,角微錄面，,[]
Q16_120_1127,上有九會圈，,[]
Q16_120_1128,腰束而臍隱，,[]
Q16_120_1129,四旁作絡索壬字文，,[]
Q16_120_1130,如蝌蚪，,[]
Q16_120_1131,曰久磨滅不可辦。,[]
Q16_120_1132,相传雄王辰所造，黎末僞西來侵，載回富春，其後厚祿縣人大書一，余尺六又於江渚得之，由省報納復遞回祠所，今存。,[]
Q16_120_1133,按《後漢書》馬援於交趾得駱越鼓，,[]
Q16_120_1134,《廣州記》狸獠鑄銅為鼓，,[]
Q16_120_1135,惟高為貴，,[]
Q16_120_1136,濶丈餘，,[]
Q16_120_1137,初成懸於庭，,[]
Q16_120_1138,置酒招同類豪富子爻以金銀為大釵，,[]
Q16_120_1139,叩之則釵畱許主人，,[]
Q16_120_1140,又《隋書》諸蠻多鑄大銅鼓，,[]
Q16_120_1141,有事鳴之，,[]
Q16_120_1142,到者如雲，,[]
Q16_120_1143,有鼓者號爲都老，,[]
Q16_120_1144,其制高三。,[]
Q16_120_1145,四尺，上有面，無下底，其聲亦不甚大，名曰諸葛鼓，云是孔明所製。,[]
Q16_120_1146,明一統志又以為諸漢已有之，非始於孔明也。,[]
Q16_120_1147,葛徵蠻鎰據此，则銅鼓自東董天王神祠安在？,[]
Q16_120_1148,定縣鄭甸社神古武寧部扶董鄉人助雄王平皇殷之賊，,[]
Q16_120_1149,後靈應社民立祠祀之，,[]
Q16_120_1150,此事跡詳《匕在鼎水縣》關樸汴上僊陵肖志倉圓山神祠諸社神乃貉龍君之子，,[]
Q16_120_1151,游于傘圓山，,[]
Q16_120_1152,神通變化，,[]
Q16_120_1153,民立百申司，,[]
Q16_120_1154,在廣昌祠以祀，,[]
Q16_120_1155,此事跡詳《山西省志》山亦元縣石芳范舍二社神，,[]
Q16_120_1156,姓高諱顯，,[]
Q16_120_1157,北國廣東人，,[]
Q16_120_1158,舉進士，,[]
Q16_120_1159,官丞相，,[]
Q16_120_1160,削平諸蠻，,[]
Q16_120_1161,卒贈高山福神，,[]
Q16_120_1162,天下諸侯祀之，,[]
Q16_120_1163,今省轄三百餘貞年元申司在河中紹一祠，,[]
Q16_120_1164,事跡詳《山西志》，,[]
Q16_120_1165,貞海房元元化靜嘉諸府凡四十三祠，,[]
Q16_120_1166,神姓阮諱復，,[]
Q16_120_1167,海陽嘉祿人，,[]
Q16_120_1168,舉黎進士，,[]
Q16_120_1169,官少傅，,[]
Q16_120_1170,征占城，,[]
Q16_120_1171,因風飄蕩，,[]
Q16_120_1172,後為東海福神，,[]
Q16_120_1173,事跡詳良尋之，,[]
Q16_120_1174,申司在玉山縣同隊社濟制創務務市房局務務局司務房縣人仕李官至大司徒，,[]
Q16_120_1175,不肯事陳抗節自盡，,[]
Q16_120_1176,後著靈應沿海立祠祀之事跡詳海陽省志，,[]
Q16_120_1177,逍區申司在美化縣富田社，,[]
Q16_120_1178,事跡詳下烈走友示示女注，,[]
Q16_120_1179,又寧平安化縣亦有祠，,[]
Q16_120_1180,犬元司在安定縣錦帳村，,[]
Q16_120_1181,神姓姜諱公輔召，,[]
Q16_120_1182,祠所乃其故宅也，,[]
Q16_120_1183,事跡詳人物注失白山申司在莪山縣平林社神。,[]
Q16_120_1184,姓黎，示諱奉曉，事跡詳，人物注不星司，在永祿縣午舍社神。,[]
Q16_120_1185,姓李，諱常傑，昇龍太元和坊人，仕李聖尊朝，常經略清化乂安等處，因建寺於伊社之仰山曰靈稱寺。,[]
Q16_120_1186,後人思其德，立祠祀之，事跡詳河內省志，彥申司在錦水縣汴上社。,[]
Q16_120_1187,相传神為驩州人，一雲元而農貢縣人，諱有字參沖，小字李郎，有撥亂才。,[]
Q16_120_1188,隋大業年間，爲將討賊，臨障接刃，斫頭幾斷，猶能騎馬至古定江津，過老嫗問以生死之理，嫗以寔告，乃墜馬死，民立祠祀之。,[]
Q16_120_1189,其在農貢凡四十四祠，東山玉山凡九祠，在東山縣壽山趙舍趙前函夏韶防禦使祠四社同祀神。,[]
Q16_120_1190,姓韶，諱寸，事跡詳公市商動務房務務堂—務房注陳上將軍亦諱渴眞，事跡詳人物注。,[]
Q16_120_1191,王紹北靜嘉諸府凡五十七，蘇太尉祠：,[]
Q16_120_1192,姓蘇，字憲誠，程號蘇大僚之神，務務務吼哀牢，後爲都將領兵巡海鎭靜邊方，寶應年間伐占城有功，陞太傅平章軍國重事，受人物凡敖歷之處，成月申司右王山鼎。,[]
Q16_120_1193,有一民者立祠祀之，反日而元同鸞二社。,[]
Q16_120_1194,史記一，,[]
Q16_120_1195,李太祖第八子，,[]
Q16_120_1196,字曰光，,[]
Q16_120_1197,初封威明侯，,[]
Q16_120_1198,出鎭安，,[]
Q16_120_1199,後以功進王爵，,[]
Q16_120_1200,授節鉞臨民有惠政，,[]
Q16_120_1201,後民記陳太尊第六子，,[]
Q16_120_1202,字曰燏，,[]
Q16_120_1203,封召文王弼亮四際市務局房有創市政，,[]
Q16_120_1204,民思其德，,[]
Q16_120_1205,立祠以祀。,[]
Q16_120_1206,農貢龍開申司右見縣仁綱社青塔村亦有祠。,[]
Q16_120_1207,黃鵲壽佛二社祠所平原有突起一大阜，前有湖，湖有淵深莫能測其底。,[]
Q16_120_1208,遇有旱時，符臨淵而壽雨輒應。,[]
Q16_120_1209,雷陽晨二申司一作虞，又作縣。,[]
Q16_120_1210,魯賢江亦有祠。,[]
Q16_120_1211,江元而祠有二：一在江，一在旱南弘化縣安城社。,[]
Q16_120_1212,一在江岸邊美化縣漕川社，世傳李太祖親征愛州山蠻，舟師由海汛過虞入馬著淺。,[]
Q16_120_1213,帝密禱之，頃見一大魚躍過舟前，水大漲，舟師利涉。,[]
Q16_120_1214,太祖異之，封為三岐漢江之神。,[]
Q16_120_1215,立自兆司，司在義山縣治內，社前江岸祀之。,[]
Q16_120_1216,元山間祀碧洞靈僊，也詳下洞注。,[]
Q16_120_1217,尼而乃絲香鄭太尉祠，姓鄭諱可詳人物，主在永祿縣玉盃社。,[]
Q16_120_1218,神清壽。,[]
Q16_120_1219,司在玉山縣曹山出申身作書，亦姓梁諱冥，詳人物注。,[]
Q16_120_1220,阮尚書祠，原縣挽河社神，姓阮吳正文司在省後城廟耳。,[]
Q16_120_1221,完信言人物注。,[]
Q16_120_1222,本朝籍釜六年有吳氏字正女者，弘化月圓人羊姿色，一面鎮城中往來交易，上以事其母，下以養其弟，豪右權勢莫敢以風情相謔者。,[]
Q16_120_1223,鎮成象之有簷頭管虛慕其色，萌非心，喚來買絲，乘其大南一統志卷十七無人而彊之，正女不肯，嚙舌而死。,[]
Q16_120_1224,辰年二十。,[]
Q16_120_1225,清化有一頭管，即於象廠下埋之。,[]
Q16_120_1226,吳家四下復尋洞無跋助夕，吳母夢見回家立曰：“見正彥分薄貽。,[]
Q16_120_1227,”親刃白髮之憂，願得弟充象兵，可從。,[]
Q16_120_1228,見爻骸骨，母乃辭與鄉里投單途五也。,[]
Q16_120_1229,日彩岸如如子，帶露出地面，以手開之，纔數寸，學學爻伯有合恕氣，即以聞官。,[]
Q16_120_1230,其象兵六有創，與務安房與房務務務司月次星稀辰變現冥形雲遊城內見之，則香氣襲人，辰人多疾病，象兵特甚，然均得無恙。,[]
Q16_120_1231,王一豆管與諸子爻幾沒無遺，一日易鎭官散恙，以夢告參協官，參協曰：「如其案理未允，出不允。,[]
Q16_120_1232,」皆不食與鐘守上。,[]
Q16_120_1233,官耳言訖，果然。,[]
Q16_120_1234,乃設解冤壇，壇前忽有一人跳出，厲聲曰：「我是弘月金蓮公主，上帝憐其冤愆，特賜該管汝眾矣。,[]
Q16_120_1235,」乃命塑像置於象廠正中間。,[]
Q16_120_1236,象兵歲辰奉祀焉，同慶乙酉年移今所，酒吉一錄雲：,[]
Q16_120_1237,司在宋山縣正大座神符山東望海濵，雪石壁峭立，中有洞，洞口高幽而濶，有石硯一圍徑四五尺，石色白可玩，攜歸不可得，旁有通天竅，竅有兩石，一似龍一似虎，俗云龍虎爭光。,[]
Q16_120_1238,洞中有一石偶，面貌冠裳儼然佛像，相传僊女乘龍八洞而化，後因洞為寺，寺東削石刻神尺山碑四字，景致幽勝。,[]
Q16_120_1239,黎聖尊有詩云：「綠雲深洞碧巑岹，名利塵消宇宙寬。,[]
Q16_120_1240,夕照溪山花晻靄，春風楊柳鳥綿巒。,[]
Q16_120_1241,」不勝閒景興，間吳辰仕詩，有一云：「天將障海，驅羣石；地為呼潮，納八風。,[]
Q16_120_1242,」倐忽何曾死？,[]
Q16_120_1243,混沌溪言兆司，在義山縣治內，社神山祗自老，英雄木符山之右，一名徐式洞。,[]
Q16_120_1244,厂豁清虛，草樹蒼鬱，洞中有石盤，小石羅列，形如棋子，石乳下垂，有似鐘鼓，叩之成聲，又有如瓢，樽如帳幔，如傘，益如藥丸，般般奇巧，景致極佳。,[]
Q16_120_1245,入必繼燭，然未有能窮其底者。,[]
Q16_120_1246,相傳陳光泰間徐式爲僊遊，縣宰縣旁名刹有壯丹一樹，每開花辰輪蹄翕集，為賞花勝。,[]
Q16_120_1247,一會有一女，姿色殊絕，年可十五六，前來看花，挽花枝，偶折，為護花人所執。,[]
Q16_120_1248,日将暮，徐見而憐之，解所服白錦裘贖而遣歸。,[]
Q16_120_1249,未幾，徐亦解印綬去。,[]
Q16_120_1250,素愛宋山風景，因往遊焉。,[]
Q16_120_1251,一日，望見神符海口有五色祥雲盤結，如蓮花樣，撐船徑抵，则佳山也。,[]
Q16_120_1252,登而望之，層巒翠削，壁立千丈，自非身有羽翼，未必能梯此境。,[]
Q16_120_1253,因題云：「千章碧樹掛朝暾，花草迎人。,[]
Q16_120_1254,八洞門傍澗，已無市務，司財務，商務司房務，安濟金房，店園釣生，涯酒一樽，擬向武陵漁父間。,[]
Q16_120_1255,前來遠近植桃村，題畢徘徊顧望，忽見石壁析開，其圓徑尺八，求數步則石壁閉矣。,[]
Q16_120_1256,行數里，見飛磴懸崖，緣空而上，步寬一步，直至山椒，則天日光霽，四顧樓臺，天然如畫。,[]
Q16_120_1257,俄見靑衣童女二。,[]
Q16_120_1258,人出曰：「夫人見召，生尾之八見一僊娥，據一七寶雕床而坐，旁設檀香小榻，命徐坐，从容語曰：『此所謂浮萊山三十六洞之第六窟也。,[]
Q16_120_1259,』一妾是南岳地僊魏夫人，以卿高義能救人困，故屈邀至此。,[]
Q16_120_1260,因喚阿娘來，徐竊脫之，乃前折花人也。,[]
Q16_120_1261,僊娥指謂曰：『此我家兒絳香也。,[]
Q16_120_1262,』昨蒙卿救，看花之辰，此意不忘，欲結佳偶以報殊惠，遂於是夜傳鳳脂之燈，鋪龍絞之簟，行交拜禮。,[]
Q16_120_1263,居一周，徐乃辭歸，約以再往。,[]
Q16_120_1264,僊娥賜錦雲車一乘，娘以紙書緘授之曰：『異日見此，無忘舊情。,[]
Q16_120_1265,』瞬息間，徐已至家，則物換星移，已八十餘年矣。,[]
Q16_120_1266,徐方悵恨，欲再上雲車，已化為翔鸞飛去矣。,[]
Q16_120_1267,折書觀之，有句云：『結鸞侶於雲中，前緣已斷，訪僊山於海上，後會無因。,[]
Q16_120_1268,』徐乃輕裘短笠，八黃山後，不知所終云。,[]
Q16_120_1269,黎貴惇有詩云：『海上羣僊事渺茫，碧桃洞口太荒涼。,[]
Q16_120_1270,』乾衛局創委務務商司敲晓日，砂鹽無味，湟秋霜，世人苦作天台夢，誰識天台白鳥司在治內社神符山之左。,[]
Q16_120_1271,前亦戲場，下亞臨小江，一峰屹立，峰中有洞，高虛清曠，因洞為寺，中有佛像一座，寺外有禪門，下臨峩港，漁歌樵唱，禪偈鐘聲，詢為山水間一佳致也。,[]
Q16_120_1272,多產蝙蝠，故俗號蝙蝠谷。,[]
Q16_120_1273,一黎聖尊有詩云：『萬須碧波搖日影，一壺綠草八』。,[]
Q16_120_1274,春風、煙雲輕淡，微微泄外，花物陰森隱約中。,[]
Q16_120_1275,景興年間，鄭楹嘗遊此洞，見石碑長一丈六尺，刻「一佛」字，字大數尺，甚遒勁，不記朝代。,[]
Q16_120_1276,問一之莫識，黎貴惇以為李朝聖尊書。,[]
Q16_120_1277,楹嘉其博學，在公司永祿縣壽域社春臺山前，臨馬一江。,[]
Q16_120_1278,洞中有石像二，相传昔有老人攜一小童賣藥，憩息于此，後忽不見，人以為壺公費長房後身，囚刻其像祀之。,[]
Q16_120_1279,洞隙有石塊如蟾蜍，石乳如丹鼎，內有石窟可容人行一燭之，兩旁石色如金沙，深处有幽井，以石繫一索投而測之，不得其底，俗謂技果於此，可於一馬江得之。,[]
Q16_120_1280,遞年正月九日覽賞湊集，名曰勝會。,[]
Q16_120_1281,黎聖尊嘗謂：安南三十六洞，此為第一。,[]
Q16_120_1282,其明民明房局堂院局務市上，功名皆是夢。,[]
Q16_120_1283,壺中日月不勝閒，花陽龍化一玄珠，墜碧崗泉流白玉寒。,[]
Q16_120_1284,我欲乘風凌絕嶺，望窮雲海有無間。,[]
Q16_120_1285,進士馮克寬步詩云：有此乾坤有此山，壺藏世界洞心寬，雲封石徑青霄近，苔印僊蹤白日閒。,[]
Q16_120_1286,景有清奇真可愛，春多和照不知寒。,[]
Q16_120_1287,登臨我是蓬萊客，休說長房浩眇閒。,[]
Q16_120_1288,鄭森書玉壺二字，清奇可愛，四字於洞中有詩云：福地古來多勝蹟，何勞點綴輞川圖。,[]
Q16_120_1289,將軍阮儼詩云：征鞍隨興上春臺，地迥巖幽爽兀懷，丹鼎房閑煙杳靄，石蟾。,[]
Q16_120_1290,洞隙月徘徊，僊樓跡隱余，松竹翠藻文光上斗台。,[]
Q16_120_1291,咫尺蓬萊無限樂，登高一叫白云來。,[]
Q16_120_1292,本朝明命年间，綏盛郡公張登桂經略清化，詩云：「数点晴峰锁碧烟，壶中世界自依然。,[]
Q16_120_1293,何年碧落同栖神蹟，此日靑鞋遇夙缘。,[]
Q16_120_1294,」 鴻德聖君應得道，長房凡骨未成僊，愛州名胜从称最，半六一奇情頒略边。,[]
Q16_120_1295,嗣徳年間东阁大学士张登檀辰為山防使，续咏云：「飘飄长啸访珠林，直上市民适務商堂濟。,[]
Q16_120_1296,司雲深神僊变幻虚传古士爻，遊观剩到今。,[]
Q16_120_1297,"」

餘大月一彩，三看奇清真可爱，令金日司在永禄县金山社人，合慰昔年心。",[]
Q16_120_1298,今山洞润水深，舟行可达山左右，中渐高广，石列如棧，石青如蓝，水光於鑑。,[]
Q16_120_1299,石乳下垂，叩之如金钟声。,[]
Q16_120_1300,穴上一峯处，有一大竅通天光，石架如橋，不维繫而固，可望不可即，人号僊橋。,[]
Q16_120_1301,洞之南古有蓮花宇堂司，堂市务房局务司，景致可愛。,[]
Q16_120_1302,本朝嗣德年間史館纂修黎亮拔，奉命求遺書道经於清適，重九与清藩黄继炎泉使阮永修携丝竹登臨，迭相唱和。,[]
Q16_120_1303,藩使詩云：「山靑洞碧倚高秋，覽勝芳辰共泥丹。,[]
Q16_120_1304,有酒不须登菊酌，無花应效插茱游。,[]
Q16_120_1305,」 游木經来客凌风架水，八壺天带月流。,[]
Q16_120_1306,未審李僊如到月秋，招邀僊侶泛轻舟，疑同费祿壺中八信异桃。,[]
Q16_120_1307,源洞裡遊，彭澤酒樽饒酩酊，杜陵詩骨擬風流。,[]
Q16_120_1308,幸丁閫職，畱公暇嘯傲，江山未白頭。,[]
Q16_120_1309,史纂和之曰：「烟疑潦盡八深秋，潭落巖腰好泛舟」。,[]
Q16_120_1310,造設若私仁智樂，登臨應渺軒遊。,[]
Q16_120_1311,山中有口邀天畜，石鑄無牙嚙，水流醉把茱萸，當此曰相將攬手碧峰頭。,[]
Q16_120_1312,成泰四年，原清泉阮春標請於督部荷亭，阮述捐費銀，程工匠剗崖而階級之，利石而床幾之，又扁洞而標揭之曰：「玉橋」「玉壺」「玉清」「玉穹」「玉井」「玉花」。,[]
Q16_120_1313,凡六洞外，第一洞為水洞，舟行過之便到陸洞，在洞之外建一亭名荷風亭，廣化敎授黎兌澤爲洞記有云：「洞之中廓乎其有容，如千間之大廈；洞之水靜乎其無滓，如冰壺之直瀉」。,[]
Q16_120_1314,掉撞而石鐘響，艇穿而山光射，問以絲竹如鈞天之奏乎廣寒之夜。,[]
Q16_120_1315,洞之旁可國可爨可房可牖，往跡依然若有避世者，此皆山洞之奇狀，難一一寫。,[]
Q16_120_1316,六洞則石井孰開，石椅孰坐，石穹孰厓，石橋孰架？,[]
Q16_120_1317,神錐鬼鑿之妙，更令人奪目而駭咤。,[]
Q16_120_1318,後本省法使逋律遊于此，有清花勝跡四大百，每寺在宋山縣，舊曰阮海寺，太祖嘉裕皇帝所建，光興二十年重修立碑文，乃通郡公枚汪號純夫所撰也，其文曰：,[]
Q16_120_1319,「宋山乃愛州第一名縣，阮海乃宋山第一福地，而阮海寺又阮海第一禪天也」，寺。,[]
Q16_120_1320,後之嶺直矗矗乎其一高，是一鷲嶺也。,[]
Q16_120_1321,寺前之溪源源乎其來，是一漕溪也。,[]
Q16_120_1322,阮海寺之名又一大覺海也。,[]
Q16_120_1323,銘曰：「吾愛宋山寺，名阮海」。,[]
Q16_120_1324,鐘地氣靈，有祗園在。,[]
Q16_120_1325,又曰：「迎房衛迎，與房房商堂，房商院商，商商念各戶，在宋山縣正大莊，兩岸石磴江流空吉其中」。,[]
Q16_120_1326,東臨大海，寺中止一木像，長在永祿縣槊山社。,[]
Q16_120_1327,山之東北有鳥農宇，一宗吉鳳翼峰，峰之西有寺，前臨馬江，易在永祿縣金甌社。,[]
Q16_120_1328,寺棲山腰，,[]
Q16_120_1329,望之金賦寺，,[]
Q16_120_1330,在一最高下有官路，,[]
Q16_120_1331,往來人多遊覽區三金寧房司店，,[]
Q16_120_1332,司居務房，,[]
Q16_120_1333,商業院居同司，,[]
Q16_120_1334,有寺，,[]
Q16_120_1335,寺之左有葆清宮，,[]
Q16_120_1336,昔陳求順尊常居此，,[]
Q16_120_1337,一主F在永祿縣壽域社春臺山下。,[]
Q16_120_1338,寺兩腋一遊英吉，有日月兩湖，後有石屏，前案卓峰，素稱名勝。,[]
Q16_120_1339,黎弘定六年重修靈爾宇，再永祿縣太宰馮克寬撰碑文今存。,[]
Q16_120_1340,宣禾三午舍社向E山之陽，,[]
Q16_120_1341,李天符年間李常傑經略清太平寺，,[]
Q16_120_1342,乂等處建寺于此，,[]
Q16_120_1343,有碑有塔，,[]
Q16_120_1344,今存在瑞原縣鵬程社，,[]
Q16_120_1345,與盤阿山相對，,[]
Q16_120_1346,前臨梁江，,[]
Q16_120_1347,江心有石磯聳立，,[]
Q16_120_1348,寺後有石洞，,[]
Q16_120_1349,洞竅斜穿東西相達，,[]
Q16_120_1350,工巧天然。,[]
Q16_120_1351,黎正和間禪師創造大維，旁有九品蓮臺，今已倒壞，碑誌今存在東山縣大慶社。,[]
Q16_120_1352,盤阿山腳以山為後壁，寺壁中有巨人像，高丈餘，相傳此翁才力過市寧。,[]
Q16_120_1353,務務務堂務務務局局司，此翁前胸於此山壁而死，後有靈應邑人立寺以事之。,[]
Q16_120_1354,寺前有一石碑，字蹟銷掌舍。,[]
Q16_120_1355,寺在東一山縣營舍社土山賔寺雲，在東山縣銳村契外有磁石，能引針上山腳。,[]
Q16_120_1356,寺在石洞中，廣可數丈，中奉關聖帝君，左列二關將軍，右列滿郡公均石像，上有橫匾“千古偉人”四字。,[]
Q16_120_1357,寺前大刻一“神”字，懸一古鐘，高卅有半市尺。,[]
Q16_120_1358,只有半市尺。,[]
Q16_120_1359,黨堂務務品市創局金品創房司興間入為宮監，出董兵戎，屢建大功，爵郡公以貴近，得領本鎭。,[]
Q16_120_1360,嘗於山嶺遊焉，於是而寺之碑文有云：“半壁橫空”，一虚鑿。,[]
Q16_120_1361,徑遠而望之，梵鐘院鼓與山岳齊高，近而即之，鐵面金身二與霄壤對峙。,[]
Q16_120_1362,辰而花轂朱輪盤桓於街下，即一相公寓目之佳處也。,[]
Q16_120_1363,莊鷄社黍羅列於筵前，一即相公藏身之故址也。,[]
Q16_120_1364,有相公而斯山之形骸血液合而為一身，有斯山而相公之德業勲賓傳之於萬禩。,[]
Q16_120_1365,此黎在宋山縣章閣庄務與與房務員質房員務局安房質房濟務與司數百里相傳。,[]
Q16_120_1366,趙越王起兵辰築大營於禎河，以此山為支屯。,[]
Q16_120_1367,李太祖巡遊至此，感得神人之助，立寺曰龍感寺。,[]
Q16_120_1368,陳太尊征占亦駐兵於此。,[]
Q16_120_1369,按此寺古來惟尼姑住持，故有詩云：沃山山嵐沃山寺圍山沃野百餘里，莊嚴。,[]
Q16_120_1370,"好的，我会按照提供的规则为这段文本添加准确的标点符号：

好是法宝台，整飾渾非將軍壘筭藩。",[]
Q16_120_1371,當日落雲豐智藥，何年掬香水？,[]
Q16_120_1372,停驂惆悵罷，叩扃興廢古今還。,[]
Q16_120_1373,爾爾成泰年間督部荷亭阮述詩有云：「花樹深藏山一角，亭臺俯瞰水周圍。,[]
Q16_120_1374,」大卑寺懶從竹院逢僧話靜，炷心香向佛祈。,[]
Q16_120_1375,石在東山縣密山村，玉女峰黎神尊登覽建寺于此，中塑佛像，旁塑眞容，今所在民祀之。,[]
Q16_120_1376,在東山縣香袍內村，壽江西岸寺小清涼寺，而樸嗣德三年經略大使阮登楷修葺大，在宋山縣澤林社本朝公主阮一之溫本吉玉秀所建，嗣德年間清督尊室靜重修其舊碑，苔滅不記青。,[]
Q16_120_1377,壽寺在省城東門，年月有玉秀神像在焉，言寺旁有關公祠。,[]
Q16_120_1378,嗣德年間清在錦水縣關憑社上督尊室瑤重修，爻山寺有洞，因洞為寺，有石像，有經板，有懸鐘，寺前有九迴灘，山水清幽，亦是林泉佳趣。,[]
Q16_120_1379,黎鄭森大書錦雲妙致四字，又有詩云：「天將虚室，廠巑吭妙跡，仍傳在此。,[]
Q16_120_1380,」創務民局府務堂創市商夢覺雲中響，石像安排雪後斑，海宇正逢清帖會，毫端收拾錦江山。,[]
Q16_120_1381,敘洞中之勝也。,[]
Q16_120_1382,下在玉山縣同和社南，有綽港湧出石堆巖，腰突起石像，因創伽藍名曰鬼寺，不清代品市帶務商濟房渭也。,[]
Q16_120_1383,關汛商與衙在廣化府高密總仁路社變軍處一，在靜。,[]
Q16_120_1384,嘉府巡邏總步頭：在外村畔汛口一，在壽春府南陽總同村一，在厚祿縣張舍總內村一，在厚祿縣芝泥總奇陀村一，在廣昌縣守正總玉甲社津次一，在廣昌縣安樂社津次。,[]
Q16_120_1385,以上諸所均在法合在玉山縣千齡社，官徵收稅例不詳。,[]
Q16_120_1386,齒晷三岐江舊設關津一，,[]
Q16_120_1387,今罷里易，,[]
Q16_120_1388,在宋山縣青長辰易，,[]
Q16_120_1389,在峩山縣以下言上關旦社四岐江寺湯治具社凡三所，,[]
Q16_120_1390,八碼盧瑜川社成合破臺在厚祿縣，,[]
Q16_120_1391,上山在玉山縣雲齋社磚城周張舍社二二百五十二丈，,[]
Q16_120_1392,高九尺二寸，,[]
Q16_120_1393,濠廣二丈。,[]
Q16_120_1394,舊堡在雲輾社土山村，明命三年移今所，仍名為土山堡，四年改爲靜嘉府城。,[]
Q16_120_1395,劭門三八年砌旗臺一，嗣德三年移府貢治於蓮舍社，此復爲堡，官兵駐守，今罷。,[]
Q16_120_1396,金蠻至在宋山縣土壘週八十上匕辰三，,[]
Q16_120_1397,在關化卷丈高五尺，,[]
Q16_120_1398,明命十年築後不堡州回春社，,[]
Q16_120_1399,其地上游有三江，,[]
Q16_120_1400,一曰馬江，,[]
Q16_120_1401,從雲籠崗而下，,[]
Q16_120_1402,一曰隴江，,[]
Q16_120_1403,從山茶同而下，,[]
Q16_120_1404,一曰爐江，,[]
Q16_120_1405,從三爐同而下，,[]
Q16_120_1406,俱會於回春社。,[]
Q16_120_1407,州莅舊在此，,[]
Q16_120_1408,後爲山匪殘破，,[]
Q16_120_1409,明命十八年官軍經略築一堡，,[]
Q16_120_1410,後雷爲州莅，,[]
Q16_120_1411,初經略官兵自鐵獲取路經仁紀美政至關化凡五日程，,[]
Q16_120_1412,山溪險阻及覬還，,[]
Q16_120_1413,自關化從小徑路而東，,[]
Q16_120_1414,逾半日已美文玉在良抵鐵應舊路，,[]
Q16_120_1415,今行人。,[]
Q16_120_1416,多由之長，正日政州般正社，明命十八年，大臣張登桂經略其地，築一大堡名寧良堡，後為州，莅今有屯。,[]
Q16_120_1417,扁山巳在宋山縣扁山社，,[]
Q16_120_1418,山未在玉山縣之行務行學學業學業務學資民學，,[]
Q16_120_1419,有衛殷屯在瑞原縣安樂社同幾下慶元年法官設立澤占，,[]
Q16_120_1420,舊設凡五站在千里條路，,[]
Q16_120_1421,新馬立設凡十九站在關報諸條路，,[]
Q16_120_1422,青斜沾在玉山縣同科場社，,[]
Q16_120_1423,南至安瓊站三十八里，,[]
Q16_120_1424,北至清舍站三十二里，,[]
Q16_120_1425,舊名王蓮舍社，,[]
Q16_120_1426,北至清春站宇務理金金司居務司，,[]
Q16_120_1427,後在廣曰縣泰來社，,[]
Q16_120_1428,北至清山站故清春立十四里至省城十八里，,[]
Q16_120_1429,舊名泰來驛，,[]
Q16_120_1430,後改清泰山占在美化縣禎山社，,[]
Q16_120_1431,北至深行務學司學學市員務務民合司省成十六里，,[]
Q16_120_1432,舊青馬占在宋山縣高隴社，,[]
Q16_120_1433,北名禎山驛，,[]
Q16_120_1434,後改清高立至寧遊站三十里，,[]
Q16_120_1435,在雷陽縣下魯賢社，,[]
Q16_120_1436,西至中域中或魯賢立站二十四里，,[]
Q16_120_1437,成泰年間設同站豪站二十三里在中域社，,[]
Q16_120_1438,西至延延豪站沛都站十四里，,[]
Q16_120_1439,在延豪社西至在市都社，,[]
Q16_120_1440,此占在瑞原縣同雲沛者，,[]
Q16_120_1441,此屬法代理座雲身立集社，,[]
Q16_120_1442,東南至省大南一統志卷十七成十九里，,[]
Q16_120_1443,同之樂占在安樂社，,[]
Q16_120_1444,東至雲貢溪，,[]
Q16_120_1445,清化行務行學與業業學行手理行行里占在玉勒州貢溪社，,[]
Q16_120_1446,東至安樂班政。,[]
Q16_120_1447,站右良班政社，,[]
Q16_120_1448,東至貢厚占在厚祿縣藍村，,[]
Q16_120_1449,東南溪站十二里，,[]
Q16_120_1450,清厚立至扶光站十六里，,[]
Q16_120_1451,北連峩山，,[]
Q16_120_1452,夫亡占在弘化縣扶光社，,[]
Q16_120_1453,延上站右一縣台求今立，,[]
Q16_120_1454,南至省城里定縣延上社，,[]
Q16_120_1455,東南至高密占在永祿縣高賓一司建定市後學園市子寧安民後金四里豐壹立至高密站十七里，,[]
Q16_120_1456,化州下田爐社，,[]
Q16_120_1457,東崔貢古在羅看社，,[]
Q16_120_1458,東至可至豐懿站十七里，,[]
Q16_120_1459,系立田爐站十二里，,[]
Q16_120_1460,春占在回春社，,[]
Q16_120_1461,東至羅看站義象言在農貢者立十二里，,[]
Q16_120_1462,此屬法代理座元立縣奉祿村，,[]
Q16_120_1463,東北至石占在東山縣石溪社，,[]
Q16_120_1464,良口里空冷在廣昌縣良念社中村岑立山傍，,[]
Q16_120_1465,此法公使乘涼處也，,[]
Q16_120_1466,里路南自靖嘉府玉山縣夾父安省界，,[]
Q16_120_1467,北自鎮出河中府宋山縣夾寧平省界，,[]
Q16_120_1468,通長十一萬一千西尺較與南尺千巳各自省城南經二十七萬七千五百尺二里星，,[]
Q16_120_1469,東山縣轄布衛橋，,[]
Q16_120_1470,過清泰站至玉甲江渡，,[]
Q16_120_1471,長三十九里，,[]
Q16_120_1472,又自江南經清舍站過靜嘉府治，,[]
Q16_120_1473,轉清科站抵冷水溪夾瓊瑠縣界，,[]
Q16_120_1474,長七十里，,[]
Q16_120_1475,自省城北經東山縣轄壽鶴橋，,[]
Q16_120_1476,轉瑞原縣轄過禎山渡至清山站，,[]
Q16_120_1477,長十六里，,[]
Q16_120_1478,又經美化縣轄大里渡過河中府治，,[]
Q16_120_1479,轉清高站至三疊之中峰夾寧平省界，,[]
Q16_120_1480,長四十五里，,[]
Q16_120_1481,昇艮各峩山縣一條，,[]
Q16_120_1482,自縣通長。,[]
Q16_120_1483,一百七十里，鼎幸臣治南過蓮渠渡，經厚祿縣治轉美化、弘化諸縣轄，抵省一日至程。,[]
Q16_120_1484,一条自縣治兆經都沛，總至從正橋半日程，弘深創屋美用運同同光渡橫抵省城文，一条经笔山社由堤路行至龙领铁桥亦抵省，均三刻日程。,[]
Q16_120_1485,厚禄县，一条自縣治南經惟精社转美北縣东过弘化地分，由铁桥抵省半日程。,[]
Q16_120_1486,绍化府，一条自府治南渡经古都大贝等社过东山縣界抵省半日程。,[]
Q16_120_1487,安定县，一条自縣治东南经瑞原东山二县界抵省，又一条由縣辖堤路而东经美化转瑞原东山，由千里路抵省，均一日程。,[]
Q16_120_1488,广昌县，一条自縣治西至黄青社过东山縣布卫桥由千里路抵省近半日程。,[]
Q16_120_1489,农贡县，一条自縣治北经广昌东山二县界抵省逾半日程。,[]
Q16_120_1490,广化府，一条自府治东过奉公桥转黎舍渡南经安定縣轄至四美庄，又经瑞原縣鹏程渡抵省一日程。,[]
Q16_120_1491,一条自府治东直至芃渡，经美化东山二县界抵省一日程。,[]
Q16_120_1492,石城县，一条自縣治经永祿美化东山三縣轄抵省二日程。,[]
Q16_120_1493,锦水县，一条自縣治经富门云斋关泳诸社新筑路转过广化府治抵省三日程。,[]
Q16_120_1494,寿春府，一条自府治东过东山縣界抵省一日程。,[]
Q16_120_1495,余诸州自州治抵省，各河中府一条或三四。,[]
Q16_120_1496,日程或五六日程，足自府治西至鎮蠻堡半日程；,[]
Q16_120_1497,自府治南經峩山美化厚祿至弘化縣治一日程（弘化縣一條），自縣治東經筆山行葦沛澤三總至會潮汛半日程；,[]
Q16_120_1498,厚祿縣一條，自縣治至張舍社漪碧汛三刻日程；,[]
Q16_120_1499,紹化府一條，自府治北經密勿黍穀等總至安定縣治半日程（安定縣一條）；,[]
Q16_120_1500,自縣治西經丹泥快樂等總夾錦水縣界逾半日程；,[]
Q16_120_1501,廣昌縣一條，自縣治北經屯田長麗等社至潮汛口三刻日程；,[]
Q16_120_1502,農貢縣一條，自縣治西至朗陵總夾父安省二日程（一條）；,[]
Q16_120_1503,自縣治北至來朝總夾常春州界及雷陽縣界逾一日程（一條）；,[]
Q16_120_1504,自縣治東至文初三岐江半日程（一條）；,[]
Q16_120_1505,自縣南至樂善總夾玉山縣界一日程（一條）；,[]
Q16_120_1506,廣化府一條，自府治東至午舍總夾宋山鼎輔一程（一條）；,[]
Q16_120_1507,自府治北過石城縣夾儒關府界（呈石城縣一條），自縣南石磴社至縣才山氣出一曰程（一條）；,[]
Q16_120_1508,自縣東北安場社至縣西心雲家社一日程（廣濟縣一條），東自玉岸自三言齊土之錦水縣界一日程（一條）；,[]
Q16_120_1509,南自五百七至石龍社一日程（錦水縣一條），自明房務民房民房院後司用同後司有自書男社至山茶社五日程（書春床一作明金後行司司學寧堂適務行司司意一條），自府治南。,[]
Q16_120_1510,經三弄社至農貢縣界一日，,[]
Q16_120_1511,二十三二又經混蒙屯產於父安省葵州府界四日，,[]
Q16_120_1512,曰乘山十至不及屯夾岑挪縣界四日程，,[]
Q16_120_1513,一條自順正總至三爐總咸爐屯夾岑柳縣界五日，,[]
Q16_120_1514,租一條自善土總智囊社至從正總安美屯五日里，,[]
Q16_120_1515,一條南自仁山總仁沉社北至歸正絲氣運學星理學空臘那凡至執春執謁執豪沿江行五日程路建於一條自供登過濡痾呈甫沿小浮午日程蠻維縣一條自山茶屯至信輪借帶信哀牢亢冶奚行四日,[]
Q16_120_1516,程，,[]
Q16_120_1517,一條自蠻維本至星鑑質沿溪行四日程岑柳縣一條自岑樹至佳列借援供玡沿溪行五日程，,[]
Q16_120_1518,一條自農是各康過車牟至借御信胡沿溪行五日程去足明中補一條怕坪休艇儀仙孀船痴漸廷一條社日自東程府北一治至西河自經水府安南廣沼運總江規至行總玉牛至勒日大州程貝沿總江,[]
Q16_120_1519,化楊左床作一雉鉛航祐薪畔間雌按從得日餘舶絲船經條鰭棘只源鮒絰，,[]
Q16_120_1520,斷氈斷離溪石溪等總至召橋狹農貢淵，,[]
Q16_120_1521,行程二點一饑自媿省言書字解辭功至福纏靜創攀靜制行輕辭點遲一滌自誠肅繼壽鴻總至之元馬江，,[]
Q16_120_1522,一條自呈固縣至夾關化州，,[]
Q16_120_1523,長五日程，,[]
Q16_120_1524,廣十丈，,[]
Q16_120_1525,深三四尺，,[]
Q16_120_1526,又自關化。,[]
Q16_120_1527,雲籠社至富嚴社，長一百六十里，廣二十丈，深五六尺。,[]
Q16_120_1528,又自錦水縣鐵甕社至錦隍社，長二百里，廣三十丈，深八九尺。,[]
Q16_120_1529,又自永祿縣安孫上社至旄渡毗江，長一百二十里，廣三十丈，潮漲深五尺，落深三尺。,[]
Q16_120_1530,又自旄渡東至我凹同舍與梁江合，長八里，廣四十丈，潮漲深十餘尺，落深五六尺。,[]
Q16_120_1531,梁江一條，自雷陽縣目山總注下至魯賢社，夾瑞原縣，長一百六里，廣三十丈，深三四尺。,[]
Q16_120_1532,又自運規總至鵬程社與馬江合，長二十餘里，廣四十丈，潮漲深十餘尺，落深五六尺。,[]
Q16_120_1533,馬梁二江合流，一條自靑陽渡左經弘化之珠峰，右經東山之龍頷山，至省水屯獻杭遠達于潮海汛口，長二十九里，潮漲深十四五尺，落深七八尺。,[]
Q16_120_1534,宋江一條，自莊諸山旁南過光朗社，東流注于峩港，與峩江合，達于白駒海口，長四十五里，廣三丈，潮漲深三尺，落深一尺五寸。,[]
Q16_120_1535,峩江一條，自旄渡馬江分派，經美化永祿諸縣，過大里渡，東流至于峩山縣白駒每口，長四十里，廣三十丈，潮漲深四五尺，落深三四尺。,[]
Q16_120_1536,炤白江一條，自肇祥山紫回茂求二縣間至平林社，與峩江合注于白駒，凡長二十里，廣二丈五尺，潮漲深二尺，落深一尺。,[]
Q16_120_1537,虞江一條，自弘化安域社經鳳亭巨駝筆山諸。,[]
Q16_120_1538,社達于厚祿縣漪碧汛，口長五十里，廣十五丈，朝漲深五尺，落深三尺。,[]
Q16_120_1539,葆江條自廣齊縣廣濟社至古汴社，長五十里，及自石成縣同律社至法語社，長六十里，及自永祿縣江表社至察渡與馬江合，長二十六大百一卷八里，黃七丈，深六七尺，潮水不到。,[]
Q16_120_1540,玉追江一條自瑞原縣西北經安定縣之東，與馬江合，長四十七里，廣四丈，深三四尺，湖水不到。,[]
Q16_120_1541,黃江一條自農貢縣來，朝總注下千齡三岐江，長七十里，廣三丈，潮漲深三尺，落著淺。,[]
Q16_120_1542,珠江條自麟遊總注下三江三岐，長八十里，廣三丈，朝張深四尺，落著淺。,[]
Q16_120_1543,墨江一條白朗陵綱生下文初三岐江，長七十里，廣四丈，潮漲深五尺，落深二尺。,[]
Q16_120_1544,鐘江一條自樂善總靑童社至萬善總午舍社，長二十里，廣三十丈，潮洲深五尺，落深二尺五寸。,[]
Q16_120_1545,玉甲江一條自禾場三岐合流至瀚海口，長二十里，廣七十丈，海張衆九尺，落深五尺。,[]
Q16_120_1546,寿江一條自省水屯經布衛橋南至千齡三岐江，長六十八里，廣三丈，潮漲深三四尺，落著淺。,[]
Q16_120_1547,又自三峽縈迴屈曲玉山縣中注于綽港，至冷水溪達于疏畱縣界，長一百八十里。,[]
Q16_120_1548,達江一條自常春州至雷陽縣，八于梁江長七十里，音江一條自良政州至瑞原縣，亦八于梁。,[]
Q16_120_1549,江長一百五十里，廣均五丈，深常六七尺，潮水不到。,[]
Q16_120_1550,港通弘港一條，自沛澤總聯珠社至玉綴社，長上五里，廣三丈。,[]
Q16_120_1551,茶港一條，自茶山縈迴美化懸轄至厚祿河上社，八于濾江長十八里，廣二三丈。,[]
Q16_120_1552,場港一條，橫截厚祿縣，過于大江長二十里，廣三丈，潮漲均道子行行化市民公後玉甲度在廣昌縣玉甲社，俗號渡樹對岸玉退山縣懷安社。,[]
Q16_120_1553,自承場社三岐江注下驛路往來必貞在美化縣禎山社，俗號由此社，乃梁馬二皇在錦水縣豐懿社對岸一江合流處，豐壹退翠上社。,[]
Q16_120_1554,此以下屬馬江。,[]
Q16_120_1555,一惡虔度在錦水縣僊陵易皇度在錦水縣適務定務居學務創務院務岸關之度在安定縣翠黛社對乎已度在一深務學務氣務別帶學適常型濟定縣丹泥社對岸貢是凌在安定縣碩果社，,[]
Q16_120_1556,永祿縣壽域社有身源，,[]
Q16_120_1557,俗號渡矯對岸永祿縣不名今度在安定縣黎舍社對在一務務務務創商業務商堂務務門質房定縣察村對岸定宏度在安定縣安宏社對永祿縣利執社多分瀝岸永祿縣蓬上社之在安定縣安定社俗,[]
Q16_120_1558,號渡巫度在安多定波掙對岸永祿縣蓬上社定涇村對岸永度在安定縣長廊村對茶上祿縣蓬中村廈岸永祿縣蓬下。,[]
Q16_120_1559,社 在 安定縣 富寧村 對 口 凌 度 在 瑞原縣 如沮岸 化美縣 茶上村 友匡陵 社 俗號 渡 黃 对 岸 化美 魯反 度 在 瑞原縣 隨敍社 復說縣 大田社,[]
Q16_120_1560, 魯餘 近 岸 化美縣 大有村 在 瑞原縣 銳村 對 盖 山 度 在 瑞原縣 藍山渡 岸 化美縣 永嘉村 卜山社 對 岸 雷陽縣 目山社 此 以下 之夏 在 雷,[]
Q16_120_1561,陽縣 吳舍社 對 公書也 度 在 瑞原縣 廣施社 俗號 渡 安朗 度 在 方沙潭 對 岸 雷陽縣 玉成社 开原縣 安朗社 俗號 渡 营 不今 度 在 雷陽縣 不,[]
Q16_120_1562,對岸 雷陽縣 春浦社 才矛矜社 對 岸 瑞原縣 龍 在 瑞原縣 安樂社 俗號 渡 关灵 外村 多乐源略 對 岸 雷陽縣 春浦社 芝 在 瑞原縣 关中社 俗號 渡,[]
Q16_120_1563, 珍 川 度 在 瑞 中瀝罗 對 岸 雷陽縣 吳舍社 轹原縣 軫川 上社 對 岸 皇夏 在 瑞原縣 丰来社 對 雷陽縣 三閭社 丰羽汤 岸 雷陽縣 芙旧村 斤己,[]
Q16_120_1564, 芝 在 瑞原縣 断决社 對 古卯 度 在 瑞原断沙 波岸 雷陽縣 厚贤村 上社 俗號 渡 萬夫貢 度 在 瑞原縣 扶原鴟星X对岸 建中社 求房沙社 對 岸 安,[]
Q16_120_1565,津社 月虎 度 气 封营舍社 馮渡 对 岸 营舍社 主 化美縣 同舍社扶光社俗號渡屯水，,[]
Q16_120_1566,永治渡社對岸東山縣月圓渡岸，,[]
Q16_120_1567,東山縣愛山萬在弘化縣月圓社對系司年社惟肖渡廣昌縣惟肖社對岸同弄渡，,[]
Q16_120_1568,#年對岸廣昌縣春渡村海渡，,[]
Q16_120_1569,弘化縣大金示岸，,[]
Q16_120_1570,弘化縣聯珠村，,[]
Q16_120_1571,在廣昌縣海村對美津渡，,[]
Q16_120_1572,二十八美津社對在石城縣深個全民市定房店岸，,[]
Q16_120_1573,廣濟縣安定示山古濟渡社對岸廣濟社。,[]
Q16_120_1574,以下屬葆江（一作度）在永祿縣光表社，俗丁凡王花液尾村對岸，在永祿縣峩江一條，此其上清也。,[]
Q16_120_1575,三三策縣白鹿村俗號川岸，,[]
Q16_120_1576,永祿縣白鹿渡度廚對岸，,[]
Q16_120_1577,宋山縣度村制渡四美水岸，,[]
Q16_120_1578,厚祿縣白頭村在宋山縣制村對邦渡岸，,[]
Q16_120_1579,厚祿縣顯榮村在宋山縣邦村對王山厚祿縣美田村村俗號渡特對岸安敎渡俗號渡充對岸峩在厚永縣安山縣三木美在宋山縣平林社對義外度在深學運業學理衛學常學山縣峩洲社對岸三度在,[]
Q16_120_1580,厚祿縣蓮渠社，,[]
Q16_120_1581,峩山縣土塊村遶俗號渡旛對岸，,[]
Q16_120_1582,峩山縣青朗社。,[]
Q16_120_1583,此從下度在美化縣曹川遊往南寧必由之路，臣社俗號渡巡對岸弘化縣安域社。,[]
Q16_120_1584,此以下勺度在弘化縣屬灋江一條，此其上流也。,[]
Q16_120_1585,屬戶江關內村俗號渡市縣對岸，在美化縣葛川社對美化縣中村岸，弘化縣內子村筆。,[]
Q16_120_1586,山度在弘化縣筆山社，,[]
Q16_120_1587,對可未度在厚祿筆山注岸，,[]
Q16_120_1588,美化縣沛川社，,[]
Q16_120_1589,縣河沫村俗號渡筆，,[]
Q16_120_1590,對岸龍度在弘化縣達才村，,[]
Q16_120_1591,弘化縣春雷村美二通俗號渡滓，,[]
Q16_120_1592,對岸厚品大民市奇上祿縣均各度在弘化縣格村，,[]
Q16_120_1593,對岸美德可青會員務運務務務行衛運務務務司淮村對岸綴村酒村對岸，,[]
Q16_120_1594,度村在農貢縣集吉村俗號渡機，,[]
Q16_120_1595,對度在吉渡岸溪市村，,[]
Q16_120_1596,此以下屬墨江一條。,[]
Q16_120_1597,天農貢縣那村俗號渡晉亡，,[]
Q16_120_1598,度在農貢縣密光村瓢對岸帛袍村字俗號渡濟，,[]
Q16_120_1599,對岸旗田文在農貢縣美致村俗齊美度在農村美至渡號渡湓，,[]
Q16_120_1600,對岸密光村次彥貢縣濟度社對岸廣昌縣威村，,[]
Q16_120_1601,此以篆巳度在廣下屬珠江一條，,[]
Q16_120_1602,此其下流也。,[]
Q16_120_1603,川月曰縣祿龍村俗號渡榮，,[]
Q16_120_1604,對策美度在廣昌縣祿長岸，,[]
Q16_120_1605,農貢縣玉塔村元長源村對岸河羅村平辱度在廣昌縣平耨村，,[]
Q16_120_1606,三義支在廣昌縣之來對岸玉山縣東村房河巨巖村對岸玉山縣壽長度在玉山縣壽長村對岸，,[]
Q16_120_1607,曹務遠堂行業務理學製務學務務業。,[]
Q16_120_1608,其下朱奚度在玉山縣珠溪俞川，度在玉山流也。,[]
Q16_120_1609,王為沙村對岸，底村班江縣瑜川社對岸俞夏，度在玉山縣瑜度步頭村，焉及立祉對岸富厚村，喬梁餘諸州地多溪壑隨便架才以。,[]
Q16_120_1610,築無有名號，不可勝紀。,[]
Q16_120_1611,龍貢壽鐵橋，在東山縣東山社，對岸富厚村。,[]
Q16_120_1612,喬梁餘諸州地多溪壑，隨便架才以。,[]
Q16_120_1613,為火將系喬在弘化縣，重壽在厚祿縣，大車路見才關內村石木里社，長一百三十八丈。,[]
Q16_120_1614,喬在宋山縣那富求二喬， 在下廚西尺同步木陽虛，長十二尺。,[]
Q16_120_1615,十未村長九十長，喬在安舍村長上氏。,[]
Q16_120_1616,喬在農貢縣同土尺木七十五尺，二木武村長三十二尺。,[]
Q16_120_1617,盛樂喬在盛樂村，長古集喬在芭蕉村淺務務務司務局務司科空即定務定務學空司。,[]
Q16_120_1618,喬在勃興弘義二萇，喬在中外二村，而喬在木社長三尺三寸消木長十一尺。,[]
Q16_120_1619,自木東後村長七尺三寸，又一喬在前中前舊橋號棣後，長十一尺賔方二村長十五尺。,[]
Q16_120_1620,老壽在美化縣下義莊天，喬在富荻村龍秦術社長六尺六寸者，長十尺月見壽在上和村，長在美田裡村秀在廣刀布三十二尺者，長十八尺。,[]
Q16_120_1621,玉木昌縣一同玉溪村書喬在美景村春度，喬在春渡社長十七尺木長十二尺長十八尺。,[]
Q16_120_1622,正口在平和村良公，喬在良念山村爵四禾者，長十八尺月有長十六尺非者在農貢縣那土在市村，長三貢在安瓦村長四十尺者十四尺二寸有者果村長十監喬在長壽村長屯喬在。,[]
Q16_120_1623,青班村長兼三尺沙水十二尺（十二尺齋在同含社長），高喬在上村長召今喬在。,[]
Q16_120_1624,韶衛務學市務司科有市型科長三巖喬在。,[]
Q16_120_1625,黃村長守喬在。,[]
Q16_120_1626,雷陽縣剛春全市房：喬在目外村長東乍喬在，東作村長眉喬在。,[]
Q16_120_1627,務務務務務市堂制民務社長十二尺木長九尺，術長四尺木在槊山社西，喬在。,[]
Q16_120_1628,石城縣下美津東喬在，羅長四尺木社長十八尺五寸弟木石案堵二社長十八，在古濟社長二稟齋在錦三尺八寸，食方十二尺五寸水縣剛聚下石凜二覽香在家喻下攬二日喬在。,[]
Q16_120_1629,社長二十四尺寸相社長二十四尺上者福上甫方除省市外，餘分九項全年現舍下稅一萬四千四百十二元。,[]
Q16_120_1630,有二一號取鎭在城東門外富穀壯地，省市一號聚廚在城北門外壽鶴社地清南諸商奏會舖舍稠密財貨滙聚輪蹄翕集往來如織為大都会處。,[]
Q16_120_1631,此二市由法使座圖徵全年共六千三百六義一項，,[]
Q16_120_1632,剛在永祿縣一十元不在九項稅額高密社廣化府城之外鋪舍蟬聯商賈湊集市前近反打在安江舟楫停泊亦省中一都會雲定齋寨月丁二項町在瑞昆行在雷陽縣耶方在村良原縣安朗社剛海朝社,[]
Q16_120_1633,東上下四社里大富孟諸豐懿市豐懿社。,[]
Q16_120_1634,在錦水縣潭市，,[]
Q16_120_1635,在端原三項同縣廣，,[]
Q16_120_1636,在東山縣大蜀行，,[]
Q16_120_1637,在沐貞有，,[]
Q16_120_1638,在峩深行行系義莊社，,[]
Q16_120_1639,在美化縣市寰竹社，,[]
Q16_120_1640,在厚祿縣钰市玉，,[]
Q16_120_1641,在務間股財務公財社，,[]
Q16_120_1642,昌方在瑞原縣置斗有，,[]
Q16_120_1643,在東山縣每市在昊百甫里社，,[]
Q16_120_1644,銳琛木定縣剛書，,[]
Q16_120_1645,在里於方，,[]
Q16_120_1646,在雷陽縣篆方，,[]
Q16_120_1647,在富學衛務育務育理務適務務豪二刃方，,[]
Q16_120_1648,在廣昌縣堯方，,[]
Q16_120_1649,在福澤社宮市，,[]
Q16_120_1650,在村石玉甲社木上下二村裕二村昆多福據市山，,[]
Q16_120_1651,在壽上市周下周東村，,[]
Q16_120_1652,在農貢縣道市蓮社，,[]
Q16_120_1653,在河了，,[]
Q16_120_1654,在古多丁，,[]
Q16_120_1655,在衍貫方，,[]
Q16_120_1656,在玉山縣門可用市定社求外村下安孫村舉，,[]
Q16_120_1657,在錦水縣筆上，,[]
Q16_120_1658,在石城縣壽方五頂亦在外山村下美津社書，,[]
Q16_120_1659,下瑞原縣即建中孤方，,[]
Q16_120_1660,在安喬方，,[]
Q16_120_1661,在安定縣云行，,[]
Q16_120_1662,在安社求下津村矣，,[]
Q16_120_1663,丁下碩果社之下宏社不方，,[]
Q16_120_1664,在東山縣筆方，,[]
Q16_120_1665,在弘化縣守方，,[]
Q16_120_1666,在厚祿縣招司産學司學市產居司務理吳方，,[]
Q16_120_1667,在雷陽縣某方，,[]
Q16_120_1668,在廣昌縣甘，,[]
Q16_120_1669,在黎木下吳舍下社木下下椿村不米下舍村X萬方，,[]
Q16_120_1670,在農貢縣故方，,[]
Q16_120_1671,在玉山縣裁占六項下下蛾眉社刻，,[]
Q16_120_1672,在下芳池村下，,[]
Q16_120_1673,在弘化一壽村縣富油市油中社，,[]
Q16_120_1674,在厚祿縣楊市同楊舍社，,[]
Q16_120_1675,在瑞原縣青陽市在靑虔有，,[]
Q16_120_1676,在東山縣方方，,[]
Q16_120_1677,在雲內方，,[]
Q16_120_1678,在廣長陽社下訂甫舍社下仍社。,[]
Q16_120_1679,光下納村上在安定縣方，,[]
Q16_120_1680,在黎長方，,[]
Q16_120_1681,在廣昌是方，,[]
Q16_120_1682,在下司裴賀社秀下舍社書縣裴村是下農一貢縣帛峯方，,[]
Q16_120_1683,在永祿縣罷方，,[]
Q16_120_1684,在錦水縣或有一袍村美丁蓬中社考沛上社七項下在瑞原獲方，,[]
Q16_120_1685,在古凌方，,[]
Q16_120_1686,在玉守方，,[]
Q16_120_1687,在一縣剛仁里社金下都社下帶村下峩山縣同守方，,[]
Q16_120_1688,在城河主在導自向方，,[]
Q16_120_1689,在白一茂春村下二村下元村馬駒社告方，,[]
Q16_120_1690,在宋山縣大在平乃丁在都系方，,[]
Q16_120_1691,在米下下多果村本下林社者下沛社下弘一化縣關文在安定縣在延進在雷一内村裏下下羣舍村交下上社集下陽縣同河隸它方在自果玉或方，,[]
Q16_120_1692,在中域象方，,[]
Q16_120_1693,在一上村馬下駝二村出下中村書賢在廣昌縣在仁厚前有在村在祿在東山縣殺行在農貢縣枝龍村卒玉盃社木下溪市村各在廣化府至方，,[]
Q16_120_1694,在本西行有在西半市岡十下安樂村下始社有下街社生在玉山縣在曹在珠八項那原適濟房與理務務後縣同茶美上在豐符有在豐兼有在大主亭電資有理有在峩山縣矣，,[]
Q16_120_1695,在安祿亨有方在安定縣市市別務市局後司務房明司務衛材司程市谷市谷順社在雷陽縣南市同下，,[]
Q16_120_1696,在廣昌縣安快裡村市在求晦市眾社在和買市在辰念鹽浦市中。,[]
Q16_120_1697,村厚在祿縣下，,[]
Q16_120_1698,廟行在宏孟方在建，,[]
Q16_120_1699,買蓋方在弘化鹽浦社，,[]
Q16_120_1700,宜了忠社片下中社直下縣同沛澤共在中禧馮在行筆在霞社衣翊二社置不下章社本陽社去在聯在美化縣且在葵在沛市房務學學衛務學務務務學衛務堂學務房務務司善行在永黃在大原方在,[]
Q16_120_1701,宋山縣真在務房務與務務府商念舍在青上在從義在峴木有在農社上十旦社後正社弟下洲社沙下貢縣市後司務一務務局務務社市村書綏社置不下淵村有下安富村庫市，,[]
Q16_120_1702,下能改村在玉山縣屯市在域市在安泰村宮豪市有市局務有駕車堂局局務司司上村二關憑社下原縣中立村耳場社在安柄市同下在安定縣富寧村察市祿社在多廊市事社石糖市美社在盛館閣,[]
Q16_120_1703,市下留賢村在廣昌縣求市發在存禾場市場在巒市崇左在廚市念在個重市禁仁村壽紫市喻市社曹村在曹川貞市山蟒市慈光社銅鋪社在東山縣樂市在農貢縣下樂寸襟市舍社在同鐵市在市田,[]
Q16_120_1704,在求官市段在村市序市蓬下社程市越市中村侶下瑜度市度村在瑜猿市在廚市後在下市水縣在錦社太祖肇基南服其辰智謀之士挈而南者如陶維慈阮有進等多。,[]
Q16_120_1705,為了開國功臣列在祀典，散見於諸省，人言矣。,[]
Q16_120_1706,甫安定縣人，字欽文，有高才物志，云：「唐車唐德尊，辰舉於唐，第進士。,[]
Q16_120_1707,春海賦有『白雲沼』，授拾遺，每進見，敷奏詳亮。,[]
Q16_120_1708,」德尊器重之，常請誅朱泚，不從。,[]
Q16_120_1709,及德尊幸奉天，思其言，擢諫議大夫同中書門下平章事。,[]
Q16_120_1710,後因諫厚塟唐安公主事，罷為左庶子，再黜為泉州別駕。,[]
Q16_120_1711,順尊立遷泉州刺史，未幾卒。,[]
Q16_120_1712,憲尊立追贈禮部尚書。,[]
Q16_120_1713,其弟公復亦舉唐進士，官郎中。,[]
Q16_120_1714,世傳祖基在弘化縣鳳翊社，而母貧，则在山隈社，有墓在焉。,[]
Q16_120_1715,黎景興間海郡公范廷重過此，以事聞，请封為上等福神，建祠祀之。,[]
Q16_120_1716,按欽州志云：「公輔之先自天水徙南海，至其祖為欽州參軍，始貫遵化，累遷舒州剌史。,[]
Q16_120_1717,」父徙家九眞，籍愛州日南縣。,[]
Q16_120_1718,據此則公輔是欽州人。,[]
Q16_120_1719,然考之唐書列傳、宰相年表及大清一統志諸書，皆云公輔是本國愛州人。,[]
Q16_120_1720,則欽州私志所傳未必準信。,[]
Q16_120_1721,或者入仕堯美化縣後家於欽，故墓亦在欽歟？,[]
Q16_120_1722,之秀表日人魁梧奇偉，勇力絕倫。,[]
Q16_120_1723,弱冠，辰遊梁江遮中輪村，有名佐力者，亦有勇力，又自恃多，人欲奪古碑村地分，古碑村不能敵。,[]
Q16_120_1724,奉曉聞之，怒甚，謂古碑曰：「爾直彼曲，我姑救之，須一飽食，然後與戰。,[]
Q16_120_1725,」眾喜甚，大排盛饌二十餘盤，食盡，摩腹而。,[]
Q16_120_1726,起會中，輪佐力率眾來戰，未有刀杖，乃奮然往，以手拔苗芽一叢，連莖帶根趨來夾戰。,[]
Q16_120_1727,佐力抵敵不住，敗走，乃追擊之，斃傷不可勝計。,[]
Q16_120_1728,自此名藉甚。,[]
Q16_120_1729,李太祖聞之，召為武衞將軍，太尊立三王構變，命率衛士討平之。,[]
Q16_120_1730,太尊勞之曰：“吾聞尉遲敬德匡君之難，每謂後世人臣無可比者，今日卿之忠勇過於敬德遠矣。,[]
Q16_120_1731,”拜都統上將軍。,[]
Q16_120_1732,後從太尊征占城，有大功，辭不受賞，但願得上冰山遠擲大刀墜官田內，貽以作業。,[]
Q16_120_1733,帝從之，遂登山嶺，一擲十餘里，刀墜多縻鄉裏，即以此賜之。,[]
Q16_120_1734,又詔以公田十餘畝賜為業田，永蠲稅例，使世世子孫奉其香火。,[]
Q16_120_1735,年七十三卒，人奉以爲神。,[]
Q16_120_1736,本朝明命四年從祀，历代帝王廟。,[]
Q16_120_1737,嗣德年間，翼宗英皇帝御製擲刀歌雲：「擲刀税何人？,[]
Q16_120_1738,先起例，共傳奉晓。,[]
Q16_120_1739,」黎將軍當日威風眞絶世，爲王前驅，征占夷擒逆賊王，奏凱歸，不願封侯與重賞，旦願鄭刀作園池。,[]
Q16_120_1740,冰山山上絶嶺，立一擲大刀里餘十多縻鄉裏，起君家公稅，從茲免供給。,[]
Q16_120_1741,不惟此事已高強，少年自昔已異常。,[]
Q16_120_1742,一飲數斗，拔樹擊力，服兩村爭界疆，又提一劍誅九條八三王反掌之間定閭墙，翊扶龍德正王位，尉堂局務務堂局堂房務創堂局育務務，後動堂創務園刀復一劍千東冬之。,[]
Q16_120_1743,大東山縣人陳天應、政秋勳、業艷臣、秀仁、平丁未科舉榜眼。,[]
Q16_120_1744,官市民，市居境院房園監修著《大越史記》。,[]
Q16_120_1745,秀求梅峰，朱安之門弟也。,[]
Q16_120_1746,陳明尊朝以文學進用，歷官僕射，遷尚書右弼。,[]
Q16_120_1747,八行遣崇正道，黜異端。,[]
Q16_120_1748,文學與范師孟。,[]
Q16_120_1749,翼宗英皇帝御製詠史詩雲：「名都僻巷半招提，蔽障齊名世稱黎范。,[]
Q16_120_1750,」滋深孰點迷？,[]
Q16_120_1751,幸有一碑明終。,[]
Q16_120_1752,角括之子陳睿正道，朱門高第企昌黎秀木尊辰為父。,[]
Q16_120_1753,安宣撫使占賊寇，乂安桷為其所獲，逼令拜桷。,[]
Q16_120_1754,曰：「我大國臣，何拜汝為賊？,[]
Q16_120_1755,」怒殺之。,[]
Q16_120_1756,桷罵不絶口。,[]
Q16_120_1757,事聞，贈罵賊忠武侯。,[]
Q16_120_1758,翼宗英皇帝御製詠史詩雲：「季世文恬武不修，疲軍一潰竟難收。,[]
Q16_120_1759,惟將寸舌欺召十東山縣人陳彊虜留得人稱罵賊侯。,[]
Q16_120_1760,音裕尊辰為諒務明衛務創務運務院衛商測房職，軍中為之語曰：『天不知冤，韶公失官及治裝將歸，又為語曰：韶公之歸，使我心悲。,[]
Q16_120_1761,』朝廷聞之，復其官。,[]
Q16_120_1762,又為語曰：『天知其冤，韶公得官。,[]
Q16_120_1763,』求幾卒所，在東義永祿縣人。,[]
Q16_120_1764,祖父皆仕陳，立祠祀之。,[]
Q16_120_1765,巳清貞為上將軍，渴眞於順尊品堂務衛安創金務明堂居司商居局務品濟質局司將軍封武節關內侯。,[]
Q16_120_1766,及胡季將篡陳，與太保陳沅謀刺客范牛麟，誅之未果。,[]
Q16_120_1767,事泄，均過害。,[]
Q16_120_1768,臨刑辰於頓山，大號三聲。,[]
Q16_120_1769,卒踰三日，面色發白，院務仍無所動，犹生蠅蚋不敢集。,[]
Q16_120_1770,史臣黎嵩以為正氣猶存。,[]
Q16_120_1771,翼宗英皇帝御製詠史雲：「慷慨平胡邁太師，陳朝大廈冀撐持，未聞市上全家哭，忍使樓頭一劍遲」。,[]
Q16_120_1772,弘化督學汝伯仕詩雲：「三世兵符一代英，逢辰頽墜苦友撐，權姦蔽日豺斯問，寇敵漫天蠆亦攖營外，蓬莪輕逸死樓頭，牛膝重捐生頓山」。,[]
Q16_120_1773,山上號聲咽散作悲風萬古鳴。,[]
Q16_120_1774,父安進士阮春溫詩雲：「將軍貞烈負剛腸，報國忠路衛迎房，務商創創司王陳家十世綱常重頓嶺，千秋俎豆香」。,[]
Q16_120_1775,元月一假使當年廿事賊安能，古廟永雷芳。,[]
Q16_120_1776,弘化縣人陳末季犛僭位服蒲黃色，甫上青書直斥之，以草澤之士氣節昂昂，視裴夢花為尤烈。,[]
Q16_120_1777,按夢花史不詳其居里出身，藝尊辰上書直言季聲覬覦之意，尋隱遁不出，後不知黎終隻東山縣人。,[]
Q16_120_1778,本姓阮，幼孤貧自賣所終委秀為奴，常牧牛於黃山晝夜間。,[]
Q16_120_1779,陳末明人政苛民苦之，隻結集州里倡義築壘於黃嶢山洞居焉，因山為城，借江為池，有兵千餘，號令行於東山農貢玉山數縣。,[]
Q16_120_1780,明人攻之不克，辰黎太祖起兵藍山，使人招之，問以兵事虔請先，八父安據琴彭砲撫順攻逆，然後徐出東都，则大事可成。,[]
Q16_120_1781,太祖然之，進取父安城，拜隻八內少尉。,[]
Q16_120_1782,遂出清化，以次下東都，皆隻之始謀也。,[]
Q16_120_1783,賜以國姓，太尊紹平中八為化州總管，破占城，威振南陲，遷八內都督，參預朝政。,[]
Q16_120_1784,太和六年卒，贈司空，平章事。,[]
Q16_120_1785,程舜俞撰神道碑，稱其立志之堅，見事之早，運籌之熟，應變之速，功名滿邊郡，事業滿朝廷。,[]
Q16_120_1786,史缺本朝嘉隆元年，列爲定育務司務房務房務適房與務務終之憂。,[]
Q16_120_1787,雷陽縣人，少有文名，及太祖起義，往從之。,[]
Q16_120_1788,八侍帷幄，運籌決勝，順天初封鄉上侯。,[]
Q16_120_1789,紹平二年，討琴貴檻逸京師，後以諫言黎察之冤，降僕射，尋拜太傅。,[]
Q16_120_1790,文靈有氣節，其邑有虎患，為書責之，虎皆遠去，人比之韓愈。,[]
Q16_120_1791,馴鱷魚雲。,[]
Q16_120_1792,歷事三朝，廟堂議論多所建明。,[]
Q16_120_1793,卒年七十二，本朝嘉隆元年，列爲黎開國功臣第一，復其後裔一人主祀事，族內二人爲洒夫文靈後裔。,[]
Q16_120_1794,景徽弘毓能讓，皆貴顯。,[]
Q16_120_1795,景徽鴻德，戶部尚書，後加太傅，建郡公。,[]
Q16_120_1796,弘毓鴻一德，初從征占城，有功，歷官太保，封郡公，卒贈陳國公。,[]
Q16_120_1797,能讓鴻德，初從征哀牢，參贊戎幕，尋充北使兼掌六部事務。,[]
Q16_120_1798,後愛令豐瑞原縣人，遺詔立威穆加太師裕國公。,[]
Q16_120_1799,秀龍，黎太祖外甥也，本姓丁，後賜國姓，與弟列首從太祖起義。,[]
Q16_120_1800,太祖軍於至靈山，為明人所襲，禮與帝潛棲山上，糧絶不舉火，賊退，復築壘於藍。,[]
Q16_120_1801,山可畱關之戰，與黎察。,[]
Q16_120_1802,黎問身先陷陣，擒明都司朱傑，斬前鋒將黃成，進司空引兵襲西都城。,[]
Q16_120_1803,峯洞之戰，與黎篆大破明師，斬尚書陳洽，內官李亮及士卒五萬人。,[]
Q16_120_1804,厥後扶烈之戰，明將王通見禮兵少，率精銳夾擊之。,[]
Q16_120_1805,禮乘象力戰，陷於淖中為所執，不屈而死。,[]
Q16_120_1806,本朝嘉隆元年，列為黎開國功臣第一，復其後裔一人主祀。,[]
Q16_120_1807,黎禮之弟，追隨行陣屢著戰功，支稜關事多及之戰，殺明將柳昇，封亭上侯。,[]
Q16_120_1808,八內司馬參預朝政，紹平元年，佔人擾邊，討平之。,[]
Q16_120_1809,延寧未與黎熾謀誅宜民逆黨，聖尊嘉其功，進封開府儀同三司平章軍國重事，八內太傅，亞郡公。,[]
Q16_120_1810,復與黎凌攻破琴蠻，進太師，輔政。,[]
Q16_120_1811,鴻德元年，從征占城，與黎念進克閣槃城。,[]
Q16_120_1812,二年卒，追封穆王。,[]
Q16_120_1813,本朝嘉隆，列為黎開國功臣第一，復其後裔一人主祀。,[]
Q16_120_1814,事明命四年，從祀歷代帝王廟。,[]
Q16_120_1815,翼宗英皇帝御製詠史雲：「外則君臣內舅甥，同心攀附。,[]
Q16_120_1816,弟兼兄，身經百戰，匡王業，屢破明師，矧狄兵之雷陽縣人，從黎太祖起義兵，宰洞之秀多，戰與黎禮大敗明師。,[]
Q16_120_1817,」扶烈之役，為明將王通襲瑞原縣人，有智勇，從太祖起擊，陷於陣。,[]
Q16_120_1818,秀多兵多戰功，可畱關之戰，大破陳智山壽軍，進圍父安城，進少尉，尋加司馬，又破明師於。,[]
Q16_120_1819,支稜關斬柳昇，生擒都督崔聚、尚書黃福及軍士三萬八千餘人，進司寇、平章軍國重事，封縣上侯。,[]
Q16_120_1820,順天六年，進司徒，受顧命輔太尊紹平元年，以元勛居首相，無學術暗於大體，嘗以私憾黜鄭可殺，黎仁澍罷斥裴於臺、裴擒虎等為御史，丁景安所劾罷，歸賜死。,[]
Q16_120_1821,太平年間，追給官田一百畝。,[]
Q16_120_1822,鴻德十五年，追贈耿終。,[]
Q16_120_1823,斗瑞原縣人，黎太祖仲兄之子也。,[]
Q16_120_1824,雅國公秀鬼量寡言笑，常從太祖征伐，有功。,[]
Q16_120_1825,順天三年，鎮化州，集流亡，勸農柔訓士卒，固封守，占人畏而敬之。,[]
Q16_120_1826,貢使先問安否，尋以太原石林賊起，命討平之。,[]
Q16_120_1827,太尊立陞八內司馬，參知政事兼知西道諸衞軍，從征哀牢，進都督，參預朝政。,[]
Q16_120_1828,後以事落職。,[]
Q16_120_1829,太和元年，起八內少尉，知乂安府事，政平獄理，又命與黎慎、黎熾八征占城，既至，賊傳呼曰：“此來非司馬公乎？,[]
Q16_120_1830,”魁免胄示之，賊眾羅拜，遂攻破閣槃城，擒其主賁該師還，卒於南界海口龍吟山下，贈八內大行，遣太尉贊國公。,[]
Q16_120_1831,父安民追思其德，立祠於龍吟山下。,[]
Q16_120_1832,光順年間，追封召徵王。,[]
Q16_120_1833,命文臣阮如堵撰碑文，勒石於山祠。,[]
Q16_120_1834,本朝明命四年，從祀歷代帝王，乞司瑞原縣人，初從太廟，十六年，從祀武廟。,[]
Q16_120_1835,功預在第一，又受遺詔輔政。,[]
Q16_120_1836,紹平三年贈太保鴻德。,[]
Q16_120_1837,十五冬裡瑞原縣人，本姓阮，賜國姓。,[]
Q16_120_1838,年贈鎮郡公，為丑初。,[]
Q16_120_1839,從太祖領兵討賊，殿十戰，屢建大功。,[]
Q16_120_1840,順天三年封鄉上侯。,[]
Q16_120_1841,紹平初，為黎察所忌，出爲清化路都統管。,[]
Q16_120_1842,後召爲大尉兼知西道諸衛軍，尋卒。,[]
Q16_120_1843,�鸿德十五年贈太師裕國公。,[]
Q16_120_1844,本朝嘉隆元年列爲黎開國功臣第二，復其後裔之安瑞原縣人。,[]
Q16_120_1845,從太祖起一人，主祀事多。,[]
Q16_120_1846,兵可留關之戰，先登破敵。,[]
Q16_120_1847,新平順化之役，與陳元扦進討，連拔二城。,[]
Q16_120_1848,昌江之圍，與范問等擒獲崔聚等。,[]
Q16_120_1849,順天元年封亭上侯，平章軍國重事。,[]
Q16_120_1850,紹平元年討諒山鎭賊有功，加八內大司馬，卒。,[]
Q16_120_1851,贈司空。,[]
Q16_120_1852,鴆德十五年贈恪郡公。,[]
Q16_120_1853,安爲人忠勇，接士夫以禮。,[]
Q16_120_1854,惟諒山之役，搜捕太刻擾及軍民，識者非之。,[]
Q16_120_1855,本朝嘉隆元年列爲黎開國功臣真瑞原縣第二，復其後裔之一。,[]
Q16_120_1856,主祀事秀人以漁一爲業，一日拋網於藍江，得一古劍，長尺餘，帶回家置之暗處。,[]
Q16_120_1857,適他出，黎太祖往其家，見家中有光氣，問之其妻，以事對。,[]
Q16_120_1858,帝取觀之，認篆一字，知是天賜神劍，復命藏之故處。,[]
Q16_120_1859,他日帝於榕樹上得一劍柄，合于此劍尺寸不差，愼異之，遂傾心從之，追隨征伐，累著勞績。,[]
Q16_120_1860,順天元年知北道諸衞軍事，太和初進司空。,[]
Q16_120_1861,平章事後為都督，伐占城，卒贈縣上侯。,[]
Q16_120_1862,鴻德十五年贈太傅。,[]
Q16_120_1863,冬瑞，原縣人，首從黎太祖起兵，稱弘郡公。,[]
Q16_120_1864,秀及為平定王，軍至靈山，辰兵少勢孤，屢為明師所逼。,[]
Q16_120_1865,帝問諸將曰：「誰能以身代我出攻西都？,[]
Q16_120_1866,」使爲賊所攜，我因休兵收集軍士以圖後舉者，來請自當之。,[]
Q16_120_1867,遂領兵至西都城，挑戰，自稱為平定王。,[]
Q16_120_1868,明人悉眾圍之，執歸殺之。,[]
Q16_120_1869,於是皆傳言平定王巳死，明人不以爲意，故帝得休養數年，遂成帝業。,[]
Q16_120_1870,順天元年贈太尉。,[]
Q16_120_1871,本朝嘉隆元年列爲黎開國功臣第一，復其後裔一人主祀事。,[]
Q16_120_1872,族內二人爲洒夫翼宗英。,[]
Q16_120_1873,皇帝御製詠史雲：「至靈山下四山幽，自著黃袍誑楚猴。,[]
Q16_120_1874,他日東都新社稷，肯敎紀信獨安劉。,[]
Q16_120_1875,」冬心來之孫，林之子也。,[]
Q16_120_1876,林從太祖征哀牢，秀死於陣。,[]
Q16_120_1877,念以世臣歷官八內都督，平章軍國重事。,[]
Q16_120_1878,鴻德元年從征占克閣槃，擒其主茶全，以歸賜寔封三百戶，復命爲平戎將軍，攻占破蠻，數立大功，加少傅，封靖國公。,[]
Q16_120_1879,制云：「一門忠孝，憐乃祖乃父之死，綏謂來及林也。,[]
Q16_120_1880,」十六年卒，贈太保。,[]
Q16_120_1881,念敭歷幾三十年，舊德碩望，輔益弘多，一代賢。,[]
Q16_120_1882,本朝明命四年從祀，歷太祖之姪。,[]
Q16_120_1883,少好讀書，智勇絕代，帝王廟秀石倫，從帝起兵，追隨征伐，所向克捷，功冠三軍，及攻哀牢，包。,[]
Q16_120_1884,良瑞，原縣人，從申伏籤而卒，贈忠武王。,[]
Q16_120_1885,秀僉太祖起義兵，可留關之戰，父安城之圍，戰功最多，封亞上侯。,[]
Q16_120_1886,紹平初為輔相，尋以事賜死。,[]
Q16_120_1887,太和中，給還官田百畝。,[]
Q16_120_1888,鴻德，乃丁永祿縣人，少有勇略，年十五年贈太傅。,[]
Q16_120_1889,奠口十八，往耕牧，明將見之，收以爲奴。,[]
Q16_120_1890,久之，相曰：“此兒龍形虎眼，勇冠三軍。,[]
Q16_120_1891,”他日必秉旄節，俄又曰：“他日逐我者爾也”，將殺之，可懼遁去。,[]
Q16_120_1892,聞黎太祖起兵藍山，仗劍赴房質務，房質務堂上將軍太尊，朝受顧命，立仁尊加八內司馬，一郡上侯。,[]
Q16_120_1893,占城寇邊，可提兵討平之，進八內太尉，平章軍國重事，國上侯。,[]
Q16_120_1894,辰仁尊方幼，可一日進朝見雲集堂，有獵綱，命撤去之，曰：“無啓主上，他日之禽荒也。,[]
Q16_120_1895,”可性直亮知，無不言，用一法太嚴，無所畏避，或有譖其父子結黨，太后怒殺之，其子括亦遇害，天下冤之。,[]
Q16_120_1896,及仁尊親政，追復官爵，給祀田百畝。,[]
Q16_120_1897,鴻德十五年，追封顯慶王。,[]
Q16_120_1898,次子公路公旦公吳以下，人皆貴顯。,[]
Q16_120_1899,聖尊詩十鄭弟兄，皆貴顯。,[]
Q16_120_1900,美其福祿之盛也。,[]
Q16_120_1901,本朝嘉隆元年，列爲黎開國裒百瑞原功臣第二，復其後裔一人主祀事相。,[]
Q16_120_1902,縣人從太祖起兵，累立戰功，馬鞍山之戰，斬獲柳昇權，功居首。,[]
Q16_120_1903,子爛亦以軍功竝封國公，賜國姓，爲黎朝開國功臣。,[]
Q16_120_1904,卒後封福神，今。,[]
Q16_120_1905,所在之魯，敘社有祠祀之。,[]
Q16_120_1906,本朝初賜其族饒廕一人，元友雷陽縣事，黎太祖十餘年，艱险备嘗。,[]
Q16_120_1907,順天四年，如明求封，及還，奉使如占，責以不修職貢，占人從之，卒了贈太保，誠國公，茂宣乃其後也。,[]
Q16_120_1908,詳見奠克復雷陽縣人，顯慈皇太后之姪，从太祖起義，累立戰功。,[]
Q16_120_1909,順天初封功臣，卒贈太尉，安國公，惟悛惟僚皆其。,[]
Q16_120_1910,乃歲之安定縣人，少頴異常，與後也。,[]
Q16_120_1911,辯見奠錢五六童子，戲作土象，以蝴蝶為耳，水蛭為鼻，田蠏為足，能行動宛如真象，人皆異之。,[]
Q16_120_1912,及長，博學多能，以文章名天下。,[]
Q16_120_1913,黎太尊大寶壬戌科舉同進士，年已六十餘，乞辭歸。,[]
Q16_120_1914,太尊笑曰：「老年登第，何故乞辭？,[]
Q16_120_1915,」將不樂仕進乎？,[]
Q16_120_1916,對曰：「臣志在三魁，今不獲如意，請辭歸學，待舉。,[]
Q16_120_1917,」帝大笑戲之曰：「来科若中魁元，我有公主，今年十一，即以妻之。,[]
Q16_120_1918,」至仁尊太明市商府務和衛堂成，與局質司辰鐵長年已七十，而公主纔十七矣。,[]
Q16_120_1919,後與狀元阮直北使，適北朝有會科，命諸國使臣與北朝舉人均入試。,[]
Q16_120_1920,鐵長行文始得半篇，私謂阮直曰：「今番奪得先籌，惟我與兄耳。,[]
Q16_120_1921,觀我文詞有起鳳騰蛟之勢，吾兄未易與爭。,[]
Q16_120_1922,第兄是狀元，弟是榜眼，今如壓倒，则我国王必被選擇不精之誚。,[]
Q16_120_1923,」乃於文中有「南之舟北之馬」句，即塗內。,[]
Q16_120_1924,馬字改補「馬」字於外，只寫三點及有司衡文，宜狀元。,[]
Q16_120_1925,但見寫「白」一字，以「北馬」為三足，蹶馬有輕慢中國之意，遂黜居榜眼，許直狀元竝賜榮歸。,[]
Q16_120_1926,其所頒馬繫一前足，使上鞍進程，否則責留中國。,[]
Q16_120_1927,鐵長生得一計，急遣行人造一木片狀似馬足，加以索纏之，撐起乃痛加鞭打，這馬三足奔馳，一足與之相依賴以不墜，過一里許。,[]
Q16_120_1928,北朝嘉其應變機略，卽命解其縻足，與阮狀元依次而行。,[]
Q16_120_1929,歸國後仕至工部尚書，川其永祿縣人，鴻德中榜眼，仕市局房、商市院務前局務房，司翰林院事。,[]
Q16_120_1930,預騷冬尋或永祿縣人，黎鴻德閒壇二十八宿秀言方，征占城圍閣槃城壽域先登，擒獲占主茶全歷，授征爽將軍，領五道軍征盆蠻取老撾地，加平章軍國重事，仕至太尉。,[]
Q16_120_1931,乙司弘化縣人，,[]
Q16_120_1932,仕黎順平年間，,[]
Q16_120_1933,與即局房員衛房房局房局務局司務莫敬典率戰船三百艘由神符海口來侵，,[]
Q16_120_1934,佑同率勇士乘夜將船五艘直衝賊船，,[]
Q16_120_1935,出其不意斬殺甚眾，,[]
Q16_120_1936,敬典僅以身免，,[]
Q16_120_1937,收獲戰責長曰路有登里前空市民務務堂務務堂務委安局園司化鎮畱守，,[]
Q16_120_1938,加封太保，,[]
Q16_120_1939,及卒贈太傅衛國公。,[]
Q16_120_1940,言龜令東山縣人，黎瑞慶間舉進士，官吏部右龜齒侍郎，奉使如明及回，莫登庸已僭位，龜齡。,[]
Q16_120_1941,詆罵極口，至龍耳橋投河而死。,[]
Q16_120_1942,中興後，加封福神良黎聖尊。,[]
Q16_120_1943,長房局務、司商務、安務、務安務創、遂尊室功臣，文郎與焉。,[]
Q16_120_1944,乃逃回，密與尊室大臣黎能謹舉義師，誅黨惡，立襄翼帝。,[]
Q16_120_1945,鴻順二年，封義國公，尋進輔國丞相，上宰。,[]
Q16_120_1946,及卒，贈義勳王，塟祭用王者禮，鑄金為像。,[]
Q16_120_1947,乃僉永祿縣子弘裕，亦有戰功，封安和侯。,[]
Q16_120_1948,奠求人少孤貧，性至孝，牧牛於鳳山，或盜人雞鵝以供母，及長雄勇出眾，有莫臣養之，使牧馬，日常習騎，以故熟知良馬，乃盜其馬逃居錦水縣古瀨。,[]
Q16_120_1949,冊莫氏索之弗獲。,[]
Q16_120_1950,辰我筆祖靖皇帝立，黎莊尊知檢才識過人，以次女玉寶姜之夾輔莊尊，率兵討莫，破之於雷陽，封太師諒國公。,[]
Q16_120_1951,中尊立，莫敬典引兵入寇，檢分諸將禦之，生擒莫將數十人。,[]
Q16_120_1952,中尊崩，無嗣，檢謀與諸大臣迎立英尊，屢率軍大破莫兵，進上相太國公。,[]
Q16_120_1953,及卒，追封大王。,[]
Q16_120_1954,其後子孫世襲，凡十二世，與黎克復之孫也。,[]
Q16_120_1955,仕黎光紹相，為存亡奠州，恒末封涖國公，鎮清化。,[]
Q16_120_1956,黎帝出幸，留皇子寧於西都，命惟悛保護之。,[]
Q16_120_1957,及莫登庸僭位，惟悛與弟惟燎抱皇子寧奔避哀牢，會我肇祖靖皇帝訪求黎後，惟悛奉迎皇子，卽位是爲莊尊。,[]
Q16_120_1958,元和元年，惟悛雷守清化上游，招集兵馬。,[]
Q16_120_1959,以圖恢復，十年卒贈上將軍。,[]
Q16_120_1960,本朝明命四年，從祀歷乃圭惟悛之弟也。,[]
Q16_120_1961,有志操，能文，代帝王廟奠巾章，與其兄擁立莊尊元和初。,[]
Q16_120_1962,奉使如明，辰莫氏已據昇龍道，阻惟僚乃與十人泛海自廣南附廣東商船，二年方至。,[]
Q16_120_1963,燕陳禍亂始末，乞興師問罪，明人疑其詐，固誥之。,[]
Q16_120_1964,惟僚作書數千言，以申包胥張良豫讓自比，讀者悲之。,[]
Q16_120_1965,明帝乃命咸寧侯仇鸞總督軍務，毛伯溫為參贊往討。,[]
Q16_120_1966,莫氏未幾，伯溫受莫賂，上書於明乞緩師，明帝許之。,[]
Q16_120_1967,乃雷惟療於廣東，不知所終。,[]
Q16_120_1968,惟僚功雖不成，而志氣激烈，震於殊域。,[]
Q16_120_1969,黎貴惇類語雲：「天下之大才大忠大勇，僚皆得之。,[]
Q16_120_1970,」翼宗英皇帝御製詠史雲：「兄弟閒關護嗣兒，卒能協定中興基。,[]
Q16_120_1971,包胥痛哭歸何處？,[]
Q16_120_1972,曾是中花不若夷，終受來弘化縣人。,[]
Q16_120_1973,"」

黎恭帝辰官上宰，及莫秀作氏僭位，俊傑退歸清化，召集兵馬以圖討賊。",[]
Q16_120_1974,登庸使人將金帛誘降，封以王爵。,[]
Q16_120_1975,俊傑大怒，罵曰：「登庸逆臣，天地不容。,[]
Q16_120_1976,我欲啖其肉，豈絕見其面乎？,[]
Q16_120_1977,」乃斬其使，興兵討之。,[]
Q16_120_1978,後為莫所敗而死。,[]
Q16_120_1979,中興後，封上等福神。,[]
Q16_120_1980,翼宗英皇帝御製詠史雲：「卑辭厚幣未如何，金石聲聲永不磨。,[]
Q16_120_1981,螳臂拒輪雖莫敵，義旗一片共山制。,[]
Q16_120_1982,」堂務務務房房務堂堂務創務房伯驪遂勒所部拒。,[]
Q16_120_1983,破莫兵又帥山南、山西二道眾萬三千餘，詣清化歸款，迎黎中尊至萬賴行營，規圖恢復。,[]
Q16_120_1984,中尊厚加慰納，授平章軍國堂局民房務、育務房務、武僞官歸附。,[]
Q16_120_1985,一辰謀臣猛士盡挈而西，莫勢由是日弱。,[]
Q16_120_1986,黎兵大振。,[]
Q16_120_1987,及卒年八十二，追封義翼宗英皇帝。,[]
Q16_120_1988,御製詠史雲：拔勇兼優，莫將雄幾番扶戴。,[]
Q16_120_1989,公定彼頑童，窮途反噬，方歸正招叛，難償助虐功。,[]
Q16_120_1990,之後樂厚祿，縣人黎元和初累立戰功，封壽郡公。,[]
Q16_120_1991,獄率舟師百餘艘，由神符海口前進，駐營金山。,[]
Q16_120_1992,師爍與范篤率兵拒之，擒壽郡公平清水公。,[]
Q16_120_1993,上心敬典驚遁。,[]
Q16_120_1994,正治三年，又破莫兵於雷津江，進太傳。,[]
Q16_120_1995,又與賴世卿敗莫敬典於安定縣，師還。,[]
Q16_120_1996,尋員宋山縣人經歷行禪，討莫有功，封卒刺世卯安郡公。,[]
Q16_120_1997,正治年間，與武師爍分鎮海門，尋歸守安場府，累破莫兵，論功進太傅，卒贈謙國公。,[]
Q16_120_1998,本朝嘉隆元年，列為黎中興功臣第二，復其後可等。,[]
Q16_120_1999,篆錦水縣人瑞郡公，X裔一人主祀事下言示仁政之子，以世閥典兵，累從征伐有功，封麟郡公。,[]
Q16_120_2000,黎正治年閒，鄭檜之變，與黃廷愛協謀拒敵，陞右軍營副將。,[]
Q16_120_2001,光興中粉上之戰，大破終義。,[]
Q16_120_2002,黎朝之外孫，莫兵封少討卒，贈太尉秀。,[]
Q16_120_2003,"Also note that ""X"" seems to be a placeholder for a name or title; it should rema",[]
Q16_120_2004,in as is according to the critical rule.之閒，,[]
Q16_120_2005,郡縣響應，,[]
Q16_120_2006,兵數萬，,[]
Q16_120_2007,軍聲大振。,[]
Q16_120_2008,登庸擊之，屢敗意，遂進屯西都城，立行營於義路社。,[]
Q16_120_2009,莫兵至，意奮身令諸將曰：“今日遇敵不戰，何以興復黎朝乎？,[]
Q16_120_2010,”諸將聞，皆感激，力戰，斬莫兵萬餘。,[]
Q16_120_2011,意以屢破莫兵，志得心驕，退屯榔州，不為備。,[]
Q16_120_2012,莫兵乘虛襲殺之，眾皆潰散。,[]
Q16_120_2013,翼宗英皇帝御製詠史有雲：“進退椰州由器小，千秋仍尚此元河。,[]
Q16_120_2014,”靜石河人制科阮宏詞之忠肝，及木後也。,[]
Q16_120_2015,遷居瑞原，遂籍焉，以行X陣出身。,[]
Q16_120_2016,黎中興後，討賊有大功，官特進輔國上將軍，卒贈太保詳郡公。,[]
Q16_120_2017,景興年閒，其孫廷碩廷麗均官至都督。,[]
Q16_120_2018,廷麗於僞西之變，與戰於國威，不敵，飲藥死。,[]
Q16_120_2019,廷碩棄官遁去，不知所終。,[]
Q16_120_2020,其後裔延普亦元氏誠國公。,[]
Q16_120_2021,汝覽之後，以武功顯同見臣旨也。,[]
Q16_120_2022,有學識，順平初參籌戎幕，屢著勳勞。,[]
Q16_120_2023,及莫平，陞吏部元尚書，封瓊郡公，卒年八十二，贈少師六沙一東山縣人文學優長。,[]
Q16_120_2024,順平年閒，莫氏僭據昇龍，黎帝避居於安場行在，特設制科以取士。,[]
Q16_120_2025,沂應舉，舟行過魯賢江，夜聞漁人歌曰：“邊龍清永沒輪固，翁漁父別情。,[]
Q16_120_2026,”麻崔及八場場官命題以國子詩，場中皆作，為國子監。,[]
Q16_120_2027,沂獨作，為水潮日有句云：“江湖寂寞無人問，唯有漁翁識得情。,[]
Q16_120_2028,”場官閱批神句，及放榜，一甲第二名歷。,[]
Q16_120_2029,官吏部侍郎世尊沖年嗣位，沂八侍經筵造就之功居多。,[]
Q16_120_2030,卒贈工部尚書，封福神子愷，以滅莫功爵登郡公。,[]
Q16_120_2031,卒亦封福神秀。,[]
Q16_120_2032,翟季雷陽縣人。,[]
Q16_120_2033,嘉泰丁酉制科第一甲出身，歷官吏部尚書，進拔賢才，振整法度，數一：,[]
Q16_120_2034,民定有務務局務衛院務創務司房司（C）務民務務民創務念創實局司務創務務商商與務員務商業戎幕多著勳績。,[]
Q16_120_2035,卒贈曹郡公。,[]
Q16_120_2036,今邑人立祠祀之。,[]
Q16_120_2037,本朝嘉隆二年列爲黎中興刻手寶美功臣第二，復其後裔一人主祀事。,[]
Q16_120_2038,金為化縣人。,[]
Q16_120_2039,弘定二甲廷元進士，歷官吏部侍郎，元永祚初以靖內難功進戶部尚書祿郡公。,[]
Q16_120_2040,瑞原縣人。,[]
Q16_120_2041,景治進士，歷官兵刑二部尚冠儒書冠儒乃挽河社人。,[]
Q16_120_2042,辰與黎僖同居政府，僖忌刻而冠儒寬厚，故人爲之謠曰：「尚書黎僖天下愁悲，參從挽河百姓謳歌」。,[]
Q16_120_2043,年七十致仕，卒善東山縣人。,[]
Q16_120_2044,舉甲辰科同進士，歷一贈公爵。,[]
Q16_120_2045,黍信仕至兵部尚書伯爵，卒贈策郡音名琴甲第三名。,[]
Q16_120_2046,仕至參政奠禾縣人，一舉黎永佑第一甲元文農貢縣人。,[]
Q16_120_2047,正和會元一名，仕至侍郎，俊進士，歷官都御史獻治平策，累遷至參政，農郡公。,[]
Q16_120_2048,卒封福神子。,[]
Q16_120_2049,倧亦登景興癸亥科會元進士，仕至郡公。,[]
Q16_120_2050,今其一子孫世世登科，可力安定。,[]
Q16_120_2051,縣人幼聰慧，兼有市務、局務、司務務務與局有學行，民錢買曆書，勳就鋪取曆，看過一遍，即持錢去，盡以買餅啖之，空手而歸。,[]
Q16_120_2052,父問之，對曰：「已熟了，不必買也。,[]
Q16_120_2053,」問錢以食餅，對父奇之，使人買一一曆書。,[]
Q16_120_2054,試令背讀，不差一字。,[]
Q16_120_2055,十五歲頒鄉薦，連登一甲第二名，歷授戶部侍郎。,[]
Q16_120_2056,會清化有一警出，為西道大將軍，凱還，進兵部尚書，徽郡公卒，贈辰口東山。,[]
Q16_120_2057,縣人幼穎慧，四五歲，辰太傅一辰口有號勃生，其父使就學於邑中。,[]
Q16_120_2058,老師師方飲戲，雲兒能對，師始敎命酒字對燈字，命川字對目字，燈俗字從火從丁，酒從水從酉，目字橫看是四川字，橫看是三，皆兩對也。,[]
Q16_120_2059,師曰：「寧馨兒，不敢義，乃使就學於達者。,[]
Q16_120_2060,」纔入門，見學徒方作漢王如榮陽詩，辰中援筆代草云：「巴蜀安能鬱鬱居滎陽？,[]
Q16_120_2061,」八月漢王如達者見而異之，曰：「此天才，何必學！,[]
Q16_120_2062,」八歲自取書，,[]
Q16_120_2063,遍覽著為五經、,[]
Q16_120_2064,四書、,[]
Q16_120_2065,諸史文略，,[]
Q16_120_2066,十四歲中鄉貢，,[]
Q16_120_2067,入國學辰榜眼，,[]
Q16_120_2068,黎貴惇何尊勳，,[]
Q16_120_2069,黎如權均以文學爲南朝虎臣，,[]
Q16_120_2070,常鬬文如權累殿，,[]
Q16_120_2071,辰中請代草之，,[]
Q16_120_2072,四五期第一，,[]
Q16_120_2073,遂共推爲上友，,[]
Q16_120_2074,名振京師，,[]
Q16_120_2075,爲四虎冠。,[]
Q16_120_2076,及庭試，代爲貴惇之子貴傑行文，果然預魁選事得覺罪，往配廣安。,[]
Q16_120_2077,辰人有句云：「辰中送配振東海之文波，後蒙恩赦，奉」。,[]
Q16_120_2078,命往誘海賊，不屈，投於白藤江，歷而死。,[]
Q16_120_2079,辰年方十六，人皆以為王勃後身雲之。,[]
Q16_120_2080,尋月弘化縣人有神童名黎景統，年舉進士，不月第一甲第二名，歷遷東閣學士，獻治平十四策，仕至得朋之子也。,[]
Q16_120_2081,幼孤貧，體貌吏部尚書穿有房魁奇，十歲能屬文，每食必兼數人。,[]
Q16_120_2082,其母嘗忍饑以飼之，有慶語其母曰：「先君清宦，後嗣不供飧粥，兒願肆意所之，庶兌慈圍掛慮。,[]
Q16_120_2083,」遂辭母行，就食於傍縣。,[]
Q16_120_2084,儒家矢口成詩，揮毫就賦，為資身計。,[]
Q16_120_2085,一日行過漢江渡，逢五六僧伽自齋壇回，見有饑色，因取篋中數箇食品與之。,[]
Q16_120_2086,有慶曰：「辟穀經日，此何足以潤吻？,[]
Q16_120_2087,」老僧笑曰：「能爲我作儒僧同舟詩，到岸詩成，當盡許之。,[]
Q16_120_2088,」有慶即於舟中吟曰：「橐中經史篋金剛爾，我今同泛一航。,[]
Q16_120_2089,會侈瞿曇卿洒落，位隆臺閣我趨翔。,[]
Q16_120_2090,遺編爾尚尤韓愈，往事吾猶恨始皇。,[]
Q16_120_2091,一旦相逢隨餞别，爾成善菓我榮昌。,[]
Q16_120_2092,」老僧極口稱譽，盡以予之。,[]
Q16_120_2093,連喫六七十箇，僧大奇之，再贈緡錢，徐揖曰：「郎君如此大才，今雖塵埃中，會見昂霄聳壑。,[]
Q16_120_2094,如他辰烽火須避菩提境界，庶沐善緣。,[]
Q16_120_2095,」乃辭。,[]
Q16_120_2096,又一日晨到永治社，見一老嫗，問之曰：「我有田五畝餘，水深草亂，傭人治田不得。,[]
Q16_120_2097,」有慶曰：「嫗可急整十人，飯傭工錢米，日午齎就田上我。,[]
Q16_120_2098,」當喚人來助，嫗依言而退。,[]
Q16_120_2099,有慶即取大刀於田上，刈之。,[]
Q16_120_2100,日未午，五畝一望無翳，乃憇息於樹下，睡聲如雷。,[]
Q16_120_2101,而老嫗及家僮將飯米喚起，連吃一辰，俱盡。,[]
Q16_120_2102,因取錢米而去。,[]
Q16_120_2103,十八歲負笈於程國公之門，辰升堂鼓，笥者三千餘人，惟薊溪公馮克寬獨擅詞壇。,[]
Q16_120_2104,赤幟有慶始到席上，三題毅然壓倒，會僞莫開。,[]
Q16_120_2105,科以母老故，黽勉應舉，三場竝第一，及第四場以清化人黜居第二，而薥溪公居首。,[]
Q16_120_2106,有慶本無仕志，不入庭試，嘗遨遊於城中。,[]
Q16_120_2107,庸間一日，有米六十餘鉢，並海魚二堤作晨飯，席地而吃，大笑曰：“此不減食前方丈。,[]
Q16_120_2108,”適有僞官自朝回，停车視之，異其為人，許以五緡錢，因進之，夸以百端，終不肯仕。,[]
Q16_120_2109,自此母子萍蹤浪跡，辛苦與同。,[]
Q16_120_2110,辰安場府義旗初起，素聞其名，累次弓旌，道路艱阻，竟莫能至。,[]
Q16_120_2111,後數年，薥溪公得政，使人尋之，敘平生之誼，甚歡，授之館供給優厚。,[]
Q16_120_2112,凡朝政經畫，相與講磨取正，屢以微辭婉道，欲其出仕，終焉不屈。,[]
Q16_120_2113,一日，薥溪公朝回，佯曰：“弟今奉旨作古賦，煩兄代草。,[]
Q16_120_2114,”有慶視之，,[]
Q16_120_2115,乃秦關鷄賦題，,[]
Q16_120_2116,微知其意，,[]
Q16_120_2117,乃潛付老母先回，,[]
Q16_120_2118,密將表文一道達安場府，,[]
Q16_120_2119,乞以某日差兵遮接，,[]
Q16_120_2120,在神符海口數日，,[]
Q16_120_2121,遂寫賦置於床，,[]
Q16_120_2122,因倍道潛行，,[]
Q16_120_2123,迨薥溪公回朝，,[]
Q16_120_2124,到書館搜尋床席。,[]
Q16_120_2125,閒得賦體篇中，有「留客」翻成「出客」一句，愕然曰：「此子去矣，朝廷必有旰食之憂。,[]
Q16_120_2126,」差兵追之不及，有慶到神符江，已見船五艘及兵一千，在此迎接，乃登舟去。,[]
Q16_120_2127,莫兵尾之，有慶在舟中大呼曰：「寄謝薊溪公！,[]
Q16_120_2128,明日當有拜賜之舉。,[]
Q16_120_2129,」及至府，鄭王慰奬之，擢為侍郎，委以參贊戎務，屢建奇計，立大功，仕至兵部尚書，為中興之功臣雲。,[]
Q16_120_2130,子謙元弘市務，市司務，安司金房務，務金房有局司，縣人以卒伍出身，屢從征伐，有功陞督將。,[]
Q16_120_2131,景興中安樂人，阮名芳燭亂竊據山西上游，官民堂房務，市務房，安司悉眾拒守，彈下如雨。,[]
Q16_120_2132,潘即解戰袍，顧其手下曰：「今正我捐軀報國之秋，亦正汝等報我豢養之日，各宜勉勵，決死生以報國，無慚負此鬚眉。,[]
Q16_120_2133,」眾聞之，無不以一當百。,[]
Q16_120_2134,潘身先士卒，奮擊破之，遂擒名芳以歸。,[]
Q16_120_2135,鄭楹嘉之，封潘派侯。,[]
Q16_120_2136,其後，黎惟穡聚黨於鎮寧以叛朝廷，議攻剿，乃以裴世達為統領，潘為督領，率兵討之。,[]
Q16_120_2137,籀聞官軍至，倚山為固，堅壁自守。,[]
Q16_120_2138,潘與世達緣崖而入，世達畏縮不敢進，潘以計激之，乃進兵，橋遂潰敗，縱火自焚，死以功己。,[]
Q16_120_2139,毛弘化進太宰，年七十四卒，封福神亥食縣人，性剛直，慷慨有大節。,[]
Q16_120_2140,黎景興舉進士第，歷官御史，出爲以安督同，遷高平督鎭。,[]
Q16_120_2141,以公廉稱，西山之亂，黎出帝北幸求援，簡避地山圍，陰一結豪傑以待帝復國，擢為兵部尚書，平章軍國重事。,[]
Q16_120_2142,辰孫士毅至昇龍，按兵不動，簡請直抵清父以遏僞西來路，士毅不從，卒至於敗。,[]
Q16_120_2143,帝復北奔，簡從弗及，乃潛往山西招誘義士以圖討賊。,[]
Q16_120_2144,有一愛女為僞將所獲，納之，因使共女為書以招廷簡。,[]
Q16_120_2145,廷簡絕之後，僞將都督雪襲獲之，誘以官爵，不從。,[]
Q16_120_2146,僞將問曰：「若放出一，如何？,[]
Q16_120_2147,」廷簡曰：「不死，當爲黎報仇。,[]
Q16_120_2148,」遂殺之。,[]
Q16_120_2149,臨刑口誦詩有雲：「恨無王燭忠臣劍，剩有文山正氣歌。,[]
Q16_120_2150,」本朝嗣德十一年，賜諡忠懋，祀黎節義祠。,[]
Q16_120_2151,又御製詠史：「火夫豈爲女兒謀，不死終當報國仇。,[]
Q16_120_2152,大義凜然，父比王峴山縣千古在，文山王蠋正堪侔木。,[]
Q16_120_2153,七之人全郡公珠之後也。,[]
Q16_120_2154,」舉景興鄉貢，歷仕至興化鎮留守。,[]
Q16_120_2155,西山之亂，出帝北遷，世汪潛往上游，糾集義勇，守沱馬二河以拒後元進尺瑞原縣人，知勢力不敵，投江而死。,[]
Q16_120_2156,防系書尚書德宏之子也。,[]
Q16_120_2157,景興解元，歷化至山西參議，為政平允，民歌之。,[]
Q16_120_2158,西山之亂，從出帝北遷十餘年，及出帝喪還，維竄掛孝送之。,[]
Q16_120_2159,貴爵安定縣人，仕塟歸家後二年而卒。,[]
Q16_120_2160,委寶黎出帝北遷，貴適與弘化縣人黎式十人從之，歃血爲誓，具表請兵，為清權臣所阻，又送出三百里外安置，尋卒本朝嗣德年元事，東山縣人準與式等均列黎節義祠。,[]
Q16_120_2161,乃初為出帝馬僮，及帝出幸，涓執勒以從。,[]
Q16_120_2162,既至燕京，出帝與從亡諸臣具表，由都統金簡請兵，簡不納。,[]
Q16_120_2163,又以扼計鎖住諸臣，送出三百里外安置。,[]
Q16_120_2164,出帝由是憂憤薰灼，太早馳入簡第，欲為諸臣訴之。,[]
Q16_120_2165,辰簡方侍清高尊於圓明園，出帝馳八園，文涓執轡伏地，大呼守園者相與奪其馬，掖出帝上車，勒去愼刑司。,[]
Q16_120_2166,文涓大呼吳子無禮，敢辱國君，取庭獲擊園者，園者爭敺，文涓死後，出帝喪至自清，以文涓遺骸附塟之。,[]
Q16_120_2167,言貴縣人仕黎為順化鎮撫倫郡公，本朝宋府治政治寬和，民稱爲本處公。,[]
Q16_120_2168,及出行高運太祖皇帝南鎮福治，,[]
Q16_120_2169,首獻境內圖籍，,[]
Q16_120_2170,又與威國公阮民房務務務適與堂業務員務大功，,[]
Q16_120_2171,病卒於軍，,[]
Q16_120_2172,嘉隆四年列二等功臣，,[]
Q16_120_2173,給祀田六畝，,[]
Q16_120_2174,墓夫三人，,[]
Q16_120_2175,其子孫竝以武職顯，,[]
Q16_120_2176,多至公郡。,[]
Q16_120_2177,宋福洽，福治之裔也。,[]
Q16_120_2178,世宗皇帝朝爲龍湖留守，有惠政，民愛之如父母，爲人慷慨有才略，常以討賊爲己責。,[]
Q16_120_2179,睿宗皇帝辰暹人寇河僊鄭天賜告急，福洽率兵船赴援，追斬三百級暹人，棄船走。,[]
Q16_120_2180,及西山賊起，司房務務局務司商局司延慶平康三府擢節制敬郡公，後入援嘉定。,[]
Q16_120_2181,病卒，贈右府國公，建祠於龍湖，祀之。,[]
Q16_120_2182,嘉隆九年，列忠節功臣廟。,[]
Q16_120_2183,明命初，封中等神祀，會同廟。,[]
Q16_120_2184,尺富口福洽之從弟也。,[]
Q16_120_2185,初為設奇隸，福洽一乞示元軍，攻復柴棍。,[]
Q16_120_2186,後從新政王屯兵巴越，賊逼犯之。,[]
Q16_120_2187,福和嘆曰：「主憂臣死義，不可避」，遂死之。,[]
Q16_120_2188,贈掌營郡公，列祀忠節功臣廟。,[]
Q16_120_2189,人壽貴，縣人，父廣黎殿前都點檢郡公。,[]
Q16_120_2190,喬糠否慨，有大志，見鄭氐不臣，心懷南向。,[]
Q16_120_2191,熙宗皇帝辰，喬自東都受鄭妃玉秀密書寶印，裝作鬥鷄行客南奔。,[]
Q16_120_2192,鄭人聞而追之，喬至灋江，江無船，追兵甚急。,[]
Q16_120_2193,俄見隻牛臥江岸，喬乘之以渡，及岸，牛忽不見。,[]
Q16_120_2194,至廣平，進見獻之，帝大悅，授隊長管馬奇船。,[]
Q16_120_2195,尋尚主，累陞掌奇，出爲廣平鎮守，廣恩信人皆悅之。,[]
Q16_120_2196,會鄭兵蔓擾，喬擊走之，盡取北布政州之地。,[]
Q16_120_2197,太宗皇帝辰，典宿衞，陞掌營，進克鄭兵於河中，招撫止發業市濟發奇英石河兵民歸降，日眾進至藍江，兼領水師副將，破賊於丹涯海口。,[]
Q16_120_2198,適上道兵襲攻，為賊所敗，喬出力兵戰，斬二賊將於陣，喬亦被重傷，尋卒。,[]
Q16_120_2199,贈左都督義郡公，立祠於陽春，祀之。,[]
Q16_120_2200,給墓夫五十名。,[]
Q16_120_2201,其後累世貴顯，鎭郡公久應，鎭撫久翊，忠國公久世淵，郡公久貴，敬郡公久通，琉郡公久琯，副節制久典，掌營郡公久統，鎮邊副將久雲統。,[]
Q16_120_2202,領久霑，欽差久潭煥，郡公久法碩，郡公久策，右軍都督久愼升，長平郡公久逸，掌府事久俊，皆其苗裔也。,[]
Q16_120_2203,引昌書貴縣人，父黎殿前都檢點良，郡公挈元不家南投，初為廣平鎮守，因家於鎮寧壘。,[]
Q16_120_2204,奮武略過人，初官該奇，尋陞布政當鎮守。,[]
Q16_120_2205,一神宗皇帝辰鄭兵來侵，奮守長育壘，鄭兵直逼壘外，放彈飛擊壘，缺陷者數十丈。,[]
Q16_120_2206,奮雷鼓麾旗，蜀卒所部與財惡戰，賊鎗殿交下，奮與子副進旨矢石張益堅坐壘前，督取竹筮寔沙塞壘之缺。,[]
Q16_120_2207,財碼指益叢射，彈落如雨，奮端坐不動，則以爲神，不敢近，卒保不拔。,[]
Q16_120_2208,人號爲奮固寺。,[]
Q16_120_2209,後以病卒，其子福雄勇敢，有父風，常從節則阮有進擊破鄭兵於石河，所向坡雍匕人，單之號爲雄鐵累陞郡公，病卒。,[]
Q16_120_2210,嘉隆初議定功，臣與其父竝列在二等，各給祀田六。,[]
Q16_120_2211,欽奮人子福崗，,[]
Q16_120_2212,官至掌營，,[]
Q16_120_2213,雄子福識，,[]
Q16_120_2214,官至郡公，,[]
Q16_120_2215,崗子福聲，,[]
Q16_120_2216,官至國公，,[]
Q16_120_2217,識孫福慎，,[]
Q16_120_2218,官掌奇以死節務務明有司房與務務務務，,[]
Q16_120_2219,後有大貴縣人父有仕，,[]
Q16_120_2220,從太祖皇帝南八官至太僕寺卿，,[]
Q16_120_2221,有大初官該奇，,[]
Q16_120_2222,尋陞掌營，,[]
Q16_120_2223,會鄭兵來侵，,[]
Q16_120_2224,屢擊破之，,[]
Q16_120_2225,收獲械丈，,[]
Q16_120_2226,又上道兵攻鄭將陶光饒軍，,[]
Q16_120_2227,適鄭根率大兵至，,[]
Q16_120_2228,有大列陣以待，,[]
Q16_120_2229,與之交戰，,[]
Q16_120_2230,鄭兵潰走。,[]
Q16_120_2231,後以病則輔回上將軍鎮撫掌貴縣。,[]
Q16_120_2232,人南—明代別房濟學房品寧子居司局司富安慶和魁，與戰於三瀆，陣沒其子福勇善單官。,[]
Q16_120_2233,該奇從官軍討東山，并黨丁良富工死於陣，追贈掌奇與其父具一列祀顯忠忠節功臣二廟。,[]
Q16_120_2234,裴公繼繼貴第嚴民府育睿宗朝，西山賊擾境，節制宋福洽遣公繼率兵從山各囊，終為成所禽，賊誘之降，公繼不屈，罵賊。,[]
Q16_120_2235,已須忠節功臣一二廟，公繼死，辰其僕名庫，賊釋之，庫不肯，曰：“主將而死，後贈掌營反方死，我何生為？,[]
Q16_120_2236,”天畜一作善貴焉。,[]
Q16_120_2237,人睿宗辰從入嘉定，歷官掌奇累從征伐，亦大罵而死。,[]
Q16_120_2238,川二二旨昆月羽戴功陞內左掌奇。,[]
Q16_120_2239,寇添率水兵守角魚堡，與戰乙言斤書阮有瑞勇略，有貴世失利，尋為東山竹黨戶隨，未嘗離左右。,[]
Q16_120_2240,瑞官至中軍監軍，掌奇尚主將材，與父德弟祐從一五十九大南一統志卷十七。,[]
Q16_120_2241,辰星人侵真臘，,[]
Q16_120_2242,瑞率兵援之，,[]
Q16_120_2243,暹人求成，,[]
Q16_120_2244,會西潔山入犯，,[]
Q16_120_2245,柴棍瑞與公主率所進次里言二堡以拒，,[]
Q16_120_2246,及四岐江之戰失利，,[]
Q16_120_2247,其父德其其度愛祐俱陷於陣，,[]
Q16_120_2248,瑞乃與陳春澤等如暹羽未道真臘，,[]
Q16_120_2249,臘人陰附西山，,[]
Q16_120_2250,有瑞遂爲所豈嘉陰一初追贈掌營郡公，,[]
Q16_120_2251,列祀忠節中興功臣二廟。,[]
Q16_120_2252,三月上張福律奇累從征伐，勇於鬬菜芹之戰，攻奪貴縣人籍，居嘉定初從。,[]
Q16_120_2253,入皇閣陷戌合匕叟，乘勝直抵大壓海口，焚賊水寨及市明世商安後，全行心登奎刃定望閣功，列在二等祀中。,[]
Q16_120_2254,集巧兄兼中興，初糾義討賊，歷官欽差訪奇與則系人允寓顯忠忠節功臣。,[]
Q16_120_2255,二廟戰于孔雀原陣死，列宋福珠嘉定初從望閣官，該隊以軍功遷該奇及王師進攻富春，福珠屯左澤源過賊援路陞欽差中水營統制，卒贈掌營。,[]
Q16_120_2256,銘少隨羈荊亦預號房務，務号務：商務商務房務司大使，明命五年陞統制管武庫，尋出爲父安鎭守剿平土匪，會南定匪渠潘伯鑠肆擾，加前鋒都統制，專管化城弁兵，權掌總鎮事務。,[]
Q16_120_2257,十年坐革，尋開復副東負瑞原縣人。,[]
Q16_120_2258,黎開司適務房務局務適商業務務，—商商商業務司福之後也。,[]
Q16_120_2259,徙家於永隆，初投軍遷該隊中興一堂員務創創務務務，屯兵清好與賊相持八月餘，累數十戰，賊棄城遁。,[]
Q16_120_2260,嘉隆元年從駕北伐，賊平領山南下鎭守，尋改安會北城匪盜群起，賴率兵往清平，從黎質剿平之。,[]
Q16_120_2261,十二年復改清甚鎭守，後品號號府務—局濟院務務院務守，尋陞統制領。,[]
Q16_120_2262,職如故，及卒，贈都統市務、務空安管堂務、財務司員務、楊徵討以軍功，遷衛尉。,[]
Q16_120_2263,嘉隆元年，大兵北伐，光攬與賊戰於營元，員弘化縣人，黎鄉貢阮謙陣死，贈掌奇珥瓊之後也。,[]
Q16_120_2264,學問該傳，為人有氣節，舉黎解元。,[]
Q16_120_2265,黎亡，率其徒應義，欲詣嘉定效用，路梗不得達。,[]
Q16_120_2266,辛酉年，招討使張公偉奉命招諭北城豪傑，頊因偉入見，帝愛其有學術，使侍左右。,[]
Q16_120_2267,嘉隆元年，授勤政殿學士兼太常寺卿。,[]
Q16_120_2268,辰舊京初復，文臣多用僞官，頃差與同列上疏，固辭，語極刈切。,[]
Q16_120_2269,疏入，優詔不謂。,[]
Q16_120_2270,二年，賜支從二品俸。,[]
Q16_120_2271,朝廷每有大議，諮問其公同傳詞，鄉飲條例多瑣，所撰也。,[]
Q16_120_2272,大駕北巡，詔父安以北民有寬屈者，聽詣行在東奏令殞收愛控單奏請裁斷。,[]
Q16_120_2273,及卒，厚賜錦殺銀錢衣瑣南八。,[]
Q16_120_2274,父安芹海口謁四位靈祠，口占聯雲：「社稷髮膚不於蒙古同，天地綱常日月長對離天炤。,[]
Q16_120_2275,」古今其忠憤，錦水縣人之氣形於文字者如此。,[]
Q16_120_2276,作功泰黎未天下大亂，泰糾土兵據清燕上道，自稱統領，與廣地馬土目阮廷巴糾合諸蠻柵，與西山賊巨戰。,[]
Q16_120_2277,甲寅初使人奉表詣嘉定輸款，授為父安大南一統志卷十七。,[]
Q16_120_2278,清吉正統領郡公泰乃召集土兵及清父豪，清化六十一目束成五支，累與賊戰以待王。,[]
Q16_120_2279,師又使人奉表文及北河地圖入富春，以進大兵化戈至清芒泰，上謁慰勞，厚賜之。,[]
Q16_120_2280,嘉隆元年，命監清豈桂戶四，年入覲，賜之冠服。,[]
Q16_120_2281,十三年，清豈盜起，泰從官軍捕獲之，厚賜銅印及金帛錢冰彩，為字金鎗一口，鍍金刀一把。,[]
Q16_120_2282,明命三年，被盜殺之，加賜卹銀百兩，帛貴謝人二十疋。,[]
Q16_120_2283,阮廷巴亦追贈郡公。,[]
Q16_120_2284,丁道表甲寅初南入嘉定應義，授招撫使，疏請從上道司清父山南等處召集義勇以俟王師，許之。,[]
Q16_120_2285,達表至河北，刹合義兵，遇賊力戰而死。,[]
Q16_120_2286,嘉隆三年，給祀田二十畝，又蔭其弟主祀事。,[]
Q16_120_2287,陟詳郡公廷桂之曾孫也。,[]
Q16_120_2288,嘉隆初，從軍有功，宮管奇明命七年，進掌奇，歷海陽清巷二鎭鎭守。,[]
Q16_120_2289,十二年，署統制領寧太總督。,[]
Q16_120_2290,會宣光土司農文雲稱逆侵掠太原，命充統督太原一市寧房房局市務務安安務局務中合高宣二道兜剿，雲自焚死，尋以病回莅司。,[]
Q16_120_2291,堂念局務務務號金務司作約落十四年，歷仕吏部參知，會清化土民蠢動，命充參贊事，平轉嘉定巡撫。,[]
Q16_120_2292,十七年，寧平山音土酋郭必功稱逆，復充參贊討平之，進工部尚書紹始年閒陞協辨大學士，改領戶部，充機密院大臣兼國史館副總裁，又充總巢大南會典。,[]
Q16_120_2293,嗣德五年卒，贈元象宋山少保，文明殿大。,[]
Q16_120_2294,學士列祀賢良祠及君縣人，初投軍，明命年間歷官統制，改授隆祥總督，擊破暹兵，以功封男爵。,[]
Q16_120_2295,及逆懷稱逆於藩安城，授討逆右將軍，事平陞署前軍都統府掌府事，加太子太保，進新隆侯，尋卒。,[]
Q16_120_2296,寔授掌府事，春有勇略，屢參戎幕，立大功十九也。,[]
Q16_120_2297,一年勒名武功碑。,[]
Q16_120_2298,嗣德初，列祀賢良祠。,[]
Q16_120_2299,一安定縣人，明命辛酉科舉人，歷官吏部侍郎。,[]
Q16_120_2300,一司商商即安煽變，回良兵先與儂通，逼圍廳署碧。,[]
Q16_120_2301,聞變，挺劍出其僕阮文為從之，手刃數人，遂為賊所獲。,[]
Q16_120_2302,賊誘之降碧，勵聲大罵曰：“死則死耳，豈降爾囚輩邪！,[]
Q16_120_2303,”賊殺之。,[]
Q16_120_2304,按察陳文琯亦遇害，文為哀求碧琯二屍殮塟，賊義而詳之事聞，追授巡撫，給銀一百兩，又賞文為銀十兩，以為義僕。,[]
Q16_120_2305,文義山縣人，世汪之孫也。,[]
Q16_120_2306,初名世濬，市財員務，堂員務務務務務務名黎功臣全郡公珠之八世孫也，累世勳閥。,[]
Q16_120_2307,O英俊少讀書，過目成誦，弱冠有文名。,[]
Q16_120_2308,紹治三年擢第一甲進士及第第三名，歷陞侍讀學士，充辨閣務。,[]
Q16_120_2309,嗣德四年疏陳如東之款辭，極帶房務念號務務務堂員司堂務，創商創園，乃出爲諒山按察。,[]
Q16_120_2310,辰諒城盜賊充斥，與掌衛阮鐸引軍擊之，追至安博山，英俊議且頓兵以覘賊勢，鐸不從，鼓行而前，圍虜寨於。,[]
Q16_120_2311,山下為其所戕，英俊率所部兵繼進，聞鐸已死，眾皆止之。,[]
Q16_120_2312,英俊曰：「鐸雖死，我兵猶散在山中，若不往，必盡入虜手中矣。,[]
Q16_120_2313,」遂進至山邊，虜眾彌漫山谷間，英俊抵敵不住，虜驟至，爭擁負之。,[]
Q16_120_2314,英俊以所佩劍斬之，遂遇害。,[]
Q16_120_2315,追贈翰林院直學士員外裡創務行光發業節諒山省城為建祠祀之。,[]
Q16_120_2316,巨靑厚祿縣人，原之子也。,[]
Q16_120_2317,溥殉節後，為總統黎文德以啟釁聲參其妻子，均被謫配。,[]
Q16_120_2318,尋得釋歸，清立志攻苦博覽羣書。,[]
Q16_120_2319,嗣德四年，擢第一甲進士及第第二名。,[]
Q16_120_2320,歷父安按察入參閣務，轉吏部侍郎，人皆稱其清介。,[]
Q16_120_2321,尋進戶部參知，以病卒。,[]
Q16_120_2322,清沒後，帝思之，諭中外詳察有品行端正、博學洽聞如范清其人者，以名聞。,[]
Q16_120_2323,其簡眷有如此弟澎元中，名亦以學行名，由舉人仕至久安按察。,[]
Q16_120_2324,河靜奇英，黎朝頴郡公阮廷棟之孫也，後遷居于瑞原，與統督廷著為從父昆弟。,[]
Q16_120_2325,嘉隆十四年，投軍積功，遷副衛尉紹治初，歷河靜寧平山西三省領兵剿匪，閒匪石有功。,[]
Q16_120_2326,嗣德初，召授錦衣衛指揮使，進掌衛權，掌京城提督篆理承天府事務。,[]
Q16_120_2327,七年出領河靜提督，轉領興安巡撫，十二年，授雄銳營統制，會茶澳有警，統兵防守海雲關，復轉嘉定軍次提督，卒于七美化縣。,[]
Q16_120_2328,人明命二年，鄉貢歷官郎軍沙作仁中出，監廣義館稅落坐職，奉派如適務局商噴務堂局，安即局務色刷里司結為中外羣英會，迭相唱和，有詩集傳。,[]
Q16_120_2329,公回開復安樂縣訓導，攝山西學政，陞懷德敎授，尋乞回貫。,[]
Q16_120_2330,嗣德初，廷臣三舉，累詔起之。,[]
Q16_120_2331,三以一務務号與市務務堂別養講學授徒，自號沂庵，復號澹齋。,[]
Q16_120_2332,一辰名士如探花校英俊，榜眼范清徵君，杜春吉皆出其門。,[]
Q16_120_2333,州里多慕其風範。,[]
Q16_120_2334,會海氛不靖，累疏啓陳，又密陳便宜三策。,[]
Q16_120_2335,帝曰：“斯人年老，可惜。,[]
Q16_120_2336,”准同清父二省臣商議公事二十年，病卒，年八十。,[]
Q16_120_2337,卒後，帝嘗諭臣工，命舉學行純正如汝伯仕者，官雖小而簡注如此。,[]
Q16_120_2338,所一著有《易繫解》、《說大學圖說》，《越史》三百詠，《清化省志》粵行雜草，《沂庵學式》、《沂庵別錄》，《澹齋詩文集》、《澹齟詩文集》。,[]
Q16_120_2339,弘化縣人紹治元年舉人，冠儀等集本者吉辭不赴選，隱居授徒，自號珠津居士。,[]
Q16_120_2340,教人先行實後，文藝嘗曰：「存心養性是上等，決科進退應對是一生事業，舉動無節而能建立功業者未之有也。,[]
Q16_120_2341,」經書之外，天文律曆無不該洽。,[]
Q16_120_2342,事母至孝，居喪廬墓三年，日夜痛聲不絕。,[]
Q16_120_2343,與戚黨處問疾賙貧，不遺餘力。,[]
Q16_120_2344,嗣德初，北圻河堤屢決，春吉著河防五說，人皆稱其有經濟寔學。,[]
Q16_120_2345,會詔舉。,[]
Q16_120_2346,四科大臣交章薦之，詣闕竟以疾告，賜乘傳歸。,[]
Q16_120_2347,及海氛告警，就父省同疏陳戰守事宜，帝嘉之，命舉所知，力辭。,[]
Q16_120_2348,尋卒，贈翰林院編修。,[]
Q16_120_2349,其所著有《珠津文集》、《家譜序例》、《林行雜錄》等集。,[]
Q16_120_2350,弟元金春永，以舉人任至清漳知縣，有廉介名。,[]
Q16_120_2351,臣登士永祿縣人，高祖裕顯於黎仕至嘉郡公，登不仕。,[]
Q16_120_2352,明命九年舉人，歷知縣府，遷監察御史。,[]
Q16_120_2353,X出為父安海陽太原三省按察使。,[]
Q16_120_2354,嗣德十二年，領太原布政會，武寧賊黨來犯，分兵擊敗之。,[]
Q16_120_2355,俄而賊與股匪至萬餘，逼圍省城，城中兵僅四百餘。,[]
Q16_120_2356,登仕以義激勵士，皆用命，堅守二月餘，路梗援絕，城遂陷。,[]
Q16_120_2357,登仕往火藥庫，將自焚，倉卒未及，為賊所執，誘之降，不屈。,[]
Q16_120_2358,賊備施諸毒，先火其五指，登仕極口罵之，賊擊落其齒，罵終不絕。,[]
Q16_120_2359,賊遂殺之，後列祀忠義祠。,[]
Q16_120_2360,市府司院後商務局送入，為監察御史，轉領內務府郎中。,[]
Q16_120_2361,尋出挈辦太次軍務，二十三年，領高平按察使，辰股匪擾邊，進逼省城，省住兵不滿百，造籌辦守禦之計。,[]
Q16_120_2362,俄而降賊阮四張十二，乘夜反攻，造遂見執。,[]
Q16_120_2363,即出小刀百頸，幾絕賊，奪之，造不食死。,[]
Q16_120_2364,追贈翰林院侍讀學士。,[]
Q16_120_2365,造植性剛介，初聞高城寇警，識者皆謂其必死，已而果然。,[]
Q16_120_2366,後列祀忠東，東山縣人，紹治三年舉人，嗣德一義。,[]
Q16_120_2367,祠履初補延河知縣，尋領演州知府。,[]
Q16_120_2368,十八年充北次贊襄，遷太原按察使。,[]
Q16_120_2369,久之領布政使，二十三年允寧高，太諒欽派巡邊會賊渠鄧志雄寇掠太原，美率兵前進，屯于通化府，屯辰太藩武范啓以督餉住白通州。,[]
Q16_120_2370,賊破之，范啓為其所擒。,[]
Q16_120_2371,賊復逼攻通化，美悉力守禦，援久不至，屯中糧盡，乃突圍出，亦為一賊所得，而范啓生還。,[]
Q16_120_2372,美不屈，作難中述行次事狀詩五百餘言，而死後列祀忠義。,[]
Q16_120_2373,和玉山縣人，紹治三年舉人。,[]
Q16_120_2374,初授檢討，黎輝潛歷錦江知縣，轉內閣修撰。,[]
Q16_120_2375,嗣德十五年擢諒江知府。,[]
Q16_120_2376,辰土寇方攻據府城，輝濯得命，毅然率親隨十餘人辭母赴職，其兄舜度素友愛，為危之，與之偕行，乃隨北道軍進復一府城。,[]
Q16_120_2377,纔月餘，賊復逼至，環攻輝濯，悉眾推守，力渴城陷，與其兄俱被執，罵賊不屈，賊皆殺之。,[]
Q16_120_2378,追贈侍讀，輝度正九品銜，均列祀忠義。,[]
Q16_120_2379,祠大南一統志卷十七，弘七聚人紹治元年舉人，嗣德年間清化阮輝玘歷官興化按察，轉南定布政使，與總賢陶或勤督築堤，墾田得一萬八千餘畝。,[]
Q16_120_2380,十九年授興化巡撫，邊寇充斥，輝玘遍往十州，總督晚耽禪，自號菩庵，在北寧數載，引病歸。,[]
Q16_120_2381,年常春州人，為崗長明命十七年，清葉作羅化土匪蠢動，伯顯從與。,[]
Q16_120_2382,官兵進剿為匪所獲，誘之不從，殺之。,[]
Q16_120_2383,追贈該隊給與忠義匾額，於其家。,[]
Q16_120_2384,孝子附峩山縣人，性至孝。,[]
Q16_120_2385,居父母喪，皆廬墓，枚世慷慨，三年朝夕奠哭。,[]
Q16_120_2386,一夜有猛虎直逼廬旁，慨驚起，密祝，虎即去。,[]
Q16_120_2387,後夜虎攫一豬置於墓前，若設奠之狀。,[]
Q16_120_2388,詰旦失豬，人尋見負豬以歸，具言其事，人皆以為孝感雲。,[]
Q16_120_2389,明命八年，賞銀緞及行義匾額。,[]
Q16_120_2390,烈女附農貢縣人，,[]
Q16_120_2391,趙國達次妹也，,[]
Q16_120_2392,聲如巨屬吴赵郊钟，,[]
Q16_120_2393,身長九尺，,[]
Q16_120_2394,乳垂三尺，,[]
Q16_120_2395,腰寬十圍，,[]
Q16_120_2396,日行五百里，,[]
Q16_120_2397,年二十，,[]
Q16_120_2398,父母早世，,[]
Q16_120_2399,與見同居嫂大不賢，,[]
Q16_120_2400,嫗打殺之，,[]
Q16_120_2401,遂遷居山中，,[]
Q16_120_2402,自食其力，,[]
Q16_120_2403,籌各有大志，,[]
Q16_120_2404,召集壯士數千人。,[]
Q16_120_2405,其兄謂曰：“女流不應如此。,[]
Q16_120_2406,”嫗對曰：“但願乘風破浪，斬長鯨於東冥，掃清海宇，極斯民於墮溺，豈效世人頓首曲腰作人婢妾為耶？,[]
Q16_120_2407,”吳永安年閒守牧，多魚奪民，不聊生。,[]
Q16_120_2408,國達起兵與吳人拒，未幾達卒，眾以嫗有將帥才立為主。,[]
Q16_120_2409,每與吳王戰，嫗施孔於背後，以帛東之，著金褐，據象頭，威風稟稟，人莫敢與攙鋒，稱爲麗海爰王。,[]
Q16_120_2410,自是威名大振，吳人乃命陸胤將兵南來，嫗率眾推之，經五六月，七十餘戰，吳兵敗北。,[]
Q16_120_2411,嫗素性清潔，凡不潔之物望見則羞赧避之，胤素稱智民，與創適業務務濟念司陣前見吳軍士赤身露體，大小成羣，手持戈鎗似風癲状，嫗見而羞之，不勝忿恚，乃閉目廢馬而走。,[]
Q16_120_2412,至厚祿縣蒲田富社山上，而化辰方二十三歲。,[]
Q16_120_2413,前李南帝奬其忠勇，命立廟祀之，封為弼正英烈雄才貞象。,[]
Q16_120_2414,元氏並雷陽一夫人，今有祠在富田社，參政阮茂魁之子也。,[]
Q16_120_2415,早寡，守節為州里所稱。,[]
Q16_120_2416,黎景興間特賜旌表，匾其門曰“節婦門”。,[]
Q16_120_2417,本闕元氏合峩山縣人，適村人校伯造，造從戎文於北城，病故年二十，無子，載夫屍還塟，誓不再嫁。,[]
Q16_120_2418,文氏主峩山縣人，,[]
Q16_120_2419,適厚祿縣明命八年旌本下不湯春芳，,[]
Q16_120_2420,年二十五而寡，,[]
Q16_120_2421,斷髮誓不改嫁，,[]
Q16_120_2422,以全元人川東山縣人嫁一節聞，,[]
Q16_120_2423,明命十一年旌彥坐與村人元廷端舉一男一女，,[]
Q16_120_2424,二十歲而寡，,[]
Q16_120_2425,孝養舅始人無閒言，,[]
Q16_120_2426,有匪目常來逼娶，,[]
Q16_120_2427,氏以刀自刺其面，,[]
Q16_120_2428,擕兒逃去，,[]
Q16_120_2429,及聞匪目伏誅，,[]
Q16_120_2430,責大昌厚祿縣人文乃還紹治二年旌貴正，,[]
Q16_120_2431,亦孝之妻也，,[]
Q16_120_2432,為一社人杜文庸強奸拒之，,[]
Q16_120_2433,庸疊打，,[]
Q16_120_2434,氏斃，,[]
Q16_120_2435,嗣德四年旌土產需習香糯牝糯黃更刀預粳頤粳白良尾之米禾花糯麒麟糯米禾粳八月粳羽穿黃赤之黃黑綠白口百又今出廣出永二類赤扁六類力臣刀昌爲佳言卷祿縣玉盃山上少今筆弗甘合,[]
Q16_120_2436,皆出東山市局學民衛有務學市司市衛科務金衛學市衛科司艮梁出美美宋。,[]
Q16_120_2437,山為出永祿厚祿目季化縣月佳有貢考弘化諸縣惟定型運産市務務席青支兮姪出錦水瑞原二縣其裁木載文點染可為輞槓錢布金筆戊季載丁以上四類去東水貝大泰龍藤桂錫杉金金鐵林爲最,[]
Q16_120_2438,吉氣木月水藤澤藤出農貢縣爲多林圭之出常春良政關藤用以作兒頗得渾堅木皮化三州鄭漓爲佳出永祿多筆山土民常掘艮參出永一房務務房號務務房質房上山瑞原縣來王曾出呈固縣務務,[]
Q16_120_2439,務育堂務務務司民後務房務居務房成司務務務員與司供國用詳上山註石石山石能引針臣臣系瑞原縣造紙取商陸木皮生歲出玉山縣同爲之精白堅勒勝於楮皮屬循蟾山木月出東山安起良舊,[]
Q16_120_2440,出玉山縣汴筆蒼貴竄市學務員務宇務業運刷務司義玉山縣沿良有錦水關吳公紫蝎鹽海民多燔易之人人化所出蟲蟲市司務司民司堂房務後安務司國市房務院務務創司明創務濟商村江溪所,[]
Q16_120_2441,產大濶明鳥寰宇記愛州移風縣三四寸味亦香清奚有潮雞潮至則鳴一民房創堂司務局房務務司雞金奚青白黑色相閒蟲山周身苾剌虎狼不日大清一統志漢靈帝年金上大清一能傷步閒九眞郡,[]
Q16_120_2442,。,[]
Q16_120_2443,獻為奇獸，統志漢書，九眞郡居風縣有山。,[]
Q16_120_2444,黎光定地輿記，玉出金牛，夜見光耀十里。,[]
Q16_120_2445,豸山縣有之。,[]
Q16_120_2446,按寰宇記，象孕五年一生，被傷則餘黨相扶去，死則向南跪拜，鳴三匝，以草木覆之。,[]
Q16_120_2447,雄死則雌，泥土著身，不欲果然。,[]
Q16_120_2448,寰宇記愛州有猥然，土人食輒流涕焉。,[]
Q16_120_2449,秀來號曰歌然，似猴而大，面目與人無異，皮毛軟毳細滑，可作褥。,[]
Q16_120_2450,此獸有仁義，行則大者前，小者後，如得菓寔，則小者先進，與大者然後自食。,[]
Q16_120_2451,土人以藥箭射之中，龍一必獲其二，未傷拔死者之箭，自刺而死。,[]
Q16_120_2452,魚魚出永祿縣金山尾村，三岐江水居永川坊，常於九十等月漁得之。,[]
Q16_120_2453,其魚無鱗，黑皮黃，有心大。,[]
Q16_120_2454,南一統志卷之十七止。,[]
