ID,sentence,reference_Id
Q3_1_001,承天府中八物來朝，會室尊室溪略善謀斷。,"[""[[1541, 0], [1657, 0], [1657, 1739], [1541, 1739]]"", ""[[1495, 0], [1541, 0], [1541, 1739], [1495, 1739]]"", ""[[1362, 0], [1432, 0], [1432, 1739], [1362, 1739]]""]"
Q3_1_002,初授堂奇，太祖第十子也，有機熙尊朝，晉封總鎭祥郡公。,"[""[[1362, 0], [1432, 0], [1432, 1739], [1362, 1739]]"", ""[[1292, 0], [1362, 0], [1362, 1739], [1292, 1739]]""]"
Q3_1_003,裁決國政，受顧命，尊立神算。,"[""[[1292, 0], [1362, 0], [1362, 1739], [1292, 1739]]"", ""[[1245, 0], [1292, 0], [1292, 1739], [1245, 1739]]""]"
Q3_1_004,適廣南鎮守，淡反溪請斷，以大義發兵捕誘之，以功锡銅印黑轎。,"[""[[1245, 0], [1292, 0], [1292, 1739], [1245, 1739]]"", ""[[1192, 0], [1245, 0], [1245, 1739], [1192, 1739]]""]"
Q3_1_005,丙戌薨，贈佐理會臣特進上柱國，平章軍國大事總鎮郡公，證忠誼。,"[""[[1192, 0], [1245, 0], [1245, 1739], [1192, 1739]]"", ""[[1139, 0], [1192, 0], [1192, 1739], [1139, 1739]]""]"
Q3_1_006,嘉隆四年列在國初功臣上等，從祀太廟。,"[""[[1139, 0], [1192, 0], [1192, 1739], [1139, 1739]]"", ""[[1085, 0], [1139, 0], [1139, 1739], [1085, 1739]]"", ""[[1029, 0], [1085, 0], [1085, 1739], [1029, 1739]]""]"
Q3_1_007,明命十二年，晉封義興郡王。,"[""[[1029, 0], [1085, 0], [1085, 1739], [1029, 1739]]""]"
Q3_1_008,溪以懿新軒政，前後四十年，三雲尊室第四子也，有將才。,"[""[[1029, 0], [1085, 0], [1085, 1739], [1029, 1739]]"", ""[[882, 0], [964, 0], [964, 1739], [882, 1739]]"", ""[[818, 0], [882, 0], [882, 1739], [818, 1739]]""]"
Q3_1_009,初授掌奇，王子郫兵來侵旅年南二十，受命為元帥，出師拒之。,"[""[[818, 0], [882, 0], [882, 1739], [818, 1739]]"", ""[[762, 0], [818, 0], [818, 1739], [762, 1739]]""]"
Q3_1_010,軍渠河，遣諸將分屯要害，元有盜下，皆受節制，號令嚴明，人皆畏服。,"[""[[762, 0], [818, 0], [818, 1739], [762, 1739]]"", ""[[712, 0], [762, 0], [762, 1739], [712, 1739]]"", ""[[650, 0], [712, 0], [712, 1739], [650, 1739]]""]"
Q3_1_011,鄭兵渡𤅷江勢甚獗，通號寧填壕夷塹壘，幾陷守將張福崗欲棄鎭寧，退保每而墨筋急止之，曰：,"[""[[650, 0], [712, 0], [712, 1739], [650, 1739]]"", ""[[595, 0], [650, 0], [650, 1739], [595, 1739]]"", ""[[540, 0], [595, 0], [595, 1739], [540, 1739]]""]"
Q3_1_012,「我軍一退敵必乘之，,"[""[[540, 0], [595, 0], [595, 1739], [540, 1739]]""]"
Q3_1_013,宜悉力固守，,"[""[[540, 0], [595, 0], [595, 1739], [540, 1739]]"", ""[[485, 0], [540, 0], [540, 1739], [485, 1739]]""]"
Q3_1_014,我必赴援」，,"[""[[485, 0], [540, 0], [540, 1739], [485, 1739]]""]"
Q3_1_015,即使馳報有鑑移兵援鐘寧而自守沙阜壘，,"[""[[485, 0], [540, 0], [540, 1739], [485, 1739]]"", ""[[426, 0], [485, 0], [485, 1739], [426, 1739]]""]"
Q3_1_016,賊攻鎭寧不能拔，,"[""[[426, 0], [485, 0], [485, 1739], [426, 1739]]""]"
Q3_1_017,遂夜遁，,"[""[[426, 0], [485, 0], [485, 1739], [426, 1739]]""]"
Q3_1_018,協率兵追至棟第山而還捷聞，,"[""[[426, 0], [485, 0], [485, 1739], [426, 1739]]"", ""[[368, 0], [426, 0], [426, 1739], [368, 1739]]""]"
Q3_1_019,賞黃金一百兩，,"[""[[368, 0], [426, 0], [426, 1739], [368, 1739]]""]"
Q3_1_020,白金一百兩，,"[""[[314, 0], [368, 0], [368, 1739], [314, 1739]]""]"
Q3_1_021,錦五十疋。,"[""[[314, 0], [368, 0], [368, 1739], [314, 1739]]""]"
Q3_1_022,及平賊，遣屏絕爻記講小菴奉佛談玄自樂，乙卯薨，贈明義功臣，輔國上將軍，錦衣衛都督掌府事少尉，協郡月月公謚全節。,"[""[[314, 0], [368, 0], [368, 1739], [314, 1739]]"", ""[[259, 0], [314, 0], [314, 1739], [259, 1739]]"", ""[[130, 0], [259, 0], [259, 1739], [130, 1739]]"", ""[[1750, 0], [1815, 0], [1815, 1768], [1750, 1768]]""]"
Q3_2_023,嘉隆四年列開國功臣上等，從祀原日命十二年，追封國威公。,"[""[[1750, 0], [1815, 0], [1815, 1768], [1750, 1768]]"", ""[[1703, 0], [1750, 0], [1750, 1768], [1703, 1768]]""]"
Q3_2_024,尊室四顯尊第四子也，初授内右該日隊，体豐肥。,"[""[[1640, 0], [1703, 0], [1703, 1768], [1640, 1768]]"", ""[[1561, 0], [1640, 0], [1640, 1768], [1561, 1768]]""]"
Q3_2_025,有器度，溥涉書史，尤長國世尊即位，泗以才為衆所忌，乃致事放懷，風月觴詠有方。,"[""[[1561, 0], [1640, 0], [1640, 1768], [1561, 1768]]"", ""[[1475, 0], [1561, 0], [1561, 1768], [1475, 1768]]"", ""[[1386, 0], [1475, 0], [1475, 1768], [1386, 1768]]""]"
Q3_2_026,界自嫂癸酉薨，贈少師倫國公子昱，為人博學，睿尊朝爲掌奇領刑部事，朝廷倚以爲重。,"[""[[1386, 0], [1475, 0], [1475, 1768], [1386, 1768]]"", ""[[1309, 0], [1386, 0], [1386, 1768], [1309, 1768]]""]"
Q3_2_027,權臣張福巒以昱爲國尊臣，有盛名，欲引爲助，乃妻以友。,"[""[[1309, 0], [1386, 0], [1386, 1768], [1309, 1768]]"", ""[[1254, 0], [1309, 0], [1309, 1768], [1254, 1768]]"", ""[[1197, 0], [1254, 0], [1254, 1768], [1197, 1768]]""]"
Q3_2_028,昱守正不阿，巒惡之，使人告昱謀反，按之無狀，遂罷歸，號所居堂曰靜遠堂，日與幕客吟詠爲樂，絶口不言國事。,"[""[[1197, 0], [1254, 0], [1254, 1768], [1197, 1768]]"", ""[[1141, 0], [1197, 0], [1197, 1768], [1141, 1768]]"", ""[[1095, 0], [1141, 0], [1141, 1768], [1095, 1768]]""]"
Q3_2_029,是工於詩，尤善奕，解音樂，人傳南琴是其所製雲。,"[""[[1095, 0], [1141, 0], [1141, 1768], [1095, 1768]]"", ""[[1042, 0], [1095, 0], [1095, 1768], [1042, 1768]]""]"
Q3_2_030,尊室丙申春，與其兄尊室鬚討賊於廣南，為賊所敗，須不知所終。,"[""[[1042, 0], [1095, 0], [1095, 1768], [1042, 1768]]"", ""[[862, 0], [921, 0], [921, 1768], [862, 1768]]"", ""[[808, 0], [862, 0], [862, 1768], [808, 1768]]""]"
Q3_2_031,春遂泛海，八嘉定及龍川失守，春與鄭天賜如暹求援，暹王疑之，遂遇祀中興功臣廟，唐贈少傳郡公列。,"[""[[808, 0], [862, 0], [862, 1768], [808, 1768]]"", ""[[747, 0], [808, 0], [808, 1768], [747, 1768]]"", ""[[652, 0], [747, 0], [747, 1768], [652, 1768]]""]"
Q3_2_032,尊室是子也，初逢興祖第五，睿尊。,"[""[[652, 0], [747, 0], [747, 1768], [652, 1768]]"", ""[[588, 0], [652, 0], [652, 1768], [588, 1768]]""]"
Q3_2_033,八嘉定嘗從征伐，授少傅郡公。,"[""[[588, 0], [652, 0], [652, 1768], [588, 1768]]""]"
Q3_2_034,壬寅西山八寇，世祖幸富國島，是與朱文接，分部諸將攻賊將杜閉蟄於牛渚，大破之，賊奔歸仁，收復柴提。,"[""[[588, 0], [652, 0], [652, 1768], [588, 1768]]"", ""[[524, 0], [588, 0], [588, 1768], [524, 1768]]"", ""[[470, 0], [524, 0], [524, 1768], [470, 1768]]""]"
Q3_2_035,癸卯西山復八寇，是守魚角堡，堡陷，走渡浮橋落一從己水，薨贈錦衣掌衛事。,"[""[[470, 0], [524, 0], [524, 1768], [470, 1768]]"", ""[[413, 0], [470, 0], [470, 1768], [413, 1768]]"", ""[[320, 0], [413, 0], [413, 1768], [320, 1768]]""]"
Q3_2_036,嘉隆四年贈少傅郡公，太廟十三年加贈太傅毅公。,"[""[[320, 0], [413, 0], [413, 1768], [320, 1768]]"", ""[[241, 0], [320, 0], [320, 1768], [241, 1768]]""]"
Q3_2_037,明命五年改從祀，十一世廟，十二年封安邊郡王。,"[""[[241, 0], [320, 0], [320, 1768], [241, 1768]]"", ""[[192, 0], [241, 0], [241, 1768], [192, 1768]]""]"
Q3_3_038,興祖第六子也，乙未初從駕幸一映，嘉定嘗從征伐，癸卯西山八寇，我兵失利，一出奔富國島，賊陷壘石嶼，公爲賊所獲，罵賊不屈。,"[""[[1750, 0], [1812, 0], [1812, 1758], [1750, 1758]]"", ""[[1693, 0], [1750, 0], [1750, 1758], [1693, 1758]]"", ""[[1637, 0], [1693, 0], [1693, 1758], [1637, 1758]]"", ""[[1576, 0], [1637, 0], [1637, 1758], [1576, 1758]]""]"
Q3_3_039,遇害，贈錦衣掌衛该奇，嘉隆四年追贈太保國公，諡忠愍。,"[""[[1576, 0], [1637, 0], [1637, 1758], [1576, 1758]]"", ""[[1523, 0], [1576, 0], [1576, 1758], [1523, 1758]]""]"
Q3_3_040,五年從祀太廟，十三年加贈襄公。,"[""[[1523, 0], [1576, 0], [1576, 1758], [1523, 1758]]"", ""[[1464, 0], [1523, 0], [1523, 1758], [1464, 1758]]""]"
Q3_3_041,明命五年改從祀一世廟，十二年追封年上掌營尊室洮之子。,"[""[[1464, 0], [1523, 0], [1523, 1758], [1464, 1758]]"", ""[[1414, 0], [1464, 0], [1464, 1758], [1414, 1758]]""]"
Q3_3_042,也有房一堂民堂堂務務堂務務務創與太尊。,"[""[[1414, 0], [1464, 0], [1464, 1758], [1414, 1758]]"", ""[[1340, 0], [1414, 0], [1414, 1758], [1340, 1758]]"", ""[[1191, 0], [1245, 0], [1245, 1758], [1191, 1758]]"", ""[[1082, 0], [1137, 0], [1137, 1758], [1082, 1758]]""]"
Q3_3_043,即位，遷廣平水營參將。,"[""[[807, 0], [862, 0], [862, 1758], [807, 1758]]"", ""[[693, 0], [749, 0], [749, 1758], [693, 1758]]"", ""[[632, 0], [693, 0], [693, 1758], [632, 1758]]""]"
Q3_3_044,壯至修軍器，訓士卒，子邊備益嚴。,"[""[[632, 0], [693, 0], [693, 1758], [632, 1758]]"", ""[[237, 0], [294, 0], [294, 1758], [237, 1758]]""]"
Q3_4_045,丙申，從阮有進取，父安與阮久喬率舟師攻鄭水兵於丹崖海口，大破之。,"[""[[1479, 0], [1603, 0], [1603, 1739], [1479, 1739]]"", ""[[1185, 0], [1305, 0], [1305, 1739], [1185, 1739]]"", ""[[754, 0], [852, 0], [852, 1739], [754, 1739]]"", ""[[573, 0], [714, 0], [714, 1739], [573, 1739]]"", ""[[375, 0], [526, 0], [526, 1739], [375, 1739]]"", ""[[128, 0], [237, 0], [237, 1739], [128, 1739]]""]"
Q3_5_046,丙午陞舊營鎮守，尋拿巨辭太保尊室河之于也一陞掌營郡章。,"[""[[1694, 0], [1743, 0], [1743, 1739], [1694, 1739]]"", ""[[1635, 0], [1694, 0], [1694, 1739], [1635, 1739]]"", ""[[1361, 0], [1418, 0], [1418, 1739], [1361, 1739]]"", ""[[1088, 0], [1141, 0], [1141, 1739], [1088, 1739]]"", ""[[813, 0], [867, 0], [867, 1739], [813, 1739]]"", ""[[701, 0], [761, 0], [761, 1739], [701, 1739]]"", ""[[479, 0], [538, 0], [538, 1739], [479, 1739]]"", ""[[372, 0], [421, 0], [421, 1739], [372, 1739]]"", ""[[1731, 0], [1859, 0], [1859, 1758], [1731, 1758]]""]"
Q3_6_047,官崔以軍功歷官掌奇熙尊。,"[""[[1503, 0], [1581, 0], [1581, 1758], [1503, 1758]]"", ""[[1391, 0], [1503, 0], [1503, 1758], [1391, 1758]]""]"
Q3_6_048,庚申七年，鄭人來侵，衛率兵御之，鄭兵不能近。,"[""[[1391, 0], [1503, 0], [1503, 1758], [1391, 1758]]"", ""[[1292, 0], [1391, 0], [1391, 1758], [1292, 1758]]"", ""[[1077, 0], [1177, 0], [1177, 1758], [1077, 1758]]""]"
Q3_6_049,丙辰十四年，鄭人又來侵，遣其將阮啟列簾一於日麗江北，衛率步兵尊室忠率水兵策應。,"[""[[1077, 0], [1177, 0], [1177, 1758], [1077, 1758]]"", ""[[806, 0], [885, 0], [885, 1758], [806, 1758]]""]"
Q3_6_050,一鄭兵犯衛陣，衛令發大礮擊之，鄭兵辟易。,"[""[[692, 0], [760, 0], [760, 1758], [692, 1758]]"", ""[[518, 0], [575, 0], [575, 1758], [518, 1758]]"", ""[[115, 0], [243, 0], [243, 1758], [115, 1758]]"", ""[[1383, 0], [1494, 0], [1494, 1755], [1383, 1755]]""]"
Q3_7_051,尊室忠率兵乘潮逼啓營，鄭兵驚潰，死者甚衆。,"[""[[1320, 0], [1383, 0], [1383, 1755], [1320, 1755]]"", ""[[1019, 0], [1105, 0], [1105, 1755], [1019, 1755]]"", ""[[683, 0], [772, 0], [772, 1755], [683, 1755]]"", ""[[412, 0], [527, 0], [527, 1755], [412, 1755]]""]"
Q3_8_052,一衛有將才，仗節專征，多著勞績，官至掌營。,"[""[[1745, 0], [1800, 0], [1800, 1755], [1745, 1755]]""]"
Q3_8_053,衛弟宣初授該奇，累遷掌奇熙尊。,"[""[[1632, 0], [1687, 0], [1687, 1755], [1632, 1755]]"", ""[[1578, 0], [1632, 0], [1632, 1755], [1578, 1755]]""]"
Q3_8_054,庚申七年，逆洽澤反，宣管先鋒兵討之，洽等敗。,"[""[[1521, 0], [1578, 0], [1578, 1755], [1521, 1755]]""]"
Q3_8_055,神尊嗣位，陞廣南鎮守。,"[""[[1413, 0], [1466, 0], [1466, 1755], [1413, 1755]]"", ""[[1304, 0], [1359, 0], [1359, 1755], [1304, 1755]]""]"
Q3_8_056,漢反築俱低壘為固守計，宣走。,[]
Q3_8_057,宣追擒以獻，引兵從間道直擣廣南，焚其耦，擒漢送京。,"[""[[865, 0], [912, 0], [912, 1755], [865, 1755]]"", ""[[584, 0], [642, 0], [642, 1755], [584, 1755]]""]"
Q3_8_058,宣智勇過人，料敵制勝，兩平內難，兵機神速，戰亂成功，人服言軍懿公尊室昱之子，也有其將畧雲鳥印，智勇善用兵，初從睿尊幸嘉定，率兵討。,"[""[[354, 0], [414, 0], [414, 1755], [354, 1755]]"", ""[[181, 0], [240, 0], [240, 1755], [181, 1755]]"", ""[[1753, 0], [1813, 0], [1813, 1755], [1753, 1755]]"", ""[[1479, 0], [1531, 0], [1531, 1755], [1479, 1755]]"", ""[[1205, 0], [1304, 0], [1304, 1755], [1205, 1755]]"", ""[[1146, 0], [1205, 0], [1205, 1755], [1146, 1755]]"", ""[[758, 0], [813, 0], [813, 1755], [758, 1755]]"", ""[[586, 0], [668, 0], [668, 1755], [586, 1755]]"", ""[[421, 0], [473, 0], [473, 1755], [421, 1755]]""]"
Q3_9_059,賊以功授左軍營少傅邵公西里堂房上，戈大果巳文參累攻不克，退據巴淶。,"[""[[421, 0], [473, 0], [473, 1755], [421, 1755]]"", ""[[365, 0], [421, 0], [421, 1755], [365, 1755]]"", ""[[1735, 0], [1807, 0], [1807, 1735], [1735, 1735]]"", ""[[1576, 0], [1627, 0], [1627, 1735], [1576, 1735]]"", ""[[1414, 0], [1466, 0], [1466, 1735], [1414, 1735]]"", ""[[1302, 0], [1357, 0], [1357, 1735], [1302, 1735]]""]"
Q3_9_060,戊申攻回鑾，進次美籠。,[]
Q3_10_061,暉與前軍黎文勺築堡防守，陸則員與乃貝中才交貞子戈守掌奇耀，復進兵炭籠。,"[""[[1190, 0], [1250, 0], [1250, 1735], [1190, 1735]]"", ""[[1082, 0], [1136, 0], [1136, 1735], [1082, 1735]]"", ""[[862, 0], [913, 0], [913, 1735], [862, 1735]]"", ""[[587, 0], [662, 0], [662, 1735], [587, 1735]]"", ""[[477, 0], [530, 0], [530, 1735], [477, 1735]]""]"
Q3_10_062,望梯工一鍾定一書，眞定將士兵民諸律一務。,"[""[[413, 0], [477, 0], [477, 1735], [413, 1735]]"", ""[[185, 0], [251, 0], [251, 1735], [185, 1735]]"", ""[[1567, 0], [1636, 0], [1636, 1755], [1567, 1755]]""]"
Q3_11_063,壬子大駕親征，歸仁與武性雷守嘉定。,"[""[[1239, 0], [1300, 0], [1300, 1755], [1239, 1755]]"", ""[[1136, 0], [1200, 0], [1200, 1755], [1136, 1755]]""]"
Q3_11_064,賊都督防文其冬病，率贈太傅嘉隆四年，從而世廟十二年追封安西公。,"[""[[694, 0], [765, 0], [765, 1755], [694, 1755]]"", ""[[466, 0], [519, 0], [519, 1755], [466, 1755]]"", ""[[418, 0], [466, 0], [466, 1755], [418, 1755]]"", ""[[238, 0], [295, 0], [295, 1755], [238, 1755]]"", ""[[1500, 0], [1619, 0], [1619, 1765], [1500, 1765]]"", ""[[1333, 0], [1500, 0], [1500, 1765], [1333, 1765]]""]"
Q3_12_065,尊室勝第三子也，為人智勇。,"[""[[998, 0], [1119, 0], [1119, 1765], [998, 1765]]"", ""[[880, 0], [998, 0], [998, 1765], [880, 1765]]"", ""[[723, 0], [880, 0], [880, 1765], [723, 1765]]"", ""[[502, 0], [554, 0], [554, 1765], [502, 1765]]""]"
Q3_13_066,初從務務務局務務務與務務務務民務衛司武性圍，则書單後三記戌太采范。,"[""[[1690, 0], [1742, 0], [1742, 1739], [1690, 1739]]"", ""[[1572, 0], [1630, 0], [1630, 1739], [1572, 1739]]"", ""[[1419, 0], [1466, 0], [1466, 1739], [1419, 1739]]""]"
Q3_13_067,文參走巴惑會管永鎭營將士，調撥諸道兵討之。,"[""[[1084, 0], [1146, 0], [1146, 1739], [1084, 1739]]"", ""[[917, 0], [975, 0], [975, 1739], [917, 1739]]"", ""[[869, 0], [917, 0], [917, 1739], [869, 1739]]""]"
Q3_13_068,己酉其柟賊驚潰，進逼將相貝文支成于虎洲，參遂降。,"[""[[810, 0], [869, 0], [869, 1739], [810, 1739]]"", ""[[641, 0], [712, 0], [712, 1739], [641, 1739]]""]"
Q3_13_069,庚戌相雪宜帝仁授欽差平西大將軍，調撥諸道步兵攻潘領永鎮鎭定二營將士。,"[""[[534, 0], [585, 0], [585, 1739], [534, 1739]]"", ""[[416, 0], [481, 0], [481, 1739], [416, 1739]]"", ""[[372, 0], [416, 0], [416, 1739], [372, 1739]]"", ""[[259, 0], [304, 0], [304, 1739], [259, 1739]]"", ""[[1650, 0], [1714, 0], [1714, 1775], [1650, 1775]]"", ""[[1593, 0], [1650, 0], [1650, 1775], [1593, 1775]]"", ""[[1472, 0], [1540, 0], [1540, 1775], [1472, 1775]]""]"
Q3_14_070,癸丑夏大駕征島工石員二青二與水首大兵會。,"[""[[1370, 0], [1436, 0], [1436, 1775], [1370, 1775]]""]"
Q3_14_071,甲寅里收復平順道，進島筆成聞兵至一丞。,[]
Q3_14_072,其冬賊復圍延慶，使其黨司隸黎忠侵平遂牂圍走，復進攻施耐連拔礁磯梅鄉諸賊。,"[""[[1201, 0], [1258, 0], [1258, 1775], [1201, 1775]]"", ""[[1145, 0], [1201, 0], [1201, 1775], [1145, 1775]]""]"
Q3_14_073,賊圍延慶，會調撥前水營爲今金員星民民民安安司光耀兵合會。,"[""[[924, 0], [981, 0], [981, 1775], [924, 1775]]"", ""[[869, 0], [924, 0], [924, 1775], [869, 1775]]"", ""[[700, 0], [757, 0], [757, 1775], [700, 1775]]"", ""[[630, 0], [700, 0], [700, 1775], [630, 1775]]""]"
Q3_15_074,乘肜通三代武性留鎭延慶，練軍士撫黎庶防遏敵兵，令行禁止，賊不敢犯。,"[""[[1751, 0], [1811, 0], [1811, 1739], [1751, 1739]]"", ""[[1480, 0], [1530, 0], [1530, 1739], [1480, 1739]]"", ""[[1367, 0], [1417, 0], [1417, 1739], [1367, 1739]]"", ""[[1149, 0], [1205, 0], [1205, 1739], [1149, 1739]]""]"
Q3_15_075,尋召還戊午，病率贈元輔功臣特進上柱國。,"[""[[1036, 0], [1095, 0], [1095, 1739], [1036, 1739]]"", ""[[819, 0], [869, 0], [869, 1739], [819, 1739]]"", ""[[765, 0], [819, 0], [819, 1739], [765, 1739]]""]"
Q3_15_076,掌營嘉隆三年列祀顯忠祠九。,"[""[[653, 0], [707, 0], [707, 1739], [653, 1739]]"", ""[[373, 0], [431, 0], [431, 1739], [373, 1739]]"", ""[[1684, 0], [1729, 0], [1729, 1748], [1684, 1748]]"", ""[[1566, 0], [1629, 0], [1629, 1748], [1566, 1748]]""]"
Q3_16_077,年列祀中興功臣廟。,"[""[[1139, 0], [1256, 0], [1256, 1748], [1139, 1748]]"", ""[[1022, 0], [1139, 0], [1139, 1748], [1022, 1748]]""]"
Q3_16_078,明命五年，加贈太保郢公，從祀世廟。,"[""[[1022, 0], [1139, 0], [1139, 1748], [1022, 1748]]"", ""[[690, 0], [807, 0], [807, 1748], [690, 1748]]""]"
Q3_16_079,十二年，追封諒江郡公。,"[""[[428, 0], [474, 0], [474, 1748], [428, 1748]]""]"
Q3_17_080,十六年，從祀武廟。,"[""[[1960, 0], [2030, 0], [2030, 1742], [1960, 1742]]"", ""[[1680, 0], [1750, 0], [1750, 1742], [1680, 1742]]""]"
Q3_17_081,會大著勞績，為中興功臣之冠。,"[""[[1610, 0], [1680, 0], [1680, 1742], [1610, 1742]]"", ""[[1470, 0], [1540, 0], [1540, 1742], [1470, 1742]]"", ""[[1120, 0], [1190, 0], [1190, 1742], [1120, 1742]]"", ""[[980, 0], [1050, 0], [1050, 1742], [980, 1742]]""]"
Q3_17_082,性嚴重恪守禮度，諸將皆敬憚之。,"[""[[910, 0], [980, 0], [980, 1742], [910, 1742]]"", ""[[490, 0], [560, 0], [560, 1742], [490, 1742]]""]"
Q3_17_083,洵尊室中之標的者。,[]
Q3_17_084,尊室勝，第二子，尊室會之兄也。,[]
Q3_17_085,甲也。,[]
Q3_17_086,尊室裕，午從南幸，官掌前軍。,"[""[[420, 0], [490, 0], [490, 1742], [420, 1742]]""]"
Q3_17_087,辛丑出守平順，叩中軍節制，調撥諸道步兵。,"[""[[280, 0], [350, 0], [350, 1742], [280, 1742]]"", ""[[1589, 0], [1641, 0], [1641, 1748], [1589, 1748]]""]"
Q3_18_088,壬寅，西山八寇嘉定，裕率左支陳春澤等八援，收復柴棍，陞欽差外左掌營，領大司農。,"[""[[1477, 0], [1532, 0], [1532, 1748], [1477, 1748]]"", ""[[1203, 0], [1255, 0], [1255, 1748], [1203, 1748]]"", ""[[1143, 0], [1203, 0], [1203, 1748], [1143, 1748]]""]"
Q3_18_089,癸卯卒，贈拿室右軍掌府，列祀顯忠祠，中興功臣廟。,"[""[[817, 0], [865, 0], [865, 1748], [817, 1748]]"", ""[[538, 0], [592, 0], [592, 1748], [538, 1748]]"", ""[[254, 0], [312, 0], [312, 1748], [254, 1748]]"", ""[[1545, 0], [1597, 0], [1597, 1768], [1545, 1768]]"", ""[[1491, 0], [1545, 0], [1545, 1768], [1491, 1768]]"", ""[[1379, 0], [1431, 0], [1431, 1768], [1379, 1768]]"", ""[[1263, 0], [1321, 0], [1321, 1768], [1263, 1768]]""]"
Q3_18_090,學務堂務，務民堂務，堂堂務堂務，堂司名賊於壘石嶼被虜，賊誘之降谷，罵曰：“吾為東浦鬼，不為西山臣。,[]
Q3_19_091,”賊怒殺之，贈掌尊室尼營郡公，列祀顯忠祠，中興功臣廟。,"[""[[1099, 0], [1156, 0], [1156, 1768], [1099, 1768]]"", ""[[1041, 0], [1099, 0], [1099, 1768], [1041, 1768]]"", ""[[762, 0], [821, 0], [821, 1768], [762, 1768]]""]"
Q3_19_092,尊室貺之子也，八嘉定累從征戰，官至銳成衛衛尉。,"[""[[651, 0], [708, 0], [708, 1768], [651, 1768]]"", ""[[539, 0], [594, 0], [594, 1768], [539, 1768]]"", ""[[426, 0], [478, 0], [478, 1768], [426, 1768]]"", ""[[308, 0], [362, 0], [362, 1768], [308, 1768]]""]"
Q3_20_093,辛酉與賊戰幹神投山，陣亡。,"[""[[1688, 0], [1746, 0], [1746, 1742], [1688, 1742]]""]"
Q3_20_094,明命六年，贈尊室沾之子也，乙卯初投八嘉務堂市房務房，與務適房號務衛尉。,"[""[[1635, 0], [1688, 0], [1688, 1742], [1635, 1742]]"", ""[[1580, 0], [1635, 0], [1635, 1742], [1580, 1742]]"", ""[[1358, 0], [1418, 0], [1418, 1742], [1358, 1742]]"", ""[[1193, 0], [1253, 0], [1253, 1742], [1193, 1742]]"", ""[[1026, 0], [1092, 0], [1092, 1742], [1026, 1742]]""]"
Q3_20_095,乙未從攻歸仁，與賊戰於新安江，陣沒，贈錦衣衛掌衛，列祀顯忠祠。,"[""[[850, 0], [917, 0], [917, 1742], [850, 1742]]"", ""[[700, 0], [750, 0], [750, 1742], [700, 1742]]""]"
Q3_20_096,明命五年，追贈神策軍字尊室宴之第二子也。,"[""[[526, 0], [587, 0], [587, 1742], [526, 1742]]"", ""[[255, 0], [291, 0], [291, 1742], [255, 1742]]"", ""[[187, 0], [255, 0], [255, 1742], [187, 1742]]"", ""[[1750, 0], [1803, 0], [1803, 1742], [1750, 1742]]""]"
Q3_21_097,初，八嘉一統制室曜定從張福律討賊，以軍功遷前屯副統，尋遷神策右營都統制。,"[""[[1640, 0], [1696, 0], [1696, 1742], [1640, 1742]]"", ""[[1362, 0], [1419, 0], [1419, 1742], [1362, 1742]]"", ""[[1142, 0], [1198, 0], [1198, 1742], [1142, 1742]]"", ""[[1032, 0], [1088, 0], [1088, 1742], [1032, 1742]]"", ""[[870, 0], [918, 0], [918, 1742], [870, 1742]]"", ""[[813, 0], [870, 0], [870, 1742], [813, 1742]]""]"
Q3_21_098,壬戌領清化總鎭山音逋匪，郭必敘聚黨詩襲天闕驛，分兵。,"[""[[532, 0], [590, 0], [590, 1742], [532, 1742]]"", ""[[366, 0], [422, 0], [422, 1742], [366, 1742]]"", ""[[194, 0], [252, 0], [252, 1742], [194, 1742]]""]"
Q3_22_099,按守要路，匪不敢動；癸酉病卒，贈掌營蓋武節嗣德五年，列麗中興功臣。,"[""[[1581, 0], [1633, 0], [1633, 1761], [1581, 1761]]"", ""[[1472, 0], [1524, 0], [1524, 1761], [1472, 1761]]"", ""[[1361, 0], [1411, 0], [1411, 1761], [1361, 1761]]"", ""[[1246, 0], [1302, 0], [1302, 1761], [1246, 1761]]""]"
Q3_22_100,廟障為人忠慤，火膺方持心廉，台世以此多之。,"[""[[1191, 0], [1246, 0], [1246, 1761], [1191, 1761]]"", ""[[846, 0], [909, 0], [909, 1761], [846, 1761]]"", ""[[682, 0], [739, 0], [739, 1761], [682, 1761]]""]"
Q3_22_101,子二：明昭居官清，自俱有父風。,"[""[[571, 0], [633, 0], [633, 1761], [571, 1761]]""]"
Q3_22_102,明官至清化署督，春之子歷從望閣還遷羽林衛衛尉。,"[""[[458, 0], [516, 0], [516, 1761], [458, 1761]]"", ""[[168, 0], [227, 0], [227, 1761], [168, 1761]]"", ""[[1522, 0], [1580, 0], [1580, 1735], [1522, 1735]]"", ""[[1413, 0], [1470, 0], [1470, 1735], [1413, 1735]]""]"
Q3_23_103,明命初八年，各賜白金衣月書蒼。,"[""[[1247, 0], [1310, 0], [1310, 1735], [1247, 1735]]"", ""[[1195, 0], [1247, 0], [1247, 1735], [1195, 1735]]"", ""[[1140, 0], [1195, 0], [1195, 1735], [1140, 1735]]""]"
Q3_23_104,大駕北巡，春之子歷從望閣還遷羽林衛衛尉明命初陞侍中右統制腸望閣俸二年，大駕北巡充隨駕侍衛大臣。,"[""[[1140, 0], [1195, 0], [1195, 1735], [1140, 1735]]"", ""[[917, 0], [975, 0], [975, 1735], [917, 1735]]"", ""[[753, 0], [810, 0], [810, 1735], [753, 1735]]"", ""[[418, 0], [476, 0], [476, 1735], [418, 1735]]"", ""[[195, 0], [252, 0], [252, 1735], [195, 1735]]"", ""[[1659, 0], [1699, 0], [1699, 1768], [1659, 1768]]"", ""[[1209, 0], [1256, 0], [1256, 1768], [1209, 1768]]"", ""[[759, 0], [820, 0], [820, 1768], [759, 1768]]""]"
Q3_24_105,五年遷神策右營都統制，出為清化協鎮驛，以親動屢蒙眷注，在清省與房院務務成局務司晏之次子也。,"[""[[299, 0], [346, 0], [346, 1768], [299, 1768]]"", ""[[1737, 0], [1807, 0], [1807, 1751], [1737, 1751]]"", ""[[1635, 0], [1686, 0], [1686, 1751], [1635, 1751]]"", ""[[1412, 0], [1470, 0], [1470, 1751], [1412, 1751]]""]"
Q3_25_106,丙辰就嘉定奉侍，經從行陣，累賜贈卹，嗣德十一年列祈賢長元卷至神策軍右營副都統制侍中左，為佛日命八年卒，追贈侍內都統制。,"[""[[1135, 0], [1189, 0], [1189, 1751], [1135, 1751]]"", ""[[1082, 0], [1135, 0], [1135, 1751], [1082, 1751]]"", ""[[1029, 0], [1082, 0], [1082, 1751], [1029, 1751]]"", ""[[695, 0], [758, 0], [758, 1751], [695, 1751]]"", ""[[638, 0], [695, 0], [695, 1751], [638, 1751]]"", ""[[582, 0], [638, 0], [638, 1751], [582, 1751]]"", ""[[523, 0], [582, 0], [582, 1751], [523, 1751]]"", ""[[300, 0], [350, 0], [350, 1751], [300, 1751]]"", ""[[182, 0], [237, 0], [237, 1751], [182, 1751]]""]"
Q3_26_107,尊室彤，嗣德十一年列祀賢良祠。,"[""[[1622, 0], [1716, 0], [1716, 1742], [1622, 1742]]"", ""[[1524, 0], [1622, 0], [1622, 1742], [1524, 1742]]"", ""[[1475, 0], [1524, 0], [1524, 1742], [1475, 1742]]"", ""[[1262, 0], [1305, 0], [1305, 1742], [1262, 1742]]""]"
Q3_26_108,尊室琅之子也。,"[""[[1262, 0], [1305, 0], [1305, 1742], [1262, 1742]]"", ""[[1198, 0], [1262, 0], [1262, 1742], [1198, 1742]]""]"
Q3_26_109,明命初授翰林院檢計，充文書行走，遷承旨。,"[""[[1198, 0], [1262, 0], [1262, 1742], [1198, 1742]]"", ""[[867, 0], [923, 0], [923, 1742], [867, 1742]]"", ""[[592, 0], [654, 0], [654, 1742], [592, 1742]]"", ""[[244, 0], [306, 0], [306, 1742], [244, 1742]]"", ""[[196, 0], [244, 0], [244, 1742], [196, 1742]]"", ""[[1689, 0], [1742, 0], [1742, 1742], [1689, 1742]]""]"
Q3_27_110,明命八年出為清化協鎮會鎮守，胡交張參芻元文勝貪冗案發，狼獨以清白聞璽書褒獎，賜之紗緞，尋坐免。,"[""[[1472, 0], [1527, 0], [1527, 1742], [1472, 1742]]"", ""[[1191, 0], [1255, 0], [1255, 1742], [1191, 1742]]"", ""[[918, 0], [988, 0], [988, 1742], [918, 1742]]"", ""[[758, 0], [815, 0], [815, 1742], [758, 1742]]"", ""[[700, 0], [758, 0], [758, 1742], [700, 1742]]"", ""[[645, 0], [700, 0], [700, 1742], [645, 1742]]"", ""[[478, 0], [540, 0], [540, 1742], [478, 1742]]""]"
Q3_27_111,俄起復，累遷幹順巡撫，徙清化總督。,"[""[[139, 0], [252, 0], [252, 1742], [139, 1742]]"", ""[[1686, 0], [1756, 0], [1756, 1749], [1686, 1749]]""]"
Q3_28_112,紹治四年加太子少保銜，六年陞署辦大學士，領河寧總督，尋卒。,"[""[[1686, 0], [1756, 0], [1756, 1749], [1686, 1749]]"", ""[[1527, 0], [1593, 0], [1593, 1749], [1527, 1749]]"", ""[[1469, 0], [1527, 0], [1527, 1749], [1469, 1749]]""]"
Q3_28_113,諸拿室王九世孫，明命三年以尊生充文書房八祀典，嗣德十一年列刑寶長前行走，歷官翰林院承旨，出為廣治參協轉平定平順二鎮。,"[""[[1418, 0], [1469, 0], [1469, 1749], [1418, 1749]]"", ""[[1139, 0], [1193, 0], [1193, 1749], [1139, 1749]]"", ""[[920, 0], [993, 0], [993, 1749], [920, 1749]]"", ""[[867, 0], [920, 0], [920, 1749], [867, 1749]]"", ""[[749, 0], [806, 0], [806, 1749], [749, 1749]]"", ""[[706, 0], [749, 0], [749, 1749], [706, 1749]]"", ""[[656, 0], [706, 0], [706, 1749], [656, 1749]]"", ""[[309, 0], [363, 0], [363, 1749], [309, 1749]]""]"
Q3_28_114,參協十四年召還，因紫未清截雷，適南圻有逆镶之變，请效勞与賊戰，失利秀之降，丙亢節不屈，罵賊而死，贈按察使，賞銀五十兩錢一百緡。,"[""[[258, 0], [309, 0], [309, 1749], [258, 1749]]"", ""[[1796, 0], [2000, 0], [2000, 1765], [1796, 1765]]"", ""[[1642, 0], [1731, 0], [1731, 1765], [1642, 1765]]"", ""[[1132, 0], [1192, 0], [1192, 1765], [1132, 1765]]"", ""[[1028, 0], [1132, 0], [1132, 1765], [1028, 1765]]"", ""[[787, 0], [859, 0], [859, 1765], [787, 1765]]""]"
Q3_29_115,嗣德十年爲逆懷所廣言天下才亥蒙尊室斲之子也。,"[""[[694, 0], [787, 0], [787, 1765], [694, 1765]]"", ""[[225, 0], [298, 0], [298, 1765], [225, 1765]]"", ""[[1480, 0], [1535, 0], [1535, 1749], [1480, 1749]]""]"
Q3_30_116,嘉隆初年列元尊室議充兩侯隊，明命初陞該隊充民市賊屯，斬獲多數，賞軍功一級。,"[""[[1370, 0], [1421, 0], [1421, 1749], [1370, 1749]]"", ""[[1205, 0], [1255, 0], [1255, 1749], [1205, 1749]]"", ""[[870, 0], [925, 0], [925, 1749], [870, 1749]]"", ""[[536, 0], [594, 0], [594, 1749], [536, 1749]]"", ""[[428, 0], [482, 0], [482, 1749], [428, 1749]]"", ""[[255, 0], [306, 0], [306, 1749], [255, 1749]]""]"
Q3_31_117,紹治初以督兵受爻工須兵，晉封隆平男，署龍征勦功處多丹尊人符左尊卿四年詞署永武營斷制書詩夫邑三定眞西改授統制充參贊大臣，尋率贈龍武為有樂。,"[""[[1523, 0], [1578, 0], [1578, 1752], [1523, 1752]]"", ""[[1245, 0], [1304, 0], [1304, 1752], [1245, 1752]]"", ""[[1026, 0], [1082, 0], [1082, 1752], [1026, 1752]]"", ""[[811, 0], [863, 0], [863, 1752], [811, 1752]]"", ""[[756, 0], [811, 0], [811, 1752], [756, 1752]]"", ""[[471, 0], [526, 0], [526, 1752], [471, 1752]]"", ""[[303, 0], [363, 0], [363, 1752], [303, 1752]]"", ""[[249, 0], [303, 0], [303, 1752], [249, 1752]]"", ""[[190, 0], [249, 0], [249, 1752], [190, 1752]]"", ""[[1742, 0], [1805, 0], [1805, 1745], [1742, 1745]]"", ""[[1691, 0], [1742, 0], [1742, 1745], [1691, 1745]]""]"
Q3_32_118,十一年列官至坤幾營署副衛尉。,"[""[[1691, 0], [1742, 0], [1742, 1745], [1691, 1745]]"", ""[[1527, 0], [1576, 0], [1576, 1745], [1527, 1745]]""]"
Q3_32_119,紹治七年尊室週年派往沱澡汛防勦，爲洋人身大南一統志卷三死，贈衛尉。,"[""[[1470, 0], [1527, 0], [1527, 1745], [1470, 1745]]"", ""[[1306, 0], [1360, 0], [1360, 1745], [1306, 1745]]"", ""[[1251, 0], [1306, 0], [1306, 1745], [1251, 1745]]"", ""[[862, 0], [918, 0], [918, 1745], [862, 1745]]"", ""[[756, 0], [815, 0], [815, 1745], [756, 1745]]"", ""[[420, 0], [474, 0], [474, 1745], [420, 1745]]""]"
Q3_32_120,又鑾駕護衛隊長，尊室符紹治三羊胎易匪拒戰而死，贈禁年俱列元忠書。,"[""[[247, 0], [314, 0], [314, 1745], [247, 1745]]"", ""[[194, 0], [247, 0], [247, 1745], [194, 1745]]"", ""[[1506, 0], [1577, 0], [1577, 1742], [1506, 1742]]"", ""[[1195, 0], [1250, 0], [1250, 1742], [1195, 1742]]"", ""[[868, 0], [924, 0], [924, 1742], [868, 1742]]""]"
Q3_33_121,元十尋卒，嗣德年間陞署統制，仍兼府矛嘉。,"[""[[868, 0], [924, 0], [924, 1742], [868, 1742]]"", ""[[707, 0], [757, 0], [757, 1742], [707, 1742]]"", ""[[649, 0], [707, 0], [707, 1742], [649, 1742]]"", ""[[313, 0], [368, 0], [368, 1742], [313, 1742]]"", ""[[1755, 0], [1885, 0], [1885, 1749], [1755, 1749]]""]"
Q3_34_122,爲人會逆裏反於嘉定，賊黨占據邊和嘉成，既而賊兵攙來，官軍與戰失利，嘉爲賊所奉命徵撥兵站與領兵黎文義赴援，收行拿生出身。,"[""[[1755, 0], [1885, 0], [1885, 1749], [1755, 1749]]"", ""[[1639, 0], [1696, 0], [1696, 1749], [1639, 1749]]"", ""[[1310, 0], [1372, 0], [1372, 1749], [1310, 1749]]"", ""[[1034, 0], [1091, 0], [1091, 1749], [1034, 1749]]"", ""[[869, 0], [922, 0], [922, 1749], [869, 1749]]"", ""[[649, 0], [703, 0], [703, 1749], [649, 1749]]"", ""[[370, 0], [422, 0], [422, 1749], [370, 1749]]"", ""[[1631, 0], [1691, 0], [1691, 1742], [1631, 1742]]""]"
Q3_35_123,紹治年間歷應人吾里氣兼攝尊人府左尊鄉，授吏部尚書充協玉畿水師，尋卒追贈協辦大學士。,"[""[[1544, 0], [1631, 0], [1631, 1742], [1544, 1742]]"", ""[[1251, 0], [1298, 0], [1298, 1742], [1251, 1742]]"", ""[[1193, 0], [1251, 0], [1251, 1742], [1193, 1742]]"", ""[[862, 0], [918, 0], [918, 1742], [862, 1742]]"", ""[[761, 0], [812, 0], [812, 1742], [761, 1742]]"", ""[[425, 0], [475, 0], [475, 1742], [425, 1742]]"", ""[[364, 0], [425, 0], [425, 1742], [364, 1742]]"", ""[[185, 0], [250, 0], [250, 1742], [185, 1742]]"", ""[[1570, 0], [1627, 0], [1627, 1742], [1570, 1742]]"", ""[[1248, 0], [1303, 0], [1303, 1742], [1248, 1742]]"", ""[[1087, 0], [1138, 0], [1138, 1742], [1087, 1742]]""]"
Q3_36_124,常久掌銓尊衡爲人質厚綏盛郡公，張登桂每推許焉爭尊室滋第三子，初以尊生進，紹治年間X室清累遷吏禮二部侍郎兼攝。,"[""[[813, 0], [869, 0], [869, 1742], [813, 1742]]"", ""[[592, 0], [645, 0], [645, 1742], [592, 1742]]"", ""[[535, 0], [592, 0], [592, 1742], [535, 1742]]"", ""[[255, 0], [310, 0], [310, 1742], [255, 1742]]"", ""[[197, 0], [255, 0], [255, 1742], [197, 1742]]""]"
Q3_37_125,尊人府右尊鄉，嗣德年間陞寧平巡撫，護理清化總督。,"[""[[1750, 0], [1808, 0], [1808, 1752], [1750, 1752]]"", ""[[1698, 0], [1750, 0], [1750, 1752], [1698, 1752]]"", ""[[1477, 0], [1530, 0], [1530, 1752], [1477, 1752]]""]"
Q3_37_126,拿尋卒，瀟歷膺外閫，稍有循聲，追贈總督。,"[""[[1420, 0], [1477, 0], [1477, 1752], [1420, 1752]]"", ""[[1368, 0], [1420, 0], [1420, 1752], [1368, 1752]]""]"
Q3_37_127,尊室尼第三子，以尊生出身，紹治初歷引陞平定按察使，因事坐徒發，次効贖，起復（八品）書吏。,"[""[[1036, 0], [1095, 0], [1095, 1752], [1036, 1752]]"", ""[[923, 0], [984, 0], [984, 1752], [923, 1752]]"", ""[[819, 0], [876, 0], [876, 1752], [819, 1752]]"", ""[[598, 0], [656, 0], [656, 1752], [598, 1752]]"", ""[[311, 0], [376, 0], [376, 1752], [311, 1752]]"", ""[[258, 0], [311, 0], [311, 1752], [258, 1752]]"", ""[[1698, 0], [1752, 0], [1752, 1742], [1698, 1742]]""]"
Q3_38_128,嗣德年間復領北寧按察使。,"[""[[1532, 0], [1584, 0], [1584, 1742], [1532, 1742]]"", ""[[1480, 0], [1532, 0], [1532, 1742], [1480, 1742]]""]"
Q3_38_129,（二市片市房：一房務，堂務，窗講學士），列祀忠義祠。,"[""[[1480, 0], [1532, 0], [1532, 1742], [1480, 1742]]"", ""[[1312, 0], [1367, 0], [1367, 1742], [1312, 1742]]"", ""[[1254, 0], [1312, 0], [1312, 1742], [1254, 1742]]"", ""[[1202, 0], [1254, 0], [1254, 1742], [1202, 1742]]""]"
Q3_38_130,集室為人勇敢有武藝，明命十五年隸從嘉定軍，次紹治初累遷河僊永隆副領兵。,"[""[[1202, 0], [1254, 0], [1254, 1742], [1202, 1742]]"", ""[[926, 0], [988, 0], [988, 1742], [926, 1742]]"", ""[[813, 0], [872, 0], [872, 1742], [813, 1742]]"", ""[[705, 0], [766, 0], [766, 1742], [705, 1742]]""]"
Q3_38_131,嗣德年間署統制兼攝。,"[""[[594, 0], [652, 0], [652, 1742], [594, 1742]]""]"
Q3_38_132,尊人府右尊鄉，尋卒。,"[""[[427, 0], [484, 0], [484, 1742], [427, 1742]]""]"
Q3_38_133,以年前拿室寺尊室遊長捕務，有戰功，追授統制。,"[""[[258, 0], [319, 0], [319, 1742], [258, 1742]]"", ""[[1686, 0], [1737, 0], [1737, 1745], [1686, 1745]]"", ""[[1573, 0], [1631, 0], [1631, 1745], [1573, 1745]]"", ""[[1518, 0], [1573, 0], [1573, 1745], [1518, 1745]]"", ""[[1355, 0], [1412, 0], [1412, 1745], [1355, 1745]]""]"
Q3_39_134,山子為人慷慨有勇，略歷官鴻臚寺鄉。,"[""[[1192, 0], [1246, 0], [1246, 1745], [1192, 1745]]"", ""[[1085, 0], [1139, 0], [1139, 1745], [1085, 1745]]""]"
Q3_39_135,嗣德十二年廣南沱瀼有警，充軍次贊襄十四年法兵攻破嘉定大市，峙與贊理阮惟抵敵不住，拿室詩尊死之，追贈禮部侍郎，列祀忠義祠。,"[""[[913, 0], [970, 0], [970, 1745], [913, 1745]]"", ""[[808, 0], [863, 0], [863, 1745], [808, 1745]]"", ""[[244, 0], [307, 0], [307, 1745], [244, 1745]]"", ""[[187, 0], [244, 0], [244, 1745], [187, 1745]]"", ""[[1516, 0], [1570, 0], [1570, 1755], [1516, 1755]]"", ""[[1191, 0], [1244, 0], [1244, 1755], [1191, 1755]]"", ""[[907, 0], [973, 0], [973, 1755], [907, 1755]]""]"
Q3_40_136,言室貨第二子，以武藝進歷遷廣南副管奇。,"[""[[863, 0], [907, 0], [907, 1755], [863, 1755]]"", ""[[697, 0], [749, 0], [749, 1755], [697, 1755]]"", ""[[588, 0], [642, 0], [642, 1755], [588, 1755]]""]"
Q3_40_137,嗣德十六年沱瀼有警，,"[""[[473, 0], [527, 0], [527, 1755], [473, 1755]]"", ""[[417, 0], [473, 0], [473, 1755], [417, 1755]]""]"
Q3_41_138,福寧屯之戰死於陣，,"[""[[1631, 0], [1696, 0], [1696, 1739], [1631, 1739]]""]"
Q3_41_139,追授明務創務務務創務務市務務與務務別運司縣府有治事才，,"[""[[1359, 0], [1410, 0], [1410, 1739], [1359, 1739]]""]"
Q3_41_140,累遷廣平布政使署清化總督，,"[""[[1193, 0], [1281, 0], [1281, 1739], [1193, 1739]]"", ""[[1029, 0], [1085, 0], [1085, 1739], [1029, 1739]]""]"
Q3_41_141,改工部尚書，,[]
Q3_41_142,以事降右侍郎，,[]
Q3_41_143,轉戶部參知，,[]
Q3_41_144,尋率鴻知詩稍通醫術，,"[""[[865, 0], [915, 0], [915, 1739], [865, 1739]]""]"
Q3_41_145,所著有《農何詩文》拿抄四卷，,[]
Q3_41_146,《仕學齋記》二卷，,[]
Q3_41_147,《濟人藥效》八卷。,"[""[[698, 0], [753, 0], [753, 1739], [698, 1739]]"", ""[[584, 0], [648, 0], [648, 1739], [584, 1739]]""]"
Q3_42_148,尊室漢之子聰敘好學，兩登庠。,"[""[[1630, 0], [1701, 0], [1701, 1742], [1630, 1742]]""]"
Q3_42_149,嗣德年室游間歷補縣府，累遷清化護督，改授工部參知，尋以清化省。,"[""[[1525, 0], [1573, 0], [1573, 1742], [1525, 1742]]"", ""[[1361, 0], [1416, 0], [1416, 1742], [1361, 1742]]"", ""[[1249, 0], [1304, 0], [1304, 1742], [1249, 1742]]"", ""[[1031, 0], [1087, 0], [1087, 1742], [1031, 1742]]"", ""[[865, 0], [918, 0], [918, 1742], [865, 1742]]"", ""[[758, 0], [813, 0], [813, 1742], [758, 1742]]""]"
Q3_42_150,倉虧久之，欵降侍郎同慶。,"[""[[626, 0], [699, 0], [699, 1742], [626, 1742]]""]"
Q3_42_151,初開復兵部參知，歷刑戶禮三部尚書。,"[""[[313, 0], [370, 0], [370, 1742], [313, 1742]]""]"
Q3_42_152,出爲平富總督。,"[""[[313, 0], [370, 0], [370, 1742], [313, 1742]]"", ""[[1736, 0], [1794, 0], [1794, 1742], [1736, 1742]]""]"
Q3_42_153,成泰初，以病請回，準以尚書御專攝尊人府務。,[]
Q3_42_154,尋卒。,[]
Q3_43_155,閏爲人伶俐，有政事才。,"[""[[1630, 0], [1684, 0], [1684, 1742], [1630, 1742]]""]"
Q3_43_156,於美令湛美舉人，歷禮部辦理。,[]
Q3_43_157,以事免，冷舉同茶進士，今授清化按察使。,[]
Q3_43_158,湛舉人，今領廣治按察使。,[]
Q3_43_159,其先宋山貴縣人，後徙居承天。,"[""[[1464, 0], [1518, 0], [1518, 1742], [1464, 1742]]""]"
Q3_43_160,本朝人物符福治天初仕黎，為順化鎭撫倫郡公，政冶寬和，百姓愛慕，稱爲本處公。,"[""[[1246, 0], [1301, 0], [1301, 1742], [1246, 1742]]""]"
Q3_43_161,太祖南鎮治首獻境內圖籍，贊王室，國初寔有功焉。,"[""[[912, 0], [980, 0], [980, 1742], [912, 1742]]""]"
Q3_43_162,嘉隆初，列在開國功臣。,[]
Q3_43_163,二尺副合倫郡公宋等，蔭其孫一人守祀事。,"[""[[647, 0], [695, 0], [695, 1742], [647, 1742]]"", ""[[472, 0], [531, 0], [531, 1742], [472, 1742]]"", ""[[190, 0], [248, 0], [248, 1742], [190, 1742]]"", ""[[1473, 0], [1522, 0], [1522, 1742], [1473, 1742]]""]"
Q3_44_164,今元之福洽之裔，世尊朝爲龍湖留守，著有惠政，吏民愛之。,"[""[[1141, 0], [1199, 0], [1199, 1742], [1141, 1742]]"", ""[[1034, 0], [1091, 0], [1091, 1742], [1034, 1742]]"", ""[[871, 0], [920, 0], [920, 1742], [871, 1742]]""]"
Q3_44_165,睿尊六年冬，暹人侵河僊，洽擊走之。,[]
Q3_44_166,甲午西山侵掠平順洽，提兵進討，收復平順、延慶、平康三府。,"[""[[813, 0], [871, 0], [871, 1742], [813, 1742]]""]"
Q3_44_167,睿尊幸嘉定，授洽爲節制，敬郡公。,[]
Q3_44_168,丙申卒，贈掌營郡公。,"[""[[760, 0], [813, 0], [813, 1742], [760, 1742]]""]"
Q3_44_169,元自盜其先，嘉隆九年列祀忠節功臣廟。,[]
Q3_44_170,右府國公宋福洽之從弟也。,[]
Q3_44_171,初授該奇，以禾有討賊功，陞掌水營郡公。,[]
Q3_44_172,丁酉西山八寇，有司局務創務局務院司務局商院務務院堂務司禦賊，而西山犯巴越。,"[""[[536, 0], [591, 0], [591, 1742], [536, 1742]]"", ""[[366, 0], [426, 0], [426, 1742], [366, 1742]]""]"
Q3_44_173,福和嘆曰：「主辱臣死，義不可避」，遂死之。,"[""[[312, 0], [366, 0], [366, 1742], [312, 1742]]""]"
Q3_44_174,贈掌營郡公。,[]
Q3_45_175,元自，盜其先，嘉隆九年列祀忠節功臣廟。,"[""[[1576, 0], [1634, 0], [1634, 1745], [1576, 1745]]""]"
Q3_45_176,金宋山貴縣人，後徙居承天。,"[""[[1417, 0], [1466, 0], [1466, 1745], [1417, 1745]]""]"
Q3_45_177,參將阮朝文之子，太尊戊子初陞。,"[""[[1087, 0], [1143, 0], [1143, 1745], [1087, 1745]]"", ""[[1028, 0], [1087, 0], [1087, 1745], [1028, 1745]]""]"
Q3_45_178,該奇領布政營記錄，尋陞督戰，與阮熙尊。,[]
Q3_45_179,己未初召補文職，有進攻取父安七縣之地，尋引兵還。,"[""[[866, 0], [918, 0], [918, 1745], [866, 1745]]"", ""[[697, 0], [750, 0], [750, 1745], [697, 1745]]""]"
Q3_45_180,即而代有進守，留屯道。,"[""[[584, 0], [644, 0], [644, 1745], [584, 1745]]"", ""[[476, 0], [527, 0], [527, 1745], [476, 1745]]""]"
Q3_45_181,壬子鄭兵來侵，元帥尊室協率兵御之。,"[""[[420, 0], [476, 0], [476, 1745], [420, 1745]]""]"
Q3_46_182,有鑑守沙阜壘，賊攻鎮寧急，有鑑一移兵赴援，賊攻不拔，遂引去。,"[""[[1688, 0], [1741, 0], [1741, 1739], [1688, 1739]]"", ""[[1635, 0], [1688, 0], [1688, 1739], [1635, 1739]]"", ""[[1414, 0], [1470, 0], [1470, 1739], [1414, 1739]]""]"
Q3_46_183,自是南北休兵，率贈右軍都督府掌府事黑郡公，諡勤節，有謚明達。,"[""[[1144, 0], [1194, 0], [1194, 1739], [1144, 1739]]"", ""[[1029, 0], [1087, 0], [1087, 1739], [1029, 1739]]""]"
Q3_46_184,有材略為將，屢建大謀，所向克捷，人比之孔明、伯溫雲。,"[""[[703, 0], [755, 0], [755, 1739], [703, 1739]]"", ""[[585, 0], [641, 0], [641, 1739], [585, 1739]]""]"
Q3_46_185,嘉隆初列功臣上等，從祀太廟。,[]
Q3_46_186,九年改列祀開國功臣廟。,[]
Q3_46_187,明命中追贈右軍都統府掌府事太傅，改諡毅武，封靜國公。,[]
Q3_46_188,又從祀武元辰阮有鑑之長子也，常從父行伐廟。,"[""[[530, 0], [585, 0], [585, 1739], [530, 1739]]"", ""[[361, 0], [416, 0], [416, 1739], [361, 1739]]"", ""[[191, 0], [248, 0], [248, 1739], [191, 1739]]"", ""[[1740, 0], [1809, 0], [1809, 1749], [1740, 1749]]""]"
Q3_46_189,有豪習知兵事，有勇略顯尊。,[]
Q3_47_190,朔陞掌奇，出鎮廣平，愛養士卒，撫循百姓，使民皆親愛之，卒賜敦厚功臣謚柔慈。,"[""[[1357, 0], [1406, 0], [1406, 1749], [1357, 1749]]"", ""[[1245, 0], [1300, 0], [1300, 1749], [1245, 1749]]"", ""[[1021, 0], [1083, 0], [1083, 1749], [1021, 1749]]""]"
Q3_47_191,嘉隆初元里市民房務民，民品新堂務同一府房成。,"[""[[692, 0], [753, 0], [753, 1749], [692, 1749]]"", ""[[287, 0], [353, 0], [353, 1749], [287, 1749]]""]"
Q3_47_192,顯尊壬申初占人叛，有鏡爲統兵進討，平之。,"[""[[189, 0], [251, 0], [251, 1749], [189, 1749]]""]"
Q3_47_193,壬寅經略眞臘，取東浦之地，置嘉定府，招流民居之。,[]
Q3_48_194,已卯眞臘反，有鏡將兵討之，臘人降還至稍水洲。,"[""[[1810, 0], [1880, 0], [1880, 1742], [1810, 1742]]"", ""[[1390, 0], [1460, 0], [1460, 1742], [1390, 1742]]""]"
Q3_48_195,率贈掌營諡忠勤。,[]
Q3_48_196,嘉隆初贈副將掌奇，列在功臣上等，從祀太廟。,[]
Q3_48_197,九年列祀開國功臣廟。,"[""[[1320, 0], [1390, 0], [1390, 1742], [1320, 1742]]""]"
Q3_48_198,明命十二年贈神機營都統制，改諡壯桓，封永安侯。,"[""[[1110, 0], [1180, 0], [1180, 1742], [1110, 1742]]"", ""[[1040, 0], [1110, 0], [1110, 1742], [1040, 1742]]"", ""[[620, 0], [690, 0], [690, 1742], [620, 1742]]""]"
Q3_48_199,有鏡有將略市柳民房泰西房市務局安之。,"[""[[270, 0], [340, 0], [340, 1742], [270, 1742]]""]"
Q3_48_200,元人宋山貴縣人，初從南入，遂家順。,[]
Q3_48_201,化熙尊朝官隊長掌馬，奇船尋遷該隊，選尚公主陞掌奇。,[]
Q3_48_202,癸酉出鎭廣平，務廣恩信，撫恤軍民人者太尊。,"[""[[270, 0], [340, 0], [340, 1742], [270, 1742]]""]"
Q3_48_203,繼統與宿衛陞掌營，辛未從阮有進攻父安，喬悅之頭，水師直抵朱崖海口，攻鄭水兵，大破之。,[]
Q3_49_204,而喬復與賊戰，斬賊將數人，喬亦被創，重還廣平，尋卒，贈右軍都督府左都元人雲。,"[""[[1578, 0], [1635, 0], [1635, 1758], [1578, 1758]]"", ""[[1464, 0], [1524, 0], [1524, 1758], [1464, 1758]]""]"
Q3_49_205,阮從督美郡公子二，應翊俱至，顯官，翊之子也，官正統該奇顯尊。,"[""[[1301, 0], [1357, 0], [1357, 1758], [1301, 1758]]"", ""[[854, 0], [910, 0], [910, 1758], [854, 1758]]"", ""[[746, 0], [801, 0], [801, 1758], [746, 1758]]""]"
Q3_49_206,乙酉眞臘內亂，雲統領嘉定水步兵進攻定之，雲屯兵虬澳，墾田為軍民唱。,"[""[[690, 0], [746, 0], [746, 1758], [690, 1758]]""]"
Q3_49_207,辛卯陞鎮邊營副將，,[]
Q3_49_208,雲在邊陸臘人懷服，,[]
Q3_49_209,南陲開拓預有功，,"[""[[350, 0], [408, 0], [408, 1758], [350, 1758]]""]"
Q3_49_210,房務號學居局學運濟堂堂務房務局宇房福霑為監軍討平之，,"[""[[232, 0], [289, 0], [289, 1758], [232, 1758]]"", ""[[181, 0], [232, 0], [232, 1758], [181, 1758]]""]"
Q3_50_211,霑在軍中臘人畏之如虎，,"[""[[1467, 0], [1526, 0], [1526, 1745], [1467, 1745]]"", ""[[1141, 0], [1188, 0], [1188, 1745], [1141, 1745]]""]"
Q3_50_212,睿尊壬辰暹人侵河僊南榮潭，,[]
Q3_50_213,為正統率由前江進兵攻暹兵於南榮，,"[""[[1083, 0], [1141, 0], [1141, 1745], [1083, 1745]]"", ""[[701, 0], [750, 0], [750, 1745], [701, 1745]]""]"
Q3_50_214,大破之，,"[""[[476, 0], [524, 0], [524, 1745], [476, 1745]]""]"
Q3_50_215,暹人請和，,[]
Q3_50_216,眞臘遂睿尊南幸，,"[""[[413, 0], [476, 0], [476, 1745], [413, 1745]]""]"
Q3_50_217,陞外左西山八寇潭以兵護蹕記江之戰定，,"[""[[413, 0], [476, 0], [476, 1745], [413, 1745]]""]"
Q3_50_218,乙未與阮久俊俱陣歿，,[]
Q3_50_219,嘉隆元人差喬五世孫為九年列祀忠節功臣廟，,"[""[[356, 0], [413, 0], [413, 1745], [356, 1745]]"", ""[[1691, 0], [1742, 0], [1742, 1742], [1691, 1742]]""]"
Q3_51_220,用人勇畧有將一，,"[""[[1362, 0], [1420, 0], [1420, 1742], [1362, 1742]]""]"
Q3_51_221,帥才初授右捷隊長，,[]
Q3_51_222,癸巳西山掠廣南逸，,"[""[[1199, 0], [1253, 0], [1253, 1742], [1199, 1742]]""]"
Q3_51_223,率所部掩擊之賊，,"[""[[1143, 0], [1199, 0], [1199, 1742], [1143, 1742]]""]"
Q3_51_224,遂潰，,[]
Q3_51_225,陞左軍大都督猷郡公，,"[""[[923, 0], [987, 0], [987, 1742], [923, 1742]]""]"
Q3_51_226,逸為將能以少擊衆，,"[""[[646, 0], [702, 0], [702, 1742], [646, 1742]]"", ""[[535, 0], [586, 0], [586, 1742], [535, 1742]]""]"
Q3_51_227,累十餘戰皆捷，,[]
Q3_51_228,賊衆大驚，,"[""[[425, 0], [477, 0], [477, 1742], [425, 1742]]""]"
Q3_52_229,軍中比之韓范，,"[""[[1706, 0], [1758, 0], [1758, 1772], [1706, 1772]]"", ""[[1651, 0], [1706, 0], [1706, 1772], [1651, 1772]]""]"
Q3_52_230,甲午鄭兵來侵，,[]
Q3_52_231,市民市房務務務局司司明堂房務後命民一太廟紹治。,"[""[[1311, 0], [1376, 0], [1376, 1772], [1311, 1772]]"", ""[[1034, 0], [1094, 0], [1094, 1772], [1034, 1772]]"", ""[[921, 0], [984, 0], [984, 1772], [921, 1772]]"", ""[[758, 0], [812, 0], [812, 1772], [758, 1772]]""]"
Q3_52_232,初改封升平郡公，妄喬五世孫，以蔭典兵。,"[""[[641, 0], [700, 0], [700, 1772], [641, 1772]]""]"
Q3_52_233,丙申從世祖平臘，有功；丁酉西山寇嘉定，俊屯兵記江御之，與賊戰歿，贈都督府掌府事。,"[""[[583, 0], [641, 0], [641, 1772], [583, 1772]]"", ""[[472, 0], [529, 0], [529, 1772], [472, 1772]]"", ""[[244, 0], [296, 0], [296, 1772], [244, 1772]]""]"
Q3_52_234,嘉隆初祀顯忠萬之貴，縣人初姓張公忠節功臣廟祠，九年列祀。,[]
Q3_52_235,張福奮氏，後改賜福字，遂稱張福氏。,[]
Q3_52_236,父咖初挈家從南八，因家豐祿後。,[]
Q3_52_237,後戶天奮武略，過人官該奇神尊。,[]
Q3_53_238,十二年鄭兵來侵，奮與子雄守長育壘，賊彈飛熙尊朝出為布政營鎮守，而天大南一統志卷三擊壘陷數丈，奮督兵塡壘，賊礮擊如雨下，奮陣所向披靡，北人憚之，號爲雄鐵。,"[""[[1578, 0], [1631, 0], [1631, 1742], [1578, 1742]]"", ""[[1358, 0], [1412, 0], [1412, 1742], [1358, 1742]]"", ""[[1247, 0], [1302, 0], [1302, 1742], [1247, 1742]]"", ""[[1084, 0], [1141, 0], [1141, 1742], [1084, 1742]]"", ""[[1026, 0], [1084, 0], [1084, 1742], [1026, 1742]]"", ""[[698, 0], [755, 0], [755, 1742], [698, 1742]]"", ""[[590, 0], [647, 0], [647, 1742], [590, 1742]]"", ""[[363, 0], [420, 0], [420, 1742], [363, 1742]]""]"
Q3_53_239,嘉隆初，奮勇敢善戰，有父風，官該奇每與賊戰，身先隨端坐不動，敵人而之義一三系也，刃爲掌奇睿尊。,"[""[[248, 0], [308, 0], [308, 1742], [248, 1742]]"", ""[[191, 0], [248, 0], [248, 1742], [191, 1742]]"", ""[[1693, 0], [1750, 0], [1750, 1742], [1693, 1742]]"", ""[[1364, 0], [1419, 0], [1419, 1742], [1364, 1742]]""]"
Q3_53_240,南幸愼與阮科莊扈從，,[]
Q3_54_241,八嘉定丁酉西山犯柴棍，,"[""[[1255, 0], [1304, 0], [1304, 1742], [1255, 1742]]"", ""[[1152, 0], [1202, 0], [1202, 1742], [1152, 1742]]""]"
Q3_54_242,慎將兵赴援之山貴孫人後，,[]
Q3_54_243,睿尊幸龍川，,[]
Q3_54_244,愼扈從，,[]
Q3_54_245,賊犯龍真之子具死之三之長官至統率廣平營，,[]
Q3_54_246,楊休以蔭典兵川也二守還求壇行變之鄉郎兵戰于雲陣野陣歿，,"[""[[1037, 0], [1092, 0], [1092, 1742], [1037, 1742]]""]"
Q3_54_247,嘉隆九年列祀。,[]
Q3_54_248,元宗宋山貴縣人，,[]
Q3_54_249,父德壯忠節功臣廟防，,[]
Q3_54_250,德不初從南八籍于順化太尊朝官至掌奇，,[]
Q3_54_251,出爲廣南鎭守，,[]
Q3_54_252,陞右軍都統府左都統掌府事郡公葆在廣南，,[]
Q3_54_253,父能和輯其民，,"[""[[876, 0], [921, 0], [921, 1742], [876, 1742]]"", ""[[759, 0], [815, 0], [815, 1742], [759, 1742]]""]"
Q3_54_254,朝廷璽書褒奬，,[]
Q3_54_255,賜銅印黑長公筮其先宋山轎以旌異之，,"[""[[423, 0], [479, 0], [479, 1742], [423, 1742]]"", ""[[370, 0], [423, 0], [423, 1742], [370, 1742]]"", ""[[256, 0], [317, 0], [317, 1742], [256, 1742]]"", ""[[1700, 0], [1759, 0], [1759, 1745], [1700, 1745]]""]"
Q3_54_256,卒贈少保。,[]
Q3_55_257,之為貴縣人，後徙居順化，為人有膂力，善武藝。,"[""[[1700, 0], [1759, 0], [1759, 1745], [1700, 1745]]""]"
Q3_55_258,睿尊朝初，為仍柄船該隊，平高蠻有軍功，遷掌奇領，平康鎭守。,[]
Q3_55_259,乙未西山擾掠，轄上繼率兵從山路襲擊，兵敗為賊所獲，賊誘降之，繼不屈，罵賊而死，贈掌營列祀。,"[""[[1700, 0], [1759, 0], [1759, 1745], [1700, 1745]]""]"
Q3_55_260,元卷穹香茶縣人，試中顯忠祠忠節功臣廟，居參生徒顯尊朝補訓導，歷明靈知縣，擢八文職，原姓鄭，乂安人，蒙賜國姓，始改稱阮登氏。,"[""[[1044, 0], [1086, 0], [1086, 1745], [1044, 1745]]"", ""[[589, 0], [644, 0], [644, 1745], [589, 1745]]"", ""[[502, 0], [589, 0], [589, 1745], [502, 1745]]""]"
Q3_55_261,俄遷廣南記錄，尋召還，爲正營記錄。,"[""[[136, 0], [231, 0], [231, 1745], [136, 1745]]"", ""[[1712, 0], [1767, 0], [1767, 1768], [1712, 1768]]""]"
Q3_56_262,元卷盛香茶縣人，字香致仕卒，贈榮祿大夫。,"[""[[1657, 0], [1712, 0], [1712, 1768], [1657, 1768]]"", ""[[1378, 0], [1435, 0], [1435, 1768], [1378, 1768]]"", ""[[1320, 0], [1378, 0], [1378, 1768], [1320, 1768]]""]"
Q3_56_263,之金號拙齋，初領鄉薦，爲香茶知縣，擢八文職，充青宮侍講，尋遷都知，出爲廣南記錄，召還陞禮部兼吏部。,"[""[[1212, 0], [1265, 0], [1265, 1768], [1212, 1768]]"", ""[[878, 0], [933, 0], [933, 1768], [878, 1768]]"", ""[[765, 0], [821, 0], [821, 1768], [765, 1768]]""]"
Q3_56_264,甲世尊正王位，制度一新，多所建定。,[]
Q3_56_265,卒贈參議，盛工於詩，有拙齋詠元古貞字，儀號澹菴，阮登第季史詩集行世。,"[""[[652, 0], [707, 0], [707, 1768], [652, 1768]]"", ""[[597, 0], [652, 0], [652, 1768], [597, 1768]]"", ""[[537, 0], [597, 0], [597, 1768], [537, 1768]]"", ""[[421, 0], [477, 0], [477, 1768], [421, 1768]]"", ""[[303, 0], [366, 0], [366, 1768], [303, 1768]]""]"
Q3_57_266,右子也，舉庚申科鄉貢，遷筆豐知府，尋陞廣義巡撫，平蠻有功，徵還陞布政營記錄。,"[""[[2000, 0], [2070, 0], [2070, 1742], [2000, 1742]]""]"
Q3_57_267,眞臘侵邊，授參謀，與統率，善政調遣五營將士，討平之。,[]
Q3_57_268,睿尊嗣位，召還陞吏部管漕運使，卒贈參議。,"[""[[1930, 0], [2000, 0], [2000, 1742], [1930, 1742]]""]"
Q3_57_269,明命二十一年初，道錄其功，封新明侯，从祀太廟。,"[""[[1860, 0], [1930, 0], [1930, 1742], [1860, 1742]]"", ""[[1650, 0], [1720, 0], [1720, 1742], [1650, 1742]]"", ""[[1300, 0], [1370, 0], [1370, 1742], [1300, 1742]]""]"
Q3_57_270,居貞爲人有才略，善謀斷，參戎南陲，闢土安邊，卓有勳望，又工於詩文，所著有《澹菴集》行世。,"[""[[1020, 0], [1090, 0], [1090, 1742], [1020, 1742]]"", ""[[810, 0], [880, 0], [880, 1742], [810, 1742]]"", ""[[600, 0], [670, 0], [670, 1742], [600, 1742]]"", ""[[250, 0], [320, 0], [320, 1742], [250, 1742]]"", ""[[1590, 0], [1641, 0], [1641, 1752], [1590, 1752]]""]"
Q3_58_271,子居佾爲人有氣槩，睿尊九年鄭兵來侵，事勢孔急，佾以累世愛祿自請效死。,"[""[[1430, 0], [1486, 0], [1486, 1752], [1430, 1752]]"", ""[[1315, 0], [1377, 0], [1377, 1752], [1315, 1752]]"", ""[[1262, 0], [1315, 0], [1315, 1752], [1262, 1752]]""]"
Q3_58_272,報國乃授該隊率兵禦之，鄭人攻逼，居佾涉富禮江，溺死。,"[""[[886, 0], [926, 0], [926, 1752], [886, 1752]]"", ""[[826, 0], [868, 0], [868, 1752], [826, 1752]]"", ""[[768, 0], [826, 0], [826, 1752], [768, 1752]]""]"
Q3_58_273,孫居仕月又名漢赫，有孝行，名歷官嘉定布政古香茶縣人，有文學，太尊朝應試，擢首科，補文職，歷知府縣，在職和理省繁苛務，清靜吏民稱之。,"[""[[424, 0], [485, 0], [485, 1752], [424, 1752]]"", ""[[1752, 0], [1811, 0], [1811, 1756], [1752, 1756]]"", ""[[1531, 0], [1587, 0], [1587, 1756], [1531, 1756]]"", ""[[1315, 0], [1362, 0], [1362, 1756], [1315, 1756]]"", ""[[1197, 0], [1258, 0], [1258, 1756], [1197, 1756]]""]"
Q3_58_274,徵還遷侍講，卒，贈福德國師。,[]
Q3_58_275,孫胡福福歷官該奇，有爻八宮，賜姓宋。,[]
Q3_59_276,其後子孫有稱宋元遂亶香茶縣人，,"[""[[871, 0], [920, 0], [920, 1756], [871, 1756]]"", ""[[592, 0], [648, 0], [648, 1756], [592, 1756]]"", ""[[423, 0], [477, 0], [477, 1756], [423, 1756]]""]"
Q3_59_277,聰頴，,[]
Q3_59_278,學司育民，,[]
Q3_59_279,民員民商務質員市房局司世尊朝以布衣詣闕獻策，,[]
Q3_59_280,上嘉之，,"[""[[363, 0], [423, 0], [423, 1756], [363, 1756]]""]"
Q3_59_281,欲授以官，,[]
Q3_59_282,壇固辭，,[]
Q3_60_283,詈結廬清水山教授書亡，,"[""[[1686, 0], [1740, 0], [1740, 1739], [1686, 1739]]""]"
Q3_60_284,香茶縣人生徒卒，,"[""[[1467, 0], [1513, 0], [1513, 1739], [1467, 1739]]"", ""[[1413, 0], [1467, 0], [1467, 1739], [1413, 1739]]""]"
Q3_60_285,當代稱為超群先生卓犖，,"[""[[1138, 0], [1189, 0], [1189, 1739], [1138, 1739]]""]"
Q3_60_286,有器識，,[]
Q3_60_287,幼劬於學，,[]
Q3_60_288,義理淹貫，,[]
Q3_60_289,能文章，,"[""[[865, 0], [915, 0], [915, 1739], [865, 1739]]""]"
Q3_60_290,長於國音。,[]
Q3_60_291,西山阮交惠召之不就，光見僞政煩哉，人心懷舊，乃制懷南曲辭。,"[""[[754, 0], [811, 0], [811, 1739], [754, 1739]]"", ""[[645, 0], [698, 0], [698, 1739], [645, 1739]]"", ""[[527, 0], [586, 0], [586, 1739], [527, 1739]]""]"
Q3_60_292,元金易登壇之孫也，文學甚悲壯，人傳歌之曰：「産去知名」。,"[""[[416, 0], [471, 0], [471, 1739], [416, 1739]]"", ""[[360, 0], [416, 0], [416, 1739], [360, 1739]]""]"
Q3_60_293,甲午兵變，擢睿尊，幸嘉定登場，不能從後泛海南八至於平定，風阻為賊所獲，阮文惠留之登場辭去之，嘉定後為惠所虜，不屈遂遇害。,"[""[[243, 0], [303, 0], [303, 1739], [243, 1739]]""]"
Q3_60_294,明命初贈兵部尚書，列祀忠天。,[]
Q3_60_295,其先清化人，後籍承天節功臣廟。,[]
Q3_61_296,一市堂務堂號房號堂房定丁酉士且起兵龍川福匡以兵會收復柴棍，庚子全司安局有居公行司諭眞臘，病卒於南榮，嘉隆初贈太保，封宋國公立祠於金龍祀之。,"[""[[1587, 0], [1641, 0], [1641, 1752], [1587, 1752]]"", ""[[1533, 0], [1587, 0], [1587, 1752], [1533, 1752]]"", ""[[1477, 0], [1533, 0], [1533, 1752], [1477, 1752]]"", ""[[1256, 0], [1312, 0], [1312, 1752], [1256, 1752]]""]"
Q3_61_297,明命年間改封歸國。,[]
Q3_61_298,公子福樑官至掌元，而其先清化人，後徙承中軍，爵永順侯。,"[""[[1149, 0], [1205, 0], [1205, 1752], [1149, 1752]]"", ""[[1035, 0], [1092, 0], [1092, 1752], [1035, 1752]]"", ""[[761, 0], [819, 0], [819, 1752], [761, 1752]]""]"
Q3_61_299,防不天中興初，從房司学堂，房行有堂局育務堂，率兵御之。,"[""[[761, 0], [819, 0], [819, 1752], [761, 1752]]""]"
Q3_61_300,暹人請和，乃還西山。,"[""[[479, 0], [538, 0], [538, 1752], [479, 1752]]"", ""[[314, 0], [366, 0], [366, 1752], [314, 1752]]""]"
Q3_62_301,八寇瑞與主兵次鹿野，攻賊失利，遂如暹求援，假道眞騰，遂遇害，贈掌營郡公，列祀顯忠祠，忠節功臣廟。,"[""[[1685, 0], [1741, 0], [1741, 1746], [1685, 1746]]"", ""[[1631, 0], [1685, 0], [1685, 1746], [1631, 1746]]""]"
Q3_62_302,香茶縣人，初八望閣密贊興復之宋，福沙計及還嘉定，陞監軍該隊行兵部。,"[""[[1467, 0], [1520, 0], [1520, 1746], [1467, 1746]]"", ""[[1140, 0], [1199, 0], [1199, 1746], [1140, 1746]]"", ""[[866, 0], [915, 0], [915, 1746], [866, 1746]]""]"
Q3_62_303,明適房司健測及還道卒，贈該奇明命初贈掌營十二年，封世廟。,"[""[[866, 0], [915, 0], [915, 1746], [866, 1746]]""]"
Q3_62_304,又同姓人宋福交有望閣功，官左內馬該奇常遵義侯，從祀從征伐，病率贈英烈將也。,"[""[[699, 0], [754, 0], [754, 1746], [699, 1746]]"", ""[[645, 0], [699, 0], [699, 1746], [645, 1746]]"", ""[[588, 0], [645, 0], [645, 1746], [588, 1746]]"", ""[[418, 0], [473, 0], [473, 1746], [418, 1746]]""]"
Q3_62_305,文二其先清化人，軍列祀中興功臣廟。,"[""[[307, 0], [365, 0], [365, 1746], [307, 1746]]"", ""[[248, 0], [307, 0], [307, 1746], [248, 1746]]""]"
Q3_62_306,三後徙承天，追隨羈鞫有望閣功，癸卯護東宮如西，及還常從征伐，歷官掌奇監神策軍，從大兵克復富春，以軍功陞神武軍郡公，卒贈太傅，諡忠憲，列祀中興功臣廟。,"[""[[192, 0], [248, 0], [248, 1746], [192, 1746]]""]"
Q3_63_307,明命五年從祀世廟，,"[""[[1768, 0], [1830, 0], [1830, 1765], [1768, 1765]]""]"
Q3_63_308,十二年追封父無義香茶縣人，,"[""[[1716, 0], [1768, 0], [1768, 1765], [1716, 1765]]"", ""[[1388, 0], [1443, 0], [1443, 1765], [1388, 1765]]""]"
Q3_63_309,有望閣功，,"[""[[1107, 0], [1166, 0], [1166, 1765], [1107, 1765]]""]"
Q3_63_310,初援有司務動，,"[""[[775, 0], [831, 0], [831, 1765], [775, 1765]]""]"
Q3_63_311,務司司市有市務，,"[""[[661, 0], [719, 0], [719, 1765], [661, 1765]]""]"
Q3_63_312,有局務司正統從征，,[]
Q3_63_313,累著軍功，,"[""[[428, 0], [487, 0], [487, 1765], [428, 1765]]""]"
Q3_63_314,遷神策後營都統制，,[]
Q3_63_315,病卒於軍議，,[]
Q3_64_316,為人謹恪，,"[""[[1750, 0], [1820, 0], [1820, 1742], [1750, 1742]]""]"
Q3_64_317,追隨羈釣進退，,[]
Q3_64_318,未嘗失篇民宇市司商，,"[""[[1750, 0], [1820, 0], [1820, 1742], [1750, 1742]]""]"
Q3_64_319,商务房局園列祀表忠顯忠二祠及中興功臣廟。,"[""[[1330, 0], [1400, 0], [1400, 1742], [1330, 1742]]""]"
Q3_64_320,明命五年從祀矣。,[]
Q3_64_321,人文德律亦有望閣，世廟十二年進封才雜修三合茶縣功官，該隊歷從行陣門。,"[""[[1260, 0], [1330, 0], [1330, 1742], [1260, 1742]]""]"
Q3_64_322,房阮從統人有學，卒贈該奇列祀中與功臣世尊朝，充世子暲侍學。,"[""[[980, 0], [1050, 0], [1050, 1742], [980, 1742]]"", ""[[700, 0], [770, 0], [770, 1742], [700, 1742]]""]"
Q3_64_323,甲午之變，潛八嘉定奉侍行世祖讀書。,[]
Q3_64_324,戊戌出爲落金言金，如故率贈吏部，弟謙官至戶部領北城戶曹。,"[""[[420, 0], [490, 0], [490, 1742], [420, 1742]]""]"
Q3_64_325,今之系人之史官翰林院，性鯁直，人阮太元，號史魚。,"[""[[140, 0], [210, 0], [210, 1742], [140, 1742]]""]"
Q3_65_326,元有文學，為人亦勁正，雅有香。,"[""[[1690, 0], [1741, 0], [1741, 1752], [1690, 1752]]""]"
Q3_65_327,不四一、部尋徙禮部兼督學，以年老休致，奉朝請。,"[""[[1575, 0], [1632, 0], [1632, 1752], [1575, 1752]]""]"
Q3_65_328,嘉父風中興初，追隨有望閣，功歷官參言，乃學列祀中興功臣廟。,"[""[[1358, 0], [1414, 0], [1414, 1752], [1358, 1752]]"", ""[[1081, 0], [1138, 0], [1138, 1752], [1081, 1752]]""]"
Q3_65_329,隆三年卒，贈太傅。,[]
Q3_65_330,阮保智初授縣教，甲午之言之習，上謁受吏部參知。,"[""[[748, 0], [807, 0], [807, 1752], [748, 1752]]"", ""[[641, 0], [698, 0], [698, 1752], [641, 1752]]""]"
Q3_65_331,簷帷幄，爲中興文臣，復潛嘉人是其力。,"[""[[583, 0], [641, 0], [641, 1752], [583, 1752]]"", ""[[355, 0], [414, 0], [414, 1752], [355, 1752]]"", ""[[244, 0], [302, 0], [302, 1752], [244, 1752]]""]"
Q3_66_332,豆朝香茶縣人，智父子俱預列祀顯忠和月與目順天，高皇后之父也，有睿尊朝，官翰林院。,"[""[[1753, 0], [1806, 0], [1806, 1746], [1753, 1746]]"", ""[[1481, 0], [1525, 0], [1525, 1746], [1481, 1746]]"", ""[[1256, 0], [1311, 0], [1311, 1746], [1256, 1746]]"", ""[[1035, 0], [1095, 0], [1095, 1746], [1035, 1746]]""]"
Q3_66_333,甲午之變，退隱鄉里，後潛八嘉定官受翰林，尋遷禮部參知。,"[""[[756, 0], [819, 0], [819, 1746], [756, 1746]]"", ""[[701, 0], [756, 0], [756, 1746], [701, 1746]]""]"
Q3_66_334,天下大定，與禮部文學仕月命，初贈少傳，封河菩郡公。,"[""[[531, 0], [592, 0], [592, 1746], [531, 1746]]"", ""[[309, 0], [367, 0], [367, 1746], [309, 1746]]""]"
Q3_66_335,爽示方令月元茶紹治，初加贈太師，巳封書邑酉攻施耐海口陣亡，贈掌奇列。,[]
Q3_66_336,元見元曰葆其先，清化宋山縣人，後從南入遷籍香嘉隆初，遷該奇累遷侍內統制。,"[""[[198, 0], [255, 0], [255, 1746], [198, 1746]]"", ""[[1749, 0], [1809, 0], [1809, 1746], [1749, 1746]]"", ""[[1692, 0], [1749, 0], [1749, 1746], [1692, 1746]]"", ""[[1369, 0], [1418, 0], [1418, 1746], [1369, 1746]]""]"
Q3_67_337,明命初改遷神機營統制，率子浚官至鎮西領兵援解沙遜之圍，被傷而卒，贈掌營衞。,"[""[[1092, 0], [1143, 0], [1143, 1746], [1092, 1746]]"", ""[[759, 0], [819, 0], [819, 1746], [759, 1746]]"", ""[[534, 0], [592, 0], [592, 1746], [534, 1746]]"", ""[[252, 0], [310, 0], [310, 1746], [252, 1746]]""]"
Q3_68_338,嗣德中列祀忠義祠。,"[""[[1689, 0], [1746, 0], [1746, 1752], [1689, 1752]]""]"
Q3_68_339,黃日纘香茶縣人，討賊著有戰功，官至後營都統制。,"[""[[1524, 0], [1578, 0], [1578, 1752], [1524, 1752]]"", ""[[1355, 0], [1415, 0], [1415, 1752], [1355, 1752]]"", ""[[1253, 0], [1306, 0], [1306, 1752], [1253, 1752]]"", ""[[863, 0], [918, 0], [918, 1752], [863, 1752]]""]"
Q3_68_340,嘉隆初出領平安鎮，召還領廣德管。,"[""[[755, 0], [811, 0], [811, 1752], [755, 1752]]""]"
Q3_68_341,守、尋復出鎮平安，卒，贈掌阮登豐。,"[""[[469, 0], [531, 0], [531, 1752], [469, 1752]]""]"
Q3_68_342,香茶縣人，中興初從軍，欽差管屬內該奇，已未從軍，坐戰船遭風覆沒，贈錦衣衞掌阮登豐。,"[""[[180, 0], [244, 0], [244, 1752], [180, 1752]]"", ""[[1512, 0], [1568, 0], [1568, 1759], [1512, 1759]]"", ""[[1291, 0], [1350, 0], [1350, 1759], [1291, 1759]]""]"
Q3_69_343,范有心，香茶縣人，倜儻衛，該奇列祀顯忠祠。,"[""[[855, 0], [909, 0], [909, 1759], [855, 1759]]"", ""[[629, 0], [690, 0], [690, 1759], [629, 1759]]""]"
Q3_69_344,不羈，初官該奇，坐事免。,[]
Q3_69_345,明命初，起復該隊，遷直班副衞尉，出爲邊和鎮守南圻，捕務以軍功擢掌奇，封新福男，充嘉定軍次參贊大臣。,"[""[[295, 0], [347, 0], [347, 1759], [295, 1759]]"", ""[[233, 0], [295, 0], [295, 1759], [233, 1759]]""]"
Q3_69_346,挑掘蛇道，攻下藩安城，凱還，行抱膝禮，封伯爵，加太保，陞前軍都統掌府事。,"[""[[181, 0], [233, 0], [233, 1759], [181, 1759]]""]"
Q3_70_347,十九年，封新福侯，勒名式功碑，出領河寧總督。,"[""[[1744, 0], [1804, 0], [1804, 1743], [1744, 1743]]""]"
Q3_70_348,紹治二年，召還道，卒，贈新福郡公，諡忠肅。,[]
Q3_70_349,子襲封伯爵。,"[""[[1474, 0], [1525, 0], [1525, 1743], [1474, 1743]]""]"
Q3_70_350,嗣德十六年，授掌衞，授精兵副衞尉，襲封。,[]
Q3_70_351,土匪佔据宣光，蔓延端雄府，勢甚猖獗。,[]
Q3_70_352,宣光、端雄相繼不守。,"[""[[1143, 0], [1195, 0], [1195, 1743], [1143, 1743]]""]"
Q3_70_353,有春與提督武早將兵勦援，收復府城，進逼宣城，匪潰散軍，遂收復省城，弋獲匪渠黎維韞檻送京師，遂回阮金榜。,[]
Q3_70_354,香茶縣人，辛酉軍次，尋卒，追贈統制，補侍書院，遷興化參協。,[]
Q3_70_355,明命年間，陞海陽協鎮，徵還，授刑部左參知，陞工部尚書，領海安總督，調河寧總督，紹治二年，召還道，卒，贈新福郡公，諡忠肅。,"[""[[760, 0], [812, 0], [812, 1743], [760, 1743]]"", ""[[590, 0], [659, 0], [659, 1743], [590, 1743]]"", ""[[365, 0], [419, 0], [419, 1743], [365, 1743]]""]"
Q3_70_356,子襲封伯爵。,[]
Q3_70_357,嗣德十六年，授掌衞，授精兵副衞尉，襲封。,[]
Q3_70_358,土匪佔據宣光，蔓延端雄府，勢甚猖獗。,"[""[[253, 0], [310, 0], [310, 1743], [253, 1743]]""]"
Q3_71_359,宣光、端雄相繼不守。,"[""[[1633, 0], [1687, 0], [1687, 1742], [1633, 1742]]""]"
Q3_71_360,有春與提督武早將兵勦援，收復府城，進逼宣城，匪潰散軍，遂收復省城，弋獲匪渠黎維韞檻送京師，遂回阮金榜。,"[""[[1573, 0], [1633, 0], [1633, 1742], [1573, 1742]]""]"
Q3_71_361,香茶縣人，辛酉軍次，尋卒，追參協未赴，言周香茶縣人，煥從子以文學名詞章職。,[]
Q3_71_362,平黃兆鋒捷初侍清和潛邸，,"[""[[1467, 0], [1522, 0], [1522, 1742], [1467, 1742]]""]"
Q3_71_363,明命初歷官內閣尚葆卿，,[]
Q3_71_364,遷通政使，,[]
Q3_71_365,出爲南定協鎭，,"[""[[1137, 0], [1193, 0], [1193, 1742], [1137, 1742]]""]"
Q3_71_366,歷授禮部右侍郎，,[]
Q3_71_367,充辦內閣，,[]
Q3_71_368,轉兵部左參知，,[]
Q3_71_369,坐事免，,[]
Q3_71_370,尋起復至嘉定布政使銜，,[]
Q3_71_371,以事降員外郎，,"[""[[1028, 0], [1085, 0], [1085, 1742], [1028, 1742]]"", ""[[865, 0], [917, 0], [917, 1742], [865, 1742]]""]"
Q3_71_372,卒贈嘉定布政。,"[""[[586, 0], [643, 0], [643, 1742], [586, 1742]]""]"
Q3_71_373,從子燾領鄉薦，官至兵部左侍，元青香茶縣人，以吏同王典出身。,"[""[[247, 0], [306, 0], [306, 1742], [247, 1742]]"", ""[[1574, 0], [1627, 0], [1627, 1765], [1574, 1765]]"", ""[[1517, 0], [1574, 0], [1574, 1765], [1517, 1765]]"", ""[[1351, 0], [1406, 0], [1406, 1765], [1351, 1765]]"", ""[[1295, 0], [1351, 0], [1351, 1765], [1295, 1765]]""]"
Q3_72_374,明命初，詔比參知例給卹，歷官吏部郎中十二年，出爲河僊接察使，十四年回良兵煽變，夜八廳署琯持刀隱帳中，賊突八琯手殺數人，賊繼至，遂遇害。,"[""[[1074, 0], [1130, 0], [1130, 1765], [1074, 1765]]"", ""[[742, 0], [800, 0], [800, 1765], [742, 1765]]"", ""[[682, 0], [742, 0], [742, 1765], [682, 1765]]"", ""[[402, 0], [459, 0], [459, 1765], [402, 1765]]""]"
Q3_72_375,元木贈布政使，嗣德十一年列祀忠義祠。,"[""[[343, 0], [402, 0], [402, 1765], [343, 1765]]"", ""[[288, 0], [343, 0], [343, 1765], [288, 1765]]"", ""[[1692, 0], [1744, 0], [1744, 1746], [1692, 1746]]""]"
Q3_73_376,支香茶縣人，,"[""[[1361, 0], [1412, 0], [1412, 1746], [1361, 1746]]""]"
Q3_73_377,嘉隆四年揀額，,"[""[[1192, 0], [1248, 0], [1248, 1746], [1192, 1746]]""]"
Q3_73_378,明命初選八錦衣隊，,"[""[[1142, 0], [1192, 0], [1192, 1746], [1142, 1746]]""]"
Q3_73_379,授隊長，,"[""[[915, 0], [968, 0], [968, 1746], [915, 1746]]""]"
Q3_73_380,歷校尉，,[]
Q3_73_381,充銀牌侍衛，,[]
Q3_73_382,遷虎威營副衛尉，,[]
Q3_73_383,十四年往寧，,"[""[[753, 0], [809, 0], [809, 1746], [753, 1746]]""]"
Q3_73_384,卒捕務擒獲逆渠黎惟良等，,[]
Q3_73_385,以功陞衛尉，,[]
Q3_73_386,復往北圻捕務，,[]
Q3_73_387,攻解諒山之圍，,"[""[[753, 0], [809, 0], [809, 1746], [753, 1746]]""]"
Q3_73_388,收復高平省城，,"[""[[699, 0], [753, 0], [753, 1746], [699, 1746]]""]"
Q3_73_389,陞掌奇充領兵會同宣太官兵，,"[""[[589, 0], [646, 0], [646, 1746], [589, 1746]]""]"
Q3_73_390,擒獲逆雲黨夥，,[]
Q3_73_391,十六年來京瞻覲，,"[""[[419, 0], [477, 0], [477, 1746], [419, 1746]]""]"
Q3_73_392,行抱膝禮，,[]
Q3_73_393,封寧樂男，,[]
Q3_73_394,尋陞署雄銳營統制，,[]
Q3_73_395,二十一冬鎭西土匪滋事，,"[""[[245, 0], [305, 0], [305, 1746], [245, 1746]]""]"
Q3_73_396,充參贊軍務。,[]
Q3_73_397,前往勦德紹台，初督兵勦匪，連獲勝仗。,[]
Q3_74_398,二年召還，授後行房監理，創市市後務市市司。,"[""[[1518, 0], [1575, 0], [1575, 1752], [1518, 1752]]"", ""[[1466, 0], [1518, 0], [1518, 1752], [1466, 1752]]""]"
Q3_74_399,冬平贈右軍都統，掌府事之金，歲香茶縣人。,"[""[[1246, 0], [1302, 0], [1302, 1752], [1246, 1752]]"", ""[[1029, 0], [1082, 0], [1082, 1752], [1029, 1752]]""]"
Q3_74_400,嗣德十一年列祀賢良祠。,"[""[[858, 0], [913, 0], [913, 1752], [858, 1752]]""]"
Q3_74_401,三廣明命七年，務務務務理務業務務務辦詞章，還遷兵部郎中，調戶部郎中，辦理部務，出署海陽布政，尋召還，調刑部右侍郎。,"[""[[689, 0], [746, 0], [746, 1752], [689, 1752]]""]"
Q3_74_402,紹治初，護理興安巡撫關防，轉署寧平巡撫。,"[""[[581, 0], [638, 0], [638, 1752], [581, 1752]]""]"
Q3_74_403,嗣德初卒，准乙青長香茶縣人，選鋒前衛副衛，予寔授元尉。,[]
Q3_74_404,明命十九年，進勦高平，為匪射傷而死，贈衛尉，賞銀五十兩。,[]
Q3_74_405,嗣德十一一年，列祀忠義祠。,"[""[[581, 0], [638, 0], [638, 1752], [581, 1752]]"", ""[[465, 0], [521, 0], [521, 1752], [465, 1752]]""]"
Q3_74_406,又同縣人廣南奇管奇陳，兼歷明命十二年，勦蠻匪於旃檀陣亡，贈衛討右保署副衛尉。,"[""[[183, 0], [241, 0], [241, 1752], [183, 1752]]"", ""[[1692, 0], [1862, 0], [1862, 1759], [1692, 1759]]""]"
Q3_75_407,阮交泰，明命十四年，攻藩安城陣亡，贈副衛尉，該隊阮文徵，明命八年，勦匪於應和府陣亡，贈建功都尉隊長。,"[""[[1482, 0], [1523, 0], [1523, 1759], [1482, 1759]]"", ""[[1133, 0], [1261, 0], [1261, 1759], [1133, 1759]]"", ""[[1031, 0], [1133, 0], [1133, 1759], [1031, 1759]]"", ""[[937, 0], [1021, 0], [1021, 1759], [937, 1759]]""]"
Q3_75_408,阮文月阮登才，明命十五年，攻藩安城陣亡，贈該隊隊長。,[]
Q3_75_409,阮光書，明命十五年，攻賊於嘉定沉務務務安務司務務阮文持，明命二十一年，與土匪交戰陣亡，贈一司商務務務院適司祀忠義祠。,"[""[[824, 0], [881, 0], [881, 1759], [824, 1759]]"", ""[[486, 0], [532, 0], [532, 1759], [486, 1759]]"", ""[[436, 0], [486, 0], [486, 1759], [436, 1759]]"", ""[[1696, 0], [1749, 0], [1749, 1749], [1696, 1749]]""]"
Q3_75_410,居不金官羽林副衛尉十四年，派一往南圻捕務。,[]
Q3_75_411,十五年攻陷藩安城，陣元德鐘，贈衛尉。,[]
Q3_75_412,嗣德十一年，列祀忠義祠。,[]
Q3_76_413,房務務務務堂務安與路院務務務防勦，為洋人射死，贈。,"[""[[1696, 0], [1749, 0], [1749, 1749], [1696, 1749]]"", ""[[1589, 0], [1642, 0], [1642, 1749], [1589, 1749]]""]"
Q3_76_414,掌衛嗣德十一年，列一忠義祠。,"[""[[1367, 0], [1422, 0], [1422, 1749], [1367, 1749]]"", ""[[1200, 0], [1259, 0], [1259, 1749], [1200, 1749]]""]"
Q3_76_415,又同縣人，該隊辦右水奇副管奇，朱文宣紹治元年派往鎮西攻勦土匪，陣亡贈管奇。,"[""[[870, 0], [926, 0], [926, 1749], [870, 1749]]""]"
Q3_76_416,該隊潘福辰紹治元年派往安江攻勦蠻匪，陣亡贈。,"[""[[591, 0], [650, 0], [650, 1749], [591, 1749]]""]"
Q3_76_417,建功都尉隊長校春題紹治元年勦匪於鎭西，陣亡贈。,[]
Q3_76_418,効忠騎尉河靜左衛衛尉，坐事革。,[]
Q3_76_419,効陳興表紹治三年攻匪閒於山西立石縣，陣亡開復原衙知簿阮光岡紹治三年捕務撤回，坐清洋船遇匪拒戰而死，贈通判。,[]
Q3_76_420,俱元節香茶縣人，廣義衛副衛尉。,[]
Q3_76_421,一X列祀忠義祠，原降三級雷嗣德七年，前市商堂有堂務堂質動司攻射為匪刺死，贈明義都尉。,"[""[[591, 0], [650, 0], [650, 1749], [591, 1749]]"", ""[[314, 0], [366, 0], [366, 1749], [314, 1749]]"", ""[[1748, 0], [1804, 0], [1804, 1759], [1748, 1759]]"", ""[[1693, 0], [1748, 0], [1748, 1759], [1693, 1759]]"", ""[[1638, 0], [1693, 0], [1693, 1759], [1638, 1759]]""]"
Q3_76_422,又同縣人，後奇范福誠嗣德四年勦清匪於諒山，陣亡贈禁兵副衛尉。,[]
Q3_76_423,試差該隊黃文繼亦於是年與福誠攻勦清匪，陣亡贈正隊。,[]
Q3_77_424,元斗其先海陽長，率隊俱列祀忠義祠，乃禾人初從南顯尊朝官至參政正斷事，國計邊謀多所贊畫，年老致仕卒，贈大理寺上卿。,"[""[[955, 0], [1050, 0], [1050, 1759], [955, 1759]]""]"
Q3_77_425,占有吏才，元斗阮能文章，嘗著南朝功業演志行世。,"[""[[955, 0], [1050, 0], [1050, 1759], [955, 1759]]""]"
Q3_77_426,禾登科占之子登，,[]
Q3_77_427,以世閥補文職，,[]
Q3_77_428,歷遷內贊兼按察使，,[]
Q3_77_429,總知軍國重事，,[]
Q3_77_430,善謀斷發奸摘伏如神，,[]
Q3_77_431,為人抗直，,[]
Q3_77_432,權倖多忌，,[]
Q3_77_433,元斗全阮科占之孫之後，,[]
Q3_77_434,為盜所殺，,[]
Q3_77_435,不日睿尊朝官隆湖該簿，,[]
Q3_77_436,甲午西山侵掠慶和平順，,[]
Q3_77_437,與留。,[]
Q3_77_438,守宋福洽進討，收復平順、延慶、平原三府。,"[""[[955, 0], [1050, 0], [1050, 1759], [955, 1759]]""]"
Q3_77_439,軍次雲峰（乙未），睿尊南幸，舟抵平因。,[]
Q3_77_440,緣雷福洽與賊拒守， pizzas扈蹕八嘉定，尋陞參政兼戶兵二士之右香茶縣人。,[]
Q3_77_441,部以老休，卒贈偉績上鄉木市，有望閣功官騰蛟。,[]
Q3_77_442,该隊丁未遣嘉定與阮文張進兵美籠，襲破賊掌奇遲，獲戰船數十艘。,"[""[[955, 0], [1050, 0], [1050, 1759], [955, 1759]]""]"
Q3_77_443,（戊申）陞欽差屬內，该奇巳酉，我師攻賊於虎洲，祐與阮文敏進前，斬賊都督阮碓。,[]
Q3_77_444,賊礮擊彈落如雨，祐與敏俱陣歿，贈掌奇列祀顯忠祠中興功臣廟。,[]
Q3_77_445,嘉隆十三年追贈掌營，明命五年從祀，世廟十二年追贈少元斗。,[]
Q3_77_446,參政阮科， 審之子也，官傅封附翼侯同禾臣。,[]
Q3_77_447,欽差督戰，该奇辰年二十，膂力過人，常以少擊眾，屢立戰功，人稱爲趙子龍。,[]
Q3_77_448,賊相戒曰：「勿以年少而輕也」。,[]
Q3_77_449,（乙未）與賊戰於平和、三山嶼，被虜不屈而死。,[]
Q3_77_450,明元斗命中贈掌奇，列祀顯忠祠忠節功臣廟。,[]
Q3_77_451,月督戰阮科堅之弟也，以世閥擢授翰林院日侍書，累遷戶部僉事。,[]
Q3_77_452,廣德記錄，明命初以舉職遷工部右參知，管圖家轉兵部右參知，陞刑部尚書，坐事免。,[]
Q3_77_453,俄起復補內閣修撰，累遷至禮部尚書，陞協辦大學士，加太子太保，御充機密院大臣，率厚賜錦綴布綿錢。,[]
Q3_77_454,交弟科豪亦官至兵部尚書，子科昱爲人慷慨，有智略。,[]
Q3_77_455,明命年間，以廕補官。,[]
Q3_77_456,紹治初，累遷興化按察使。,[]
Q3_77_457,嗣德初，轉興化布政、護理巡撫。,[]
Q3_77_458,會清匪攙擾逼向省城，科昱出城督戰，生獲陳晩等一百五十四丁，解交清國。,[]
Q3_77_459,瓊州督鎭委將兵船抵白藤江，扱文認之，擢署巡撫。,[]
Q3_77_460,以事落職，從部効贖。,[]
Q3_77_461,未幾，起復主事，歷署廣安按察使。,[]
Q3_77_462,適清匪擾海寧府，科昱身先督戰，死於陣。,[]
Q3_77_463,三三人前年列記忠義祠。,[]
Q3_77_464,馬言衛署衛尉。,[]
Q3_77_465,明命十五年，攻陷藩安城，為賊礮擊而死，贈衛尉。,[]
Q3_77_466,又司縣人隊長黃文慎，明命十四年，攻匪於興明，與民務民，民房民市務命十五年，攻陷藩安城，障亾贈正隊長。,[]
Q3_77_467,率隊隊長高廷年、冯文辰亦於是年攻藩安城，俱陣亾贈該隊隊長。,[]
Q3_77_468,吳交佔，明命十五年勦匪於諒山，陣亾贈該隊隊長。,[]
Q3_77_469,侯補黎文閒，紹治元年勦匪於巴川，陣亾贈効功騎尉，俱列祀忠義。,[]
Q3_77_470,乙香茶縣人南定右水衛衛尉，紹同防文乍治二年，派往洋程巡哨，與匪戰於巴廉海口，陣亾贈奮勇將軍。,[]
Q3_77_471,又同縣人河內副領兵阮春常，嗣德四年勦清匪於諒山，司登處陣人贈領富榮。,[]
Q3_77_472,縣人初以文兵俱列祀忠義祠。,[]
Q3_77_473,委六千學補八文職院，尋肅尊十年陞廣南該簿，俄召還陞正營該簿，副斷事出爲平順營參謀。,[]
Q3_77_474,世尊六年，正王位陞爲戶部兼。,[]
Q3_77_475,兵元文詹富榮縣人，房務、務司、房衛、務員、民創學——創商創務局學市司官，至藩鎮營該簿。,[]
Q3_77_476,戊申病卒，贈長有豐富榮，戶部列祀顯忠祠中興功臣廟。,[]
Q3_77_477,不縣人，歷官龍湖營，記錄丙申西山八寇有禮拒戰，為賊所獲，罵賊不屈而死。,[]
Q3_77_478,嘉隆九年，列祀忠節功臣廟。,[]
Q3_77_479,乙年寇富榮縣人，有望閣功，歷官該奇一臣廟。,[]
Q3_77_480,武彝處善水戰，管內水中船，中興之初水兵最為得力，彝巍功居多。,[]
Q3_77_481,庚申從征歸仁賊船據施耐海口，備守甚固。,[]
Q3_77_482,辛酉春，帝用火攻計，燒破賊船。,[]
Q3_77_483,彝巍與黎文悅督兵前進，賊拒戰。,[]
Q3_77_484,彝巍坐船頭，為賊礮擊落水死。,[]
Q3_77_485,嘉隆初，贈少保郡公，列祀顯忠祠中興功臣廟。,[]
Q3_77_486,明命二年初，追贈太保，從祀世廟。,[]
Q3_77_487,十二年，追封無一富榮縣人，有望閣功，歷官平江郡公，名八衛尉。,[]
Q3_77_488,為人忠勇純樸，累遷神策營都統制，知象政。,[]
Q3_77_489,辛酉從阮文誠屯柿野，與賊將陳光耀相持戰功為多。,[]
Q3_77_490,尋陞掌象軍郡公，卒贈太傅，從祀世廟，又列祀中興功臣廟。,[]
Q3_77_491,明命十二年，追封快樂郡公。,[]
Q3_77_492,冬副典富榮縣人，中興之初累立戰功，官至該二秀示月奇。,[]
Q3_77_493,癸卯疊石之戰，賊猝至，腆即服御服立船頭，呼賊曰：“我舊主也。,[]
Q3_77_494,”賊爭執之。,[]
Q3_77_495,世祖乘別船幸崑崙雋腆，腆罵賊不屈，賊殺之。,[]
Q3_77_496,赠掌奇，列祀顯忠祠及東富榮縣。,[]
Q3_77_497,人中興初，從忠節功臣廟，巳十征官參謀，癸卯全宣之戰死於陣，贈參審日富榮縣人。,[]
Q3_77_498,中興初議列祀顯忠祠，追隨預有望閣，功歷官知簿，尋陞戶部千，福精會計出入，討賊十有餘載，軍需國用應手裕如，尋以年老奉朝請，卒，贈參政。,[]
Q3_77_499,列三富榮縣人，初流寓祀中興功臣廟。,[]
Q3_77_500,季六嘉定中興初，授翰市創務務務房，兵部右參知。,[]
Q3_77_501,嘉隆初出爲清化協鍾，俄遷兵部尚書，充如清正使。,[]
Q3_77_502,五年奉敕修皇越一統地輿志，改授戶部尚書，管理欽天監，議定建耕田籍章程。,"[""[[955, 0], [1050, 0], [1050, 1759], [955, 1759]]""]"
Q3_77_503,十二年病卒，贈參政。,[]
Q3_77_504,嗣德四年，列祀中興功臣廟。,[]
Q3_77_505,定博學工於詩，鄭懷德吴仁靜相友善，立平陽詩社，德黎文信常集其詩名嘉定三家詩，付梓行也。,[]
Q3_77_506,書榮除人中與初兩次從駕於望曰屬內掌奇率，贈掌營列祀顯忠祠中興功臣廟。,[]
Q3_77_507,子勇蔭恩騎尉，遷該隊紹治初，從官兵捐各兩富榮縣人。,[]
Q3_77_508,勇敢善戰，,[]
Q3_77_509,中興初官市司司務民務務務號務明務務司全市民民房堂堂房務房務房局務局司管充副詩武信子及會勦宣光燒殺逆雲大功告歲行抱膝禮，,[]
Q3_77_510,陞都統，,[]
Q3_77_511,封武信伯，,[]
Q3_77_512,權署有軍都統府都統領，,[]
Q3_77_513,清化總督，,[]
Q3_77_514,加太子太保，,[]
Q3_77_515,往行務務務務安與務務創—務務行司川祀富榮縣。,[]
Q3_77_516,人中興初，從寸有賢良祠。,[]
Q3_77_517,陳文訪官全武衛副衛尉。,[]
Q3_77_518,辛酉，從黎文境援平定軍，次清好病東玉密富榮縣人。,[]
Q3_77_519,一南延福縣。,[]
Q3_77_520,明命初，八監讀書。,[]
Q3_77_521,戊午，會利副一市司衛濟（—）刷安號務商房務司房同爭。,[]
Q3_77_522,又安二省按察以刑獄清省，蒙加賞勞哲一署布政歷領興安諒山二省巡撫。,[]
Q3_77_523,紹治初，召知出爲定祥巡撫，尋卒。,[]
Q3_77_524,新司市務局務務房務務房司有務司司人隊長阮曰其。,[]
Q3_77_525,明命十五年，攻藩安城陣亡，贈該隊關化知州蘇名瑾。,[]
Q3_77_526,明命十五年初，抵蒞為土匪戕殺家眷，遇害。,[]
Q3_77_527,詩從洽司務元文伯。,[]
Q3_77_528,明命二十年，派往鎮西度田，遇匪成害，贈主事權署輸忠知縣張公讓。,[]
Q3_77_529,明命二十一年，爲土匪成害，易文員富榮傳人增司務，俱列祀忠義祠。,[]
Q3_77_530,才三月，官副管司一市房務務務理務務創房司兵副衛尉，又同縣人管奇楊德廣。,[]
Q3_77_531,紹治五年勛匪于泳隆陣亡，贈諸軍衛尉給憑隊長吳文薰，外委隊長阮文含皆於紹治七年防勦洋匪于沱瀼，爲洋人射死。,[]
Q3_77_532,各元澤富榮縣務業務務行與行學與受行務有學測，爲諒山領兵嗣德四年勦清匪於鐵山陣亡，贈掌衛。,[]
Q3_77_533,又同縣人副管奇黃有詞。,[]
Q3_77_534,嗣德四年，父靑追於安博縣界陣亡，贈管奇署該隊阮文科。,[]
Q3_77_535,嗣德二年勦清匪。,[]
Q3_77_536,匪于萬寧州陣亡，贈諸深金。,[]
Q3_77_537,務學氣易務舉業學果務學司義畝黃文涓。,[]
Q3_77_538,嘉定遊學，辛亥科應舉，預中項補侍書院。,[]
Q3_77_539,嘉隆初，歷官清化協鎮，尋坐免。,[]
Q3_77_540,明命初，起復內務府郎中，使暹遣領職郊故，遷工部左參知，尋陞署吏部尚書。,[]
Q3_77_541,坐事陷吏部侍郎，充諸皇幼子師保紹治初必年老木致寅。,[]
Q3_77_542,居官能以清自持，人不敢干以和。,[]
Q3_77_543,及退休，家甚貧。,[]
Q3_77_544,嗣德初，京尹武仲平以聞。,[]
Q3_77_545,治民動堂務堂業宅，尋卒。,[]
Q3_77_546,嗣德十一年，列祀賢良富祿縣人安定前奇署副管奇紹治六年元勦匪于巴川陣亡，贈副管奇列府志義。,[]
Q3_77_547,元光前廣田縣人世尊朝為翰林院博學工詩，酬應鄰邦文書皆出其睿。,[]
Q3_77_548,尊嗣位，起復舊職。,[]
Q3_77_549,光前善星曆，辰彗星見指語人手，尋坐曰不出四五年，廣南當有兵起，已而果然。,[]
Q3_77_550,廣田縣人流寓嘉定，,[]
Q3_77_551,官該奇管先鋒務務號務學堂創房商務務員質司重民民院司院司川祀顯忠祠忠節功臣廟下三言文賢之子中興初，,[]
Q3_77_552,追隨羈約望，,[]
Q3_77_553,閣功歷官前支校尉，,[]
Q3_77_554,多戰功累遷掌先鋒營平西前將軍，,[]
Q3_77_555,轉掌世祖親董船師進取富春留誠屯兵柿野與賊將陳前軍光曜目持以有大功，,[]
Q3_77_556,封平西大將軍郡公。,[]
Q3_77_557,壬戍出爲北城總鎭，歷八年徵還，授掌中軍上子詮。,[]
Q3_77_558,案發元了，,[]
Q3_77_559,廣田縣人望，,[]
Q3_77_560,閣功歷宣，,[]
Q3_77_561,臣服每死防者慰侍講，,[]
Q3_77_562,行禮部，,[]
Q3_77_563,遷戶部，,[]
Q3_77_564,充東宮講官，,[]
Q3_77_565,卒贈禮部尚，,[]
Q3_77_566,元主廣田縣人，,[]
Q3_77_567,中興書列祀中，,[]
Q3_77_568,與功臣廟，,[]
Q3_77_569,灸有初應試，,[]
Q3_77_570,齊中項補貢士院，,[]
Q3_77_571,遷誰武衛參論，,[]
Q3_77_572,出爲鎮邊，,[]
Q3_77_573,記錄辛酉徙廣德該簿，,[]
Q3_77_574,遷戶部左參知，,[]
Q3_77_575,領北城戶曹，,[]
Q3_77_576,尋擢戶部尚書，,[]
Q3_77_577,卒贈參政，,[]
Q3_77_578,嗣來進祥，,[]
Q3_77_579,廣田德五年列祀中興功臣廟，,[]
Q3_77_580,人明市和房有務濟務府務房司官廣平該簿，,[]
Q3_77_581,明命初徵授辦理戶部事務，,[]
Q3_77_582,敷奏詳明，,[]
Q3_77_583,轉戶部右參知，,[]
Q3_77_584,尋申文權廣田縣八陞尚書，,[]
Q3_77_585,率贈協辨大學士，,[]
Q3_77_586,二庶八宿曰明命初擢升平敎授，,[]
Q3_77_587,尋召還，,[]
Q3_77_588,授翰林侍講，,[]
Q3_77_589,充內閣辨事，,[]
Q3_77_590,遷戶部右侍郎，,[]
Q3_77_591,以奏事忤旨，,[]
Q3_77_592,逮數刀務府民創務務局創務西府房市局官至署定祥布政使，,[]
Q3_77_593,尋來追授本官，,[]
Q3_77_594,申文權之子也，,[]
Q3_77_595,文學蘊藉有辨事才，,[]
Q3_77_596,嘉隆惟乙卯科領鄉薦，,[]
Q3_77_597,明命初歷官吏部僉事，,[]
Q3_77_598,遷兵部右侍郎，,[]
Q3_77_599,充南定經略副使，,[]
Q3_77_600,徙清化微文協鎭，,[]
Q3_77_601,卒於官，,[]
Q3_77_602,文惟居官清愼，,[]
Q3_77_603,人皆惜之，,[]
Q3_77_604,黃田縣人以吏幹稱，,[]
Q3_77_605,明命中歷官工部左富寺郎，,[]
Q3_77_606,尋出爲隆祥總督，,[]
Q3_77_607,居官清白，,[]
Q3_77_608,應事敏齊，,[]
Q3_77_609,所至有聲，,[]
Q3_77_610,二十一年病卒於官，,[]
Q3_77_611,贈協，,[]
Q3_77_612,鄧友原名和，,[]
Q3_77_613,廣田縣人，,[]
Q3_77_614,嘉隆癸酉科舉人，,[]
Q3_77_615,歷授市房務務與局品堂務務務員房與務堂務境品員。,[]
Q3_77_616,局務海實公司，九臣#二化參協召還，授兵部左侍郎，俄遷參知管北城戶曹，歷陞南定河內平定嘉定諸省綿虞，尋授協辦大學士，加太保銜。,[]
Q3_77_617,嗣德六年召還，預刑部尚書，俄陞署文明殿大學士，詔領戶部尚書，尋病卒於官，追援文明殿大學士。,[]
Q3_77_618,潯誠樸練達，為政寬平，及卒，人皆惜之。,[]
Q3_77_619,嗣德十，黄田縣人，辛酉掇嘉陵賢良，同黎文富中補尚茶正隊長。,[]
Q3_77_620,明命六年遷錦衣該隊，十一年陞前鋒營副衛尉，尋授錦衣衛尉，二十年陞掌衛權，掌神機營印篆。,[]
Q3_77_621,紹治初陞署神機營統制，,[]
Q3_77_622,兼管侍偉年充參贊大臣，,[]
Q3_77_623,前往南圻戎務，,[]
Q3_77_624,尋領定邊總督，,[]
Q3_77_625,五年特授總統，,[]
Q3_77_626,前往永隆軍次捕務，,[]
Q3_77_627,七年以商辦綷撫寧輯得宜，,[]
Q3_77_628,賞卓異一級，,[]
Q3_77_629,召還攜京畿水師都統，,[]
Q3_77_630,充鎮侍衛大臣，,[]
Q3_77_631,晉封永忠男。,[]
Q3_77_632,嗣德初歷領河寧安靜定安三省總督，七年火卒，恩賞甚厚。,[]
Q3_77_633,十畜廣田縣人，南定逼新匪於太原北淰庸陣匹，贈衛尉。,[]
Q3_77_634,又同縣人署衛尉胡曰恩，是年勦匪於寧平巴庭，贈衛尉左提副管奇段曰改，亦是年勦匪於太原陣，贈管奇該隊。,[]
Q3_77_635,胡日陵隊長陳交食皆冷，是年攻陷藩安城陣亾陵，贈武功都尉，食贈該隊隊長藩有酉，是年攻賊於嘉定橋處陣匹，贈壯節佐騎尉，權差該隊胡。,[]
Q3_77_636,交質是年攻賊於嘉定橋，處陣匹，贈効忠騎尉。,[]
Q3_77_637,俱列祀忠義，阮灰豬，廣田縣人，官該隊。,[]
Q3_77_638,明命四年，巡捕在義安，與匪交戰，為匪所殺，贈建功都尉。,[]
Q3_77_639,又同縣人，該隊潘文帽，明命十四年，新距於大原，陣匹，贈副管奇四等待衛，阮文忠。,[]
Q3_77_640,是年攻匪於池縣，陣，贈三等侍衛隊長陳公討。,[]
Q3_77_641,明命十六年，攻賊於藩安城，陣會功忠騎尉之員，廣田縣人來木之四。,[]
Q3_77_642,上月巳忠義同食客副衛尉紹治元年，第即於巴川陣，贈衛士。,[]
Q3_77_643,又同縣人，該隊黎文自紹治元年，筋匪於樂化，陣，入贈副管奇率隊，潘廷榮。,[]
Q3_77_644,紹治二年，攻匪於泳澄，陣，入贈壯節騎尉。,[]
Q3_77_645,該隊陳公生，紹治三年，捕務捐回坐清洋船，遇匪拒戰而死，贈副管奇城守尉。,[]
Q3_77_646,充平頃右奇協管，阮棣。,[]
Q3_77_647,紹治五年，攻匪於酒，為匪射死，贈信義都尉，賞銀五兩。,[]
Q3_77_648,隊長陳遂嗣德四年，攻清匪於諒山，陣山，贈如忠騎尉。,[]
Q3_77_649,皇曰系人有望，閣功常從征，俱列祀阮文謙。,[]
Q3_77_650,務堂運與堂務創與房創，務堂創創務念廣市居民房務民創房園田創石兵。,[]
Q3_77_651,庚申卒，贈訪奇列示易一三耳刀役陀。,[]
Q3_77_652,嘉隆十年廟元良閑受小差，隊長。,[]
Q3_77_653,明命初，遷該隊十四等羽木營副衛尉。,[]
Q3_77_654,十六清化捕務預有功，歷安工須兵與蠻匪戰。,[]
Q3_77_655,紹治初陞署掌舊獲勝仗，授安江。,[]
Q3_77_656,提督調補前鋒羽林二營、天十九都統調領南義、總督嗣德二年病卒。,[]
Q3_77_657,統制七年十月，言榮縣人。,[]
Q3_77_658,嘉隆初以義諭准寔授十一年，列謝光巨勇，遷該隊。,[]
Q3_77_659,明命年間歷祀賢良，六陞統制，出督安靜，兼領乂安巡撫。,[]
Q3_77_660,十四年，寧平逋匪，黎維良黨弟慎玩登楷帶大兵，統諸路軍務，與參先書十代三子會諒山土匪農文一進，初擒獲之，晉卦正之峯艮之進，復高平省城，加封作戶勿孚獲之晉，封侯爵。,[]
Q3_77_661,紹治年間，加太子以一水，尋卒，壽九十餘。,[]
Q3_77_662,光初兼管左軍，以年老乞令言至討侯，歷敭五十年，始終全節，福祿永終。,[]
Q3_77_663,子光知官副管奇元會月豐光勤襲封伯爵。,[]
Q3_77_664,獲咎降襲子爵，縣人嘉隆初從軍，歷陞管奇。,[]
Q3_77_665,明命年間累遷行行務務務創務務務司半其署御己口號唐川豐田縣人，,[]
Q3_77_666,卓拔有進，,[]
Q3_77_667,其寔授防知大，,[]
Q3_77_668,大志不為科舉之學，,[]
Q3_77_669,而尚一市品民和有民宇泰民司務司民明務院務書記，,[]
Q3_77_670,歷官侍郎十六年，,[]
Q3_77_671,奉往嘉定軍次言察創務務務創務務創與務噪而前城遂克復，,[]
Q3_77_672,加參知衙累遷工部尚書。,[]
Q3_77_673,召台初護理安靜總督，會安江省之巴川府土匪煽變，特命知方委以征勦之事，所向克是，敕賜安西智勇將鎭西。,[]
Q3_77_674,既平還京，賞授協辦大學士，坐領主部尚。,[]
Q3_77_675,書充機密院，大不臣晉封壯烈子，大告武成命鑄礮象功，勒名於保大定功，銅礮建碑於武廟。,[]
Q3_77_676,紹治七年，受遺習充輔政大臣，嗣德初晋封壯烈伯，署東閣大學士。,[]
Q3_77_677,尋充南圻經略大使，十年會洋船攜八膺市務民務，堂務堂務氣務務務民務務司民司市房局務局院創司方前往勦辦。,[]
Q3_77_678,十四年，嘉定大屯失守，降為參知其伯爵，是平蠻功免奪，及和議成，召回會宣光土匪農雄碩清股匪黃英等圍逼宣光省城，充西北總統軍務，擊破之。,[]
Q3_77_679,及西北武功告藏，陞授協辦大學士。,[]
Q3_77_680,又以海安匪渠父竄海島，改充海安總統軍務，進勦太破之，召回陞武顯殿大學士。,[]
Q3_77_681,辰也邊有事，命知方充欽命宣察董飭大臣，馬一將兵船來河內構釁，攻省城。,[]
Q3_77_682,知方與其子駙馬林守東南門，法兵登城，林爲礮斃，知方被彈傷，城遂陷。,[]
Q3_77_683,知方不食，閱月卒，壽七十四。,[]
Q3_77_684,加恩追復兵部左參知伯爵，仍舊二十八年列祀忠義祠。,[]
Q3_77_685,又以知方與其弟惟子林或爲國捐軀，或與親殉節，忠孝節義萃於一門，命建忠孝祠於其社，歲辰命所在官致祭。,[]
Q3_77_686,同慶元年，追復原御，又列祀賢良祠。,[]
Q3_77_687,長子阮謳襲封壯烈子，監守祀事，次子林尚同春公主爲駙馬都尉，河城死事追贈兵部侍郎。,[]
Q3_77_688,列祀忠義祠孫阮譜以秀才成奉四年元佳，壯烈伯唐會試中副榜，官翰林院侍讀。,[]
Q3_77_689,川公之弟也，字汝賢。,[]
Q3_77_690,紹治初領鄉薦，連舉進士，嗣德年間歷陞光祿寺卿，充閣務。,[]
Q3_77_691,十二年洋兵攻陷嘉定城，改充定邊道贊理。,[]
Q3_77_692,洋兵進攻大市，元X惟與贊襄尊室峙死之，追贈兵部參知。,[]
Q3_77_693,廣田縣人，中興功臣阮廷德之子。,[]
Q3_77_694,明命賓二年領鄉薦，歷官兵部侍郎。,[]
Q3_77_695,紹治年間累遷南義巡撫，坐事落職，起復侍讀，尋陞兵X部參知。,[]
Q3_77_696,嗣德年間充海安經略大臣兼定安總督，以病乞休，尋以其子廷幹與公子洪摺迎務房務務品務堂務務創品鴻臚寺鄉卒，追贈禮部尚書。,[]
Q3_77_697,次子廷行軍著接，原駙馬都尉，官至平順按察使。,[]
Q3_77_698,登光文添之姪，少頴異有神童，名紹治七年領鄉薦。,[]
Q3_77_699,嗣德初授知縣，有政聲，歷官南定布政使，改回辨理戶部，奏請設平准使司，許之，命領其職，因獲咎降著作，充寧太羣辦，尋卒。,[]
Q3_77_700,輝躇慷慨有大志，未卒所圖，齋志以沒，識者惜之。,[]
Q3_77_701,平生著述有《黃中詩文抄》四十八卷，《孝紀事新編》，《康熙耕織圖》，《越史聖訓演義》，《五戒演歌》，又鐫刻《從政遺規》二種，《味集》等。,[]
Q3_77_702,部弟輝燦嗣德二十二年中副榜，官至平定按察使，赴職辰途間為匪所牋，從兄輝佐。,[]
Q3_77_703,紹治元年領鄉薦，歷遷南定布政使，以事革-eff 功效開復典籍，卒追復勳員外郎。,[]
Q3_77_704,所著有《貯月》、《唐詩》、《香山跡》、《崗詩》等集。,[]
Q3_77_705,豐田縣人。,[]
Q3_77_706,明命六年領鄉薦，歷官兵不部尚書，贊理鎮西城機務，以失於防範降兵部員外郎，仍充協贊。,[]
Q3_77_707,紹治初，權領安江布政使，尋以鎮西不守處置乖宜，降司務，仍權領安江按察使署西寧宣撫使。,[]
Q3_77_708,累遷至安河總督。,[]
Q3_77_709,有馮居心清勤，臨事幹練，遠事三朝，恪敦一節。,[]
Q3_77_710,歷舊邊聞撫禦得宜，夷民懷服。,[]
Q3_77_711,及卒，追贈協辦大學士。,[]
Q3_77_712,子有充官至巡撫。,[]
Q3_77_713,徜休東歲，其先北國福建人，世仕明至清，避致踐言地南遷于香茶縣居焉。,[]
Q3_77_714,踐誠少頴異，有器識，劬于學。,[]
Q3_77_715,明命十九年擢進士。,[]
Q3_77_716,紹治初，累遷清化按察使。,[]
Q3_77_717,嗣德年間，歷陞工部尚書兼順安汛督防，尋改戶部，充機密院大臣。,[]
Q3_77_718,十七年，法國全權何巴理來京，充欽差全權副使，與之定約，署協辦大學士。,[]
Q3_77_719,會隆祥河僊三省有事，充欽差大臣，前往嘉定與大法帥講說疆事。,[]
Q3_77_720,無狀降參知，尋丁母憂。,[]
Q3_77_721,未幾，陞文明殿大學士。,[]
Q3_77_722,三十六年，受遺詔，以皇長子瑞國公繼大統。,[]
Q3_77_723,踐誠與阮文祥、黎說同充輔政大臣，晉尊曰嗣君。,[]
Q3_77_724,以詔中有訓敕責善一段，召諸輔政謀之。,[]
Q3_77_725,祥說皆曰：“惟上所裁。,[]
Q3_77_726,”迨宣詔文，踐誠讀至此段，低聲廻護，祥說一。,[]
Q3_77_727,執此為辭，同謀廢立，辰祥說時，育兵柄，廷臣莫敢誰何。,[]
Q3_77_728,踐誠亦俯從之。,[]
Q3_77_729,及廢帝立，授太保，勤政殿大學士，力辭不獲。,[]
Q3_77_730,既而科道臣疏劾，遺詔下廷議，降二級，乃引疾辭。,[]
Q3_77_731,機務回營，市私第。,[]
Q3_77_732,及祥說復謀廢立，與踐誠謀之，不從。,[]
Q3_77_733,祥說凝疾，之其夜為盜所害，人皆疑祥說所使，而莫敢一言者。,[]
Q3_77_734,祥說請降，為兵部尚書，同慶初追復原銜。,[]
Q3_77_735,踐誠駿歷四十年，位至首相，一如寒素，且能為國進賢以事君，休休有容，人人皆服其有大臣之量。,[]
Q3_77_736,及其晩年際文變布政，此辰艱遂及於難，人皆惜之。,[]
Q3_77_737,三小文權，X之子，文惟之弟，幼劬於學，倜儻有大志。,[]
Q3_77_738,紹治元年領鄉薦，嗣德年閒歷陞廣南布政使，十四年南圻有警，充邊和軍次協贊，及邊和不守，革雷改回吏部侍郎，陞署兵部參知，护理X平富總督，以事降二級，尋卒，追復原銜。,[]
Q3_77_739,交懷秉性剛果，學亦淵博，敭歷經三十年，章疏奏X議援引證據，辭極劉切，雖觸犯東褒字虞官忌諱，亦所不避，有古諍臣風。,[]
Q3_77_740,臣言其先祖一自北來，八順化募墾，因籍廣田焉。,[]
Q3_77_741,曾祖議仕，黎祖諫，會西山亂，聞X世祖高皇帝軍嘉定南來投悅，累以軍功授參論，歷X治侯，父誤嘉隆年間中生徒以文學補八內閣行走，尋引病歸。,[]
Q3_77_742,子授徒多有成就，讓少而通敏。,[]
Q3_77_743,紹治六年，領鄉薦。,[]
Q3_77_744,嗣德年間，歷官工部、刑部、吏部、兵部參議。,[]
Q3_77_745,和兼都察院右副都御史，出為安靜總督兼山防使。,[]
Q3_77_746,建福初，左遷禮部侍郎，改廣東布政使，引病歸。,[]
Q3_77_747,成泰初，宣召起用，擢禮部、太常寺參知，充經筵曰講官。,[]
Q3_77_748,未幾，乞休，卒。,[]
Q3_77_749,兄未設，為四年副榜，歷官至河靜巡撫。,[]
Q3_77_750,弟叔嗣德，三十年領鄉薦，官至禮部參知。,[]
Q3_77_751,廢帝辰年，命名凡與大法商講。,[]
Q3_77_752,及冬，自真字審之，號春山香。,[]
Q3_77_753,每城不守及江死秀自小水縣人。,[]
Q3_77_754,嗣德元年，會試中乙科，歷陞兵部參知，改署都察院左都御史。,[]
Q3_77_755,濟務有一里學，司道參贊勦退之，擢授兵部尚書，仍充及通化城不守，降為太原布政使，改回禮部侍郎，歷署尚書。,[]
Q3_77_756,會河靜陳光浣起變，攻陷道城，以作慎統督軍務，與協督武呂率將兵船往邊江。,[]
Q3_77_757,大南一統志卷三方初白眞抵，遂協同欽差阮文祥進復道承天城，及遣署協辦大學士，仍領禮部兼樸容。,[]
Q3_77_758,乃尋以幹犯蹕之，欵問杖徒，病卒。,[]
Q3_77_759,追潘廷評復參知。,[]
Q3_77_760,成泰初，追復協辦，原從齋廣田縣人才學頴出，少有重名。,[]
Q3_77_761,嗣德元年，拔鄉薦，會元庭擢三甲同進士，歷官兵部參知，又兼掌戶政。,[]
Q3_77_762,會法人余普義新開，膺約人情陶淘，特命廷評往河內協同大使阮知方商。,[]
Q3_77_763,疑處置法派安業逼以新約施行，構釁乃攻省城，城陷被虜至嘉定，尋釋還。,[]
Q3_77_764,坐黑效于高平，次開復北寧布政使，與黎有佐籌辦北太次務，屢獲勝伏。,[]
Q3_77_765,領寧平巡撫，尋署定安纔賢。,[]
Q3_77_766,咸宜元年五月，京城有事，乘連播遷。,[]
Q3_77_767,奉懿旨陞署尚書，充機密院大臣，與永賴郡公防有度向法帥府商講國事，同啓奏。,[]
Q3_77_768,太皇水後以堅江公嗣統景尊，即位加佐國勳臣，署文明殿大學士，晉封扶義子。,[]
Q3_77_769,同慶二年，有言公前在北圻商講唱言應翼尊英皇帝子孫之說，有涉形跡，下廷議奪官爵，尋卒。,[]
Q3_77_770,成泰初以國戚追復衙爵如舊，四年追贈太保，加封扶國公，諡溫雅，建祠于居里，奉祀之。,[]
Q3_77_771,又褒崇世德，追贈四代，建積德祠，列祀正室阮氏，晉封扶國一品夫人。,[]
Q3_77_772,皇太后公長乙寺廣田縣人，有才辦明命年間投務，務商房房安局務，務商業員務，務堂務品使。,[]
Q3_77_773,二十二年宣光有邊寇，,[]
Q3_77_774,充贊理軍務，,[]
Q3_77_775,適清匪黃英分屯擾掠，,[]
Q3_77_776,廷詩與贊理阮有恪督兵務，,[]
Q3_77_777,命創安務，,[]
Q3_77_778,務安安堂務，,[]
Q3_77_779,創創太參贊軍務，,[]
Q3_77_780,以事左遷太原布政使，,[]
Q3_77_781,尋陞參知，,[]
Q3_77_782,仍充理水師弟秉之愛香茶縣人，,[]
Q3_77_783,嗣德一延詢副榜官，,[]
Q3_77_784,至督學同三三年，,[]
Q3_77_785,領鄉薦，,[]
Q3_77_786,歷官至戶部右參知兼管都察院，,[]
Q3_77_787,以千誣罔欵問滿狀徒，,[]
Q3_77_788,從山西差派開。,[]
Q3_77_789,复鴻臚寺鄉薦，歷官至戶部右參知，兼管都察院，以千裏誣罔，欵問滿狀，徒從山西差派，開。,[]
Q3_77_790,會北圻風潦，欽派科道潘廷逢，聲參奏言：文綏在日醉鄉居邊地，恐有遺礙，撤回，降光祿寺，責有管香水縣人卿辦理。,[]
Q3_77_791,兵部率追授侍郎，,[]
Q3_77_792,不官嗣德二十七年，,[]
Q3_77_793,鄉元竝會元同進士，,[]
Q3_77_794,歷官兵部辦理，,[]
Q3_77_795,兼商舶事務，,[]
Q3_77_796,三十五年，,[]
Q3_77_797,大法兵攻陷河城，,[]
Q3_77_798,隨同欽差陳廷肅前往講還，,[]
Q3_77_799,因領河內布政使，,[]
Q3_77_800,復改特郎，,[]
Q3_77_801,充辦閣務，,[]
Q3_77_802,及廢帝立，,[]
Q3_77_803,北折事後，,[]
Q3_77_804,人懷疑訝，,[]
Q3_77_805,盜賊四起，,[]
Q3_77_806,大法使請派幹員緊往處置，,[]
Q3_77_807,廷以段文會與有常舉得署吏部參知，,[]
Q3_77_808,充副欽差大臣，,[]
Q3_77_809,與文會同往，,[]
Q3_77_810,商定關礦稅例及回改戶部，,[]
Q3_77_811,同慶初拔授工部尚書，,[]
Q3_77_812,署協辦大學士，,[]
Q3_77_813,病卒。,[]
Q3_77_814,有常以文學起家，學月乞香茶縣通於政，人皆以練達推之。,[]
Q3_77_815,古人嘉隆辛酉年投悅，明命初遷該隊，歷陞神策營統制，十四年逆優據藩安城，充參贊大臣，前往南圻會辦戎務及城下，晉封新泰子，授龍武營統制，兼領神策營印篆，尋卒。,[]
Q3_77_816,武文豐田縣人，安江副領兵，明命十四年攻僞岸優之黨於龍湖，被傷為賊所虜，誘之降常，不肯絕飲食而死，贈衛尉。,[]
Q3_77_817,又同縣人副衛尉張文鳳，明命十四年攻藩安城陣亾，贈衛尉，署副衛尉吳光富，明命十五年攻藩安城陣傷而死，贈衛尉。,[]
Q3_77_818,该隊阮得珍。,[]
Q3_77_819,明命十五年，攻匪於太原北，奮山為匪射死，贈建功都尉，該隊張子已。,[]
Q3_77_820,權差隊長胡文潤。,[]
Q3_77_821,明命十六年，攻陷藩安城，俱陣亡已，贈副衛尉潤，贈隊長司務充辦平暹知縣黃公賢。,[]
Q3_77_822,明命二十一年，蠻匪協變，為其所成害，贈言豐田縣人鎮西主事，俱列祀忠義祠。,[]
Q3_77_823,元考領兵紹治元年，勦暹匪於巴川，陣亡贈英勇將軍，定後奇副管奇黃有數。,[]
Q3_77_824,紹治二年，攻匪於鎭西，陣亡贈副衛尉，武舉阮文節嗣德四年，攻清匪於元諒山，陣亡贈禁兵隊長，俱列祀忠義祠。,[]
Q3_77_825,口上廣田縣人，隸龍武兵。,[]
Q3_77_826,明命年間，歷陞副友手衛尉。,[]
Q3_77_827,嗣德初，授掌衛，累遷前軍都統府都統。,[]
Q3_77_828,元有富祿縣人，有勇力閑武藝。,[]
Q3_77_829,明命初，病卒防投軍，陞率隊。,[]
Q3_77_830,嗣德年間，,[]
Q3_77_831,累遷南定領兵，,[]
Q3_77_832,轉興化軍次，,[]
Q3_77_833,以戰功拔掌衛，,[]
Q3_77_834,會水匪寇海安，,[]
Q3_77_835,充欽派軍務管督水道兵，,[]
Q3_77_836,會勦與匪戰於王梅洋，,[]
Q3_77_837,大破之，,[]
Q3_77_838,擢南定提督，,[]
Q3_77_839,改京月成豐畿水師提督，,[]
Q3_77_840,陞授都統，,[]
Q3_77_841,以病乞休，,[]
Q3_77_842,來吉房田縣人。,[]
Q3_77_843,明命年間，投兵紹治年間，歷陞二等侍衛。,[]
Q3_77_844,嗣德十二年，派往廣南軍次，海洲之戰有功，累遷掌衛，權掌龍武營印篆。,[]
Q3_77_845,十九年，逆犯段徵段直聚黨起變闖八午門至閱是堂，威捍拒之，傷其右耳，威大呼，內監緊閉左廂門，即出號召謹信侍衛宿。,[]
Q3_77_846,直等入捕賊，威趨刺逆，直倒下，徵亦被擒。,[]
Q3_77_847,以功拔授都統，晉封忠勇子，改前軍都統兼掌左軍。,[]
Q3_77_848,會父安有陳 Sinatra 之變，充父靜总统臣，以出差無蕃士香茶狀召回，降掌衛，仍權掌前軍。,[]
Q3_77_849,尋卒之，縣人紹治年間投兵，嗣德年間從次，以戰功累遷禁兵副衛尉，出為海陽省領兵。,[]
Q3_77_850,未幾改廢山西副提督，尋充宣次義山之戰，乘勝追元維躡匪突圍，之遂遇害。,[]
Q3_77_851,事聞，追贈都統富榮，縣人有勇力。,[]
Q3_77_852,嘉隆年間從軍，歷官衛賓尉。,[]
Q3_77_853,明命年間出為廣安鎭守，率兵船進攻水匪，復禮江之戰，陷東官香茶縣人通敏于陣列，祀忠義祠同三王。,[]
Q3_77_854,有才辦吏興出身，歷官河僊按察使。,[]
Q3_77_855,會逆優反于藩安琯不屈，遂遇害，追贈布政子。,[]
Q3_77_856,瓚以廕補富平知府，吳鯤逼陷亦死於事琯一家，父東無土，富榮子為國捐軀，均列祀忠義祠。,[]
Q3_77_857,縣人明命年間投軍，武藝譜詳，歷官副管奇。,[]
Q3_77_858,嗣德年間出為興化領兵，十八年猶匪擾鎮安水尾二州壯率兵進勦，深八林路遇匪，元曰力戰不敵，死之。,[]
Q3_77_859,追贈掌衛，列祀忠義祠。,[]
Q3_77_860,香茶縣訴人紹治年間投兵，嗣德年間歷官管奇二。,[]
Q3_77_861,十年派往山西捕務，有功，擢副領兵。,[]
Q3_77_862,與提督阮田勦匪於夢下，不克，死之。,[]
Q3_77_863,追贈掌衛，俱列祀忠義。,[]
Q3_77_864,香茶縣人性敏直，諳武藝。,[]
Q3_77_865,紹治年同正虎間投兵，嗣德年間官清化管衛。,[]
Q3_77_866,十八年住守沂山蚌甲諸市，海匪駛八擾掠。,[]
Q3_77_867,虎局務與創，與務商創務，創員務務號院司。,[]
Q3_77_868,有智，官香水縣人，進診身材魁岸，食至衛尉。,[]
Q3_77_869,范追言兼七八人，少習水性，望雲月能預識風雨。,[]
Q3_77_870,紹治三年投八水師，奉卸駕幸順安汛，值小滿節颶風作，御舟月謂忽中流斷，扈從衛士驚撓無措。,[]
Q3_77_871,進診八水方挽其纔而續之，得無恙。,[]
Q3_77_872,帝大奇之，賞隊長。,[]
Q3_77_873,尋擢該隊。,[]
Q3_77_874,嗣德年間權充協管，十三年商局務，務務務局務，務務堂務司務學司務，務創務務行有務務學行行學別創學司學氣員務學前。,[]
Q3_77_875,夫人廟辰風雨晝晦，颶風扇虐，篙師有八水者，進診八水援之，風勢猛烈，船寶垂需豐田縣壓不能起，竟來追贈掌微。,[]
Q3_77_876,習武藝紹治五年投兵，嗣德八年中武舉，歷官平定領兵，進勦蠻柵事平陞授提督。,[]
Q3_77_877,三十六年率兵防截海匪，匪登岸與之交鋒，陣斃，追贈統制。,[]
Q3_77_878,又同縣人陳文威有膂力，少習武藝，歷官領河靜領兵二十五年，清匪擾掠宣光，改充宣次安盛之戰，威身先士卒，死於陣。,[]
Q3_77_879,X.追贈。,[]
Q3_77_880,掌衛俱玉童，少讀書，頗譜武藝。,[]
Q3_77_881,嗣德列祀忠義祠。,[]
Q3_77_882,三金年間，歷官衛尉，充協領、侍衛直班，十二年。,[]
Q3_77_883,嘉定有警，充贊襄軍務。,[]
Q3_77_884,大法攻陷富壽右市，玉鐘拒戰死之。,[]
Q3_77_885,追贈統制，列祀忠乃。,[]
Q3_77_886,有富榮縣人。,[]
Q3_77_887,紹治六年，投入書義祠。,[]
Q3_77_888,登不之吏，募勇從戰，以戰功累遷諒山副領。,[]
Q3_77_889,兵清匪蔓擾，有奎住桄榔，走與戰死之。,[]
Q3_77_890,追授領兵，加贈掌衛正六。,[]
Q3_77_891,豈富榮縣人？,[]
Q3_77_892,有勇力。,[]
Q3_77_893,嗣德六年，應募歷官興化。,[]
Q3_77_894,X 領兵，二十五年勦匪於山羅洲，死於陣。,[]
Q3_77_895,追贈統制，列祀元豐田縣人，有勇力。,[]
Q3_77_896,嗣德六年，忠義祠居應慕，屢立戰功，累遷署衛尉。,[]
Q3_77_897,三十六年，與有軍黎仕繞制黎准住順安汛衛，列祀屯守及海城不守，忠與仕準皆死之。,[]
Q3_77_898,追贈掌忠義祠。,[]
Q3_77_899,到交真土天忽香茶縣人，莫大正四年，楊連造亂務務局司局務務房品局民務務司之氏，死自誓。,[]
Q3_77_900,賊怒刺殺之。,[]
Q3_77_901,本月元天吾，其先廣平人，徙家香茶縣綺裕社，與房定務有業創務務局務房濟之亂超潛詣嘉定，夫人抱孩守節。,[]
Q3_77_902,賊司徒武文勇等欲娶之，誓志不肯，他亦不強。,[]
Q3_77_903,及超歸，嘉隆九年病卒。,[]
Q3_77_904,夫人喪塟盡禮，守寡以老。,[]
Q3_77_905,明勅賜節婦匾額，内刻彤管命，八年至奉芳標四字，建旌坊，給錦帛。,[]
Q3_77_906,绍治二年，恩賜錦綬布帛錢文，以元氏三香茶縣。,[]
Q3_77_907,人年十八，適鄉深死。,[]
Q3_77_908,氏年二十七，家有繼母，無次丁，仰事俯育，苦節四十餘年而終。,[]
Q3_77_909,明命八年，旌元氏東香茶縣。,[]
Q3_77_910,人年十六，適阮生為妻，年二臣王金十二，生沒無子，守節四十六年而終。,[]
Q3_77_911,明命八年，元廣田縣人，其夫黃和為除旌長庚申中興初，從征陣。,[]
Q3_77_912,亾氏年二十六，孀居養姑，及姑沒，喪祭如禮。,[]
Q3_77_913,元守節二十七年而終。,[]
Q3_77_914,明命八年，王鳥廣田縣人，十七歲配與春隨社生徒黃享道，氏富家女，躬勤家業，禮善其夫勸之遠學以成志。,[]
Q3_77_915,後黃道聯中二科秀才，有子二，道沒，氏年二十五，孀居守節，二子尚幼，晒遺書以待之。,[]
Q3_77_916,人有求娶，氏不從，屢為所逼，投環欲死以救免，遂擇隣课子坐閒，常設憂楚，子巒惰輒笞責，之人謂之嚴母。,[]
Q3_77_917,嗣德三十六年，有司以事聞，蒙旌賞平項匾額節婦及銀紗。,[]
Q3_77_918,後子黃連黄通皆中舉人，相繼捧檄台市民民堂堂司堂務局司樓信對元召字煥碧。,[]
Q3_77_919,其先廣東潮州，,[]
Q3_77_920,八年十九出語方音家投報資寺太尊皇帝乙巳十七年南來，,[]
Q3_77_921,卓錫于歸寧府，,[]
Q3_77_922,建十塔彌陀寺，,[]
Q3_77_923,廣開象教，,[]
Q3_77_924,尋往順化富春山，,[]
Q3_77_925,造國恩寺，,[]
Q3_77_926,築普同塔，,[]
Q3_77_927,又奉中寺臨病集僧衆囑秘語作偈曰：,[]
Q3_77_928,「寂寂鏡無塵，明明殊不容，堂堂物非物，寥寥空勿空。,[]
Q3_77_929,」端然而寂，法臘八十一歲。,[]
Q3_77_930,僧衆造化門塔藏舍顯尊，陽諡曰行號玄溪和尚，廣東人，臨濟正派利端禪師三十五世也。,[]
Q3_77_931,少好遊俠，精武藝，以仇殺人，遂逃於禪。,[]
Q3_77_932,初航海至東浦，為遊方僧，而往順化，卓錫法雲寺。,[]
Q3_77_933,矜微精於禪學，僧徒曰眾人聞其精武藝，有願學者，亦教之，不拒。,[]
Q3_77_934,久之，其徒恐師有秘其術不盡傳授，一日坐食方丈，暗挾鐵器，從背後揮擊，覺靈元聞，雖聲舉箸，撥其錐擲去。,[]
Q3_77_935,其藝之精如此。,[]
Q3_77_936,言平定符吉縣人，十五歲出家，流寓嘉定，容序投禪大覺寺，精持戒行。,[]
Q3_77_937,睿尊皇帝癸巳八年始剃髮為師。,[]
Q3_77_938,嘉隆十三年，召來京，給僧剛住持天姥寺，管統僧眾。,[]
Q3_77_939,明命六年冬示寂，法一百一歲。,[]
Q3_77_940,承天府土產謹按：,[]
Q3_77_941,南方物產其類甚繁，,[]
Q3_77_942,查之北方《本草綱目》、,[]
Q3_77_943,《農政全書》、,[]
Q3_77_944,《群芳譜》，,[]
Q3_77_945,遵生八牋，,[]
Q3_77_946,《大清一統志·康熙民務品》創務局學務司南志《姚培謙類掖物部竝本國》、,[]
Q3_77_947,黎阮薦輿地志《莫陽文安鳥州近錄》、,[]
Q3_77_948,黎貴惇雜錄《芸臺類務務商創局院局》、,[]
Q3_77_949,商業司《本草恰遺》、,[]
Q3_77_950,本朝《黎光定一統輿地志》、,[]
Q3_77_951,鄭懷德《嘉定通志》、,[]
Q3_77_952,阮公捷仕《窟須》。,[]
Q3_77_953,知錄裴、楊、酒父安，風土記諸書詳其名稱，辦其形類，本之《本草綱目》，繫以土音。,[]
Q3_77_954,何係南方所有而綿目角未載者，亦明著字名而繫以俗音，以復鬱覽。,[]
Q3_77_955,就中何物於承天志內備載？,[]
Q3_77_956,諸省各有者，其諸省志不必再註。,[]
Q3_77_957,惟何係所產特異或獨多者，或充貢列產稅者，乃備托之穀類俗名稽。,[]
Q3_77_958,粹本草不粘者曰秔。,[]
Q3_77_959,明命香赫，稅類十七年鑄九鼎，勒其形於高鼎，荅名櫓。,[]
Q3_77_960,而鑽粟顆稍長，粒色甚白而香。,[]
Q3_77_961,斬程十月，家三月熟，出香水縣安舊總社，歲充卸俗名櫓鴣。,[]
Q3_77_962,粟顆稍長有甚，粒白一貢鳥川和飲膩十一月稼，三月熟，諸省亦有之為俗名穆樹。,[]
Q3_77_963,粟顆圓微黃，愛名俗名稽下禾。,[]
Q3_77_964,粟顆圓而大黃而有芒，粒色雲直自俗名稽乾車微赤。,[]
Q3_77_965,十一月稼四月熟，草直禾粟顆差大有芒，粒微赤十月稼四咸自俗名稽渚漫。,[]
Q3_77_966,粟月熟，出香水縣下畔鹵刀手顆大而有甚，粒色赤十一月稼四月三為俗名稽三媵。,[]
Q3_77_967,粟熟宜深田及鹹潮田，三月未顆圓而微黃，粒色微赤五月俗名穆八月。,[]
Q3_77_968,粟顆赤粒稼八月熟，味上市房局市房務堂市務務商局品品品務務務司香羌禾軟十月稼二月熟，宜燥地食秀，俗名稽糯訥。,[]
Q3_77_969,蘿粟顆差小粒，色皆俗名稽白，軟而不香，五月播，十月熟。,[]
Q3_77_970,禾禿粟顆白而有甚粒，色赤而了之名，俗名稽句馨。,[]
Q3_77_971,粟飯硬，五月播，十月熟。,[]
Q3_77_972,下顆微長而有粒，色微赤，十月稼為俗名稽稷。,[]
Q3_77_973,粟顆微長，三月熟，出香水縣匱禾，粒色白，十月稼三月熟，出香。,[]
Q3_77_974,其稻晚熟，故名粟顆差大，粒水縣龍逵禾，色白而軟，四月播，十二月熟。,[]
Q3_77_975,以上稅稻凡十五類，諸省皆有之，農民隨土所宜，以爲播植穜稑之類。,[]
Q3_77_976,此外俗名尚多，不能盡錄。,[]
Q3_77_977,按阮公捷《仕宦須知》錄載：粟粒數，承天粟每升七萬九千九百粒，南圻粟每升七萬二千四百六粒，北圻粟需百頁俗名每升五萬六千三百二十三粒。,[]
Q3_77_978,米寸類，《精本草》粘者曰糯，明命十七三需俗名釋僞莖年鑄九鼎，勒其形于仁鼎臣米高顆長而大，得米甚多，飯柔，十月稼三四月月需俗名糧熟。,[]
Q3_77_979,其稻初出父安今諸省有之。,[]
Q3_77_980,圓米穉莖萬高而顆圓，粒色白甚黃霧，俗名糧脯莖勁穗粘膩，十月稼三月熟，米密顆稍圓大而黃尖微黑，粒白少香文需俗名糧渤。,[]
Q3_77_981,粟顆微長，粒色白香需俗黍米而甚粘，十一月稼四月熟，米名躡香瓢莖低顆微長，粒曰需俗名糲。,[]
Q3_77_982,縷莖大白，甚香，四月稼，八月熟，百米寔繁，穂高，顆扁粗大而黃。,[]
Q3_77_983,粒白飯柔，五月播，十月孰，諸省有之。,[]
Q3_77_984,此稻出自承天，故廣南以南通名糧化，俗名摄颠粟。,[]
Q3_77_985,顆黑，粒色白而粘膩，此其黑米稻，原出自廣南，故承天人謂之躡廣鹿，年焉，俗名糲。,[]
Q3_77_986,麒麟顆小而黃，粒白而香，羊需別房明品司衛民號創創司，俗名糧西。,[]
Q3_77_987,顆圓大而殼厚，粒白而甚香，鼠需五月稼，八月熟。,[]
Q3_77_988,此稻出自西洋，故名申米，俗名糲蠟，又名糧西。,[]
Q3_77_989,acen名糲。,[]
Q3_77_990,鳥需俗名軟，五月稼，四月熟，諸省有之。,[]
Q3_77_991,享米糧鶻一，粟顆微白，粒色赤，宜燥。,[]
Q3_77_992,乙需俗名攝丐，粟顆大，殼薄，老需俗名米粒色白，十一月稼，四月熟，米名糧老。,[]
Q3_77_993,粟顆圓大而有甚，粒白而香。,[]
Q3_77_994,鳥需俗名軟，五月稼，四月熟，諸省有之。,[]
Q3_77_995,享米糧鶻一，粟顆微白，粒色赤，宜燥。,[]
Q3_77_996,乙需俗名攝丐，粟顆大，殼薄，老需俗名米粒色白，十一月稼，四月熟，米名糧老。,[]
Q3_77_997,粟顆圓大而有甚，粒白而香。,[]
Q3_77_998,鳥需俗名軟，五月稼，四月熟，諸省有之。,[]
Q3_77_999,享米糧鶻一，粟顆微白，粒色赤，宜燥。,[]
Q3_77_1000,乙需俗名攝丐，粟顆大，殼薄，老需俗名米粒色白，十一月稼，四月熟，米名糧老。,[]
Q3_77_1001,粟顆圓大而有甚，粒白而香。,[]
Q3_77_1002,鳥需俗名軟，五月稼，四月熟，諸省有之。,[]
Q3_77_1003,享米糧鶻一，粟顆微白，粒色赤，宜燥。,[]
Q3_77_1004,乙需俗名攝丐，粟顆大，殼薄，老需俗名米粒色白，十一月稼，四月熟，米名糧老。,[]
Q3_77_1005,粟顆圓大而有甚，粒白而香。,[]
Q3_77_1006,鳥需俗名軟黍稷一斗，可得三升，故曰五穀不熟，不如民居。,[]
Q3_77_1007,民務房品司創民商市養司，本草採子搗米煮粥食，尤佳。,[]
Q3_77_1008,或磨作面，谷名紇楣，又名蘆。,[]
Q3_77_1009,本草一名狗風，一名油麻。,[]
Q3_77_1010,麻塟方者名巨勝，圓者名胡麻，能養五臟。,[]
Q3_77_1011,蜜蒸餅餌，俗名紇稽。,[]
Q3_77_1012,莖高數尺，穗出莖治百病。,[]
Q3_77_1013,黄粱端離離下垂，粒似五味子而稍大，其色微黑，父俗名紇逋逋。,[]
Q3_77_1014,本草一名务务，帶行務行務，務務員局有務務司。,[]
Q3_77_1015,东汉马援得于交趾，载还人謗以爲珍珠，即此。,[]
Q3_77_1016,可作粥飯，又同米釀酒，救荒。,[]
Q3_77_1017,本草一名回回米，採寔春去殼取仁，玉蜀俗名稽株，有煑粥食。,[]
Q3_77_1018,收葉煮飲，亦香三赤白黃数类，兹开於顶，寔结於节，鬚如红絨白而粘者爲佳。,[]
Q3_77_1019,本草一名玉高梁，群芳譜一名御麦，以其进御故名。,[]
Q3_77_1020,又自西番来，一名番麦，一名戎菽。,[]
Q3_77_1021,郑怀德嘉定通志曰：「黄菽曰黄麦」。,[]
Q3_77_1022,黎贵惇芸台類語，俗名豆顛。,[]
Q3_77_1023,本草曰大豆，曰未角，曰吴禾，黑王曰莢葉，曰藿莖，曰箕，其色黑，又名鸟豆，可八药及充食，作豉能治水消脹下气。,[]
Q3_77_1024,黄山谷救荒法，黑豆貫众各一升，煮熟去貫众，晒乾，每日空心啖五七粒，百水枝葉皆有味，可饱也。,[]
Q3_77_1025,四辰月令下。,[]
Q3_77_1026,植忌壬子日，又一類櫓豆，粒小如綠豆，衣有官綠、油綠數色，而色黑堪作醬食耳。,[]
Q3_77_1027,經可作粥、飯、粉餌，為食中要物。,[]
Q3_77_1028,水浸生芽，為菜中佳品，能解諸毒，眞濟世之良穀也。,[]
Q3_77_1029,下植忌卯日，明命十七年勒其形，曰豆（本草），一名飯豆，嫩苗作菜食，作于章鼎，百醬造腐甚佳。,[]
Q3_77_1030,明命十七年勒其形于俗名豆蹤，作醬造腐，盛爲辰用。,[]
Q3_77_1031,救裕鼎黃豆，荒本草採嫩苗葉，爍熟水浸淘淨，油鹽詞食。,[]
Q3_77_1032,或採每煮食，或收篇至俗名豆板衛房，房務局務品員局念門房適公同。,[]
Q3_77_1033,沿籬豆，一名蛾眉豆，人家植之於垣籬，其莢蒸食甚美，能療霍亂急症。,[]
Q3_77_1034,明命十七年勒其學，行行形於也，一名落花生豆，形如鳳眼，俗名豆一毅鼎出豆鳳，蒸食榨油為利甚溥，豆渣作餅糞田甚美。,[]
Q3_77_1035,明命十七六年亥，一名赤豆，苗高似豇豆，花而小結莢，長二三寸，黃辰收之，和一鯉魚煑食，治腳氣及療浮腫，救荒本草採嫩葉爍熟水淘洗淨，油鹽詞食。,[]
Q3_77_1036,明目豆角亦可煑食，又法赤豆一升半炒，大黄豆一升半焙，二味搗末，每服一合，用新水下，日三服盡三升，可度十一日不饑。,[]
Q3_77_1037,又說小豆食之，逐津液行小便，久服虛人宛豆，俗名豆膏，其粒有班，令人黑瘦枯燥。,[]
Q3_77_1038,石本草曰胡豆，曰回鶻豆，曰青班豆。,[]
Q3_77_1039,子圓如藥，凡煑炒皆工，俗名佳磨，粉面甚白，能消渴。,[]
Q3_77_1040,淡煑食之，豆豆莊又名豆繚。,[]
Q3_77_1041,本草一名鋒夔，處處有之，蔓生長市房，即濟安後創房務務後房務務安務商房市前房房成安房濟院局員務安房務司菜可果可穀備用，最多乃豆中之上品。,[]
Q3_77_1042,能裡中益氣補腎健胃救荒。,[]
Q3_77_1043,本草採嫩苗葉，榮然水凌淦淨油鹽詞食及採取嫩，每煤熟食亦民引一二丈葉如虹豆葉而稍長大，一開紫花如蛾形結莢，長者近尺，微似皂莢扁一而創斧三稜。,[]
Q3_77_1044,辰貴食醬，食蜜煎皆佳，老則一收子，子大如拘指頭，淡紅色同豬肉雞肉煑一食尤美，能利腸胃止厄逆，益腎補元救荒。,[]
Q3_77_1045,本草一草採嫩苗葉，爍熟水浸淘淨油鹽調食。,[]
Q3_77_1046,豆屏一嫩辰煑食，豆熟之辰收豆煑食，或磨麵食亦可。,[]
Q3_77_1047,鶉豆俗名豆鵑，藤生蝶熟印豆俗名豆御，油鹽食味香美，名豆藤生寔似膽豆而稍大成之，俗名豆褪。,[]
Q3_77_1048,藤生寔似業行務行全有衛務學行務測，俗名豆貓。,[]
Q3_77_1049,本草一名黎豆，,[]
Q3_77_1050,一名虎豆，,[]
Q3_77_1051,夏生葉，,[]
Q3_77_1052,一豆豆葉六七月開花成簇，,[]
Q3_77_1053,紫色狀如角豆，,[]
Q3_77_1054,一花一枝結莢，,[]
Q3_77_1055,十餘長三四寸，,[]
Q3_77_1056,大如拇指，,[]
Q3_77_1057,其子大如刀豆子有點如貌文煑去黑汁，,[]
Q3_77_1058,同豬一肉雞肉再者俗名豆承。,[]
Q3_77_1059,名豆蟾寔，大如一府房，安房局堂院務房住，自稱子以下凡二十三類，諸省皆有之。,[]
Q3_77_1060,菜類：葱（俗名薤），行本草曰芤曰菜伯曰和事草曰鹿胎，性 năng发表，治头痛。,[]
Q3_77_1061,明命十七年勒其形于高鼎，,[]
Q3_77_1062,又一類名 Onion 出西洋，,[]
Q3_77_1063,故名有赤白二類，,[]
Q3_77_1064,皆根大如拳頭，,[]
Q3_77_1065,老則心中抽出莖直上，,[]
Q3_77_1066,其杪結叢開白花，,[]
Q3_77_1067,結黑子似小茴，,[]
Q3_77_1068,惟其甘美比常蔥，,[]
Q3_77_1069,別詳見明命御製詠洋蔥詩。,[]
Q3_77_1070,韭音久（俗名蘩蔍），本草一名鍾乳一名起，十七年勒其薤音械俗名蔓菁，本草一名火形于鼎。,[]
Q3_77_1071,蒜（葱）一名采芝，能利水道。,[]
Q3_77_1072,一命十七年勒蒪俗名短蒪，有大小二類，大曰其形于鼎，小曰蔆朮草小蒜（一名葷菜）。,[]
Q3_77_1073,大蒜一名葫，明命十老鴉蒜俗名薛蒜，本七年勒其形于鼎。,[]
Q3_77_1074,地有之，花六出紅色。,[]
Q3_77_1075,石蒜曰水麻，處處下濕如丹，花狀其根如蒜皮，色赤肉白色，此有小毒而救荒。,[]
Q3_77_1076,本草言其可煤芒俗名蔓酹，又熟水浸過食，蓋為救荒爾。,[]
Q3_77_1077,一類葉紫者名桂莙，味香烈。,[]
Q3_77_1078,芥（俗名蔓敗）其類甚多，本草俗名蔓酬桂芥。,[]
Q3_77_1079,按王安石說，芥者界也，發汗散氣界於我者也能寬中安腎。,[]
Q3_77_1080,蘿蔔俗豁痰，明命十七年勒其形于敦鼎，名改矩。,[]
Q3_77_1081,本草一名萊菔，其根葉皆可生可熟可茹可醬可豉可醋可糖可飯，乃蔬中之最有利益者。,[]
Q3_77_1082,也能醫痰散風通淋，苔薹芥俗名除痢，其子治癰瘡，反二便不通。,[]
Q3_77_1083,歐蔓臺本草曰：「寒菜」，曰「胡菜」，曰「台芥」，李珍曰：「此菜易起台須採其豐，食分枝必多，故名雲台」。,[]
Q3_77_1084,自俗名紇葦卜本草一名胡芥，一名蜀二芥，其類來自胡戎而盛於蜀，故名。,[]
Q3_77_1085,三月開黃白色，又一類莖如芥角，其子大如粱米，黃白色。,[]
Q3_77_1086,一類塟大而中寔者尤高，其子亦大。,[]
Q3_77_1087,此菜雖是芥類，逈然別本草云：「能禦百類」，也能豁痰散腫止痛，邪酸名薑，嫩為子薑蜜煎甚佳，宿根為毋甚乾耳。,[]
Q3_77_1088,俗名紇薑明命十七年勒其形於豈鼎古菩本草，一名香荽，能有本草一名辰蘿，能補賢。,[]
Q3_77_1089,D名冬風牒熟換水淘淨油鹽，俗名夢調食子調和諸般食味香美。,[]
Q3_77_1090,東層菜蓬呪本發舉定帶草，一名東風志曰：「此菜先春則生，故有東風之名」，一作冬風言得冬氣也。,[]
Q3_77_1091,其嫩葉作羹食尤好，或搗濟作産矣。,[]
Q3_77_1092,俗名薑悶性淡味甘，能靜餅色亦佳，多解諸毒，南方之奇疏也。,[]
Q3_77_1093,其物易植，水陸皆宜。,[]
Q3_77_1094,之本草主治產難，,[]
Q3_77_1095,又一類海蘿，,[]
Q3_77_1096,俗名薑悶瘦多生海上沙岸，,[]
Q3_77_1097,味苦不可食能治腰，,[]
Q3_77_1098,俗名蔞纏鼎能殺蟲療蛇傷痛風濕症及漆瘡，,[]
Q3_77_1099,又一類紫莧，,[]
Q3_77_1100,俗名裏蘆薂，,[]
Q3_77_1101,主治亦同救庇本草採苗葉牒熟水淘洗淨油鹽調食晒乾爍食尤佳，,[]
Q3_77_1102,齒龍。,[]
Q3_77_1103,俗名蔞杉，有大葉、細葉二類。,[]
Q3_77_1104,本草殺蟲、消腫、療眼赤痛、救荒。,[]
Q3_77_1105,本草採苗葉，先以水洵民品務念務務員務局創務務創局品夬註。,[]
Q3_77_1106,莧陸今馬齒莧，感陰氣之名者（蘇頌商臺主）易經謂“三三”。,[]
Q3_77_1107,俗名萋蕺，貯本草，一名之見陸恐誤。,[]
Q3_77_1108,魚月其蕺主治牙疼、瘧疾症，答名裏牒本草，一名天香菜，主治惡瘡，葉治蛇咬、救荒。,[]
Q3_77_1109,本草採苗葉，蝶熟水浸去苦味潤港淨，油鹽調食，生亦可食，維生令甚益人，久食輕身少睡，調十二經，用利五藏，不可與血同食，作痔矣。,[]
Q3_77_1110,俗名裏旦禮務與學員發行，行有司行與學務有司。,[]
Q3_77_1111,灣背菜秀即此本草，李珍雲苦菜龍葵入食不能搖，一名卻曬草。,[]
Q3_77_1112,離騷草木疏按易通驗元圖曰：,[]
Q3_77_1113,“苦萊生於寒秋，經冬歷春，乃成樂似菁直而細，斷之有自汁黃花似菊，所在類於儲續麴柳堂協將釁雅本律冊辦糙機我氣有裡，理氣里物里，俗名金簪葉，嫩可食。,[]
Q3_77_1114,”詩云：,[]
Q3_77_1115,焉得諼草言樹之背，,[]
Q3_77_1116,此救荒本草採葉蝶熟水浸海淨，,[]
Q3_77_1117,油市務務育務務務員司品制務員局司司制行帶行務學業行學行行草，,[]
Q3_77_1118,一名蘇蘭，,[]
Q3_77_1119,一名南荷，,[]
Q3_77_1120,一名金錢薄荷，,[]
Q3_77_1121,主治化痰止頭痛，,[]
Q3_77_1122,救荒本草採苗葉煤熟水浸去辣味油鹽食，,[]
Q3_77_1123,與難作虀食相宜，,[]
Q3_77_1124,煎豉湯燠酒和飲，,[]
Q3_77_1125,煎茶宜新病瘥。,[]
Q3_77_1126,人勿食，令虛汗不止。,[]
Q3_77_1127,豬食之即醉，物相感耳。,[]
Q3_77_1128,又西洋別有一類莖葉均同，南薄荷而氣考烈過之，煎油名世那油，治風寒頭腹痛立愈。,[]
Q3_77_1129,又一類薄荷芋，葉似水芋而甚薄，莖作生菜，或脂蒸亦本草一名赤蘇，其葉可生食作羮，殺白蓋芸類也。,[]
Q3_77_1130,《救荒本草》採葉煤食煑飲亦可。,[]
Q3_77_1131,子研汁煑粥食之，皆好。,[]
Q3_77_1132,明命十七年勒其形於裕，俗名萋蓐。,[]
Q3_77_1133,本草一名水葵，《齊民要術》裡世宇居房堂務堂房務房局雲：「薄菜」，其茆茆即蒓也，能清熱利腸。,[]
Q3_77_1134,按南方尊葉小似女貞葉，而北方薄葉大似馬蹄葉而圓者，或是別類？,[]
Q3_77_1135,抑南北俗名裏芹？,[]
Q3_77_1136,本草之產有不同歟？,[]
Q3_77_1137,並錄備考，一名水英，一名楚葵，有水芹、旱芹二類，可為卓來俗名裏鄭生菜竝堪作苴，能養血利腸。,[]
Q3_77_1138,絲三生水中，本草曰瞑菜，曰綽菜，晉稽含南方草未狀綽草生也，沼中葉類慈姑根如藕，人食之思睡，呼菜落蒺。,[]
Q3_77_1139,胭脂菜處處有之，蔓生疏籬，其葉正宗把骨可作羮食，子大如五味子，揉汁赤如胭指，相传指節毒腫搗葉八鹽少許敷之，殊效。,[]
Q3_77_1140,谷名婁慷，本草一名芃蘭，詩云芃蘭之蘿摩枝卽此，注芃蘭一名蘿摩，蔓生斷之有一白汁，可生啖亦可蒸食，諺云離家千里勿食蘿摩。,[]
Q3_77_1141,構杞言能益精強陽也，俗名萋、幔幔、芥類也可醢作葅，葉治白英菜，頭痛搗爛，八鹽少許貼太陽穴，殊驗。,[]
Q3_77_1142,俗名婁孟鉢，本草一名白草，蔓生，葉有三岐，花開白色，味甘淡，可作羹食，子名鬼目大刻指，生靑熟赤，生可蜜佔（注：,[]
Q3_77_1143,原文中的“佔”可能为笔误或OCR错误，此处假设应为“佔”，意为“榨油”），短亥。,[]
Q3_77_1144,俗名裏昌瀧，煎熟，辰小兒亦食之，六房三塟直上塟端扣出，枝繁開小花，子如鶴虱，有絨如絮，葉有鋸齒，味芬烈，可作生菜。,[]
Q3_77_1145,相传小兒咳嗽，搗葉蒸服有效。,[]
Q3_77_1146,本草一名天石精，酉陽雜組劉懂草一名活鹿草，宋元嘉中青州劉懂射一鹿，剖五臟以此草塞之，蹶然而起，懂怪而拔草復倒，如此三度，乃取此草植之，主治折傷。,[]
Q3_77_1147,俗禽劉秦菜依名薯秦，本草一名秦獲茶，味單瓣菊花結子，沧百成毬，最易繁茂，豬克為佳，可之。,[]
Q3_77_1148,俗名獨冀輩司書，,[]
Q3_77_1149,俗名改殘污味師柔身，,[]
Q3_77_1150,可作生菜，,[]
Q3_77_1151,又名改菊生安里房里民海務房務堂堂局園，,[]
Q3_77_1152,單瓣菊花結子近百成毬，,[]
Q3_77_1153,最易繁茂，,[]
Q3_77_1154,俗名纏黃莖多刺，,[]
Q3_77_1155,葉嫩可蒸食，,[]
Q3_77_1156,亦蘇合來，,[]
Q3_77_1157,俗餵渚救荒本草夏採熟食，,[]
Q3_77_1158,類家莧魚名婁蘇合生深山人有植之，,[]
Q3_77_1159,葉薄微長，,[]
Q3_77_1160,味香可市府堂業安房務務後市市務市創民業務堂務務司務務務省皆有之，,[]
Q3_77_1161,紫別生海中附石而生，,[]
Q3_77_1162,正青色大葉而薄，,[]
Q3_77_1163,海人取之授成餅七矣，,[]
Q3_77_1164,俗名婁葛狀，,[]
Q3_77_1165,晒乾貨之，,[]
Q3_77_1166,能治腳。,[]
Q3_77_1167,氣不本草曰瑤枝，又名雞腳菜。,[]
Q3_77_1168,近海有之，狀如珊瑚，有赤、白色。,[]
Q3_77_1169,枝上有細齒，沃以薑醋，食之甚脆。,[]
Q3_77_1170,或煮為琥珀糖，能飾上焦浮熱。,[]
Q3_77_1171,自紫菜以下二類，諸省近海皆有之。,[]
Q3_77_1172,芋，俗者知門本草，一名土芝，一名蹲鵝。,[]
Q3_77_1173,其類甚多，《嘉定通志》丘陵曰：「甘芋、蠟芋、赤芋、殘澤日水芋、虎芋、姜芋、紫芋」及台、李等類。,[]
Q3_77_1174,《救茫本草》芋有六類：青芋（細長，毒多），初煮須要厥葉換水煮熟乃堪食；白半真芋（連禪芋、紫芋），毒少，蒸煮食之，又宜冷食，療耗止渴。,[]
Q3_77_1175,野芋大毒，不堪食也。,[]
Q3_77_1176,土芋，俗名芳慈，本草一名土卵，一名寶，俗名矩瑾。,[]
Q3_77_1177,本黃獨，能去熱，噉解諸藥毒。,[]
Q3_77_1178,予草一名山藥，一名玉涎，或磨作粥，或切片蜜煎，俱佳。,[]
Q3_77_1179,藤上結子名零餘子，其味美勝於芋，能養心補腎益脾胃，救荒本草掘取根蒸食甚美，或昏諸火燒煑食，或炸食皆可，其實亦可煑食，才俗名芳郎。,[]
Q3_77_1180,有赤、白色，熟乾俱可食，代糧。,[]
Q3_77_1181,類腋物部甘諸疏番譜形圓而長，其味甚甘，山諸稍劣。,[]
Q3_77_1182,芸臺類，俗名矩豆夢生，結莢如語，或云出呂宋豆直竊豆莢有毒，不可食。,[]
Q3_77_1183,根如蘿蔔，色白，味甘。,[]
Q3_77_1184,爍熟油書俗名考紫，食鹽調食，或晒乾食甚佳。,[]
Q3_77_1185,書言物本草雲：形如豬肝，大者重十餘斤，其皮剖關紫色，煑食香美，一名肝諸，能充饑益。,[]
Q3_77_1186,人一類俗名芳簇，肉色白，味甘。,[]
Q3_77_1187,俗名柑柳。,[]
Q3_77_1188,本草陸佃雲：「句淡大如甘諸」。,[]
Q3_77_1189,予答：「内爲筍，旬外爲竹」。,[]
Q3_77_1190,詩云：「其荻伊何？,[]
Q3_77_1191,維筍及蒲」，卽此主治降火消痰，救荒。,[]
Q3_77_1192,本草採竹嫩筍，煤熟油鹽調食，燀過晒乾牒食，亦曰俗名菓。,[]
Q3_77_1193,有大小靑白紫數類。,[]
Q3_77_1194,本草一好方，一名崑崙瓜，一名草鼈甲。,[]
Q3_77_1195,劉詢嶺表一錄：「茄葉摘布路 上，以灰圍之，则子必繁，謂之嫁茄，能療癥瘕腫毒」。,[]
Q3_77_1196,一類水茄，俗名禍介，瓶形圓而長，三四寸，亦有紫白。,[]
Q3_77_1197,見俗名葉勳，一二色。,[]
Q3_77_1198,又一類酸茄，藤生，色青，壺房。,[]
Q3_77_1199,本草一名瓠瓜，一名瓢瓜，瓠之屬可熟晒，又可爲器，大爲甕盎，小爲瓢樽，為要舟，可以浮水，爲笙務局務與務員有房局創房員務務監局司司利甚溥，其類甚多，不能盡錄。,[]
Q3_77_1200,能療瘡消腫，谷名秘刀。,[]
Q3_77_1201,本草曰白瓜，曰水芝，曰地芝，多瓜處處園圃植之。,[]
Q3_77_1202,夢生莖葉皆有刺毛，寔大者徑尺餘，長數尺，嫩辰綠色有毛，老則蒼色有粉。,[]
Q3_77_1203,其皮堅厚，其肉肥白，其龜如絮，可以完練衣服，其肉可煑爲茹，可蜜爲果，其子仁亦可食，蓋兼蔬果之用，能解渴消腫。,[]
Q3_77_1204,凡收瓜忌酒漆麝糯，曰寔大者，俗名荼拗，小者俗触之必爛也，用名荼茲。,[]
Q3_77_1205,一類而二物也，本一草，曰寒瓜，錄乃果類，甘俗名茶砂木草，能止渴通淋去瘴，舌方名。,[]
Q3_77_1206,甘瓜錄、,[]
Q3_77_1207,八果類、,[]
Q3_77_1208,能止渴、,[]
Q3_77_1209,俗名秘吾、,[]
Q3_77_1210,本草皮上有棱、,[]
Q3_77_1211,肉色利小更目、,[]
Q3_77_1212,瓜黃、,[]
Q3_77_1213,不可生食、,[]
Q3_77_1214,去皮熟食、,[]
Q3_77_1215,味如山藥、,[]
Q3_77_1216,能補、,[]
Q3_77_1217,戈俗名荼剛、,[]
Q3_77_1218,本草一名稍瓜、,[]
Q3_77_1219,一名中益氣、,[]
Q3_77_1220,走刀菜、,[]
Q3_77_1221,瓜有青白二色、,[]
Q3_77_1222,其瓜生食可充果、,[]
Q3_77_1223,蔬糖醋藏浸皆宜、,[]
Q3_77_1224,亦月氏俗名荼妃、,[]
Q3_77_1225,该可乍直、,[]
Q3_77_1226,能除酒毒、,[]
Q3_77_1227,治亦瘡、,[]
Q3_77_1228,古青黄色及多刺、,[]
Q3_77_1229,本草一名黄瓜、,[]
Q3_77_1230,能治眼赤杖伤、,[]
Q3_77_1231,又一类鼠瓜、,[]
Q3_77_1232,其实如胡瓜而稍小、,[]
Q3_77_1233,俗名荼秫、,[]
Q3_77_1234,生熟俱可为刀、,[]
Q3_77_1235,瓜能消痰去癰肿救荒、,[]
Q3_77_1236,本草採嫩瓜切碎牒熟水浸、,[]
Q3_77_1237,俗名藩巷、,[]
Q3_77_1238,本草一名锦淘洗油盐调食、,[]
Q3_77_1239,吉刀荔枝、,[]
Q3_77_1240,一名癹葡萄、,[]
Q3_77_1241,生熟食皆宜、,[]
Q3_77_1242,能明目益气救荒见俗名法虎、,[]
Q3_77_1243,本草锦荔枝黄熟者食瓤刀之、,[]
Q3_77_1244,大如考指长尺余、,[]
Q3_77_1245,皮有公俗名苍通、,[]
Q3_77_1246,本草生松阴舟无青纹、,[]
Q3_77_1247,味甘、,[]
Q3_77_1248,水昼辰凡物自松出无不可爱者、,[]
Q3_77_1249,俗名苍棧楓、,[]
Q3_77_1250,本草香蕈生深山烂楓木香丰上小於菌而薄黄黑色、,[]
Q3_77_1251,味甚香美、,[]
Q3_77_1252,最爲圭居、,[]
Q3_77_1253,或有蛇虫从下过者有毒、,[]
Q3_77_1254,食之令人大笑、,[]
Q3_77_1255,作上以冬瓜忧汁解之、,[]
Q3_77_1256,诸省深山有之、,[]
Q3_77_1257,诗山卷指、,[]
Q3_77_1258,本草一名木桥、,[]
Q3_77_1259,一名木园半者鸣肉煑食一寸、,[]
Q3_77_1260,俗名苍坦、,[]
Q3_77_1261,本草一名一空行常发务理生程深行务行行运业运理务业业建务空空空空的信月逢雨下树根生菌色紫、,[]
Q3_77_1262,俗名苍稳卷、,[]
Q3_77_1263,今科本二黑味微苦鸟出。,[]
Q3_77_1264,俗名蒼緣鶻色象菌，俗名一亦稱生品奚元下微赤，呀亦自谷名答會本草行義。,[]
Q3_77_1265,馬勃一名馬屍，一名牛永生，濕地及腐木上，夏秋採之，有大如之者，小亦如升杓。,[]
Q3_77_1266,韓退之所謂牛溲馬勃，俱非筮畜者，是能清肺散義氣，俗名蒼蟲令來血熱，傳諸瘡甚良。,[]
Q3_77_1267,蟲臣蟻穴冬雨義齋自生，菌色白味甘香美，自非以下凡三六類，因以俗名改著字名，諸省皆有之，大#本章云：其對紫似杏而黑，花白而香，類白梅。,[]
Q3_77_1268,液范成大《梅譜》雲：梅以韻勝，以格高故為貴。,[]
Q3_77_1269,一類名紅梅，其不圓魚聖製詠黄梅詩註略雲：其樹勁直，葉淺绿色而光潤，尖長，花五瓣，玉药檀心似白梅，但色正黃而香過之，落辰蒂枯轉成紅色，復似花，此與眾爲異云。,[]
Q3_77_1270,又一名蠟梅。,[]
Q3_77_1271,救荒本草採花牒熟水浸海淨油亨，,[]
Q3_77_1272,謹按明命聖裝詠海鹽調食注棠詩註羣芳譜海棠有四類曰瞻梗，,[]
Q3_77_1273,曰西府，,[]
Q3_77_1274,曰垂绿，,[]
Q3_77_1275,曰木瓜，,[]
Q3_77_1276,此外有黄色者，,[]
Q3_77_1277,花香者然者，,[]
Q3_77_1278,柔枝小花或黃或浅红或胭一脂数色而已。,[]
Q3_77_1279,其南方海棠則樹高葉大且长，有尖花鮮红色，心有葬辦大而厚，開辰勝似芙蓉，故俗名爲旱蓮。,[]
Q3_77_1280,較之蜀産等类寔出其上，则似乎北朝所无，故著述逈别。,[]
Q3_77_1281,至如所云花丰叶茂，綽约如处女，醉似杨妃，娇比西子，寔永。,[]
Q3_77_1282,足以形容此花也。,[]
Q3_77_1283,明命十七年勒其形於毅鼎。,[]
Q3_77_1284,又一類，尺本草一名水芙蓉，又一名金絲海棠，芙類名北芙蓉，此係北來一故加北字以別之，與本國芙蓉亦同一類。,[]
Q3_77_1285,群芳譜一名水蓮，一名拒霜，八九月開，次第開謝，寒而不落，不結子。,[]
Q3_77_1286,白樂天有「水蓮開盡水蓮開」之句，本國芙蓉皆二三月間盛開，至八九月復開。,[]
Q3_77_1287,謹按：明命聖製《詠芙蓉》詩有雲「秋光占盡復春光」、「應贏桃晚三分明」。,[]
Q3_77_1288,創務堂創務務局司明市務司務房適務質明安登局司深紅人呼為「三色醉芙蓉」，詳見明命聖製《秋天即景》詩注。,[]
Q3_77_1289,類腋花史邛州有弄色木芙蓉，,[]
Q3_77_1290,一日白，,[]
Q3_77_1291,二日淺紅，,[]
Q3_77_1292,三日黃，,[]
Q3_77_1293,四日午夷本草深紅比落花紫，,[]
Q3_77_1294,人號為「文官花」，,[]
Q3_77_1295,名候機一名水筆，,[]
Q3_77_1296,一名迎春，,[]
Q3_77_1297,二月花開，,[]
Q3_77_1298,初出枝頭，,[]
Q3_77_1299,苞長半寸而尖銳，,[]
Q3_77_1300,儼若筆頭，,[]
Q3_77_1301,重重有青黃茸毛，,[]
Q3_77_1302,順鋪長半分許，,[]
Q3_77_1303,及開花初小，,[]
Q3_77_1304,嗣如盞，,[]
Q3_77_1305,紫苞紅焰色如蓮，,[]
Q3_77_1306,香如蘭，,[]
Q3_77_1307,又有淡黃及深紫，,[]
Q3_77_1308,又有鮮紅如杜鵑，,[]
Q3_77_1309,俗呼「紅石喬」是也。,[]
Q3_77_1310,謹按：明命聖製《詠辛夷》有雲「花神擎玉盞」、「天女酌瓊漿」。,[]
Q3_77_1311,離騷草木疏按：蜀國圖經云「木高數仞，葉似柿葉而狹長，花色白而帶紫，花落無子，夏杪復著花如小筆」。,[]
Q3_77_1312,又一類，三月花開夾竹桃。,[]
Q3_77_1313,謹按紹治四。,[]
Q3_77_1314,月花落子赤似相思子，聖製詠夾竹桃詩，註：羣芳譜。,[]
Q3_77_1315,夾竹桃花五瓣，長筒瓣尖，淡紅嬌艷，類桃花；葉狹長，類竹，故名夾竹桃。,[]
Q3_77_1316,自春及秋，繼閒媚堪賞。,[]
Q3_77_1317,木犀（本草）曰：桂類也，以木紋理如犀，故名。,[]
Q3_77_1318,其花白而細，其香能化痰潤肺，解瘟。,[]
Q3_77_1319,南牡丹俗名芲莊毒，一湖南人呼為九里香。,[]
Q3_77_1320,牡丹又名野牡丹，牡丹一名番山丹，樹高四五尺，花大如碗，春夏花開燦爛可愛。,[]
Q3_77_1321,謹按：紹治聖製詠牡丹紅牡丹詩，註：羣芳譜雲：牡丹千葉肉紅，出有魏仁溥家，故稱為魏紫，世以為珍。,[]
Q3_77_1322,又雲：人多稱牡丹芳姿艷質，既歷羣花，勁骨剛心，尤高萬卉。,[]
Q3_77_1323,有類白色者，名白牡丹。,[]
Q3_77_1324,黄木筆（嘉定通志）一名芲使，樹高丈餘，葉尖長，花淡黄色，香甚濃。,[]
Q3_77_1325,初開苞如筆頭，故名。,[]
Q3_77_1326,山人云：此木枝葉能化鷂。,[]
Q3_77_1327,中興初阮黃德山刺史途中遇木葉化鳥捕之而食，蓋此類也。,[]
Q3_77_1328,花南方草木狀，三月布葉繁密，後有花赤色，間生葉間，旁照他物皆朱殷。,[]
Q3_77_1329,三五房凋，则之今處處俱有。,[]
Q3_77_1330,月飲風瀟灑，精神莫陰生八牋雲：其花酉可與比。,[]
Q3_77_1331,《格物叢話》春二三月百花開盡，爻見梨花靚豔，寒香自甘寂宽升菴外集秀芥二適務司務務務局創局員奧衛育務房局司司果必駿明命十七年勒其形於裕鼎，《群芳譜》一名百。,[]
Q3_77_1332,日紅一名怕癢花，人以手爪其散頂，動搖。,[]
Q3_77_1333,唐辰省中多植此花，取其而火也。,[]
Q3_77_1334,紫色之外，又有紅、白二色，其紫帶藍燭者名曰翠薇。,[]
Q3_77_1335,明命十七年，勒其形于高鼎谷，名尾尋春花，色紅，藤身多刺，類通薔薇花。,[]
Q3_77_1336,群芳譜一名刺紅，一名山棗，有粉紅者名粉團。,[]
Q3_77_1337,其他如葆相、金鉢盂、佛見笑、七姊、十姊妹，體態相類。,[]
Q3_77_1338,《本草》主治療痢、殺蟲、瘡瘡之火。,[]
Q3_77_1339,百羊言發詩引洛雲：“此花亦如常花，作大分農昏是之羊。,[]
Q3_77_1340,”人亦呼為“都耶”，似與珍現陰之分則然。,[]
Q3_77_1341,莖葉比政瑰塟勁，多刺，葉多紋而香烈，夏亦盛。,[]
Q3_77_1342,文鬼七筆芳譜一名御行，明房子務堂房務衛務務衛堂員——學文鬼出西洋花，不香而葉香，故名瑰（字音環）。,[]
Q3_77_1343,出《正字通》，又《集韻》或作“壞墳”。,[]
Q3_77_1344,謹按明命三之水百羊文鬼寺非云此花出自大西洋。,[]
Q3_77_1345,注言一務局創民院定務務創務務房創民司農洋，《群芳無比》而清馥可愛，雖多不厭，故洋一人用以煑油釀露，貨行遠近。,[]
Q3_77_1346,世多尚焉。,[]
Q3_77_1347,明命十七年，勒其俗名芃孛，本草一名舜花，形于英鼎，才未朝開暮落。,[]
Q3_77_1348,又一名日及，能療瘡腫。,[]
Q3_77_1349,謹按紹治《聖製詠木權註》略云：“外國圖君子之國多木種之花，民人食之。,[]
Q3_77_1350,”《群芳譜》此花有二類，五出金藥莖，又有重辦細絲，皆深紅、粉紅、白色。,[]
Q3_77_1351,而已，詩雲：「有女同車，顏如舜華」，即此也。,[]
Q3_77_1352,救荒本草，採嫩葉熒熟，冷水淘淨，油鹽調食，自木槿葉亦然。,[]
Q3_77_1353,明命十七年，勒其形於玄鼎，賴腋潘尼賦《朱芳》，赫奕紅英，參差皮日休詩：「風勺祗似調紅露，曰煥惟憂化赤霜」。,[]
Q3_77_1354,火齊滿枝，燒夜月金津含蔬滴朝鬼。,[]
Q3_77_1355,乞其花黃色無陽，又云石榴花堪作胭脂。,[]
Q3_77_1356,老香其葉療風，定其花赤色，花心有紅，東乞俗名芃愁鴈不絨。,[]
Q3_77_1357,葉類槐葉而微小，水不兜其花白色而肩，俗名芃蘭。,[]
Q3_77_1358,格物叢話蘭叢生紫莖赤香聞節綠葉，一幹而一花，幽香清遠。,[]
Q3_77_1359,花間有一滴露珠，謂之蘭膏。,[]
Q3_77_1360,花或白或紫或淺碧，其類頗多：曰素心蘭，曰赤玉蘭，曰荷蘭玉蘭，曰大鳳尾蘭，曰魚遊蘭，曰金枝冊胡蘭，柔塟蘭，曰魚魷蘭，曰燕尾蘭，曰黑蘭。,[]
Q3_77_1361,王王花似小筆簡長寸言羊肩。,[]
Q3_77_1362,群芳譜吉祥草叢生不多，-many 赤無香，吉衣言拘水土石上俱可。,[]
Q3_77_1363,植葉長微靑，花紫蓓結，小紅子然不易開花，可登盆以伴孤石。,[]
Q3_77_1364,靈芳清雅之甚，或雲花開則家有吉慶事。,[]
Q3_77_1365,人以其鷄百叢生，葉長而青，花名佳多喜植之。,[]
Q3_77_1366,省丁色淡紅而有香，壽那俗名芃磊莊，一名珍珠蘭，叢生，花形雞唐膚如鷄腳，色白而香。,[]
Q3_77_1367,明命十七年勒其形于宣鼎。,[]
Q3_77_1368,又一類黃色，月有謹按明命，俗名若鐘山野多有之，聖製詠弔蘭注云：「弔蘭一名風蘭，花酷似蘭葉稍大，生樹上，花常倒垂，類腋群芳譜」。,[]
Q3_77_1369,風蘭産溫台山陰谷中，懸根而生，黃白似蘭而細，不用裁取大窠者，盛以竹藍頭，束以婦人頭髮，懸見天不見日處，朝夕喫以冷茶清水，冬夏長靑，可稱僊草。,[]
Q3_77_1370,一云能催生，將產掛房中最妙。,[]
Q3_77_1371,南方草木狀一名薰草，葉如麻，兩兩相對，意氣如靡蕪，可以止癘。,[]
Q3_77_1372,出南海，今處處有之。,[]
Q3_77_1373,本草李珍曰蕙其類有十數，黃白金紫花即今零陵香也，餘色不一。,[]
Q3_77_1374,本草曰日精曰衣節曰女花曰女塟曰更生曰周盈曰傳延年曰陰成，惟黃菊可八藥，白菊次之，能清心明目，又類野菊名苦蒼苡，味苦不可八藥。,[]
Q3_77_1375,謹按明命聖製詩詠菊題目有曰狀元紅，曰白鶴翎，曰紫荷蓮，曰小金錢，曰醉楊妃，曰勝黃金，曰醉紅粧，曰小金鈴，曰丹鳳臺，曰玉X玲瓏，曰胭脂毬。,[]
Q3_77_1376,秋波白，曰金鑽甲；曰晩煙霞，曰雪獅子；曰黄金塔。,[]
Q3_77_1377,復恭按：,[]
Q3_77_1378,紹治聖製詩，味菊題目有曰：,[]
Q3_77_1379,黃金印，,[]
Q3_77_1380,曰黃羅傘，,[]
Q3_77_1381,曰黃萬卷，,[]
Q3_77_1382,曰黃金塔，,[]
Q3_77_1383,曰大金錢，,[]
Q3_77_1384,曰紫金錠，,[]
Q3_77_1385,曰玉攜龍，,[]
Q3_77_1386,曰慶雲紅，,[]
Q3_77_1387,曰大紅袍，,[]
Q3_77_1388,曰鶴頂紅，,[]
Q3_77_1389,曰紫霞觴，,[]
Q3_77_1390,曰紫蓮臺，,[]
Q3_77_1391,曰一團雪，,[]
Q3_77_1392,曰玉鬼花，,[]
Q3_77_1393,曰雪獅子，,[]
Q3_77_1394,曰粉蛺蝶，,[]
Q3_77_1395,曰金盞銀臺，,[]
Q3_77_1396,曰壽安眞珠，,[]
Q3_77_1397,曰錦心繡口，,[]
Q3_77_1398,曰洋紅麗白，,[]
Q3_77_1399,曰金背紅心，,[]
Q3_77_1400,曰鳳篆壯丹，,[]
Q3_77_1401,曰大紅葆珠，,[]
Q3_77_1402,曰金杯銀盤，,[]
Q3_77_1403,曰添色喜容，,[]
Q3_77_1404,曰鸞交鳳友。,[]
Q3_77_1405,鄭曰：,[]
Q3_77_1406,黃金簪，,[]
Q3_77_1407,曰黃金毬，,[]
Q3_77_1408,曰黃香毬，,[]
Q3_77_1409,曰黃玲瓏，,[]
Q3_77_1410,曰黃鳳尾，,[]
Q3_77_1411,曰金荷花，,[]
Q3_77_1412,曰蛋黃毬，,[]
Q3_77_1413,曰紅早菊，,[]
Q3_77_1414,曰紫牡丹，,[]
Q3_77_1415,曰玉葵龍，,[]
Q3_77_1416,曰玉樓春，,[]
Q3_77_1417,曰玉龍珠，,[]
Q3_77_1418,曰水晶白，,[]
Q3_77_1419,曰鵞兒白，,[]
Q3_77_1420,曰韓金蓮，,[]
Q3_77_1421,曰靑荷蓮，,[]
Q3_77_1422,曰江南藍菊，,[]
Q3_77_1423,曰江南紺菊（救荒本草取塟子氣香而一味甘者，,[]
Q3_77_1424,採葉蝶食，,[]
Q3_77_1425,或作羹；,[]
Q3_77_1426,靑莖而大氣味作蒿苦者，不堪食，名苦意苡，其花亦可牒食，或炒茶，百日俗名芃茭時，花球似金羽）。,[]
Q3_77_1427,季花（曰身菊，,[]
Q3_77_1428,有赤白二類，,[]
Q3_77_1429,無香，,[]
Q3_77_1430,俗名花紅本草，,[]
Q3_77_1431,一名月月紅，,[]
Q3_77_1432,一名勝春，,[]
Q3_77_1433,一名瘦容，,[]
Q3_77_1434,一名闕雪紅，,[]
Q3_77_1435,人家多栽插之，,[]
Q3_77_1436,靑根長蔓硬刺，,[]
Q3_77_1437,花深紅逐月開放，,[]
Q3_77_1438,亦薔薇類也，,[]
Q3_77_1439,主治淫瘡消腫傳毒；,[]
Q3_77_1440,又一類樹似真珠蘭，俗名四季花，葉尖而靑，花五瓣色白而香，玉幸花）謹按：,[]
Q3_77_1441,每月季花一開，亦名月季花，三明命聖製詠玉瓣花詩。,[]
Q3_77_1442,註略雲，出自海外，洋人呼為「凌低蚪花」，五出花，白無香，薄如蟻翼，故名「玉辦」雲。,[]
Q3_77_1443,壽壽花有淡黃數色，土鳥乞有赤白數類。,[]
Q3_77_1444,西市——花辦鮮妍可觀，容齋兮矣。,[]
Q3_77_1445,乞類腋捫虱，新語隨筆。,[]
Q3_77_1446,一名「紅躑躅」，含笑，有大、小二種，務堂堂員號局務務局務務商局員務局後司。,[]
Q3_77_1447,「紫含笑」「茉莉含笑」皆曰西八，稍陰則花開，《藝花譜》：《含笑花》產廣東，花如蘭管，上花蔓生，滿常不滿，若會笑然，隨即凋落，架嬀娜可觀。,[]
Q3_77_1448,《匯苑》：牽牛花，清晨始開，日出者光，《乞謹巳瘁》，花結甚香美而不能留賞。,[]
Q3_77_1449,《才按明命聖製詠黃光花詩》註云，此花乃草類，出自西洋及下洲諸埠，細葉柔枝，似小茴花，最繁辦正黃色而潤，故名「黃光」、「紅暈」無香，花四辰皆有而獨盛於春秋。,[]
Q3_77_1450,凡春開者夏明務創念券務務務務創務局院與濟商創司，,[]
Q3_77_1451,X之秋復開，,[]
Q3_77_1452,《絲珍花紺珠花詩》註略云，,[]
Q3_77_1453,此花直幹細華莖出三葉，,[]
Q3_77_1454,葉兩岐三葉並頭如三蝶同飛舞狀，,[]
Q3_77_1455,花紺色五叢生如串珠，,[]
Q3_77_1456,故名「三蝶繞紺珠花」也。,[]
Q3_77_1457,原出於域嗇夫見山喜花南而異之，齋以獻命栽之上苑。,[]
Q3_77_1458,云草木狀莖葉，即薑也，根不堪食，於葉間吐花作穗如麥粒赤色，煎服之治冷氣甚效，出九眞交趾。,[]
Q3_77_1459,今火星羣芳譜，一名「漢宮秋色」，其處處有之，夏點色深紅八。,[]
Q3_77_1460,月開花，聲價稍重於剪春羅。,[]
Q3_77_1461,當盛夏，巳義星群芳譜，一名「開矣」。,[]
Q3_77_1462,花辦尖直，可愛。,[]
Q3_77_1463,身黑，剪紅羅，苗高尺餘，柔莖綠葉，葉對生。,[]
Q3_77_1464,八夏開，深紅色，羽圭花如錢大，六出週廻，如剪成，亦雅玩也。,[]
Q3_77_1465,才叢生，花色三。,[]
Q3_77_1466,群芳譜，一名「雁來紅」，初本赤，無香。,[]
Q3_77_1467,老二句出如莖，至秋深，腳葉深紫，而頂葉嬌紅。,[]
Q3_77_1468,其純紅者，名「老少年紅」。,[]
Q3_77_1469,紫黃綠相兼者，名「錦西風」（又名「十樣錦」，又名「錦布衲」）。,[]
Q3_77_1470,二類俱壯秋色，藝花譜。,[]
Q3_77_1471,「老少年腳疤子花」，葉紫而頂紅，少年老頂而葉綠，才。,[]
Q3_77_1472,（俗名荒楹）其花六出，本草一名「木丹」，一名「越桃」，佛經名「詹蔔花」，其子能滋陰降火。,[]
Q3_77_1473,山生最勝，原生者劣美，美俗名極芃。,[]
Q3_77_1474,葉似芭蕉，又可染黃，美蒼葉而小。,[]
Q3_77_1475,其花色赤，其花重台，色白，花似絝屋，俗名「横黃玉英」，其香過之，無結子言英。,[]
Q3_77_1476,其葉色黃青相閒，俗名「芃蒙鶻類腋夢花」，傳能治赤眼，完才錄賣雞冠花，謂之「洗手花」。,[]
Q3_77_1477,本草主治腸風，墨支土乎？,[]
Q3_77_1478,俗名花類荼，本辱庸血崩諸症，為木草，一名「鼓子花」，一名「天劍草」，柔枝倚附而生，爛然有雅趣。,[]
Q3_77_1479,花紅色，根無毛節，蒸煑堪啖，味甘美。,[]
Q3_77_1480,詩雲：「我行入市務學行堂務業運衛局院濟務務堂學務司」。,[]
Q3_77_1481,根洗淨蒸食之，或晒乾杵碎炊飯食，亦好。,[]
Q3_77_1482,或磨作面作燒餅，蒸食皆可。,[]
Q3_77_1483,久鳳聲。,[]
Q3_77_1484,乞本草一食則頭暈，破腹閒食則宜有名。,[]
Q3_77_1485,早珠寶（珍珠），一名金鳳花，一名夾竹桃，一名梁指甲草，一名急性子花，皆著枝有紅、白、紫數色。,[]
Q3_77_1486,其子治骨便催生，根治折傷、經閉、救荒本草，一名小桃紅，採苗葉煥熟浸一宿，做菜油鹽詣食。,[]
Q3_77_1487,又一類鳳僊葉上花，即俗名樓浩欄葉，晒乾。,[]
Q3_77_1488,沐髮甚香。,[]
Q3_77_1489,此類花開，葉上羣芳譜所著甚繁，獨此則無也。,[]
Q3_77_1490,詳見《明命本草》，一名紫威蔓生，《聖製詩注》——民品堂堂——務即此花。,[]
Q3_77_1491,史富鄭公圃中凌霽無附而特起，歲久遂成大樹，高數尋，亭亭可愛。,[]
Q3_77_1492,朱弁曰：「是花豈非草木中豪傑者乎？,[]
Q3_77_1493,」所謂不待交至而猶與者也。,[]
Q3_77_1494,墨客揮犀，凌霄金銀有毒，不可近。,[]
Q3_77_1495,有人仰視凌霄花，露滴眼中後，遂失明，又能墮胎。,[]
Q3_77_1496,主治血癥。,[]
Q3_77_1497,酴醾花，類薔薇花譜，酴醾花大朵千葉者。,[]
Q3_77_1498,酴醾花色白，千瓣而香，枝根多刺，詩云：「開到酴醾花事盡，為春盡辰開耳」。,[]
Q3_77_1499,誠齋雜記，范蜀公居許下，於長嘯堂前作酴醾一架，春季花開，宴客其下，有花墮酒中者，飲一大白，微風過則舉坐無遺人，謂之飛英會。,[]
Q3_77_1500,金錢花，群芳譜一名子午花，一名夜落金錢花。,[]
Q3_77_1501,史鄭棨嘗作金錢花詩，未就而睡夢一紅裳女子擲錢與之，曰：「為君潤筆」，及覺，探懷中得花數朵，遂戲呼為潤筆花。,[]
Q3_77_1502,茉莉花、俗名末利，本草一名柰花，色白夜開香，一名没利，一名木馣馥郁。,[]
Q3_77_1503,群芳譜一名抹厲，南人憐其芳秀，競植之。,[]
Q3_77_1504,女子以絲穿花心為首飾。,[]
Q3_77_1505,明命十七年勒其形於章鼎素馨花，群芳譜一名那悉，茗一名野悉密，花來自西域，枝幹裊娜似茉莉而小。,[]
Q3_77_1506,廣東新語，當宴會酒酣，出素馨球以獻客，聞寒香而沉醉以醒。,[]
Q3_77_1507,掛帳中，雖盛夏能除炎熱，枕簟生涼。,[]
Q3_77_1508,諺曰：「素馨碎暑」。,[]
Q3_77_1509,石竹、一名錦絨。,[]
Q3_77_1510,花譜石竹草品莖葉纖細而青翠，花有五色，單瓣千葉，又有剪絨嬌艷奪目，妍媚動人。,[]
Q3_77_1511,一雲千瓣者名洛陽花。,[]
Q3_77_1512,本草一名絨葵，一名吳葵，又一名綿竹。,[]
Q3_77_1513,蜀葵，花黃色大朵，子可食能催生治諸惡瘡，皮可作繩索類掖草花譜。,[]
Q3_77_1514,絨葵出自西蜀，花有五六十類，奇態百出，而色有紅紫白黑，紫深淺桃紅茄紫，數色相間，五月繁花莫過於此，又名一丈紅。,[]
Q3_77_1515,明命十七年勒其形於三卷乞羣芳譜，一名白萼，一名白鶴純鼎三卷，僊一名季女花，白花六出，形肖白玉搔頭簪燕旨之，俗名荒粉。,[]
Q3_77_1516,本草一名葉解蛇虺毒，用月煙赦花赤子有粉，其花治痘毒赤眼及小兒停耳，浸汁滴之。,[]
Q3_77_1517,類腋草花譜。,[]
Q3_77_1518,紫茉莉，一名臟脂花，可以點唇，子有粉可以傅面，又火類腋羣芳。,[]
Q3_77_1519,譜註本草作有黃白二色，禾多黃，蜀葵與蜀葵別類，非蜀葵中黃者也。,[]
Q3_77_1520,葉如芙蓉，有五尖，如人爪形，狹而多缺，一名側金盃。,[]
Q3_77_1521,性能何時？,[]
Q3_77_1522,又一名忠客子，能匕本草。,[]
Q3_77_1523,葉類茗花，有紅白數色。,[]
Q3_77_1524,行創行有務理行務學，有務類十月開至十二月，就中葆珠爲佳。,[]
Q3_77_1525,又茶梅開十一月，正諸花彫謝之候，花如鵝眼錢，而色粉紅，心黃，開工龍高濂《藝花譜》。,[]
Q3_77_1526,花單且耐久，望之雅素，為晨老辦飛舞，儼如蝶翅扇動作千態，草花中之妙品也。,[]
Q3_77_1527,農圃麗（K）、春一名虞美人，又名滿園春，又名百般嬌。,[]
Q3_77_1528,惡本草一名金盞銀臺，其根似蒜，宜卑濕處，不可缺水，故名水僊。,[]
Q3_77_1529,其花瑩韻清幽，單辦者名水僊，千辦者名玉玲瓏。,[]
Q3_77_1530,根治癰文貞花腫及魚骨硬，花作香澤理髮去風氣，俗名芃虎。,[]
Q3_77_1531,動則葉羊紫亥類出西洋，其葉（X）掩，一名知羞草也。,[]
Q3_77_1532,注：芳夢五枝花，五辦而紅色，無香，冬春奇。,[]
Q3_77_1533,原名滿天星，明命初盛開燦爛可觀，清天雲改今名。,[]
Q3_77_1534,枝葉似枸杞花，白三金七草似酸将酉草，金篆乞樹如脏脂三和三N十雙生花紫色，長尺許，花有黃赤數色，形如金檐。,[]
Q3_77_1535,金艮參，它謹按紹治，故名子如芥子，有毒。,[]
Q3_77_1536,聖製詩集詠金銀簪花，註：花出西洋，有二類，一黃一。,[]
Q3_77_1537,白五出如玉簪花，仍直莖長，葉大，朶異香，春榮豔，秋又芬芳，更勝於玉簪十倍，令人可玩可佩，故有是名。,[]
Q3_77_1538,究於羣芳譜中，似未有也。,[]
Q3_77_1539,表三方俗名芃李，又名千里花。,[]
Q3_77_1540,嘉定通志：「一市衛堂市員堂院，蓋花開香甚烈，人多結竹為亭，坐卧其下，為一清暑會」。,[]
Q3_77_1541,廣東志：雷瓊二州有綠萊莉，本如蒼蘿，有黃茉莉，俗名花黃樹。,[]
Q3_77_1542,節如蒲葵，葉如蔥，名黃馨。,[]
Q3_77_1543,支百眼梨，葉有刺，花房繡白藍，有黃粉，香甚濃，置衣囊申經日香不歇。,[]
Q3_77_1544,又一類名香茭，俗名蘋蒼，葉青而無刺，煎八米同煮，夾葉匕，俗名芃禮。,[]
Q3_77_1545,枯其花窮未花藝，花甚香，蟲蟲如蛺蝶形，故名有交。,[]
Q3_77_1546,二譜有二類，一名十姊妹，一名七姊妹，花有龍乞，本紅白淡紫數色，體態與薔薇相類。,[]
Q3_77_1547,草譜一名芙蕖，其花曰齒蒼乞，有赤白二類，有紅白數色，白者為貴之變。,[]
Q3_77_1548,本草一名将离，叢生莖有刺，花容綽約，可兆。,[]
Q3_77_1549,其花春開，愛詩雲贈之以芍藥，即此本。,[]
Q3_77_1550,不有鮮紅雪白數色，敏繁盛，可羊胡業出自西洋，柔莖葉微觀，詳見果類註。,[]
Q3_77_1551,注：蟲蟲長而靑，花色白無香，其花晝開暮閉，俗名芃碧。,[]
Q3_77_1552,蔓生緣衣捲，香甚濃，王于垣籬間，其花碧色，自白梅以下九七十八類諸省有之，明號古龍，俗名果橛，有大小二類，本草一。,[]
Q3_77_1553,名香蓋者，明命初賜名為檬樹，極大，葉如茶葉而厚，嫩葉可食，味酢，果大如杯盞，稍長而微扁。,[]
Q3_77_1554,五月熟，肉脆鮮黃，味極甘香，誠南方之珍品也。,[]
Q3_77_1555,黎貴惇芸臺類語，俗雲菴蘿盛則五穀少收，菴蘿衰則五穀大熟，應候有驗。,[]
Q3_77_1556,明命十七年勒支俗名果飾，本草一，名丹。,[]
Q3_77_1557,其形於章鼎力未荔類，腋白居日易為枝圖序殼如紅絹，膜如紫綃，瓤肉瑩白如冰雪，漿液甘酸如醴酪，若離本枝，一日而色變，二日而香變，三日而味變，能調氣通言。,[]
Q3_77_1558,艮俗名果神，明命十七年勒其形於玄鼎音耳眼，本草一名圓眼，一名荔枝奴（荔枝纔過龍眼即熟，故名果如荔枝而小圓如彈）。,[]
Q3_77_1559,凡味甘，能鎮驚強記。,[]
Q3_77_1560,明命十七年才其類甚多，人家園圃多勒其形於宣鼎木植之，惟飴柑味最甘香，北圻為多，歲充御貢，本草一名未奴（未霜酸，霜後甘，故名柑）。,[]
Q3_77_1561,藏器云：柑有朱柑、黃柑、乳柑、沙指，就中以乳柑為上也。,[]
Q3_77_1562,黎貴惇芸臺類語曰：,[]
Q3_77_1563,蓮柑曰乳柑，皮縲砢，味最甘，曰橙柑，皮薄而膩，味帶酸而甘，曰蜜羅柑，皮厚味甘，曰紙柑（即金橘），皮厚紅色可愛，味酸，曰洞庭三十果，最大，厚味至甘。,[]
Q3_77_1564,歐公歸田錄欲留金橘於綠豆中藏之，經辰不變，橘性熱，豆性寒，故能久。,[]
Q3_77_1565,其皮能利腸通胃，農。,[]
Q3_77_1566,政治全書允橘柚橙柑之類忌豬糞，惟茅灰及羊糞擁培之，多生寔，日俗名果擺。,[]
Q3_77_1567,有二類：大者俗曰斗柚，即權木艸，肉色赤而酸；其次曰擺，味甘。,[]
Q3_77_1568,本草一名虚柑，一名朱欒，能除心痛，停食。,[]
Q3_77_1569,又一类青柚，果小于柚，尻尖，熟色黄，味甘香，蓋柚類也。,[]
Q3_77_1570,其果似柚而甘香勝之，昏緣俗名果青月茶，晒乾愈甘，亦佳果也。,[]
Q3_77_1571,術月燕本草一名拘綠木，似朱欒，近水乃生寔，大如盞，肉厚色白，味辛而香烈，置衣笥中數日香不歇，其葉亦香。,[]
Q3_77_1572,南方草木狀形如弗手敘，原名瓜皮似證而金色，味極芳香，才相明命賜今名，以其性辛辣也。,[]
Q3_77_1573,芸海洞酌，一名飛讓。,[]
Q3_77_1574,其類有單台、重臺之別，寔狀如人手有指，故名佛手。,[]
Q3_77_1575,其葉似拘機，亦香，惟辛翔過之，置之几案供可玩賞。,[]
Q3_77_1576,安芋片于篇上讀，以濕紙經久不枯，或搗蒜菴于蒂上，香更充溢。,[]
Q3_77_1577,主治氣逆腹疼，其皮點茶甚香，其果蜜煎甚有。,[]
Q3_77_1578,本草，黃橘為橘之上品也，朱橘、乳橘、沙橘皆佳，未橘為之下品也。,[]
Q3_77_1579,俗傳橘下埋鼠則結寔加倍，其皮能留，有赤白二類。,[]
Q3_77_1580,本草一名安石櫓，寬中下氣，相一名金罌。,[]
Q3_77_1581,博物志漢張騫得之塗林安石國以歸，故名安石耦。,[]
Q3_77_1582,筆衡五代吳越錢鏐改榴爲金罌，能潤喉燥，根能殺蟲救荒。,[]
Q3_77_1583,本草採嫩葉爍熟油鹽調食，稱果。,[]
Q3_77_1584,熟辰澄摘取食之，不可多食，損人肺及損齒，令黑。,[]
Q3_77_1585,與司務號務有一員，業務學司業，學司以筆鮮，可以和葅醢，可以爲醬，壅可以密煎爲燈。,[]
Q3_77_1586,丁嗅之則香，食之則美，誠佳。,[]
Q3_77_1587,嬰兆本草果也能消痰止嘔，俗傳根能止咳，一名一會桃樹，不甚高。,[]
Q3_77_1588,春初開白花，繁英如雪，詩雲：「桃之夭夭，天下之大，即此先百果熟，故古人貴之，謂之器桃」。,[]
Q3_77_1589,禮月令伸春月，桃始花，是也。,[]
Q3_77_1590,救荒本草采嫩葉，煤熟水浸作成黃色，熟水淘淨沼鹽調食。,[]
Q3_77_1591,桃寔軟熟，辰摘取食之，其結便未熟，赤辰亦可貴食，或切作片晰乾糝收藏，備用。,[]
Q3_77_1592,答名桃坦謹按明命聖赤絲耕絲桃詩註略云：「此桃身低，葉光綠而厚，宗三向異，思化則無此產也」。,[]
Q3_77_1593,明扁兆俗名果根二，命十七年勒其形于純鼎，有木月開花叢生黃色，結寔五月熟，味甘而酢嘉定通羊桃，俗志曰山権其葉嫩味酢，亦可生食。,[]
Q3_77_1594,果喫本草，一名陽桃，其果五稜作劍斧形，又名五廉子，南方草水狀，云南人呼廉爲劍，又名五蕨蜜煎爲果詩。,[]
Q3_77_1595,本草一名王乳，一云隰有長楚，卽此為名蜜父樹高一三夫二月開白花如雪，六出上已無風則結子必佳。,[]
Q3_77_1596,救荒本草其梨果結便未熟，辰摘取煑食，巳經霜熟摘取生食，或蒸食亦佳，或削其皮晒作梨糝收而。,[]
Q3_77_1597,備用亦可。,[]
Q3_77_1598,謹按：明命聖製《家梨花詩》注雲，本朝高平產梨，其實甚大，北朝無比，而甘芬則遜天津雪梨。,[]
Q3_77_1599,年前命設法釋梨妙品，自清國移回栽諸宮家，梁俗名“果桃”。,[]
Q3_77_1600,殿近巳結實，其味甚好。,[]
Q3_77_1601,雲刷又名“果存三”，尊樹高丈餘，葉厚微長。,[]
Q3_77_1602,花開有絨，結實可食。,[]
Q3_77_1603,本草曰：“棠梨其實大似杏，酢可食。,[]
Q3_77_1604,”爾雅翼曰：“燧蘿”詩云：“濕弗頁”。,[]
Q3_77_1605,嘉定通志俗名“果伴”，有樹撻即此豆乘求，又一名“繡球子”。,[]
Q3_77_1606,是嘉定通志俗名“果幔”，鹽鐵論云：“桃李布俗，李實多者來歲為之穰。,[]
Q3_77_1607,”本草曰：“根治瘡，皮治齒痛，救荒。,[]
Q3_77_1608,”本草摘李實色熟者食之，百粟不可臨水上食，亦不可和蜜食損五臟，俗名“果油”。,[]
Q3_77_1609,莱木高四五丈與度子，俗名“果租苞”，生多刺，熟則苞衣子出。,[]
Q3_77_1610,月本草一名“無花果”，可生食，伴豬肉煮食亦佳。,[]
Q3_77_1611,其木質堅韌可作碁枰。,[]
Q3_77_1612,一類洋無花果出西洋，葉似石栗，無花結子，生青熟白，性微澀味少甘。,[]
Q3_77_1613,詳憂見明命聖製《詠洋無花果詩》注雲：,[]
Q3_77_1614,“子本朝俗名‘果充’，亦無花果也，偶有花即為瑞，世尊初年有優曇開花之瑞，即此果可產子，俗名‘果生食救荒’，本草，歲饑採果食之。,[]
Q3_77_1615,"”

（注意：原文中存在一些可能的拼写错误或者不规范的地方，在保持原意的前提下进行了适当的调整以符合现代汉语的标准表达方式。",[]
Q3_77_1616,）著實五月熟，色黃，鹽藏之，味酸如白梅，能治腰痛。,[]
Q3_77_1617,及自瓜（俗名果），殊覺又一名乳婦人血症，不刀瓜生熟俱可食，味甘淡。,[]
Q3_77_1618,市院安房員局房明創，府務號務路創務趙，或油鹽調食，可以救饑。,[]
Q3_77_1619,又一種洋木瓜，出自西洋，樹高丈餘，葉嫩綠，俗名果發實，其實上瘦下豎，味甘美。,[]
Q3_77_1620,臣蕉大如犢角，味甘香。,[]
Q3_77_1621,《埤雅》芭蕉不落葉，一葉舒一葉焦，故謂之蕉芸，《台類語》交州芭蕉有數類：,[]
Q3_77_1622,曰矮蕉，,[]
Q3_77_1623,實衛房員局員房務員局局員局員質務質司理豐長，,[]
Q3_77_1624,味全甘，,[]
Q3_77_1625,曰佛蕉，,[]
Q3_77_1626,實大皮黃最甘，,[]
Q3_77_1627,曰葉蕉，,[]
Q3_77_1628,實大皮黃味稍甘，,[]
Q3_77_1629,曰烏觜蕉，,[]
Q3_77_1630,其實如葉蕉而長微酸，,[]
Q3_77_1631,曰木葉蕉，,[]
Q3_77_1632,實小皮淡肉黃脆最甘，,[]
Q3_77_1633,曰貓耳蕉，,[]
Q3_77_1634,實小而長皮赤味薄，,[]
Q3_77_1635,曰紇蕉，,[]
Q3_77_1636,實粗大皮帶靑黃肉多核最甘，,[]
Q3_77_1637,曰小蕉，,[]
Q3_77_1638,樹卑而小鮮實。,[]
Q3_77_1639,蕉類甚多，惟榔蕉自南圻載來植者，皮薄而甘香為勝。,[]
Q3_77_1640,《本草雲》，其莖如絲可紡績為絺，俗謂之焦葛，其葉可作苞直根合肉煑亦佳，又荒年可以濟饑為用甚溥。,[]
Q3_77_1641,江明命年閒，有人自下州來獻植之上者，苑洋人名触藏度，即牛角大蕉也。,[]
Q3_77_1642,退員俗名果盆軍樹多刺，實如小彈，凡紫黑褐色，味甘。,[]
Q3_77_1643,相传昔人軍行絕糧，饑甚，遇之而食，遂以濟饑，故名。,[]
Q3_77_1644,或以為市俗名果柿，樹大如檬山查，其說謬矣。,[]
Q3_77_1645,不木木實。,[]
Q3_77_1646,黄 色 甘 香 可 食 ， 木 質 坚 淨 可 作 書 板 。,[]
Q3_77_1647,本 草 一 名 火 珠 柿 ， 农 政 全 书 尔 雅 翼 柿 有 七 绝 ：,[]
Q3_77_1648,一 寿 ，,[]
Q3_77_1649,二 多 阴 ，,[]
Q3_77_1650,三 无 鸟 巢 ，,[]
Q3_77_1651,四 无 虫 蠹 ，,[]
Q3_77_1652,五 霜 叶 可 玩 ，,[]
Q3_77_1653,六 佳 臆 言 俗 名 果 寒 ，,[]
Q3_77_1654,七 落 叶 肥 大 可 临 书 。,[]
Q3_77_1655,木 木 惟 实 可 啖 ， 七 落 叶 肥 大 可 临 书 。,[]
Q3_77_1656,木 木 小叢 生 而 卑 故 谓 之 椻 ， 实 紫 黑 色 甘 而 多 細 核 ， 可 生 食 不 可 为 干 。,[]
Q3_77_1657,根 皮 汁 可 梁 层 扇 各 物 ，,[]
Q3_77_1658,曲 溧 旧 闻 ，,[]
Q3_77_1659,东 坡 至 儋 耳 见 野 花 夹 道 如 芍 药 而 小 红 鲜 可愛 ，,[]
Q3_77_1660,拓 嫩叢 生 ，,[]
Q3_77_1661,土 人 云 倒 黏 子 花 也 ，,[]
Q3_77_1662,结实如马乳烂紫可食 ，,[]
Q3_77_1663,味甘美 ，,[]
Q3_77_1664,亦 此 类 。,[]
Q3_77_1665,苏 颂 图经 一 类 小 柿 谓 软 棠 枣 ， 俗 呼 牛尔柿李珍 曰 小 并閭 子 ， 俗 名 果 沐 。,[]
Q3_77_1666,木 小 圆 如 指 头 ， 名 丁香柿 。,[]
Q3_77_1667,木 木 二 如 野 牡丹树叶香可代茶 ， 子 生 赤 熟 黑 ， 味 皆 微 涩 。,[]
Q3_77_1668,匕 市 俗 名 食 之 口 黑 ， 与 笫 栏 木 名 同 而 物 异 。,[]
Q3_77_1669,木 林 红 实 大 如山分極多，本草一名枯榔木，一名鐵木。,[]
Q3_77_1670,李珍曰：「郭義恭《廣州志》云，木大者四五圍，高六七丈，擬直無旁枝，頂生葉數十，似櫚葉。,[]
Q3_77_1671,其木堅，斫八數寸得粉，赤黄色可食。,[]
Q3_77_1672,」又顧玠《海槎錄》云：「木有節如大竹，樹杪挺出數枝，開花成穗，绿色結子如青珠，每條不下百顆，一樹近百餘條，團團懸掛若傘，極可愛。,[]
Q3_77_1673,其水最重，色類花梨而多紋，番舶用代鐵鎗鋒，錯甚利。,[]
Q3_77_1674,其皮至柔堅勒，可以作綆。,[]
Q3_77_1675,又有類沙孤樹，俗名棧桲杉花木考山野有一等樹名為沙孤樹，人將此樹皮如中國葛根搗浸澄濾取粉作飯如綠豆大，曬乾而賣，名沙孤米。,[]
Q3_77_1676,出蒲喇加國，商舶常載來本國貨易。,[]
Q3_77_1677,人反覽俗名果裴，又名果糝。,[]
Q3_77_1678,其性先多買食之，相木苦後甘。,[]
Q3_77_1679,本草名忠果，有名謀果，樹高不可梯緣熟，辰根下以釘釘之，或納路務務務務有務司員務局與務有脂膏如桃膠，謂之橫糖。,[]
Q3_77_1680,用鳥敢覽樹大而一泥船隙，其果能解一切魚毒。,[]
Q3_77_1681,木才果多時一澁，用溫水浸乃可食。,[]
Q3_77_1682,破核賔郎俗名果棹，本取仁尤香美，能生津開胃。,[]
Q3_77_1683,草一名賔門，一名仁頻，一名洗瘴丹。,[]
Q3_77_1684,賔與郎皆貴客之稱，客至先設蓋取諸此，能下氣消水道。,[]
Q3_77_1685,諺云：「前年鄉價賤，後年穀價貴，」頗有驗。,[]
Q3_77_1686,山賔郎俗名云明命十七年勒其。,[]
Q3_77_1687,形于英鼎卜，,[]
Q3_77_1688,才才柱杨，,[]
Q3_77_1689,一本草竺法真罗浮山疏，,[]
Q3_77_1690,一名纳子生日南干，,[]
Q3_77_1691,似蔗叶似柞，,[]
Q3_77_1692,一藏十余干，,[]
Q3_77_1693,每干生十房，,[]
Q3_77_1694,房数百子，,[]
Q3_77_1695,子长寸余，,[]
Q3_77_1696,五月采，,[]
Q3_77_1697,味近三郎俗名果深运间富禄县山极多树如龙眼树，,[]
Q3_77_1698,叶大如波罗蜜叶，,[]
Q3_77_1699,五月开花结子，,[]
Q3_77_1700,九十月熟，,[]
Q3_77_1701,岁饥人采之贵木高数大，,[]
Q3_77_1702,花如白梅花，,[]
Q3_77_1703,似前为果，,[]
Q3_77_1704,果需味带酸甘，,[]
Q3_77_1705,此类出大宛津液奇胜，,[]
Q3_77_1706,西域人酿为酒名葡萄酒，,[]
Q3_77_1707,救荒本草葡萄为果，,[]
Q3_77_1708,食之熟辰取汁乃俗名果楼检南方草木状柳树，,[]
Q3_77_1709,酿酒饮相子叶如槟榔，,[]
Q3_77_1710,高六七丈无条实大如冬瓜，,[]
Q3_77_1711,外有粗皮，,[]
Q3_77_1712,次有壳圆而且坚内有白肤厚半寸，,[]
Q3_77_1713,味似核桃而极肥美，,[]
Q3_77_1714,有酱饮之得醉，,[]
Q3_77_1715,本草一名余胥能去风疾气，,[]
Q3_77_1716,河梁劾俗名诸省有之，,[]
Q3_77_1717,惟平定以南为多。,[]
Q3_77_1718,果董南方草木状木似水花白子如檄揽六棱皮肉相着可作饮变白发髭令黑，,[]
Q3_77_1719,山九真今处处文星苍，,[]
Q3_77_1720,俗名果机，,[]
Q3_77_1721,本草一名曩加结味一有之以香甘核可蒸食能益气祛烦，,[]
Q3_77_1722,有乾湿二类，,[]
Q3_77_1723,其材为栋梁之用诸省皆有之，,[]
Q3_77_1724,而父安以南近山者为多。,[]
Q3_77_1725,明命十七年劝其形于高鼎自卷萝以下四十五类，或从本草或因俗名，就中雪梨一类民闲罕有，余四十四类诸省。,[]
Q3_77_1726,夫谨按明命圣。,[]
Q3_77_1727,製詠靑皆有之，珠子詩註：俗語名「尋喚」，樹高丈餘，皮白皺紋，葉初生時深紫，大則變綠而尖。,[]
Q3_77_1728,一長光潤，子懸綴盈枝，極其繁盛。,[]
Q3_77_1729,自生至熟，仍青色，故命是名。,[]
Q3_77_1730,「殊酸」可以斧辰（俗名「果柩」），一調美，猶兆地之用梅也。,[]
Q3_77_1731,為形似栢，清人呼子實為「房柳」與民市適念（房）為馬吃，果上有多蒂，厚皮果尻有青紋如迴文形，絳色，味甘香。,[]
Q3_77_1732,產出南折，明命聖朝載回移植，每多俗名「果榆奔」。,[]
Q3_77_1733,樹高數丈許，春開山陵初賜今名「目玉花」，秋熟果皮堅色赤，味甘香。,[]
Q3_77_1734,產出廣南，明命聖朝移回植召易支，俗名「於山陵諸所」始賜今名。,[]
Q3_77_1735,音募才果針樹，明命初奉賜今名，本草一名「韶子」，夏熟色赤如粟，有軟棘刺。,[]
Q3_77_1736,按裴淵《廣州志》：韶子赤色大如栗，有軟棘，破其皮內有如召二俗一「豬肪」味甘酸，核如荔枝。,[]
Q3_77_1737,月音二名「果欄」，皮堅色赤，味甘淡。,[]
Q3_77_1738,本草范成大《虞目衡志》雲：藤韶子秋熟大如鳧卵，柿也。,[]
Q3_77_1739,山音「X子」俗名「果祝旄」，多生山野，果大如山桑椹，肉二核相連，味甘熟，辰人採連肉核食之。,[]
Q3_77_1740,本草韶子夏熟色紅，肉如荔枝。,[]
Q3_77_1741,范成大《虞衡志》廣南有山山奈子「捺樹」大如俗名「果機」，月二須其材寸土可充樑棟之用。,[]
Q3_77_1742,波羅蜜果有軟刺，味亦甘美。,[]
Q3_77_1743,山桑椹一類俗公民民局司務宇堂司一員谷。,[]
Q3_77_1744,名袖坦其時多爾八，俗名果權，味酸如梅，可詞羹。,[]
Q3_77_1745,本草一名兒目斗，不司正，八月以寶憂食之，佳熟色黃，味甘酸。,[]
Q3_77_1746,莎稽子出西洋及下洲諸埠，推宮諸所樹高數丈餘，葉有三尖，果如碗極圓，皮有明命年間有人載回獻之，植于谷名果茫，難於下咽，食巳始覺甘香軟刺味肥甘，但氣臭。,[]
Q3_77_1747,初食畢，澄茄七十五桑本草一大南一統志卷三匕長古子李參曰：蔓生，春開白花，夏結黑世市電里—品，與房局務別局房濟念房質行司陰者為澄茄，向陽者為胡椒，一物而二名。,[]
Q3_77_1748,七木三人號叔蒲考椒，生白花，子儼禿筆頭，味辣，色赤。,[]
Q3_77_1749,生是大者名檄詩唐風椒耶，且自此七谷名紇眞，其子與胡椒相似，但明子力日大，章所謂臭椒是也。,[]
Q3_77_1750,有赤白二類，一其救者白色，相傳能治浮腫，根治喉痺，救荒本草採嫩葉爍熟換水浸淘淨油鹽語食，有示白二須白曰荻蔗，俗名樣拌，宜植于園囿。,[]
Q3_77_1751,荻蔗可作沙糟，崑崙蔗止可生啖者，能消痰和脾胃，又一類名西洋甘蔗，幹葉皆紫色，味甘，俗名紇蓮。,[]
Q3_77_1752,本草云其寔八水能療咳嗽，道于必沉八鹵必浮煑鹽人用以試蘊蓮浮乃可用，又磨麵作餅及蜜煎為果尤佳，能益氣解熱，其根曰藕。,[]
Q3_77_1753,救荒本草採藕蝶熟食皆可。,[]
Q3_77_1754,蓮子熟食或生食亦可，又可代糧。,[]
Q3_77_1755,僊家貯石蓮子，乾藕經千年者，食之至刻。,[]
Q3_77_1756,又以蓮子磨為面，或屑為米（如粟），煮葬寔俗，員民民行學，學機行學，學員與學司務，司果拗花開常背日，故性寒。,[]
Q3_77_1757,本草一名芰，一名一水栗，一名沙角，野人採乾為糧，能安中補脾。,[]
Q3_77_1758,一救荒本草採菱角鮮大者，去殼生食，殼老及雜小者煑熟食，或曬其實，火燔以爲米，充糧。,[]
Q3_77_1759,作粉極白潤，宜人服食。,[]
Q3_77_1760,家蒸曝蜜和餌，斷穀長生。,[]
Q3_77_1761,又云多食臟冷損陽氣，痿脛腹脹滿，煥薑酒飲或含吳萸嚥津液之。,[]
Q3_77_1762,筆俗名果銳花，即消。,[]
Q3_77_1763,又菱科夏秋採熟食，開常向日，故性暖。,[]
Q3_77_1764,本草一名雞頭，一名雁喙，採子作粉可一代糧，嫩莟可作蔬茹，能滋腎益氣。,[]
Q3_77_1765,一救荒本草採嫩根莖，蝶食熟，辰採實剝取蒸爍作箭者一可食，多食不益脾胃氣，兼難消化，生食動風。,[]
Q3_77_1766,辰俗名矩難，本草一名鳥芋，一名地栗，根弱嘉黑如指大，皮厚有毛，味甘可生食。,[]
Q3_77_1767,一救荒本草採根煑熟食，製作粉食之。,[]
Q3_77_1768,水紫古俗名市帶房，,[]
Q3_77_1769,司司管司務，,[]
Q3_77_1770,學房司司務號員房，,[]
Q3_77_1771,司貿菰本草，,[]
Q3_77_1772,一名藉姑，,[]
Q3_77_1773,一名河鳧芘，,[]
Q3_77_1774,一名白地栗，,[]
Q3_77_1775,一名燕尾草，,[]
Q3_77_1776,生淺水中，,[]
Q3_77_1777,三月初生苗，,[]
Q3_77_1778,青莖中創創務務與商業員務務務院務司堂房局員房務創堂務務局堂務園。,[]
Q3_77_1779,堂務務業房司業務衛員黨務房務務局業有房務務園有油鹽調食自靑珠子以下凡十九類諸省皆之大南一統志卷三七十七承天,[]
