id,sentence
q01_page_21-0001,ĐẠI NAM NHẤT THỐNG CHÍ
q01_page_21-0002,QUYỀN NHẤT
q01_page_21-0003,KINH-SƯ
q01_page_21-0004,"Kinh-sư thống hội cả núi biển, ở giữa bắc nam, khí hậu hòa bình, núi sông tốt đẹp; đường biển có tấn Thuận-an, tấn Tư-hiền làm nơi hiểm yếu; đường bộ có ải Quảng-Bình, ải Vân-quan làm cho cách trở; sông lớn bao la ở trước, núi cao hộ vệ ở sau, ba nguồn Bồ-trạch quanh chảy 2 bên, đầm Tam-giang, đầm Thanh-lam đầm Hà-trung làm then khóa cửa ngõ."
q01_page_21-0005,"Địa thế hùng tráng như rồng lượn quanh co, hổ ngồi chĩnh chệ, thật là bụng rốn của trời đất thượng-đô của Đế vương vậy."
q01_page_21-0006,"An-Nam ta từ đời Trần dựng nước đặt làm Thuận-hóa, đời Lê đặt làm Thuận-hóa-thừa-tuyên đều xưng làm trọng trấn."
q01_page_21-0007,"Bản triều Thái-Tổ Gia-Dụ Hoàng-Đế được mạng trời quyến cố, dựng cơ nghiệp miền-nam, ban đầu đóng dinh ở xã Ái-tử, sau dời qua xã Trà-bát (thuộc huyện Đăng-xương Quảng-Trị lại dời qua phía đông xã Ái tử gọi là Cát-dinh)."
q01_page_21-0008,Hy-Tông Hiếu-Văn Hoàng-Đế lại từ Cát-dinh dời qua xã Phước-an thuộc huyện Quảng Điền.
q01_page_21-0009,Thần-Tông Hiếu-Chiêu Hoàng-Đế lấy xã Kim-long là chỗ có hình thế lại dời qua đó.
q01_page_21-0010,Anh-Tông Hiếu-nghĩa Hoàng-Đế lại dời qua Phú-Xuân.
q01_page_21-0011,"Thế-Tông Hiếu-Võ Hoàng-Đế chia đặt cảnh-nội làm 12 dinh, ở Phú-Xuân thì gọi chính-dinh, lại xưng là Đô-thành, cũng đều đất Thuận Hóa cả."
q01_page_22-0001,TỬ-CHÍ
q01_page_22-0002,"Thuận Hóa phía bắc vượt qua Linh-giang, phía nam mở đến Chiêm Thành, Chân-Lạp, liệt thánh truyền nhau hai trăm dư năm."
q01_page_22-0003,"Năm Giáp-Ngọ (1774) đời vua Duệ-Tông Hiếu-Định Hoàng-Đế, người họ Trịnh đến xâm lấn, rồi lại bị Tây-Sơn trộm chiếm trải 30 năm."
q01_page_22-0004,"Thế-Tổ Cao-Hoàng-Đế trung-hưng đánh dẹp, mùa thu năm Mậu tuất thâu phục Gia-Định, mùa hạ năm Tân-dậu (1801) khắc phục cựu-kinh năm Nhâm-tuất (1802) mùa hạ bắt được cả ngụy-đảng ở Bắc Hà gồm có cả nước An-Nam, thống nhất được dư-đồ cương vực phía nam đến Xiêm-Lạp, phía bắc giáp Thanh-Quốc, đông đến biển, tây vượt qua Ai-Lao, noi theo dấu cũ, khai thác rộng thêm định đô ở Phú-Xuân, gọi là Kinh-sư, dựng đô ở giữa nước để cho con đường đi về triều cống cho cân nhau, như nóc nhà ở trên cao mà bốn phía hướng vào, như sao Bắc thần ở một chỗ mà các sao kia chầu về, Quốc-gia chúng ta an ổn như Thái-Sơn bàn thạch ức muôn năm, là gây cơ sở tại đây, tốt đẹp lắm thay! thạnh vượng lắm thay!"
q01_page_23-0001,THÀNH-TRÌ 池
q01_page_23-0002,"Kinh-thành chu vi 2487 trượng 3 thước 6 tấc, cao 1 trượng 5 thước 6 tấc, dày 5 trượng, xây gạch, có 11 cửa, mặt tiền: cửa Thể-nhơn cửa Quảng-đức, cửa Chính-nam, cửa Đông-Nam; phía tả: cửa Chính đông, cửa Đông-bắc, cửa Trấn-bình; phía hữu: cửa Chính-tây, của Tây-nam; phía sau: cửa Chính-bắc, cửa Tây bắc; ngoài thành có hào đều rộng 5 trượng 7 thước, sâu 1 trượng, ngoài cửa thành xây đá làm cầu để đi qua lại trên hào, mặt tiền chỗ chính-trung xây kỳ-đài, ở trên thành cả 4 mặt có xây 24 cái pháo-đài, phía tiền Nam-minh, nam-hưng, nam-chính, nam-xương, nam-thắng, nam-hanh; phía-tả: Đông-thái, đông-phường, đông-gia, đông-phụ, đông vĩnh, đông-bình, phía hữu: Tây-thành, Tây-tuy, Tây-tỉnh, Tây-dực tây-an, tây-trinh; phía hậu: Bắc-định, Bắc-hòa, Bắc-thuận Bắc-trung, Bắc-điện, Bắc-thanh."
q01_page_23-0003,"Và có 455 sở pháo-xưởng canh điểm, 95 phường; sông ngự hà ở phía hậu trong thành có xây 3 cái cầu đá để đi qua: 1) từ đường dài tại cửa Đông-nam đến cửa Chính-bắc gọi là cầu Ngự-hà; 2) từ phía bắc Hoàng-thành đến phía tả cung Khánh-ninh gọi là cầu Khánh-ninh, 3) từ đường dài tại cửa Chính-nam đến cửa Tây-bắc gọi là cầu Vĩnh lợi; 2 cầu gỗ: 1) từ phía trước cửa Kinh-thương đến phía nam Tịch điền gọi là cầu Bác-tế; 2) từ đường phía hữu Hoàng-thành đến phía tả cung Bảo định gọi là Bình-kiều."
q01_page_23-0004,Phía đông phía tây thành diện có xây 2 cống thủy-quan: 1– Đông thành thủy-quan 2– Tây thành thủy-quan.
q01_page_23-0005,Đầu quách phía tây xây cầu đá gọi cầu Hoằng tế; đầu quách phía đông xây cầu gỗ gọi là cầu Hàm-tế.
q01_page_23-0006,"Phía trước thành-ngoại giáp sông Hương-giang có 2 bến đò: 1 – bến ngay cửa Chính-nam, 2-bến ngay cửa Đông-năm."
q01_page_23-0007,"Ba mặt tả, hữu và hậu có đào sông Hộ thành, đều có gác cầu qua sông, ở đầu quách đông nam gọi là cầu Gia-hội, ngoài quách cửa Chính-đông gọi là Đông-gia ngoài quách cửa Đông-bắc gọi là cầu Đông-hội, đầu quách tây-nam gọi là cầu Lợi tế, ngoài quách, cửa Chính-tây gọi cầu Cửu-lợi, ngoài quách cửa Tây-bắc gọi cầu Tịnh-tế, ngoài quách cửa Chính bắc gọi cầu Trường lợi."
q01_page_24-0001,"Góc đông bắc ngoài cửa Trấn-bình lại xây một từng thành lên trên gọi Trấn-bình-đài, chu-vi 246 trượng 7 thước, cao 6 thước 7 tấc dày 3 trượng 5 thước, trên dựng 2 trụ cờ, xây 3 pháo-môn, 1 hỏa dược, hào rộng 7 trượng 5 thước, thông với hào Kinh-thành."
q01_page_24-0002,Cẩn án Kinh-thành năm Gia-long thứ 4 (1805) đắp đất; phía tiền và hữu năm 17 (1818) xây gạch; phía tả và phía hậu năm Minh Mạng thứ 3 (1822) xây gạch.
q01_page_24-0003,"Lại xét thành cũ Phú-Xuân nguyên ở góc đông nam trong Kinh-thành ngày nay, ban đầu Hiếu-Nghĩa Hoàng-Đế dời dựng phủ mới ở đây, lấy núi trước làm án, tức là núi Ngự bình ngày nay, đắp viên tường cất cung thất, đào ao lớn ở trước lấy nước thượng-lưu con sông cho chảy vào phía hữu, lại đắp tháp ở bờ sông để trấn yểm."
q01_page_24-0004,"Đến Hiếu Võ Hoàng-Đế mới dựng đô. ấp gọi là Đô-thành, dựng điện Kim-Hoa, điện Quang-Hoa, Các Diên-Trì, các Triều-dương, điện Quang-văn, đường Tựu-Lạc, đường Chính-quan đường Trung-Hòa, đường Di-nhiên, đường Sướng-xuân, lại dựng đình Thụy-vân, hiên Đồng-Lạc, am Nội Viện, đình Giáng-hương; ở thượng lưu sông Hương-giang, lại dựng phủ Dương-xuân, điện Trường Lạc, hiên Duyệt Võ; ở hậu-uyền có giả sơn, kỳ thạch phương-chiều, khúc-trì, phi-kiều, thủy-tạ 假山, 奇石, 方沼曲池, 飛橋, 水榭, trong ngoài đều có xây tường, tạc hình rồng cọp lân phụng hoa cỏ."
q01_page_24-0005,"Các Triều-Dương ngó xuống dòng sông, qui chế cao rộng."
q01_page_24-0006,"Phía trên dưới Đô-thành có quân-trại quan xá là-liệt như sao dăng ngoài thành thị phố liên lạc, ghe câu chài, thuyền buôn bán qua lại đồng đúc như chỉ dệt, trông thành một chỗ đại đô hội."
q01_page_24-0007,"Đến đời Hiếu-Định Hoàng-Đế năm thứ 10 (1775), họ Trịnh xâm tính, rồi bị Tây-sơn Nguyễn-Nhạc trộm chiếm đô-thành."
q01_page_24-0008,Thế-Tổ Cao-Hoàng-Đế khắc phục cựu-đô nhơn dấu cũ đó mà làm thêm rộng ra.
q01_page_24-0009,"Đến Liệt-thánh (các vị vua sau) kinh-dinh qui chế càng ngày tráng lệ, từ việc sau năm Ất dậu (1885) so sánh với trước lần hơi Xét ngự-hà 御河: đầu niên hiệu Gia-Long đào từ sông Tả hộ thành đến Võ-khổ tức chỉ, gọi là thanh-câu."
q01_page_24_25-0001,Năm Minh Mạng thứ 6 (1835) lại đào từ Võ khố thông đến sông Hữu-hộ thành rồi đặt cho tên hiện nay (Ngự-hà).
q01_page_25-0001,"Cửa Thề nhơn 體仁: niên hiệu Gia-Long đầu gọi cửa Thế-nguyên, năm Minh Mạng thứ 10 (1829) đổi gọi tên hiện nay."
q01_page_25-0002,"Trấn-bình-đài và Trấn-binh-môn 臺, 鎮平門 niên hiệu Gia-Long gọi Thái-bình-đài, Thái-bình-môn, năm Minh Mạng 17 (1836) đổi tên hiện kim, nay làm chỗ cư trú cho quan binh người Pháp."
q01_page_25-0003,"Ngự-hà-kiều 河橋: đầu hiệu Gia-Long gác cây làm cầu, đặt tên là Thanh-câu-kiều, năm Minh Mạng nguyên-niên (1820) xây đá, đổi tên hiện kim, 2 bên xây lan-can, ở trên cầu có cất nhà để tháng nắng hành-giả qua lại cho mát."
q01_page_25-0004,"Khánh Ninh kiều năm Minh-Mạng thứ 2 (1820) xây 2 cầu, đầu cầu phía bắc đều phụng Thánh-chế-văn khắc vào bia dựng đình nơi ấy."
q01_page_25-0005,Vĩnh-lợi kiều 橋 đắp năm Minh Mạng thứ 7 (1826) trong năm Thiệu-Trị cất nhà ngói trên cầu.
q01_page_25-0006,"Đông-Thành thủy-quan 水關 đầu hiệu Gia-Long gác cây làm cầu, tên là cầu Thanh-long 青龍橋, năm Minh Mạng thứ 11 (1830) xây cầu đá, dưới cầu có làm áp-quan (1) trên xây lan can và có xưởng môn đại-bác, nhơn đó đổi tên hiện Tây-thành thủy-quan 水關 Xây năm Minh Mạng thứ 7 (1826), ở dưới cũng xây áp-quan, trên cất xưởng đại bác, đặt tên hiện-kim Gia hội kiều trước tên là An-hội 安會, năm Minh Mạng thứ 18 (1837) đổi tên."
q01_page_25-0007,"Năm Thành-Thái thứ 10 (1898) gác sắt, năm 18 (1906) đổi xây bằng vôi và xi măng Đông-gia-kiều 橋: tên cũ là Đông-ba 東花, năm Minh-Mạng thứ 20 (1839) đổi tên, năm Thành-Thái thứ 4 (1892) gác sắt Đông hội kiều tên cũ là Thanh-tước 青雀 năm Minh-Mạng 19 đổi tên."
q01_page_25-0008,"(1) Áp-quan: xây cái cửa, có tấm ván sập xuống dở lên, khi cần cho ghe thuyền đi qua thì dở lên, rồi sập xuống."
q01_page_26-0001,"Lợi tế-kiều 橋-tên cũ là Bạch hồ 虎 năm Minh-Mạng thứ 2 (1820) đổi tên, năm Thành-Thái thứ 9 (1897) Cửu-lợi-kiều 橋: tên cũ là Bạch-yến 白燕, năm Minh-Mạng thứ 2 (1820) đổi tên là Kim-long 金龍, năm thứ 20 (1839) đổi tên hiện kim Tịnh-tế-kiều 濟橋: tên cũ là Huyền-hạc 玄鶴 năm Minh Mạng thứ 20 đổi tên."
q01_page_26-0002,"Trường lợi kiều tên cũ là Huyền-yến 亥燕, năm Minh-Mạng thứ 21 (1840) đổi tên, năm Thành Thái thứ 10 (1898) gác cầu sắt HOÀNG-THÀNH 皇城 Ở trong Kinh-thành, có cả miếu điện, chu vi 614 trượng 1 thước cao 1 trượng 5 tấc, dài 2 thước 6 tấc, xây gạch, phía nam bắc đều dài 151 trượng, phía đông phía tây đều dài 155 trượng 5 thước, có 4 cửa mặt trước là cửa Ngo-môn, phía tả cửa Hiền-nhơn 顯仁 phía hữu cửa Chương-đức 彰德, mặt sau cửa Hòa bình 和平 Trong cửa ngọ-môn làm điện Thái Hòa 和殿 là chỗ chính điện đại triều."
q01_page_26-0003,"Cất năm Gia-long thứ 3 (1804), năm Thành-Thái thứ 3 (1891) trùng tu, năm 11 (1899) lót nền lại bằng gạch hoa, trước điện làm đơn bệ 丹陛, dưới đơn bệ làm long-tri 龍墀 trước đến ao Thái-dịch 太液池 phía nam phía bắc ao ấy đều dựng long-vân đồng trụ 龍雲銅柱 (trụ đồng chạm, mây) và phường-môn linh tinh 星坊門, trên ao xây cầu ở ngay giữa, phía đông cầu có tả-đãi lậu viện 漏院, phía tây cầu có hữu đãi lậu viện Phía tả cửa Hiền-nhơn làm đài đông-khuyết, phía hữu cửa Chương-đức làm đài tây-khuyết 岡, phía tả cửa Hòa bình làm đài bắc-khuyết."
q01_page_26-0004,"Bốn mặt ngoài thành có hào bao quanh, trước cửa Ngọ-môn gọi là Kim-thủy-tri 水池, có 3 cầu xây đá qua hào."
q01_page_26-0005,"Còn ba cửa kia mỗi cửa đều xây 1 cầu đá Xét Hoàng-thành đầu hiệu Gia-long mặt tiền chỗ Chính-trung làm nam-khuyết-đài, ở trên làm Càn-nguyên điện 乾元殿 bên tả hữu có 2 cửa: Tả-đoan-môn và Hữu-doan-môn 端門右端門."
q01_page_26-0006,"Năm Minh-Mạng 14 (1833) đổi làm 5 cửa: ở giữa làm Ngọ-môn, 2 cửa giáp-môn tả, hữu và 2 cửa Khuyết-môn 門 tả hữu nữa, ở trên xây lầu Ngũ Phụng Tả hữu Đãi-lậu-viện 右待漏院: đầu hiệu Gia-Long phía tả làm Võ-công-Thự 武公署, phía hữu làm Văn-công-thự 文公署 năm Minh Mạng thứ 4 (1823) đổi làm tả hữu triều đường 左右朝堂, năm thứ 14 (1833) đổi lại tên này, nay triệt bỏ."
q01_page_27-0001,"Hòa-bình-môn 平門: Đầu hiệu Gia-Long đặt tên cửa Củng thần 拱辰門, Minh Mạng thứ 2 (1821) đổi làm cửa địa-bình 地平門; năm 14, (1833) đổi tên hiện kim, năm Thành Thái thứ 6 Kim-thuy-trì 池: ngoài Hoàng-thành, đầu hiệu Gia-Long đào 3 mặt tả hữu và hậu, năm Minh Mạng 14 (1833) đào mặt tiền cho nước ao chảy lưu thông."
q01_page_27-0002,"TỬ-CẤM-THÀNH 柴禁城 Ở trong Hoàng-thành là chỗ cung điện, chu vi 306 trượng 12 thước, cao 9 thước 3 tấc, dày 1 thước 8 tấc, mặt trước và mặt sau đều đài 81 trượng, 2 mặt tả, hữu đều dài 72 trượng 6 thước."
q01_page_27-0003,"Vách thành trong ngoài đều tô sắc vàng, có 7 cửa, phía nam gọi Đại cung-môn 門 (treo biển Càn-thành-cung 宮) phía đông: Hưng-khánh-môn 慶門 và Đông-an-môn 門."
q01_page_27-0004,Phía tây: Gia-tường-môn 祥門 và Tây-an-môn 安門.
q01_page_27-0005,"Phía bắc Tường-loan-môn và Nghi-phụng-môn 鳳門, ở trước là Càn-thành-Cung, trước điện Càn thành là điện Cần chánh 勤政殿 làm chánh-điện thường triều vậy."
q01_page_27-0006,"Điện này cất năm Gia-Long thứ 3 (1804), trùng tu năm Thành-Thái 11 (1899), đổi lót gạch hoa trước điện và tả hữu lưỡng-vu."
q01_page_27-0007,Phía đông điện Cần chánh làm điện Văn-minh 文明殿 phía tây làm điện Võ-Hiền 武顯殿.
q01_page_27-0008,Phía đông tả vu điện Cần chánh làm Đông các 東閣.
q01_page_27-0009,Phía nam Đông-các là Tụ khuê thơ.
q01_page_28-0001,"Phía bắc điện Cần-chánh là điện Can-thanh 乾成殿 phía bắc điện Càn-thành là cung Khôn-Thái 宮, phía tây bức tường là cung Gta-Thọ 宮, phía bắc là cung Trường-Ninh 寧宮, qui chế trong điện-đình lệ không dám biên."
q01_page_28-0002,"Cẩn án: Tử-cấm-thành xây đắp năm Gia-Long thứ 3 (1804) gọi tên là Cung-thanh 城, năm Minh-Mạng thứ 3 (1822) đổi tên hiện kim."
q01_page_28-0003,"Chỗ chánh-trung phía trước thành đầu niên hiệu Gia-Long làm điện Thái-Hòa 太和殿, bên tả làm Tả-túc-môn 肅門 bên hữu làm Hữu-túc. môn 門."
q01_page_28-0004,Năm Minh Mạng 14 (1833) dời điện Thái Hòa nhích tới phía nam phải bỏ 2 cửa Tả-túc Hữu-túc lấy chỗ đề cất Đại-cung-môn.
q01_page_28-0005,"Ngoài cửa cung phía đông và phía tây dựng 2 Phường-môn, phía đông gọi là Nhật tinh 日精, phía tây gọi là Nguyệt-anh 月英 (nguyên trước Nguyệt-hoa 月花 năm Thiệu-Trị nguyên niên (1841) đổi làm nguyệt-anh)."
q01_page_28-0006,"Hai cung Càn-thành và Khôn-thái làm khi đầu niên hiệu Gia-Long, trong Đại-nội chưa có tên cung, năm Minh Mạng 14 qui chế đầy đủ mới định lấy các điện từ điện Trung-Hòa 中和殿 tới trước làm cung Càn-thành, các điện từ điện Trung-Hòa lui sau làm cung Khôn Thái."
q01_page_28-0007,"Hai điện Văn minh, Võ-hiền khi đầu niên hiệu Gia-Long làm tả hữu Phương đường 左右方堂, ở tả hữu cung Càn-thành năm Minh Mạng thứ 5 (1824) đổi phía tả gọi Võ-Hiền-điện, phía hữu gọi Văn-minh-điện, năm 14 (1833) lại đổi phía tả gọi làm Văn-minh phía hữu gọi làm Võ Hiền Cung Ninh."
q01_page_28-0008,"Thọ 寧壽宮: khi đầu niên hiệu Gia-Long làm cung Trường-Thọ 壽宮, năm Minh Mạng nguyên niên đổi làm Từ-Thọ 慈壽, đầu năm Tự Đức trùng tu, đổi làm Gia-Thọ 嘉壽 năm Thành-Thái 13 dưng tên hiện kim."
q01_page_28_29-0001,"Cung trường-ninh 寧宮: cất năm Minh Mạng thứ 3 (1822) để làm chỗ để xe và thưởng-tiết ưu-du, năm Thiệu Trị thứ 6 (1846) trùng-tu, lấy nhà trước cung tấn danh làm Ngũ-đại đồng đường 同堂, nhà giữa làm điện Thọ Khương 壽康殿, lầu sau làm lầu Vạn phước 福樓 (lầu Vạn Phước và nhà ngũ đại đồng đường nay đều triệt bỏ)."
q01_page_29-0001,"Phía bắc cung Khôn-Thái có điện Cao-minh trung-chánh 明中正殿, đầu niên hiệu Gia-Long dưng làm cung Khôn nguyên 元, năm Minh-Mạng 14 (1833) đổi tên này."
q01_page_29-0002,"Hiên phía đồng điện Khôn-Thái làm viện Tĩnh-quan 觀院, phía bắc viện có tạ Trừng-quang 光榭 trước giáp nội-ngự hà Ở trung gian cái tả-long trước điện Khôn-Thái làm viện Dưỡng tâm 養心院, phía đông viện này có Thanh hạ-thơ-lâu 樓 phía bắc lầu này làm Đạm-như-tho-xá 如書舍 (Thơ-lâu, Thơ xá triệt bỏ trong niên hiệu Thành Thái)."
q01_page_29-0003,"Ở trung-gian cải hữu-lang trước điện (Khôn-Thái) làm viện Thuân-Huy 順徽院, phía tây viện này lại có viện Đoan Huy 徽院, trùng tu lại trong niên hiệu Thiệu Trị, trong năm Giáp-Thìn (1904) niên hiệu Thành Thái sau khi bị gió bão có sửa Phía đông Thanh-hạ thơ-lâu có điện Hoàng-Phước 皇福 殿 ở tại vườn ngự-viên 御園 trong cửa Hưng-Khánh 興慶門."
q01_page_29-0004,"Chính giữa hồi-lang 迴廊 bẻ góc ra bốn phía vuông vức như hình chữ vạn (卍), bốn góc có 2 cái đường 堂 và 2 cái hiên 軒."
q01_page_29-0005,"Trước điện có đình bát giác, có biển ngạch đề: Nhân-thanh bát biểu 仁聲八表, phía bắc điện có phương đình có biển ngạch đề: Minh-đạt tứ-thông 明達四聰, đều làm năm Thiệu-Trị nguyên niên (1841), triệt bỏ trong niên hiệu Đồng Khoảng giữa tả-lang sau điện Càn-Thành làm điện Quang minh 光明殿, khoảng giữa hữu-lang làm điện Trinh-minh 貞明殿, dựng năm Gia-Long thứ 9 (1810), tùng tu năm Minh Mạng thứ 11 (1830)."
q01_page_29_30-0001,"Lại ở trong vườn điện Càn-Thành về hiên phía đông có điện Minh-Thận 明慎殿 trước điện xây đá làm ao vuông gọi Quang-văn-trì 羌文池, phía tây cái ao có các Tứ-phương-vô-sự 四方無事, phía bắc có lầu Tự cường 樓, phía đông có lầu Nhật-Thành, đều cất năm Thiệu Trị nguyên-niên (1841), đã triệt hạ trong niên hiệu Thành Thái, duy hiện còn lầu Nhật-Thành."
q01_page_30-0001,"(trong lầu ở từng dưới có biển ngang khắc: Minh-kinh-cao-đường 明鏡高堂, do đầu niên hiệu Đồng-Khánh ngự đề) Điện Thiên-Thân 天申殿 ở đông-lang trong của An-Phước 安福 thuộc ngự viên, trước có ao gọi Phước-Hoằng 福泓 trong có núi Tú nhuận 秀潤山 và đình Vọng-Hà 望霞, dựng năm Minh-Mạng thứ 2 (1821), triệt giải năm Thành-Thái Nhân-trí tường 仁智堂 ở phía bắc Ngụ-Hà, đầu niên hiệu Đồng Khánh cải cấu làm Thái-bình-ngự-lãm-thơ-lâu 太平御覽書樓, (hiện hư bỏ chưa tu sửa), Thúy-quang-lâu 翠光 (từng trên thờ Cửu-Thiên, từng dưới thờ các vị Tình quân) Hoằng-An Tự 弘恩寺 (thờ Phật), Oai-linh-tướng-hựu-miếu 感靈相佑廟 (thờ Quan-Công, đều ở phía bắc Ngự-hà, cất trong niên hiệu Thiệu Trị, triệt giải trong niên hiệu Thành-Thái."
q01_page_30-0002,"Miếu Thành-Hoàng 城隍廟, một tòa 2 gian (thờ bản cảnh Thành-Hoàng và Linh-Ứng chư tôn thần) ở phía đông nội Ngự-Hà, giáp với Đông-viên (tường phía đông), triệt giải trong niên Tứ-phương-vô-ngu- đường 四方無虞堂 ở phía tả trong cửa Tường-Loan 翔營門."
q01_page_30-0003,"Bách-vô-dạng-đường 百無恙堂 ở phía hữu trong của Nghi-phụng 儀風門, trong niên hiệu Đồng Khánh, Thành-Thái thủ thứ triệt giải."
q01_page_30-0004,"Xét ở phía bắc điện Cao-minh-trung-chánh có hồi-lang tả hữu nối nhau, trong có ngự lâu gọi Minh-viễn-lâu 明遠樓, phía đông lầu này là Ngự Viên gọi Thiệu-phương-viên 紹芳園, trong vườn có Ngọc-dịch-tri 玉液池, suốt từ đông đến tây vườn này có Ngự-hà nhỏ, từ trong cống nước thành phía tây dẫn nước ở hồ Kim-thủy chảy qua đông bắc đường Nhân-Trí thì có nước ở Phước hoằng hội hiệp lại, rồi quanh qua phía nam phân làm 2 dòng."
q01_page_30-0005,"Một dòng qua cầu Phồ-độ 普渡橋 thông ao Ngọc-Dịch, một dòng qua cầu Thụy-nghê thông đến thủy quan cửa Đông."
q01_page_30-0006,"An 東安門, chỗ thủy. đậu 水竇 và thủy-quan 關 đều dùng lưới sắt chận ngăn lại."
q01_page_31-0001,"Duyệt-thị- đường 闆是堂 ở ngoài tường phía đông điện Quang-minh, ngó về hướng đông, qui chế vuông vức rất cao rộng dựng năm Minh Mạng thứ 7 (1826) phía tiền. tả làm sở Thượng thiện 尚膳, phía hữu làm viện Ngự-y 院, đều ngăn bức tường, đều làm năm Tự Đức thứ 6 (1853), niên hiệu Thành Thái làm thêm nhà cầu và nhà bếp."
q01_page_31-0002,"Phía nam viện Ngự Y cách bức tường có Thị vệ trực-phòng Tiên-trượng-khố 僳仗衛直房 và ty Cần tin 謹信司, Phía đông ty Cần-tin có 庫, dựng trong niên hiệu Thành-Thái."
q01_page_31-0003,"Phòng Cơ khí 機器房 ở ngoài cửa Hưng-Khánh, làm năm Giáp-thìn (1904) niên hiệu Thành Thái, để chứa các hạng Khí-xa."
q01_page_31-0004,"Hậu-phố 後 ở phía bắc Hoàng-thành, giữa xây đình Tử-Thông 四聰, 3 phía: bắc, tả, hữu đều xây thành quanh cao 8 thước."
q01_page_31-0005,"THÁI-MIẾU 太廟 Ở phía tả điện Thái Hòa, trước Triệu-miếu = về hướng nam, dựng năm Gia-Long thứ 3 (1804) trùng tu trong niên hiệu Thành Thái."
q01_page_31-0006,"Qui chế của miếu: Chánh dinh 13 gian, tiền dinh 15 gian, 2 chái đông tây, chung đường mà khác thất, có 9 cái thất đều đặt thần khám."
q01_page_31-0007,Ở giữa thờ Thái-Tổ Gia-Dụ Hoàng-Đế và Hoàng-Hậu.
q01_page_31-0008,Tả hữu đều có 4 cái thất (室): thất tả nhất thờ Hiếu văn Hoàng Đế và Hoàng Hậu.
q01_page_31-0009,Thất hữu-nhất thờ Hiếu-Chiêu-Hoàng-Đế và Hoàng Hậu.
q01_page_31-0010,Thất tả nhị thờ Hiếu-Triết Hoàng Đế và Hoàng Hậu.
q01_page_31-0011,Thất hữu-nhị thờ Hiếu-Nghĩa Hoàng-Đế và Hoàng-Hậu.
q01_page_31-0012,Tả-tam thờ Hiếu-Minh Hoàng-Đế và Hoàng Hậu.
q01_page_31-0013,Hữu-tam thờ Hiếu-Ninh Hoàng-Đế và Hoàng-Hậu.
q01_page_32-0001,Tả-tứ thờ Hiếu Võ Hoàng-Đế và Hoàng-Hậu.
q01_page_32-0002,Hữu tứ thờ Hiếu-Định Hoàng-Đế.
q01_page_32-0003,"Mỗi năm lấy ngày mùng một 4 tháng mạnh (tháng giêng, tháng 4, tháng 7, tháng 10) và ngày 22 tháng quý-đông, (tháng chạp) làm lễ tế hưởng."
q01_page_32-0004,Phía tả Thái-miếu làm điện Long-đức 隆德 (thường năm gặp buổi kỵ án chính-trung thì trần thiết làm lễ ở đây).
q01_page_32-0005,Phía tả trước sân miếu làm điện Chiêu kính 昭敬 (để bị thiết buổi kỵ 4 án bên tả).
q01_page_32-0006,Phía hữu trước sân miếu làm điện Mục-tư 穆田 (để bị thiết buổi kỵ4 án bên hữu) Phía bắc điện Mục tư có phương-đường 方堂 (làm chỗ thờ Thổ công).
q01_page_32-0007,"Phía tả miếu-viên làm cửa Hiền thừa 顯承, phía hữu làm cửa Túc-tướng 肅相."
q01_page_32-0008,"Phía sau có tường ngăn, phía tả làm cửa Nguyên-chỉ 元祉 Phía hữu làm cửa Trường hựu 長祐."
q01_page_32-0009,"Chỗ chính giữa trước sân miếu làm các Tuy-thành 綏成 phía tả và hữu có đoản tường, tường phía tả có cửa Diên-hy 延禧 trên có lầu chuông, tường phía hữu có cửa Quang-hy 光禧 trên có lầu trống, ngoài đoản tường tả hữu có lưỡng vu, đề tòng tự các vị thân huân công thần khi quốc-sơ."
q01_page_32-0010,"Phía nam miếu-viên làm cửa Thái-miếu 太廟, 2 phía tả hữu trước cửa đều đặt một con sư tử bằng đá."
q01_page_32-0011,"Cẩn án Các Tuy-thành nguyên trước là các Mục-thanh 穆清 năm Minh Mạng 11 cải tên, qua niên hiệu Thành Thái triệt bỏ."
q01_page_32-0012,Điện Long-đức nguyên trước là đường Tả-phương 左方.
q01_page_32-0013,"Điện Chiêu kính, điện Mục-tư nguyên làm tả hữu tế sở, năm Minh Mạng 13 (1832) đều đổi tên hiện kim, năm Thành-Thái 12 (1900) Ở phía đông miếu có điện Canh-y 更衣 (thay áo) trong niên hiệu Thành Thái triệt bỏ."
q01_page_33-0001,THẾ-MIẾU 世廟
q01_page_33-0002,"Ở phía hữu điện Thái Hòa 太和, phía trước Hưng-miếu 興廟, ngó về hướng nam dựng năm Minh-Mạng thứ 2 (1821) miếu chế: chính dinh có 9 gian, tiền dinh có 11 giau, 2 chái đông tây, chung một đường mà ngăn riêng từng thất."
q01_page_33-0003,Chỗ chính-trung thờ thần khám Thế-Tổ Cao-Hoàng-Đế và 2 Hoàng Hậu Thừa-Thiên Thuận-Thiên (Thuận-Thiên Hoàng-Hậu xây mặt hướng tây).
q01_page_33-0004,Gian tả nhất thờ Thánh-Tổ Nhân Hoàng-Đế và Hoàng-Hậu.
q01_page_33-0005,Gian hữu nhất thờ Hiến-Tổ Chương Hoàng Đế và Hoàng-Hậu.
q01_page_33-0006,Tả nhị thờ Dực-Tôngg Anh Hoàng-Đế và Hoàng-Hậu.
q01_page_33-0007,"Hữu nhị thờ Giản-Tông Nghị Hoàng-Đế Tả tam thờ Cảnh-Tông Thuần Hoàng-Đế, mỗi năm có 5 lần làm lễ hưởng như ở Thái-miếu."
q01_page_33-0008,Ở Phía đông tây miếu đều dựng phương-đường (nhà vuông).
q01_page_33-0009,"Phía đông có điện Canh-y (nay triệt), phía tây có chỗ thờ Phía tả miếu-viên, có cửa Khải-địch 啟迪, phía hữu có cửa Sùng thành 崇成 Sau có tường ngăn, bên tả có cửa Hiền. hựu 顯祐, bên hữu có cửa Đốc-hựu 篤祐."
q01_page_33-0010,"Ở chỗ chính-trung trước sân miếu có các Hiền-lâm 顯 臨, 2 bên các có đoản tường, phía tả có cửa Tuấn-liệt 峻烈 trên làm lầu chuông."
q01_page_33-0011,"Phía hữu có cửa Sùng-công 崇功 (khi trước gọi cửa Phong-công 豐功, Thiệu-Trị nguyên-niên đổi tên này), trên làm lầu trống Ngoài đoản tường có dựng Tả-vu và Hữu vu để thờ các vị thân-huân công-thần."
q01_page_33-0012,"Phía nam miếu viên làm cửa Thế-miếu, đông tây sân miếu có đặt 2 con kỳ lân (có chạm bài minh, thiếp vàng), trên có che cái thiết-đình."
q01_page_33-0013,"Trước đề 9 cái đỉnh (đỉnh chạm hình tượng nhật nguyệt, sơn, xuyên hoa thảo bách vật), chính-trung gian đặt Cao đỉnh (nặng 4307 cân, cao 5 thước 5 phân, đường kính 3 thước 3 tấc 4 phân), gian tả nhất đặt Nhân đỉnh (nặng 4.160 cân, cao 4 thước 7 tấc 5 phân, đường kính 3 thước 3 tấc 5 phân), gian hữu. nhất đặt Chương-đỉnh (nặng 3.472 cân, từ Chương-đỉnh đến Huyền đỉnh cao rộng cũng đồng như Nhân-đỉnh)."
q01_page_33-0014,"Gian tả nhị đặt Anh đỉnh (nặng 4, 561 cân), gian hữu đặt Nghị đỉnh (nặng 4.206 cân) gian tả tam đặt Thuần-đỉnh (nặng 3229 cân), gian hữu tam đặt Tuyên-đỉnh, (nặng 3421 cân), gian tả tứ đặt Dụ-đỉnh (nặng 3.341 cân), gian hữu tứ đặt Huyền-đỉnh (nặng 3.200 cân); 9 đỉnh này đúc năm Minh Mạng 17 (1836)."
q01_page_34-0001,TRIỆU-MIẾU 肇廟
q01_page_34-0002,"Ở phía bắc trong thành Thái-miếu, xây mặt hướng nam dựng năm Gia-Long thứ 3 (1804)."
q01_page_34-0003,"Miếu chế: Chính dinh 3 gian, tiền dinh 5 gian, ở giữa làm cái thất, thờ thần-khám Tĩnh-Hoàng-Đế và Hoàng Hậu, mỗi năm 5 lầu làm lễ hưởng cũng như ở Thái-miếu 3 mặt tiền còn tả hữu đều xây đoản tường liền với thành phía bắc, có khai 3 cửa động-môn."
q01_page_34-0004,"Ngoài đoản tường làm thần khố 神庫, phía tây làm thần trù 神廚."
q01_page_34-0005,"Thành phía bắc miếu này phía tả có cửa Tập-khánh 集慶, phía hữu có cửa Diễn khánh 衍慶, phía nam có bức tường ngăn, phía tả đối với cửa Tập-khánh là cửa Nguyên-chỉ 元祉, phía hữu đối với cửa Diễn khánh là cửa Tường-hựu 長祐."
q01_page_34-0006,"HƯNG-MIẾU 興廟 Ở phía bắc trong thành Thế miếu, xây về hướng nam, dựng năm Minh-Mạng thứ 2 (1821); miếu chế: 3 gian chính-dinh, 5 gian tiền dinh, ở giữa làm cái thất 室 phụng sự Thần-khám Hưng-Tổ Hiếu Khang Hoàng-Đế và Hoàng-Hậu."
q01_page_34-0007,Mỗi năm có 5 lần hưởng cũng như ở Thái miếu.
q01_page_34-0008,"Mặt tiền và 2 bên tả hữu có xây tường gạch, trước là miếu môn, phía tả là cửa Chương-khánh 章慶, phía hữa là cửa Dục khánh 毓慶, ngoài cửa phía đông làm thần-khố 神庫, phía tây làm thần trù 神廚."
q01_page_34-0009,"Vách thành phía bắc, bên tả đối với cửa Hiền-hựu 顯祐 gọi là cửa Trí-tường 致祥, bên hữu đối với cửa Ứng hựu 應祜, gọi là cửa Ứng tường 應祥, đầu niên hiệu Gia-Long làm miếu Hoàng-khảo 皇考 ở phía nam miếu bây giờ, năm Minh Mạng thứ 2 (1821) đời làm miếu này và đặt lại miểu hiệu (Hưng-Miếu)."
q01_page_35-0001,"Cẩn án Năm đầu hiệu Gia-Long có đặt Ty-phụng đội nhất và đội nhì đề giám hộ các miếu, năm Minh Mạng thứ 3 (1822) đổi làm Tả Hữu từ-tếty đặt 1 từ tế-sử chuyên coi Tả-ty, 1 Phó-sứ chuyên coi Hữu-ty, dưới có Miếu-lang, Miếu-thừa lệ thuộc, năm thứ 17 (1836) đặt thêm Chính sứ, Phó-sứ chuyên quản."
q01_page_35-0002,"PHỤNG-TIÊN-ĐIỆN 奉先殿 Ở phía bắc con đường lót gạch trong cửa chương-đức 德, Chính dinh trước điện có 9 gian, 2 chái, tiền dinh 11 gian thất chính-trung thờ thần-ngự 神御 Thế-Tổ Cao-Hoàng-Đế và Hoàng Hậu."
q01_page_35-0003,Phía tả nhất thờ thần ngự Thánh-Tổ Nhân Hoàng-Đế và Hoàng-Hậu.
q01_page_35-0004,Phía hữu nhất thờ thần-ngự Hiến-Tổ Chương-Hoàng-Đế và Hoàng Hậu.
q01_page_35-0005,Phía tả nhị thờ thần ngự Dục-Tôn Anh-Hoàng-Đế và Hoàng.
q01_page_35-0006,Hậu.
q01_page_35-0007,"Tuế thời sóc vọng và ngày khánh tiết thì dưng tiến, buổi kỵ thì dưng lễ tế, ấy là biệt-miếu vậy."
q01_page_35-0008,"Cẩn án: Đầu niên hiệu Gia-Long làm điện Hoàng-nhân 皇仁 ở phía bắc nhai-lộ cửa Hiền-nhân, năm đầu niên hiệu Minh Mạng (1820) tạm đề tử cung 宮 (quan tài) Thế-Tổ Cao-Hoàng-Đế năm thứ 10 (1829) đổi làm tên này (Phụng Tiên) năm thứ 18 (1837) dời làm chỗ hiện kim."
q01_page_35-0009,CUNG KHÁNH MINH 宮 Ở phía bắc sông Ngự-hà trong kinh-thành.
q01_page_35_36-0001,"Cung chế: Chính dinh 5 gian 2 chái, tiền dinh hậu dinh đều 9 gian, tả hữu đều có một túc đường 肅堂 và một dực lang 翼廊, chu vi xây tường gạch, mặt tiền có cung môn và tả hữu môn, bán nguyệt môn, tắc môn, trước Cung-môn có Ngự-hà có dựng lương-đình 亭, sau thành cung có Vĩnh-trạch-Viên 澤國, ấy là chỗ diễn-canh 演耕 của vua Thánh-Tổn Nhân Hoàng Đế, làm năm Minh Mạng thứ 7 (1826)."
q01_page_36-0001,Năm Thiệu-Trị nguyên niên (1841) tạm đề tử cung Thánh.
q01_page_36-0002,"Tổ Nhân Hoàng-Đế, tấn danh làm điện Hiếu-tu 孝思 phụng sự thần-khám Thánh-Tổ Nhân Hoàng-Đế và Hoàng Hậu, tuế thời sóc vọng và ngày khánh tiết thì có lễ tiến, bữa kỵ thì có lễ tế, ấy là biệt miếu vậy."
q01_page_36-0003,"Vườn Vĩnh-trạch đổi dựng tả hữu tòng-viện, lại ở phía hữu có vườn Kỳ-thọ 祇樹 nguyên danh là Lộc-hựu 鹿圃, đầu niên hiệu Thiệu Trịđổi làm tên hiện-kim."
q01_page_36-0004,CUNG-BẢO-ĐỊNH 定官 Ở phía tây cung Khánh-ninh.
q01_page_36-0005,"Cung-chế: Chính-điện gọi là Long-an-điện 隆安殿, Chính-dinh 5 gian, đông tây có 2 chái tiền dinh 7 gian, phía bắc điện, trước bệ có hồi-lang gọi là Lãm thẳng-lang 欖勝廊, phía bắc lang giáp đến ao có thủy tạ gọi là Trừng-phương-ta 澄芳榭, ao ấy gọi là Giao-thái-tri 交泰池 phía bắc trì làm các Minh-trung 閣, phía bắc các làm Đạo Trong sân cung, phía tả có viện Triêm-an 院, phía hữu có viện Nhuận-đức 德院, 4 góc có hồi-lang nối liền với điện các và tả-hữu-viện."
q01_page_36-0006,"Trước điện, phía đông có Đông-minh-vu 東明廳, phía tây có Tây-thành-sương 西成廂, phía nam có Bảo định môn 定門, phía bắc có Mỹ-thành-môn 門, phía tả có Tả-an-môn 門, Đạo-long-môn 門, Bảo-an-môn 門, Cửu-an-môn 門, Bảo-thành-môn 門, Ta-thai môn 門, Bảo-đức-môn 德門, Hóa thành-môn 成門 Bảo-mậu-môn 門; phía hữu có Hữu-an-Môn 門 Hy-long-môn 門, Hữu-thái môn 門, Long-định môn 門, Gia-an-môn 安門, Thanh-định-môn 門, Thành-định-môn 門, Thiện mỹ-môn 門, Thường định-môn 門."
q01_page_36-0007,"Ngoài Cung-môn có tả hữu trực-phòng 右直房, 4phía xây tường gạch, trước có linh tinh môn, phường-môn, 櫺星門, 坊門 gần bên Ngự-Hà; bờ phía nam Ngự-hà có phường Nhuận-trạch tại phường này có vườn Phong-trạch 澤, trong vườn dựng Vụ bản-đường 務本堂, trước xây hồ vuông, ấy là chỗ diễn. canh 演耕 của Hiến-Tổ Chương-Hoàng-Đế, dựng năm Thiệu Trị thứ 5 (1845), năm thứ 7 tạm đề tử cung Hiến-Tổ Chương-Hoàng Đế ở điện Long-An, năm Tự Đức nguyên-niên phụng sự thần khám tại đấy, tuế thời sóc vọng và khánh tiết thì có lễ tiến, bữa kỵ thì có lễ tế, ấy là một biệt miếu vậy."
q01_page_37-0001,Cẩn án niên hiệu Thiệu-Trị có thơ Thánh-Chế về12 cảnh ở cung An-dịnh.
q01_page_37-0002,"1-Cung-khai phiên-yến 藩宴, 2 Điện hội từ than 殿會詞臣, 3-Các thưởng hồ-sơn 閣賞湖山, 4 – Tạ lâm thiên thủy 榭臨天水."
q01_page_37-0003,"5-Hiên đàm kinh sử 軒談經史, 6-Lang nạp yên hà 廊納煙霞, 7-Nam y cung khuyết 宮闕, 8-Bắc tiếp viên trì 園池, 9-Đông quan vạn tỉnh 東觀萬井 10 – Tây lãm thiên phong 西攬千峰, -11 – Hạm tĩnh khan hoa 檻靜看主靜看花, 12 – Song thanh tọa nguyệt 窗清坐月."
q01_page_37-0004,"Cẩn án tại cung Khánh minh và Bảo-định, trước đây nhân khi hữu sự đã phụng nghinh Long-khám về, còn các lang, viện, đình lầu, môn, các đã triệt giải. chỉ đề cung điện lại giao cho Suất-đội và binh-đinh phụng thủ."
q01_page_37-0005,"Năm Thành-Thái nguyên niên (1889) đập gỡ các hình rồng hoa trên mái điện và các hạng gạch vuông, cây gỗ đem bổ biện sở khác, còn 2 cung điện thì tùy thế tu bổ Sơ lược đề tồn cựu tích, nhưng nay cũng đã triệt giải cả."
q01_page_37-0006,"MIẾU CUNG-TÔN 廟 Ở phường Thuận-cát trong kinh-thành, xây mặt hướng nam dựng năm Thành-Thái thứ 3 (1891); khi đầu gọi là Tân-miếu 新廟, năm thứ 9 (1897) đổi tên hiện kim."
q01_page_37-0007,"Miếu chế: có 1 nóc chính và 1 nóc tiền, trong thờ thần khám Cung-Tôn Huệ Hoàng-Đế, tứ thời kỵ hưởng cũng như lệ ở Thế miếu; ở trước dựng túc-gia ở tả hữu, ở sau dựng tòng-viện, ngoài xây thành gạch, trổ 4 cửa, trước là cửa tam-quan trên có lầu, trong xây tắc-môn (bình phong) phía tả hữu và hậu đều mở cửa nách, có từ tế-ty phụng thủ, ấy là biệt miếu vậy."
q01_page_38-0001,ĐÀN MIẾU 壇廟
q01_page_38-0002,ĐÀN NAM-GIAO 南郊壇
q01_page_38-0003,"Ở xã An cựu phía nam ngoài kinh-thành, xây mặt hướng nam, xây năm Gia-Long thứ 5 (1806); đàn chế: có 3 từng thành xây đá gạch, từng thứ nhất án chính-trung hiệp tự Trời Đất, một án tả phối nhất tự Thái-Tổ Gia-Dụ Hoàng-Đế Án hữu-phối nhất phụng tự Thế-Tổ Cao-Hoàng-Đế."
q01_page_38-0004,Án tả-phối nhị phụng tự Thánh-Tổ Nhân-Hoàng-Đế.
q01_page_38-0005,Án hữu-phối-nbị phụng tự Hiến-Tổ Chương-Hoàng-Đế.
q01_page_38-0006,Án tả-phối-am phụng tự Dực-Tông Anh-Hoàng-Đế.
q01_page_38-0007,"Đàn chế: đường viên-kính 9 trượng 6 thước, cao 7 thước, mặt thành xây gạch dày 2 thước 2 tấc, ở giữa xây móng cột trụ 28 trụ để làm chỗ trần thiết nhà Hoàng-khung 黄穹 (nguyên danh là nhà Thanh-ốc (bạt xanh) năm Thiệu Trị thứ 6 đổi tên này), 4 phía có xây cấp, phía nam xây 15 cấp, phía đông, tây và bắc đều 9 cấp."
q01_page_38-0008,"Từng thứ nhì, tùng đàn có 8 án Tả nhất: Đại-minh 大明, Tả nhị: chu thiên tinh tú 周天星宿."
q01_page_38-0009,"Tả tam: Vân Vũ Phong Lôi 雲雨風雷, Tả tứ: Thái tuế Hữu nhất: Dạ minh 夜明: Hữu nhị: Sơn hải giang trạch 山海江澤 (nguyên trước là xuyên trạch, niên hiệu Thiệu Trị đổi là giang) và sơn-thần Thiên-thọ Hiếu-sơn, Thuận-đạo khiêm. sơn khải vận hưng nghiệp Triệu-tường."
q01_page_38-0010,Hữu tam: kỳ lăng phần diễn.
q01_page_38-0011,Hữu tứ: Thiên hạ thần kỳ.
q01_page_38-0012,"Đàn vuông, mỗi mặt 19 trượng, cao 2 thước 6 tấc 5 phân giai cấp mặt tiền phía nam xây gạch, có xây 16 móng cột trụ để làm chỗ trần thiết Hoàng-ốc (bạt vàng), 4 phía đều có bệ đi ra, mỗi bệ có 5 cấp."
q01_page_38-0013,"Từng thứ ba: xây vuông, mỗi mặt 32 trượng 7 thước, cao 2 thước 1 tấc, mặt tiền xây 2 hàng móng trụ để cắm lọng tàn, mỗi hàng có 6 chỗ."
q01_page_38-0014,Phía tả xây nền gạch có 16 móng trụ để làm chỗ 32 trần thiết đại-thứ.
q01_page_38-0015,"Ở góc đông nam có 1 lò để đốt củi, góc tây bắc có 1 cái hầm; 4 mặt đều có 1 cái bệ, mỗi bệ có 3 phía ra đều xây 5 cấp."
q01_page_39-0001,Ba từng đàn này chu vi có lan-bản và cột trụ đều xây gạch có linh môn.
q01_page_39-0002,"Từng thứ nhất: lan-ban (lan can) cao 2 thước, dày 7 tấc, tô màu xanh, từng thứ 2 tô màu vàng, từng thứ 3 tô màu đỏ, đều cao 2 thước 2 tấc, dày 7 tấc."
q01_page_39-0003,"Ngoại-di 外遺 (Hành thấp chu vi ngoài đàn) tư vuông chu vi 152 trượng 9 thước, trong thành này trổng cây tùng (những cây tòng này cao lớn thạnh tốt, lựa một cây nào trong mỗi phía có tiêu chi lấy đồng-bài) xây bao 4 phía bằng tường đá, cao 4 thước 1 tấc, 4 mặt đều có cửa trống, mỗi mặt 3 cửa."
q01_page_39-0004,"Phía đông bắc ngoài tường có làm thần-khố, thần-trù, phía tây nam có làm trai-cung xây tường ngăn, tả hữu đều mở 1 cái cửa, ngoài cửa: 2 bên tả hữu có túc-phòng, thượng-trà-phòng và thượng-thiện-sở."
q01_page_39-0005,Cẩn án năm Gia-Long nguyên niên (1802) đặt đàn ở xã An Ninh hiệp tự cả thiên địa để cáo về sự Kiến.
q01_page_39-0006,"Nguyên 建元 (1) và Võ Thành (2), năm thứ 5 (1806) xây dựng chỗ hiện kim."
q01_page_39-0007,Mỗi năm bói lựa 1 ngày trong 3 ngày nào tốt ở tháng trọng-xuân để làm lễ tế.
q01_page_39-0008,Năm Minh Mạng thứ 20 (1839) đổi lấy 1 ngày trong 3 ngày nào tốt từ ngày rằm về trước đầu tháng Quý-Xuân.
q01_page_39-0009,"Tự-Đức nguyên niên lại dùng tháng trọng-xuân, Đồng Khánh thứ 3 (1888) cải định tế theo năm Tý, Mẹo, Ngọ, Dậu 3 năm 1 lần tế giao, bói lựa 1 ngày trong 3 ngày Tân 辛 tháng trọng-xuân; khi tế Vua Ngự-giá ĐÀN XÃ TẮC 社稷壇 Ở phường Ngưng-tích phía tây nam trong kinh thành."
q01_page_39-0010,"Xây mặt hướng bắc, xây dựng năm Gia-Long thứ 5 (1806), nền vuông có 2 từng."
q01_page_39-0011,"Từng trên thứ nhất có 2 án chính-trung, thờ Thái-xã thần vị ở phía hữu, thờ Thái tắc thần vị ở phía tả, phía hữu đem (1) Kiến Nguyên: lên nối vua đổi niên hiệu."
q01_page_39-0012,(2) Vô-Thành: dụng Võ đã thành công.
q01_page_40-0001,"Hậu-thổ Câu-long-thị phối, phía tả đem Hậu-Tắc-thị phối, 2 bên đông tây ngó tới nhau."
q01_page_40-0002,"Đàn cao 4 thước, chu vi 28 trượng, mặt nền theo ngũ-phương tô 5 sắc: ở giữa sắc vàng, đông sắc xanh tây sắc trắng, nam sắc đỏ, bắc sắc đen, có 32 chỗ trên mặt nền ở giữa để cắm tàn; 4 phía ra có bệ, bệ phía bắc 11 cấp bệ đông, tây và nam đều 7 cấp."
q01_page_40-0003,"Từng thứ 2 cao 2 thước 6 tấc, chu-vi 69 trượng 2 thước, mặt tiền nền gạch xây 2 chỗ cắm tàn, 4 phía ra có bệ, mỗi bệ 5 cấp."
q01_page_40-0004,"2 từng đều có xây lan-bản và lan trụ đều bằng gạch, có linh môn."
q01_page_40-0005,"Từng thành thứ nhất tô sắc vàng, từng thứ nhì tô sắc đỏ) đều cao 2 thước 2 tấc dày 7 tấc, ngoại-dị (thành bao vòng ngoài phía nam, bắc dài 50 trượng, 5 thước; phía đông, tây dài 40 trượng 5 thước, trổng cây tùng, xoài và mù u; chu vi bức tường xây bằng đá, phía bắc 3 cửa để trống, đông tây và nam đều 1 cửa, trước mặt đàn đào hồ vuông, chu vi dài 57 trượng, bờ hồ xây đá có lan Cẩn án: năm Gia-Long thứ 5 (1806) mạng các dinh trấn đều cống nạp đất chắc, sạch sẽ đề đắp đàn, mỗi năm lấy ngày thượng mậu 上戊 trong tháng trọng-xuân và trọng-thu, ngự-giá đến làm lễ."
q01_page_40-0006,"Năm thứ 8 (1809) cải định năm Ti ngọ, mẹo, Dậu thì ngự giá làm lễ, còn mấy năm khác lựa phái võ ban đại thần làm lễ."
q01_page_40-0007,Năm Minh-Mạng thứ 3 (1822) chuẩn định tế xuân thì dùng ngày mậu 戊 sau khi tế giao; tế thu thì dùng ngày thượng-mậu trong tháng trọng-thu.
q01_page_40-0008,"Năm nào gặp có khánh tiết thì ngự-giá làm lễ, còn năm thường thì lựa phái Đại thần làm lễ."
q01_page_40-0009,"ĐÀN TIÊN-NÔNG 先農壇 Ở 2 phường Hậu-sinh, An-trạch phía tây bắc trong kinh thành xây năm Minh Mạng thứ 9 (1823), đàn vuông có một từng, hưởng nam, cao 4 thước 5 tấc, chu vi 17 trượng 3 thước 6 tấc, mặt nền lót gạch, trong nền có 11 chỗ để cắm tàn, chu vì có xây lan can gạch cao 3 thước 5 tấc, 4 phía có bệ mỗi bệ 9 cấp."
q01_page_40-0010,"Phía đông nam đàn có xây 1 lư để đốt giấy, phía tây bắc làm thần-khố thân-trù, phía đông bắc làm thần thương 神倉, ở trước cái thương (kho chứa) làm đình vuông để thu lúa."
q01_page_40-0011,"Ở phía đông làm đài quan-canh 耕 (co1 cày) cao 6 thước, 4 phía ra có bệ, mỗi bệ 13 cấp, trên đài dựng 1 điện vuông gọi là quan-canh-điện."
q01_page_41-0001,"Trước đài chỗ chính-trung có ruộng cung canh 耕, 4 phía đàn xây quanh tường gạch, mặt trước xây trụ gạch có 3 phường-môn pháp-lam linh-tinh 櫺星坊門, trong ngạch cửa chính-trung đề chữ: Đế mạng suất dục 帝命率育, ngoài đề chữ Vi thiên hạ tiên 為天下先."
q01_page_41-0002,"2 bên tả hữu, nơi bức tường có 1 cái cửa để trống."
q01_page_41-0003,"Cẩn án năm inh Mạng thứ 8 (1827) Thánh-Tổ Nhân-Hoàng Đế nghị phục cồ chế mở ruộng tịch-điền 籍田 làm lễ cung-canh 耕, mỗi năm hạ tuần tháng 4 lựa ngày tốt cử hành."
q01_page_41-0004,Quan Phủ doãn Thừa-Thiên đi Khâm-mạng trí-tế.
q01_page_41-0005,Lại xét năm Minh Mạng thứ 9 (1828) dựng điện cụ phục 具服殿 ở chỗ tịch-điền; lại ở trong vườn vĩnh trạch xây Vụ-bản đường 務本堂 để làm chỗ quan-canh.
q01_page_41-0006,Năm 11 triệt giảm điện Cụ phục.
q01_page_41-0007,Năm Thiệu Trị thứ 5 (1845) đổi dựng Vụ bản đường qua vườn Phong-trạch.
q01_page_41-0008,Năm Tự Đức thứ 3 (1850) chuẩn lấy nền cũ điện Cụ-Phục dựng tạm 1 tòa Đại-thứ 大次 để làm chỗ vua trú tất 駐 4.
q01_page_41-0009,"Năm Thành-Thái 15 (1903) tái hành tu-bổ đài quan-canh, đình thu cốc và nhà tả hữu tùng-canh, năm 17 (1905) lượng giảm dãy thần thương, và tùng-canh, làm lại mỗi dãy đều 3 gian."
q01_page_41-0010,"LỊCH ĐẠI ĐẾ VƯƠNG-MIẾU 歷代帝王廟 Ở xã Dương-xuân phía nam ngoài kinh thành, xây mặt hướng nam, dựng năm Minh Mạng thứ 4 (1823)."
q01_page_41-0011,"Miếu chế: chính đường có 5 thất, đông-vu tây-vu đều 5 gian."
q01_page_41-0012,Thất chính-trung thờ Phục-Hy-Thị 伏羲氏.
q01_page_41-0013,Tả nhất thờ Thần nông 神農.
q01_page_41-0014,Hữu nhất thờ Hoàng Đế 黄帝.
q01_page_41-0015,Tả nhị thờ Đường-Nghiêu 唐堯.
q01_page_41-0016,Hữu nhị thờ Ngu-Thuấn 虞舜.
q01_page_41_42-0001,Tả tam thờ Hạ-Võ 夏禹 Hữu tam thờ Thương-Thang 商湯 Tả tứ thờ Chu-Văn 周文 Hữu tứ thờ Chu-Võ 周武.
q01_page_42-0001,"Thất tả nhất thờ Kinh-Dương-Vương 涇陽王, Lạc Long Quân 貉龍君, Hùng Vương 雄王, Sĩ-Vương 士王 Đinh-Thiên-Hoàng 丁先皇."
q01_page_42-0002,"Thất hữu-nhất thờ Lê Đại Hành 黎大行, Lý-Thái-Tổ 李 太祖, Thánh-Tổn 聖尊, Nhân Tôn 仁尊."
q01_page_42-0003,"Thất tả nhị thờ Trần Thái Tôn 陳太尊, Nhân-Tôn 仁 Thất hữu-nhị thờ Lê-Thái-To 黎太祖."
q01_page_42-0004,"Thánh-Tổn 翠 尊, Trang-Tôn 莊尊, Anh-Tông 英尊."
q01_page_42-0005,"Đông-vu thờ Phong-Hậu 風后 Cao-Dao, 皋陶, Long 龍, Bá-Ích 伯益, Phó-Duyệt 傅說, Thái-Công-Vọng 太 公望, Thiệu-muc-công-Hồ 召穆公虎, Nguyễn-Bặc 阮匐 Lê-phụng-Hiều 黎奉曉, Tô Hiến-Thành 蘇憲誠, Trần Nhật Duật 陳日燔, Trương-Han-Siêu 張漢超, Nguyễn-Xí 阮熾, Lê-Niệm 黎念, Hoàng-Đình-Ái 黄廷愛."
q01_page_42-0006,"Tây-vu thờ Lực-Mục 力牧, Hậu-Qui 后夔, Bá-Di 伯夷 Y."
q01_page_42-0007,"Doãn 伊尹, Chu-Công-Đán 周公旦, Thiệu Công-Thích 公奭, Phương-Thúc 方叔, Hồng-Hiến 洪獻, Lý Thường Kiệt 李常傑, Trần Quốc Tuấn 陳國峻, Phạm-Ngũ-Lão 范五老 Đinh-Liệt 丁列, Lê Khôi 黎魁, Trịnh Duy-Thoan 鄭惟悛 Phùng-Khắc Khoan 馮克寬."
q01_page_42-0008,"Bao quanh miếu có xây tường gạch, phía tiền làm môn-lầu, trước lầu làm 3 phường-môn, trong ngạch cửa giữa đề chữ: Cảnh-ngưỡng tiền-huy 景仰前徽 (ngưỡng mộ đức tốt đời trước)."
q01_page_42-0009,Ngoài đề: Đế vương thống kỷ 帝王統紀 (Thống kỷ các vị Đế vương).
q01_page_42-0010,Ngạch cửa tả hữu bên trong có 2 câu: Khoáng nghi quang vũng điệp 曠儀光 往牒.
q01_page_42-0011,Hồng huống điện viêm-giao 鴻肥真炎郊: (Nghi hình rộng rãi sáng tỏ trong sử sách ngày trước.
q01_page_42-0012,Ân trạch to lớn trấn-định bờ cõi Viêm-bang).
q01_page_43-0001,"Bên ngoài có 2 câu: Phương-huy kim cổ tại, 芳徽今古在, Đạo thống bắc nam đồng 道統北南同 (Xưa nay đề dấu thơm."
q01_page_43-0002,Nam bắc đồng mối đạo).
q01_page_43-0003,"Phía bắc tường miếu làm chỗ tề-sinh, Trùng-tu năm Thành Cẩn án: năm Minh Mạng 11 (1830) chuẩn cải: đem Sĩ-Vương thờ vào hàng tùng-tự trong Văn-miếu và tỉnh giảm chỗ thờ Lê Anh-Tông Năm 16 (1835) chuẩn dời chỗ thờ Thái-Công-Vọng qua chính-án trong Võ-miếu."
q01_page_43-0004,"Lại xét: ngày tế mỗi năm, lựa chọn ngày tốt trong 2 tháng trọng-xuân và trọng-thu."
q01_page_43-0005,"Năm Minh-Mạng thứ 7 (1826) chuẩn định như gặp năm có khánh-điền thì giá-ngự làm lễ, kỳ dư thì phái các vị Hoàng-Tử đi Khâm-mạng."
q01_page_43-0006,"Còn tiết Chính-đán, Đoan-dương thì lựa phải một viên văn-quan tam-phẩm dĩ thượng sung phái."
q01_page_43-0007,Năm thứ 11 (1830) tỉnh giảm lễ Đoan-dương.
q01_page_43-0008,LÊ THÁNH TÔN MIÊU 黎聖尊廟 Ở phía đồng miếu Lịch đại Đế-vương.
q01_page_43-0009,"Tiền-đường và chính đường đều 3 gian, 4 phía xây tường, mặt tiền làm cửa Nguyệt-inôn Cẩn án Vua Thánh-Tổn nguyên trước có miếu."
q01_page_43-0010,Trải khi biến-loạn bỏ hư.
q01_page_43-0011,Năm Gia-Long thứ 8 (1809) làm lại chỗ này.
q01_page_43-0012,Mỗi năm tế lễ lấy tháng trọng-xuân và trọng-thu và tiết chính-đán chiếu theo lệ tế ở miếu Lịch-Đại.
q01_page_43-0013,"VĂN-MIÊU 文廟 Ở xã An-ninh phía tây ngoài kinh-thành, hướng mặt về phương nam."
q01_page_43-0014,"Miếu chế: chính-đường 5 gian 2 chái, tiền-đường 7 gian, đông-vu tây-vu đều 7 gian Khám chính-trung thờ thần-vị Chí-Thánh Tiên-Sư Khổng 4 khám tả hữu đặt thần-vị tử-phối: Nhan-Tử 顏子, Tăng Tử 曾子, Tử-Tu 子思, Mạnh-Tử 孟子."
q01_page_44-0001,"Án đông, tây đặt thần-vị thập nhị triết: Mẫn-Tôn 閔損 Nhiễm-Canh 冉耕, Nhiễm-Ung 冉雍, Tể-Du 宰予, Đoan Mộc-Tứ 端木賜, Nhiễm-Cầu 冉求, Trọng-Do 仲由 Ngôn-Yên 言偃, Bốc-Thương 卜商, Chuyên-Tôn-Sư 顓孫師, Hữu-Nhược 有若, Chu-Hy 朱熹 (nguyên trước có 10 Triết, năm Minh Mạng 18 chuẩn thăng lên 2 vị là Hữu-Nhược và Chu-Hy)."
q01_page_44-0002,"14 Án ở đông, tây vu đem các vị Tiên hiền 先賢 Tiên Trước sân miếu có dựng 2 bi-đình, bia phía tả chạm: Thánh-Tổ Nhân-Hoàng-Đế dụ: Cung giám bất đắc liệt tấn-thân (Hoạn-quan không được liệt vào hạng tấn thân); bia phía hữu chạm: Hiến-Tổ Chương-Hoàng-Đế dụ: Ngoại thích bất đắc thân chính (người ngoại thích không được giữ chính-quyền)."
q01_page_44-0003,"Chỗ chính-trung bức thành trước miếu có cửa Đại thành 大成, phía tả cửa Kim-thanh 聲, phía hữu cửa Ngọc-chấn 玉振, trên cửa Đại thành có dựng từng lầu, có bệ ra 3 phía, mỗi bệ 13 cấp, trước cửa có bia đá liệt kê khoa danh Tiến-sĩ, phía tả có Hữu-văn-đường 右文堂 (trước tên là Sùng-văn, năm Thiệu Trị nguyên-niên đổi tên), phía hữu cơ Duy-lễ đường 肄禮堂 phía đông Hữu-văn-đường có nhà vuông làm chỗ thờ Thổ công 土公, ngoài cửu Kim-thanh về phía bắc có thần-khố, ngoài cửa Ngọc. chấn về phía bắc có thần-trù, bao quanh Văn-miếu có thành nội và thành ngoại, chỗ chính-trung làm cửa Văn-miếu, phía nam 3 bệ, phía bắc 1 bệ, mỗi bệ có 1 cấp, trên có từng lầu, phía tả có cửa Chấn đức 振德 (trước tên là cửa Đạt-thành, Thiệu-Trị nguyên niên đổi tên), phía hữu có cửa Quan-duc 觀德; trước cửa miễu lại dựng cửa Linh-tinh 橋星, trong ngạch cửa đề: Trác việt thiên Cổ 卓越千古 (Siêu việt ngàn xưa)."
q01_page_44-0004,"Ngoài ngạch đề: Đạo tại lưỡng gian 道在兩間 (Đạo ở giữa hai cõi trời, đất), ngoài ra có 4 trụ biển và có bia khuynh-cái (nghiêng lọng) bia, hạ mã (xuống ngựa); nơi bờ sông xây đá làm hình yển nguyệt 偃月 để ngăn nước giọt xoi lở."
q01_page_45-0001,Cẩn án khi quốc sơ văn miếu ở xã Triều-Sơn thờ thần tượng đời vua Duệ-Tông năm canh dần thứ 5 (1770) dời qua xã Long-hồ.
q01_page_45-0002,"Năm Gia-Long thứ 7 (1808) dời đến chỗ đây, khi ấy mai táng (chôn cất) thần tượng, cải đề bài-vị để thờ, mỗi năm lấy ngày thượng. di 上丁 (1) trong tháng trọng-xuân trọng-thu vua đến tế, năm thứ 3 chuẩn lấy năm Sửu, Mùi, Thìn, Tuất 3 năm 1 lần vua đến tế, mạng văn-ban đại thần nhiếp tế, năm Minh Mạng 16 (1835) cải định lệ tế xuân lấy ngày đinh sau lễ tế giao, tế thu lấy ngày trung-đinh 丁 tháng 8."
q01_page_45-0003,"Lại xét: trong niên hiệu Minh-mang, Thiệu-Trị, Tự-Đức, Liêt Thánh (các vị vua) thường đến làm lễ thích điện (cúng tế) và thường Ngự giá đến xem coi việc học."
q01_page_45-0004,Năm Thành-Thái thứ 7 (1895) có tái hành tu bổ.
q01_page_45-0005,"ĐỀN KHẢI-THÁNH 啟聖祠 Ở xã Long-hồ, phía tây Văn-miếu, Năm Gia-Long thứ 7 (1808) nhơn nền cũ Văn-miếu lập lên đền này."
q01_page_45-0006,"Chính-đường tiền đường đều 5 gian, khám chính-trung thờ vị Khải-Thánh-Công (1), 2 bên đông tây phối tự 4 vị Tiên-hiền: Nhan-Thị, Tăng-Thị, Khổng-Thị, Mạnh-Tôn Thị; tòng tự các vị sau này: Trình-Hướng, Chu-Tòng 朱松 Chu-Phụ-Thành 周輔成, Trương-Địch 張迪, Trước đền có tả hữu vu đều 3 gian, tử vi xây tường gạch, có trổ 1 cửa hình vòng nguyệt 月門, ngoài có 2 cái bia « khuynh cái », « hạ-mã »."
q01_page_45-0007,"Ngày tế đồng ngày với Văn-miếu, phái ủy các quan công-đường đi Khâm-mạng."
q01_page_45-0008,"Còn các lễ Trừ tịch, Chính-đán, Đoan-dương, sóc vọng do Học-quan trường Quốc-tử-giám hành lễ, cũng như ở Văn. miếu."
q01_page_45-0009,(1) và (2) Thượng-đinh là ngày đinh trong thượng tuần tháng ấy.
q01_page_45-0010,Trung-đình là ngày đỉnh trong trung-tuần tháng ấy.
q01_page_46-0001,QUẦN MIẾU 羣廟
q01_page_46-0002,VÕ-MIẾU 武廟
q01_page_46-0003,"Ở xã An-ninh, phía tây ngoài kinh-thành, dựng năm Minh Mạng 16 (1835)."
q01_page_46-0004,"Miếu-chế: Chính-dinh 3 gian 2 chái, tiền-dinh 5 gian, tả-vu hữu-vu đều 5 gian."
q01_page_46-0005,"Án chính-trung thờ bài vị Chu-Thượng-phủ Khương Thái Công 周尚父姜太公, phía đông thờ 6 vị: Quản Trọng nước Tề 齊仲管, Tôn-Võ-Tử nước Ngo 吳孫武子, Hàn-Tín đời Hán 漢韓信, Lý-Tĩnh 李靖 Lý-Thành 李晟 đời Đường Từ-Đạt đời Minh 明徐達; phía tây thờ 5 vị: Điền Nhượng-Thư nước Tề 齊田穰苴, Trương-Lương, Gia Cát-Lượng đời Hán 漢張良, 諸葛亮, Quách Tử Nghi đời Đường 唐郭子儀, Nhạc-Phi đời Tống 宋岳飛."
q01_page_46-0006,"Tả-Vu tòng tự Trần Quốc Tuấn đời Trần 陳朝陳國峻, Nguyễn-Hữu-Tấn 本朝阮有進, Tôn-thất-Hội 尊宝會 ở bản triều."
q01_page_46-0007,Hữu-Vu tông tự Lê.
q01_page_46-0008,"Khôi triều Lê 黎朝黎魁, Nguyễn Hữu Dật 阮有鎰, Nguyễn-Văn-Trương 阮文張 ở bản triều."
q01_page_46-0009,Mỗi năm dùng ngày kỷ 日 sau khi tế Văn-miếu một ngày (tháng trọng-xuân và trọng-thu) phái Võ-ban đại thần đến tế.
q01_page_46-0010,"Trước sân miếu có dựng 3 bia Võ-công (dựng năm Minh Mạng 17 (1836) niên hiệu Tự Đức thứ 2 (1849) dựng tiếp thêm), bốn phía xây tường trước có cửa tam-quan, trên có 1 lầu, ngoài tường có chỗ tề sinh."
q01_page_46-0011,MIẾU QUỐC-VƯƠNG CHIÊM-THÀNH 占城國王廟.
q01_page_46-0012,"Ở xã Nguyệt-biểu huyện Hương-thủy, dựng năm Minh Mạng 14 (1833)."
q01_page_46-0013,"Miếu-chế: Chính-đường, tiền đường đều 3 gian, hiệp làm một tòa, bốn phía xây tường, trước có 1 cửa."
q01_page_46-0014,"Xét chỗ này có 1 đoạn thành đất cũ, tương truyền đó là di chỉ Chiêm Thành, nên theo chỗ ấy dựng miếu phụng tự."
q01_page_46-0015,"Mỗi năm trong 2 tháng trọng-xuân trọng thu khiến quan tam-phẩm Văn-ban đến tế, năm Thành Thái 15 (1903) trùng tu (1) Khải-Thánh-Công: Thân phụ đức Khổng-Tử."
q01_page_47-0001,CHÂN-LẠP QUỐC-VƯƠNG MIẾU 真臘國王廟
q01_page_47-0002,"Ở xã Dương-xuân, huyện Hương-thủy, dựng năm Thiệu Trị nguyên niên (1841); miếu-chế: Chính đường tiền đường đều 3 gian mỗi năm lấy 2 tháng trọng-xuân trọng-thu đến tế, cũng như miếu Chiêm Thành Quốc."
q01_page_47-0003,Vương.
q01_page_47-0004,TRUNG-HƯNG CÔNG-THẦN MIẾU 中興功臣廟 Ở 2 xã Thiên.
q01_page_47-0005,"Lộc, Vĩ-dã, tại Hương-thủy huyện, dựng năm Gia-Long thứ 9 (1810)."
q01_page_47-0006,"Chính-đường, tiền đường đều 7 gian, thở An-biên Quận Vương Tôn-Thất Min 安邊郡王尊室旻, Hoài-Quốc Công Võ Tánh 懷國公武性, trở xuống 258 Vị, năm thứ 13 (1814) thêm vào 2 Vị: Chưởng-trung-quân Quận công Nguyễn-Văn Trương 掌中軍郡公阮文張 Chưởng-thần Võ-quân Quận công Phạm-Văn-Nhân 掌神武軍郡公范文仁."
q01_page_47-0007,"Năm Minh Mạng thứ 3 (1822) thêm vào 4 vị: Đô-Thống-Chế Quận-Công Nguyễn Văn-Khiêm 都統制郡公阮文謙, Chưởng tượng-quân Quận công Nguyễn-Đức-Xuyên 掌象軍都公阮德川, Chưởng-dinh Võ-Văn-Lượng 掌營武文諒, Nguyễn-Đình-Đắc 阮廷得, năm Tự Đức thứ 4 (1851) lại thêm vào 8: Đặng Đức-Siêu 鄧德超, Lê-Quang Định 黎光定, Trịnh-Hoài-Đức 鄭懷德, Ngô-Nhân-Tĩnh 吳仁静 Nguyễn-Đình-Đức 阮廷德, Phạm-Đăng-Hưng 范登興, Trương Tán-Bửu 張進寶, Nguyễn-Văn-Hiểu 阮文孝."
q01_page_47-0008,"Khi tế lấy ngày Giáp 甲日 sau ngày tế xuân-xã và thu-xã, mạng nhất-phẩm Đại-thần trong Võ-ban cúng tế."
q01_page_47_48-0001,"MIẾU KHAI-QUỐC CỘNG-THÀN 開國功臣廟 Ở phía tả miếu Trung-Hưng công-thần, dựng năm Minh Mạng nguyên-niên (1820), chính-đường tiền-đường đều 7 gian, phụng tự 4 vị Thái-su Hoa g-quốc-công Đào-Day-Từ 太師弘國公陶惟慈 Thái-Bảo Anh Quốc-công Nguyễn Hữu-Tăn 太保英國公阮有進 Thái Phó Tĩnh Quốc Công Nguyễn Hữu Dật 太傅靜國公阮有鎰 Thần-cơ-dinhĐô-thống-Chế Vĩnh-an hầu Nguyễn-Hữu-Kính 神機營都統制永安侯阮有鏡, ngày tế đồng thời với miếu Trung-Hưng Xét khai-quốc công-thần khi trước chưa có miếu, gặp khi tế xuân thu thì đặt đàn tế ở bên tả miếu Trung Hưng Công-thần."
q01_page_48-0001,Đến khi này mới làm miếu lên chỗ đàn ấy phụng tự.
q01_page_48-0002,"MIẾU TRUNG-TIẾT CÔNG-THÀN 忠節功臣廟 Ở phía hữu miếu Trung-Hưng công-thần, dựng năm Minh Mạng nguyên niên (1820), tiền đường chính-đường đều 5 gian Thờ Chưởng dinh Quận công Nguyễn Hữu Thụy và Nguyễn Cửu-Dật 掌營郡公阮有瑞阮久逸 trở xuống 114 vị."
q01_page_48-0003,Năm thứ 6 (1825) thêm vào 1 vị Cai-cơ Nguyễn-Khoa-Kiên 該奇阮科堅 、 Ngày tế đồng thời với miễu khai quốc công-thần.
q01_page_48-0004,"Xét Trung-tiết công-thần khi trước chưa có miếu, khi tế xuân thu đặt đàn ở bên hữu miếu Trung-Hưng công thần."
q01_page_48-0005,"Đầu niên hiệu Minh Mạng, vì thấy chỗ ấy có đường nước phải đặt đàn tế ở phía tả-hậu, ngó về hướng tây."
q01_page_48-0006,"Năm thứ 7 (1826) lấp đường nước, dựng miếu ở phía hữu chỗ ấy."
q01_page_48-0007,"Năm Thành-Thái thứ 2 (1890) chuẩn đem 3 miếu (Trung-hưng, Khai-quốc, Trung-tiết) triệt hạ, rồi làm lại chung 1 tòa ở chỗ nền cũ miếu Trung-Hưng."
q01_page_48-0008,"ĐÀN ÂN TỰ 恩祀壇 Ở phía tả hậu miếu công-thần, ngó về hướng tây, chỗ đây nguyên trước là đàn Trung-tiết công thần, dựng năm Minh Mạng nguyên niên (1820) để tế quan binh nội ngoại tử trận."
q01_page_48-0009,Án chính-trung đặt 1 bài-vị đề là: Bản triều cần lao vương sự chức quan liệt vị chi linh (Linh hồn các vị quan chức bản triều cần lao việc vua).
q01_page_48-0010,"Phía tả phía hữu đều có 1 bài vị đề: Cần lao vương sự lại tốt chí linh (Linh hồn thuộc-lại và sĩ tốt cần lao việc vua), 2 bên đông tây ngó lại cùng nhau, mỗi năm dùng ngày Ất 乙 日 sau khi tế công thần làm lễ tế xuân thu, mạng quan Thừa-phủđến tế MIẾU HỘI ĐỒNG Ở xã Triều-sơn."
q01_page_48-0011,"Năm Gia-Long thứ 2 (1803) dựng ở cửa Thuận-an, răm Minh Mạng thứ 7 (1826) dời đến chỗ đây."
q01_page_48_49-0001,"Miếu chế 3 gian 2 chai, gian chính-trung đặt 1 bài vị đề: Thượng đẳng Dương thần liệt vị (các vị Thượng đẳng Dương thần) Gian phía tả đặt 2 bài vị: 1-đề: Trung-đẳng Dương-thần liệt vị (các vị Trung. đẳng Dương-thần) 2 đề: Hạ đẳng Dương-thần liệt vị (các vị Hạ đẳng Dương-thần) Gan phía hữu cách cái màn đặt 3 bài vị: 1 đề: Thượng đẳng Âm-thần liệt vị (Các vị Thượng đẳng Âm-thần) 2 đề: Trung-đẳng Âm-thần liệt vị (các vị Trung-đẳng Am-thần)."
q01_page_49-0001,3 đề: Hạ đẳng Âm thần liệt vị (các vị Hạ đẳng Âm thần).
q01_page_49-0002,"Chái đông đặt 1 bài vị đề: Đương cảnh thổ-địa Long-thần, ngũ-phương Hà-bá Thủy-quan chư thần-vị."
q01_page_49-0003,Chái tây đặt 1 bài vị đề: Tiên-sư Thổ-công Táo quân Trụ-trạch chư thần-vị.
q01_page_49-0004,Mỗi năm mạng quan địa phương đến tế xuân thu.
q01_page_49-0005,"ĐÔ-THÀNH-HOÀNG-MIẾU 都城隍廟 Ở phường Vệ quốc, phía tây trong kinh-thành, dựng năm Gia-Long thứ 8 (1809), chính đường tiền-đường đều 3 gian, phía tả, hữu tòng tự đều 5 gian."
q01_page_49-0006,"Chỗ chính-trung thờ Đô-thành-hoàng, tả hữu phối tự các vị Thành hoàng các tỉnh."
q01_page_49-0007,"Năm Minh Mạng 20 (1839) giảm các phối-vị (Thành-hoàng các tỉnh), mỗi năm tháng trọng-xuân trọng thu lấy ngày Canh 庚日 sau ngày tế Xã Tắc, mạng quan bên võ giai đến tế."
q01_page_49-0008,Năm Thành-Thái thứ 2 (1890) triệt xuống trùng tu được tốt đẹp sạch sẽ.
q01_page_49-0009,MIẾU NAM-HẢI-LONG-VƯƠNG 南海龍王廟 Ở trên bãi cát cửa Thuận-an.
q01_page_49-0010,"Đầu niên hiệu Gia-Long ở xã Dương-xuân huyện Hương-thủy, năm thứ 12 (1813) dời về chỗ đây đặt tên gọi Thuận-an hải-khẩu thần từ, năm Minh Mạng thứ 3 (1822) đổi tên hiện kim."
q01_page_49-0011,"Miếu chế: 1 tòa 3 gian, chính-trung thờ thần-vị Nam-hải Long-vương, phía tả thờ thần vị Thuận-an hải-khầu, Tư-hiền hải-khẩu, phía hữu thờ thần-vị Hà-bá."
q01_page_49-0012,Mỗi năm dùng ngày Quý 癸日 sau khi tế xã tháng 2 và tháng 8 cùng ngày Thượng quí 上癸日 tháng 11 mạng quan Địa phương đền tế.
q01_page_49-0013,"Cẩn án Trong niên hiệu Minh-Mạng, Thánh-Tổ Nhân-Hoàng Đế ngự chế bài « Linh-dị kỷ » chạm bia dựng đình ở phía tả cửa miếu."
q01_page_50-0001,MIẾU HÀ-BÁ 河伯廟
q01_page_50-0002,"Ở cảng Thuận-trực xã Hà-trung, huyện Phú Lộc, dựng năm Gia-Long 14 (1815), 1 tòa 3 gian, mỗi năm tháng trọng-xuân trọng thu sau khi tế miếu Hội đồng 1 ngày, mạng quan địa phương đến tế."
q01_page_50-0003,MIẾU PHONG BÁ 風伯廟 Ở phía tả miếu Nam-hải Long-vương.
q01_page_50-0004,Dựng năm Minh Mạng thứ 7 (1826).
q01_page_50-0005,"Chính-đường, tiền đường đều 3 gian hiệp làm 1 tòa."
q01_page_50-0006,"Chỗ chính-trung thờ Phong-bá (thần gió), phía tả thờ Vân-sư (thần mây), phía hữu thờ Lôi-sư (thần sấm), mỗi năm tháng 2 tháng 8 lấy ngày Tỵ 己日 sau ngày tế Xã-tắc mạng quan nhị, tam phẩm MIẾU VŨ-SƯ 雪師廟 Ở xã Dương-xuân huyện Hương-thủy, dựng năm Minh Mạng thứ 7 (1826)."
q01_page_50-0007,"Chính-đường, tiền-đường đều 3 gian hiệp làm một tòa, Chính-trung thờ Vũ sư (thần mưa), phía tả thờ Vân-sư, phía hữu thờ Lôi-sư, mỗi năm tháng trọng-xuân trọng thu lấy ngày Tỵ 己日 sau ngày tế xã tắc mạng quan nhị tam phẩm đến tế."
q01_page_50-0008,"MIẾU HỎA THÀN 火神廟 Ở xã Phú-xuân huyện Hương-trà, dựng năm Minh-Mạng thứ 6 (1825), 1 tòa 3 gian, mỗi năm dùng ngày 23 tháng 6, quan địa MIẾU HỎA-PHÁO THÀN 犬礮神廟 Ở xã Phú-xuân, dựng năm Minh Mạng thứ 7 (1826), một tòa 3 gian."
q01_page_50-0009,"Mỗi năm dùng ngày 1 tháng 9, Quản vệ Thần-cơ đến tế, năm Đồng-Khánh nguyên-niên (1886) triệt hạ, hiệp tự với miếu Hỏa thần."
q01_page_51-0001,QUẦN-TỪ 羣祠
q01_page_51-0002,ĐỀN QUAN CÔNG 關公祠
q01_page_51-0003,ở ấp Xuân lộc ngoài Kinh-thành.
q01_page_51-0004,"Khi quốc-sơ làm ở phía tả chùa Thiên-mụ 天姥寺, năm Thiệu Trị thứ 5 (1845) dời đến đây nóc chính và nóc tiền đều 3 gian."
q01_page_51-0005,Ngày Tỵ tháng 8 mạng quan ĐỀN THIÊN PHI 天妃祠 Ở phía hữu miếu Nam-hải Long-Vương.
q01_page_51-0006,"Khi quốc-sơ ở phía hữu chùa Thiên-mụ, năm Thiệu Trị thứ 5 dời đến đây."
q01_page_51-0007,"Qui chế y như đền Quan-công, dùng ngày Tỵ tháng 2 tháng 8 và lựa ngày tốt tháng trọng-hạ trọng-đông, Quản-vệ Thủy-sư đến tế."
q01_page_51-0008,"ĐỀN THAI DƯƠNG phủ NHÂN 邰陽夫人祠 Ở xã Thai-dương cửa Thuận An, dựng năm Gia-Long 12 (1813), chính-đường 1 gian, tiền-đường 1 gian 2 chái, tháng trọng xuân trọng-thu quan địa phương đến tế."
q01_page_51-0009,"THẦN TỪ CỬA BIỂN TƯ HIỀN 思賢海口神祠 Ở cửa Tư-hiền, trong niên hiệu Gia-Long phụ thờ thần từ cửa biển Thuận An, mới làm năm Minh Mạng thứ 6 (1825); 1 tòa 1 gian, nguyên danh là Tư-dung 思容, năm Thiệu-Trị nguyên niên (1841) cải tên này, tháng 2 tháng 8 quan Thủ-ngự ở cửa bề Tư-hiền đến tế."
q01_page_51-0010,"ĐỀN THỜ TIÊN-Y 先醫祠 Ở phường Thường-Dụ phía tả trong kinh-thành, năm Minh Mạng thứ 6 (1825) dựng ở phía tả chùa Thiên-mụ, năm Tự Đức thứ 2 (1849) dời đến đây."
q01_page_51-0011,"Chính-đường 3 gian 2 chái, thờ Phục Hy 伏羲, Thần Nông 神農, Hoàng-Đế 黄帝 và các vị Tiên Y, 2 tháng trọng-xuân trọng-thu viện Thái-Y đến tế."
q01_page_51-0012,Năm Thành-Thái 15 (1903) làm thêm 2 nhà ở tả hữu.
q01_page_51-0013,"THẦN TỪ NÚI KHẢI VẬN 啟運山神祠 Ở xã La-khê huyện Hương-trà, là núi có Trường-ky-lăng (lăng Gia-Dụ Hoàng-Đế) vậy."
q01_page_51-0014,"Dựng năm Minh Mạng thứ 2 (1821) 1 tòa 1 gian, 2 tháng trọng-xuân trọng-thu quan Tôn-thất đến tế lại có tòng-tự ở Nam-giao."
q01_page_51_52-0001,Các đền Sơn thần dưới đây qui chế tế-lễ cũng y như đền này.
q01_page_52-0001,"Thần từ núi Hưng-nghiệp 興業山神祠 Ở xã Cư chính huyện Hương-thủy, là núi có lăng cơ thánh vậy (lăng Hưng-Tổ Hiếu-khương-Hoàng-Đế), dựng năm Minh Mạng Thần từ núi Thiên-thọ 天授山神祠 Ở xã Định môn huyện Hương-trà, là núi có lăng Thiên thọ (lăng Thế-Tổ cao-Hoàng-Đế), dựng năm Gia-Long 14 (1815)."
q01_page_52-0002,"Thần từ Hiếu-sơn 孝山神祠. ở ấp An bằng huyện Hương-trà, là núi có Hiếu lăng (lăng Thánh-Tổ Nhân Hoàng Đế), dựng năm Thiệu Trị nguyên-niên (1841)."
q01_page_52-0003,"Thần từ núi Thuận-đạo 順道山神祠 Ở xã Cư chính huyện Hương-thủy, là núi có Xương lăng (lăng Hiến-Tổ Chương-Hoàng-Đế), dựng năm Tự Đức nguyên niên (1818) Thần từ Khiêm-sơn 謙山神祠 Ở xã Dương-xuân huyện Hương-trà, là núi có Khiêm-lăng (lăng vua Tự Đức), dựng năm Tự Đức 20 (1867)."
q01_page_52-0004,"Đền An-ninh-bá 安寧伯祠 Ở phía hữu Thần-từ núi Hưng-nghiệp, dựng năm Minh Mạng 11, thờ Nguyễn Ngọc-Huyên, người xã Cư chính (sự tích rõ ở sơn lăng chí)."
q01_page_52-0005,"Mỗi năm tháng trọng-xuân trọng-thu, tiết thanh-minh vá tháng chạp, thì có Suất đội thủ hộ cúng tế."
q01_page_52-0006,"Thần-từ Trấn-bắc-an 鎮北安神祠 Ở phía bắc trong Hoàng-thành, dựng năm Minh Mạng nguyên niên (1820), nguyên-hiệu là thần Trấn-bắc đảo 鎮北島之神 năm Thiệu Trị thứ 7 (1847) đổi tên này."
q01_page_52_53-0001,"2 lễ tế xuân thu, sở Thị vệ Cẩn án Thần lại có tên là Trấn Võ chân quân 鎮武真君, có phụ tự ở các Từ vân quán Linh-hựu."
q01_page_53-0001,"Thần từ Hải-vân quan sơn 海雲關山神祠 Ở xã An-cư huyện Phú lộc, dựng năm Minh Mạng 21 (1840) mỗi năm sau 1 ngày tế Nam-hải Long-vương thì quan Tri huyện sở-tại đến tế."
q01_page_53-0002,"THẦN TỪ PHỤ-Ồ-SON 阜塢山神祠 xã Phụ-ồ, dựng năm Minh Mạng 19 (1838), mỗi năm tháng 3 quan huyện ở kinh đến tế."
q01_page_53-0003,"THẦN TỪ NÚI-THÚY VÂN 翠雲山神祠 Ở núi Mỹ-am, năm Minh Mạng thứ 6 (1825) cho tên là núi Thúy-hoa 翠花, dựng năm 17 (1836) ở dưới núi, mỗi khi vua đi tuần hành cửa biển Tư-Hiền, khiến đường quan đi hộ tùng đến tế kỳ dư quan địa phương tế thay."
q01_page_53-0004,"THẦN TỪ HỒ TỊNH-TÂM 净心湖神祠 Ở góc tây nam, dựng năm Minh Mạng 19 (1838), 2 lệ tế xuân thu, như gặp khi vua đến tuần-hành thì quan Thái-giám đứng tế, kỳ dư thì do Quản thị vệ-viên."
q01_page_53-0005,"ĐỀN TIÊN NƯƠNG 僳娘祠 Ở nguồn Tả-trạch, hồ Tĩnh-Tâm dựng năm Thiệu Trị thứ 4 (1844), mỗi năm có 2 lần tế vào mùa xuân và mùa thu."
q01_page_53-0006,"ĐỀN TUYÊN-VƯƠNG MỤC-VƯƠNG 宣穆二王祠 Ở xã Long-hồ huyện Hương-trà, dựng năm Gia-Long thứ 3."
q01_page_53-0007,"Chính-đường tiền-đường đều 3 gian, hiệp làm 1 tòa."
q01_page_53-0008,"Hiệp tự Tuyên-vương, Mục-vương."
q01_page_53-0009,"Mỗi năm sau ngày xuân thu miếu hưởng Tuyên-vương tên húy là Hạo 昊, con thứ 9 Thế-Tông Hoàng-Đế, Mục vương tên húy là Dương 暘, con trưởng Tuyên-vương năm Gia-Long thứ 3 (1805) truy tặng."
q01_page_54-0001,ĐỀN TĂNG-DUỆ HOÀNG THÁI TỬ 增睿皇太子祠
q01_page_54-0002,"Ở ấp Bình-lục huyện Phú-vinh, dựng năm Gia-Long thứ 5 (1806); tiền-đường 5 gian, chính-đường 3 gian 2 chái, nhà xuyên 穿家 ở tả hữu đều 2 gian, thờ Hoàng-thái tử."
q01_page_54-0003,"Thái Tử tên húy là Cảnh, con trưởng Thế-Tổ Cao-Hoàng-Đế."
q01_page_54-0004,"Vua xét người có công nên tặng thuy hiệu, dựng viên tầm, ngày tế Xuân-thu đồng ngày tế đền Tuyên-vương Mục-vương."
q01_page_54-0005,Năm 13 (1814) đem con ông là Thái-bình-Công Kinh 太平公暾 phối-tự.
q01_page_54-0006,Năm Minh Mạng 11 (1831) cho một hình con kỳ-lân vàng để thờ.
q01_page_54-0007,"Năm Đồng-Khánh nguyên-niên đều bị sụp hư, làm lại nhà ngói 1 tòa 3 gian 2 chái."
q01_page_54-0008,"Thái-tử nguyên thuy là Anh-due 英睿 sau đổi ĐỀN TRIỀN THÂN 展親祠 Ở xã Vân-dương huyện Hương Thủy, có đền trước và đền sau."
q01_page_54-0009,"Đền trước, chính đường đều 9 gian, dựng năm Gia-long 13 (1814), thờ các vị Hoàng-tử tiền-triều, và Hoàng tử tiền-triều bị Đền sau 7 gian 2 chái, dựng năm Minh Mạng 13, thờ các vị Hoàng-nữ Tiền-triều và Hoàng-nữ Tiên-triều tảo thương."
q01_page_54-0010,"Ngày tế đồng nhật với đền Tuyên-Vương, Mục-Vương."
q01_page_54-0011,"ĐỀN THẬN HUÂN 親敷祠 ở ấp Tân-an huyện Hương-thủy, dựng năm Thiệu Trị thứ 3 (1843); 5 gian 2 chái, chính-trung thờ Hải-đông quận vương 海東郡王, phía tả thờ Thông hóa quận vương 通化郡王, phía hữu thờ Thuận-an-công 順安公, đặt tên là đền Hải-đông quận vương Thuận An-công."
q01_page_54-0012,"Năm Tự Đức thứ 3, đem Tương-dương quận-vương 襄陽郡王 và An-biên Quận vương 安邊郡王 hiệp tự vào 2 gian tả nhất và hữu nhất và đổi tên đền."
q01_page_54_55-0001,"Tiết Xuân-thu quan Tôn thất đến tế Hải-đông quận vương tên húy là Minh 明, Thông-hóa quận. vương tên húy là Điền 日典, Tương dương quận vương tên húy là Hạo, An-biên quận vương húy là Mân 旻, đều con vua Hưng-Tổ."
q01_page_55-0001,"Thuận-an-công tên húy là Hy 曦, con vua Thế-Tổ, khi trước liệt tự ở đền Triền-thân, sau dời thờ ở đây."
q01_page_55-0002,"ĐỀN THIỆU HÓA QUẬN VƯƠNG 紹化郡王祠 Ở xã An cựu huyện Hương-thủy, dựng năm Minh Mạng 12 (1831), tiền-đường hậu-đường đều 3 gian 2 chái, thờ quận vương tên húy là Chần 郡王諱珍, con thứ 9 vua Thế-Tổ, 2. lệ tế xuân thu đồng ngày với đền Thân-huân."
q01_page_55-0003,"ĐỀN VĨNH TƯỜNG QUẬN VƯƠNG 永祥郡王祠 Ở xã Vạn-xuân huyện Hương-thủy, dựng năm Minh Mạng 19 (1838), chính-đường 3 gian, 2 chái, tả hữu đều 3 gian."
q01_page_55-0004,"Quận-vương tên húy là Miên-Hoằng 綿宏, con thứ 4 vua Thánh-Tổ, ngày tế đồng thời với đền Thiệu Hóa quận-vương."
q01_page_55-0005,"ĐỀN DIỄN QUỐC-CÔNG 演國公祠 Ở xã Phú-xuân huyện Hương-trà, thờ Thái-Bảo Diễn-quốc công Nguyễn Phước và Quốc-thái Phu-nhân Phùng-Thị là thân sinh của Hiếu-Khương Hoàng hậu."
q01_page_55-0006,"Dựng năm Gia-Long thứ 5 (1806), chính đường tiền đường đều 3 gian 2 chái, trước tên là đền Dục-Đức 毓德, năm Minh Mạng 13 đổi tên này."
q01_page_55-0007,"ĐỀN QUI-QUỐC-CÔNG 歸國公祠 Ở phía tả đền Diễn-quốc-công, thờ Thái Bảo Qui-quốc-công Tống Phước. và Quốc thái Phu-nhân Lê Thị là thân-sinh Thừa-Thiên Hoàng-Hậu."
q01_page_55-0008,"Dựng năm Gia-Long thứ 5 (1806), chính-đường tiền-đường 5 gian hiệp làm 1 tòa, trước tên là Tống-công-từ, năm Minh Mạng 13 (1832) đổi tên này."
q01_page_55-0009,"ĐỀN THỌ-QUỐC-CÔNG 壽國公祠 Ở xã Kim-long huyện Hương-trà, thờ Thái-Phó Thọ-quốc công Trần-Hưng. và Quốc-thái phủ nhân Lê Thị là thân sinh Thuận."
q01_page_56-0001,Thiên Hoàng Hậu.
q01_page_56-0002,"Dựng năm Minh Mạng thứ 4 (1823), qui chế y như đền Qui quốc-công, trước tên là đền Du-khánh 裕慶, năm Tự Đức thứ 5 (1852) đổi lại tên này."
q01_page_56-0003,"Lại ở xã Văn-xá có dựng đền thờ Trần-tộc tên là đền Dụ-trạch. 裕澤 ĐỀN PHƯỚC-QUỐC-CÔNG 福國公祠 Ở xã Xuân hòa huyện Hương-trà, thờ Thái-bảo Phước-quốc công Hồ."
q01_page_56-0004,"Văn. và Quốc thái phủ nhân Hoàng-Thị là thân sinh Nhân Hoàng Hậu, dựng năm Thiệu Trị nguyên-niên (1841), qui chế y như đền Thọ-quốc công, ở bên hữu có đền Hồ-tộc."
q01_page_56-0005,"ĐỀN ĐỨC-QUỐC-CÔNG 德國公祠 Ở xã Phú-xuân huyện Hương-trà, thờ Thái-bảo Đức-quốc. công Phạm Đăng. và quốc thái Phu-nhân Phạm-Đăng-Thị là thân sinh Chương-Hoang-Hậu, dựng năm Tự Đức thứ 2 (1849), qui chế y như đền Phước-quốc công, lại ở phía hữu có dựng đền Phạm-tộc tên là Tích-thiện-đường."
q01_page_56-0006,"ĐỀN PHÒ-QUỐC-CÔNG 扶國公祠 Ở xã Phú-lương huyện Quảng-điền, thờ Văn-minh-điện Đại. học-sĩ Phò-quốc-công Phan Đình. và Quốc-thái phủ nhân Nguyễn Quang-Thị. là thân sinh Cung-Huệ Hoàng-Hậu, dựng năm Thành ĐỀN ĐỨC-PHI 德妃祠 Ở xã Phú xuân huyện Hương-trà, dựng năm Gia-Long thứ 10 (1811), chính-đường 5 gian 2 chái, tiền-đường 7 gian, thờ Đức-Phi Lê-Thị tiền-triều."
q01_page_56-0007,"ĐỀN HIỀN-PHI 賢妃祠 Ở xã Phú-xuân huyện Hương-trà, dựng năm Thiệu Trị thứ 3 (1843), chính-đường 3 gian 2 chái, tả hữu đều 3 gian, thờ Hiền Phi Ngô-Thị tiền-triều."
q01_page_57-0001,ĐỀN GIA-PHI
q01_page_57-0002,"Ở Đông-trì thượng-ấp ngoài kinh-thành, qui chế y như đền Hiền-Phi, thờ Gia Phi Phạm-Thị tiền-triều."
q01_page_57-0003,"Cẩn án: Khi đầu hiệu Minh-Mạng dựng đền ở bờ phía đông sông Hộ thành ngoài kinh-thành, hiệp tự cùng Tá-Thiên Nhân Hoàng-Hậu, gọi là đền Hồ Phạm Nhị Tần 胡范二嬪 (2 cung Tần họ Hồ và họ Phạm), qua năm thứ 20 (1839) lại làm đền riêng ở phía hữu, bờ phía tây sông-Hộ thành, gọi là Gia-Phi-từ."
q01_page_57-0004,Năm Tự Đức thứ 2 (1849) con bà là Thọ-xuân vương 壽春王 xin dời qua chỗ đây.
q01_page_57-0005,"Lại xét Hồ phủ ở Đông-trì, tương-truyền khi quốc-sơ dựng kho tàng ở đây đề đúc tiền, tục hô là « phủ ao đồng tiền »."
q01_page_57-0006,"Lại thường làm chỗ duyệt binh, có cái hồ lớn hơn vài mẫu, nước sâu không cạn, di tích vẫn còn, nay làm phủ-trạch 府宅 Thọ-xuân ĐỀN Ý-THỤC 懿淑祠 Ở vườn Thư xuân 舒春園 phía tây kinh thành."
q01_page_57-0007,"Chính đường 7 gian, tả hữu đều 3 gian, chính-trung thờ An-Tần Hồ Thị 安 · 嬪胡氏, phía tả-nhất thờ Tiệp-thư Nguyễn-Thường-Thị 婕阮常氏, phía hữu-nhất thờ Mỹ nhân Nguyễn-Hữu-Thị 美人阮有氏, phía tả-nhị thờ Mỹ nhân Đỗ Thị 美人杜氏 hữu-nhị thờ Tài-nhân Cái-Thị 才人益氏, tả-tam thờ Tài nhân Nguyễn-Văn-Thị, hữu-tam thờ Tài nhân Trần-Thị 氏人陳才 Nguyên dựng ở chợ Gia-hội, năm Minh Mạng 21 (1840) dời ĐỀN LỆ-THỤC 麗淑祠 Ở vườn Thanh-phương bờ phía tây sông Hộ thành trong kinh-thành."
q01_page_57-0008,"Có 3 gian 2 chái, dựng năm Minh Mạng 21 (1840), gian chính-trung thờ Quý-tần Đinh Thị 貴嬪丁氏 phía tả-nhất thờ Hoàng-tử chết non 皇子, phía hữu nhất thờ Hoàng-nữ chết non 皇女, tiết lễ xuân thu và ngày kỵ cũng đồng như đền"
q01_page_58-0001,ĐỀN TIỀN-TRIỀU CUNG-TÀN TỐNG-THỊ 朝宮嬪宋氏祠
q01_page_58-0002,"Ở ngoài cấm giới lăng Thiên-thọ, 1 tòa 3 gian, dựng năm Thiệu Trị thứ 2 (1842)."
q01_page_58-0003,"ĐỀN HIỀN LƯƠNG 賢良祠 Ở phía tây nam Hương-giang ngoài kinh thành, phía đông chùa Thiên mụ, dựng năm Tự Đức 11 (1858), thờ Cần-chính-điện Đại-học-sĩ Trịnh Hoài Đức 勤政殿大學士鄭懷德 Đức-Quốc-công Phạm Đăng-Hưng 德國公范登興, trở xuống 39 người, đầu niên hiệu Đồng-Khánh thêm vào Võ hiền-điện Đại học. sĩ Tráng-liệt-bá Nguyễn-Tri-Phương 武顯殿大學士壮烈伯阮知方, cúng tế theo xuân thu nhị trọng (Tháng 2 tháng 8)."
q01_page_58-0004,"ĐỀN TRUNG-NGHĨA 忠義祠 Ở phía đông đền Hiền-lương, dựng năm Tự Đức 11 (1858) thờ Thống-chế Lê-Mậu-Cúc 統制黎戊菊 và Nguyễn-Văn-Thận 阮文慎 trở xuống 464 người, năm thứ 32 (1879) liệt tự thêm Chưởng-quốc-sự Lê-Đình-Lý, 掌國事黎廷理, Đông-các Trương Quốc-Dụng 東閣張國用, 1540 người nữa, cúng tế theo trọng-xuân, trọng-thu."
q01_page_59-0001,SƠN LĂNG 山陵
q01_page_59-0002,LĂNG TRƯỜNG-KY CỦA THÁI TỔ-GIA-DỤ HOÀNG-ĐẾ
q01_page_59-0003,"Ở sơn-phần xã La-khê huyện Hương-trà, khi đầu ninh-lăng (mai táng, lập lăng) ở núi Thạch-hãn, tức nay là Đăng-xương."
q01_page_59-0004,Sau dời đến chỗ đây Năm Gia-Long thứ 5 (1806) mới dựng lên các lăng và lăng này.
q01_page_59-0005,Năm Minh Mạng thứ 2 (1821) phong núi ấy làm núi Khải-vận 啟運山 tùng-tự đàn Nam-giao.
q01_page_59-0006,"Cẩn án cựu chế, các Tôn lăng có bảo thành 葆城 trong ngoài 2 lớp đều thấp, năm Minh Mạng 21 (1840) tu trúc cao thêm 2 3 thước, mặt trước lớp thành ngoại đặt thêm cánh cửa."
q01_page_59-0007,Lăng Vĩnh-ky của Gia-Dụ Hoàng Hậu 嘉裕皇后永基陵.
q01_page_59-0008,"Ở sơn-phần xã Hải cát huyện Hương-trà Lăng Trường-Diễn của Hy-Tôngg Hiếu-Văn Hoàng-Đế 熙宗 Ở sơn-phần xã Hải cát huyện Hương-trà, khi đầu ninh-lăng ở sơn-phần huyện Quảng-điền, sau dời đến đây."
q01_page_59-0009,Lăng Vĩnh-Diễn của Hiếu-Văn Hoàng-Hậu 孝文皇后 永衍陵 (xem địa chỉ Quảng-nam) Lăng Trường-Diên của Thần-Tôngg Hiếu-chiêu Hoàng-Đế Ở sơn phần xã An bằng huyện Hương-trà.
q01_page_59-0010,Lăng Vĩnh-Diên của Hiếu-chiêu-Hoàng-Hậu 孝昭皇后 永延陵 (xem trong địa chí Quảng-nam).
q01_page_59-0011,Lăng-Trường-Hưng của Thái Tông Hiếu-Triết Hoàng-Đế Ở sơn-phần xã Hải-cát huyện Hương-trà.
q01_page_60-0001,"Lăng Vĩnh hưng của Hiếu-Triết Hoàng-Hậu Chu Thị, 孝 Ở sơn phần xã An-ninh huyện Hương-trà."
q01_page_60-0002,Lăng Quang-hưng của Hiếu-Triết Hoàng-Hậu Tống-Thị.
q01_page_60-0003,Ở sơn phần xã Định-môn huyện Hương-trà Lăng Trường mậu của Anh-Tôngg Hiếu nghĩa Hoàng-Đế.
q01_page_60-0004,Ở sơn-phần xã Kim-ngọc huyện Hương-trà.
q01_page_60-0005,Lăng Vĩnh-mậu của Hiếu-nghĩa Hoàng-Hậu 孝義皇 Ở sơn phần xã Định-môn huyện Hương-trà.
q01_page_60-0006,Lăng Trường-Thanh của Hiền-Tông Hiếu-minh Hoàng-Đế.
q01_page_60-0007,Ở sơn phần xã Kim-ngọc huyện Hương-trà.
q01_page_60-0008,Lăng Vĩnh-thanh của Hiếu-minh Hoàng-Hậu 孝明皇 Ở sơn phần xã Trúc-lâm huyện Hương-trà.
q01_page_60-0009,Lăng Trường-Phong của Túc.
q01_page_60-0010,Tông Hiếu-ninh Hoàng-Đế Ở sơn-phần xã Định-môn huyện Hương-trà.
q01_page_60-0011,Lăng Vĩnh-Phong của Hiếu-ninh Hoàng-Hậu 孝寧皇 Ở sơn phần xã Long-Hồ huyện Hương-trà.
q01_page_60-0012,Lăng Trường-Thái của Thế-Tông Hiếu-võ Hoàng-Đế 世宗 Ở sơn-phần xã La-khê huyện Hương-trà.
q01_page_60_61-0001,Lăng Vĩnh-Thái của Hiếu-võ Hoàng-Hậu 孝武皇后 Ở sơn phần xã Dương-xuân huyện Hương-trà.
q01_page_61-0001,Sơn-phần Tuệ tĩnh Thánh-mẫu nguyên-súy 慧静聖母 Ở sơn-phần xã An-cựu huyện Hương-trà.
q01_page_61-0002,Lăng Trường-Thiệu của Duệ-Tôngg Hiến.
q01_page_61-0003,Định Hoàng-Đế Ở sơn-phần xã La-khê huyện Hương-trà.
q01_page_61-0004,"Khi đầu ninh-lăng ở huyện Bình Dương Gia Định, năm Gia-Long thứ 8 (1809) dời về Lăng Ky Thánh của Hưng-Tổ Hiếu-khương Hoàng-Đế 興 Ở sơn-phần xã Cư chính huyện Hương-thủy."
q01_page_61-0005,"Tương truyền năm Ất dậu (1765) Hưng-Tổ băng, tạm đề tử cung (quan tài) ở nhà riêng ở Dương-xuân, chưa coi đất an táng, đêm nọ có 1 lão-tăng đến hỏi: đã có chỗ đất an táng chưa? người nhà bảo chưa."
q01_page_61-0006,"Lão. tăng chỉ chỗ đất trũng ở núi Cư chính nói: chỗ đất ấy ta đã trổng mộc chí rồi, sáng ngày đến nhìn nhận theo phương hướng những cây đã cắm đó mà an táng."
q01_page_61-0007,Nói xong bỏ đi.
q01_page_61-0008,"Ngày mai người nhà y theo lời lão tăng qua tìm, quả thấy có mộc chí, mà tìm không thấy lão-tăng đi đâu, bèn dem an-táng nơi ấy."
q01_page_61-0009,"Mùa đông năm Canh-tuất (1790) Tây sơn vô-lễ, khiến Đô-đốc Nguyễn Văn Ngũ dời quan tài giấu ở vực sông trước lăng, vừa nhà của Ngũ bị thất hỏa, Ngũ chạy về Người xã Cư-chính là Nguyễn."
q01_page_61-0010,"Ngọc-Huyến lặn xuống vực dời giấu chỗ khác, sau chỗ ấy nồi thành gò cát."
q01_page_61-0011,Mùa hạ năm Tân-dậu (1801) khắc phục cựu-kinh.
q01_page_61-0012,"Ngọc-Huyến đem việc ấy tâu lên, vua bèn lựa ngày đem an-táng lại chỗ cũ."
q01_page_61-0013,Năm Gia-Long thứ 5 (1806) đắp sửa sơn-lăng và dưng tên hiện kim.
q01_page_61-0014,"Năm Minh Mạng thứ 2 (1821) phong núi này làm Hưng-nghiệp sơn 興業, tông tự vào Giao đàn."
q01_page_61_62-0001,"Lăng Thụy-Thánh của Hiếu-khương Hoàng Hậu 孝康皇 Ở xã Định-môn huyện Hương-trà, xây cất năm Gia-Long 11 (1812), phía tả sơn-lăng bảo-thành có dựng tầm-điện, tả hữu có phối. điện và dưng tên lăng làm Thụy-thánh-lăng."
q01_page_62-0001,"Lăng Thiên-Thọ của Thế-Tổ Cao Hoàng-Đế 世祖高皇 Ở Thọ sơn xã Định-môn huyện Hương-trà, xây đắp năm Gia-Long 14 (1815) đặt tên là Thiên Thọ lăng."
q01_page_62-0002,Thừa-Thiên Cao Hoàng Hậu hiệp tàng nơi đây.
q01_page_62-0003,"Trước lăng rộng 150 trượng, phía tả hữu và phía hậu 3 mặt rộng đều 100 trượng, 4 mặt bảo-thành đều dài hơn 40 trượng."
q01_page_62-0004,"Năm lăng xây đắp 2 nhà đá, cửa xây đá làm bệ cấp, phía hữu lăng dựng tầm-điện gọi là Minh-thành-điện 明成殿, và tả hữu phối-điện, trước có nghi-môn, sau có tòng. viện; phía tả làm bị đình « Thánh-đức Thần-công » 聖德坤功碑亭, phong Thọ-sơn làm Thiên-thọ sơn, tòng tự vào Giao đàn."
q01_page_62-0005,"4 bên các núi bao bọc 36 hòn, đều cho danh hiệu (những núi thuộc về trọng-địa của lăng tầm) thấy rõ trong địa-chí Thừa-Thiên."
q01_page_62-0006,"Thiên-Thọ hữu-lăng của Thuận-Thiên Cao-Hoàng-Hậu Ở Thuận-sơn phía hữu lăng Thiên-Thọ, năm Thiệu Trị thứ 6 (1846) dưng tên làm Thiên-Thọ hữu-lăng, phía hữu bảo-thành dựng tầm-điện gọi là điện Gia-thành 嘉成殿 và phối điện ở tả hữu."
q01_page_62-0007,Hiếu-lăng của 1 hánh.
q01_page_62-0008,Tổ Nhân Hoàng-Đế 聖祖仁皇帝孝陵.
q01_page_62-0009,"Ở núi Cầm-kê ấp An-bằng huyện Hương-trà, năm Minh Mạng 21 (1840) cho tên là Hiếu-sơn, năm Thiệu-Trị nguyên niên dưng tên là Hiếu-lăng."
q01_page_62-0010,"Hiếu Tổ Chương-Hoàng-Đế phỏng theo cách đường toại-đạo 隧道 (đường dưới mặt đất) đời xưa, chế địa-cung 宮 bao bọc có cửa bảo-thành gọi Bảo-thành-môn."
q01_page_62-0011,"Trước đào ao Tân-nguyệt, ở giữa xây cầu thông minh chính-trực 聰明正直, phía hữu xây cầu đá yển-nguyệt, trước ao có núi Tam-tài 三才, trên dựng minh-lâu 明樓 phía tả lầu gọi Thành-sơn, phía hữu gọi Bình-sơn 平山, dưới có Bình hồ gọi Trừng-minh-hồ 澄明湖, trong hồ đắp đê dài, ngoài xây 3 cầu đá gọi Trung-đạo kiều 橋, Tả phụ kiêu 左輔橋, Hữu-bật-kiều 橋, bên cầu giáp bến nước có Điều-ngư-đình 釣魚亭, dựa triền núi có Nghinh-lương-quán 迎凉館."
q01_page_62_63-0001,"Phía trước cầu trung-đạo có Chính-trung đại lãnh 正中大嶺 gọi Phụng-thần-sơn 奉宸山, trên làm điện Sùng-ân 崇恩殿 trước điện dựng đông tây tòng-viện, tường điện mở 4 cửa, phía nam gọi Hiền-đức-môn 門, bắc gọi Hoằng-trạch môn 門, phía đông, tây có cửa nách 掖門 Ngoài ra cửa Hiền-đức xây bái-đình 3 cấp, phía nam Thần đạo đắp trùng-đài, trên đài có xây đình, dựng bia Thánh. đức thần công 聖德神功碑, lại ở phía đông trên núi Viên."
q01_page_63-0001,"Trạch 澤園 có dựng các Linh-phương 靈芳閣, trên núi Đức hóa có dựng hiên Tuùn-lộc 馴鹿軒, trên núi Đạo-thống 道統山 dựng sở quan lan 觀瀾所, trên Tây-trấn thủy-đảo 西鎮水島 dựng tạ Hư-hoài 虛懷榭, lui phía sau dựng Thần-khố 神庫 trên Tĩnh-sơn 靜山 xây Tả tòng-phòng 左從房, trên Y-sor 懿山 xây Hữu tòng-phòng 右從房, ngoài xây la thành chu vi 433 trượng lẻ, mặt tiền có cửa Đại hồng 大紅門, phía đông cửa Tả hồng 左紅門, phía tây cửa Hữu hồng 右紅門."
q01_page_63-0002,Trong cửa Tả. hồng tại núi Phước ấm 福廬山 có làm trai Truy-tu 追思齋 ngoài la thành có tả hữu trực-phòng 左右直房 và tả hữu thủ.
q01_page_63-0003,"Lăng Hiếu-Động của Tá-Thiên Nhân Hoàng hậu. 佐天仁 Ở xã Cư-chính huyện Hương-thủy, năm Thiệu Trị nguyên niên (1841) làm sơn-lăng dưng tên ấy."
q01_page_63-0004,"Ở phía trước và phía sau đều xây bình phong, phía trước xây bái đình 3 cấp, đông tây đều song-hiên, trước xây thủy trì, ngoài thuy-trì xây 2 trụ-biểu chu vi trổng giới-trụ 40 chỗ."
q01_page_63-0005,"Xương-lăng của Hiến-Tổ Chương Hoàng Đ 憲祖章皇 Ở xã Cư chính huyện Hương-thủy, nguyên năm Tự Đức nguyên-niên (1848) tấn danh là núi Thuận-đạo 順道山 và dưng tên là Xương-lăng, trên xây bảo-thành dưới làm toại-đạo 隧道 phía tả dựng điện Biều đức 表德殿, cửa trước điện gọi Hồng trạch-môn 門, đối ngay giữa phía hữu dựng lầu Đức. hinh 德馨樓, đối ngang với lầu ấy hơi lui ra sau, dựng các Hiền-quang 顯光閣."
q01_page_63-0006,"Trước bảo thành 葆城 có ao nước ôm vòng theo, sắc nước xanh biếc đứng trong, gọi là ngưng-thúy tri 凝翠池, có xây 3 cái cầu đá đi thông qua lầu Đức-hinh."
q01_page_63-0007,"Ở giữa làm cầu Chính-trung 正中橋, phía tả làm cầu Đông-hòa 東和橋, phía hữu làm cầu Tây-định 西定橋."
q01_page_63-0008,"Trước lầu Đức. hinh có bi đình, dựng bia « Thánh-đức thần-công », trước sân có hồ nước trong sạch, gọi hồ Nhuận trạch 潤澤湖, lại ở phía tả có làm thần khố và binh xá."
q01_page_63_64-0001,"Các Tôn-lăng và các sở tầm, điện, lầu, các, hiên, quán, môn đình trên đây đều đặt một chính sử 1 phó sử để thủ hộ, còn có thuộc viên ty Điền-nghi và biền-binh 4 vệ (trung, tiền, tả, hữu) hộ lăng ở thủ hộ."
q01_page_64-0001,"Còn việc phụng-trực Xương-lăng thi trích biền-binh 1 vệ kỳ-Võ 耆武一衛兵 thủ-hộ, sau khi hữu-sự tỉnh giảm viên binh các Tôn-lăng chỉ đặt chính phó sử, còn Điền-nghi-ty thuộc trưởng thì trích một vệ kinh-binh phân-phái phụng thủ."
q01_page_64-0002,"Lăng Xương-Thọ của Nghi-Thiên Chương-Hoàng-Hậu Ở phía tả Xương-lăng Thuận-đạo sơn, niên hiệu Thành-Thái 13 (1901) dưng tên là Xương-tho-lăng, huyền cung, toại đạo thạch thất, bảo thành, đều làm y theo Đế chế, Bảo thành nội trước sau có dựng tắc-môn 門, tô vẽ hình song-phụng, trước bảo thành-ngoại có cửa lầu và bái-đình, trước xây giai-cấp lan-can và bồn hoa, 2 bên tả hữu đều xây trụ biểu vẽ hoa, ngoài có nguyệt hồ 月湖, dẫn nước suối chảy vào trong sạch khả ái, bên hồ xây lan can đá, ngoài trổng cấm-trụ giới hạn Khiêm-lăng của Dực-Tôngg Anh Hoàng-Đế 翼宗英皇帝 Ở Khiêm-sơn thuộc xã Dương-xuân-thượng huyện Hương trà, nguyên trong La-thành Khiêm-cung, niên hiệu Tự-Đức 36 (1883) dưng tên là Khiêm-lăng."
q01_page_64-0003,"Ở dưới huyền-cung có xây toại-đạo, trên làm nhà đá, trước đặt ghế đá, chu vi có bảo thành, cánh cửa đồng bảo-thành-ngoại: ở giữa dựng bi-đình, tả hữu 2 bên có trụ hoa-biểu bái-đình xây giai-cấp, trước bày hàng thị vệ bằng đá và voi đá ngựa đá, ngoài có ao Tiều khiêm-tri 小謙池 dẫn nước hồ cho chảy vào bao quanh ôm bọc từ hữu đến tả."
q01_page_65-0001,"Tầm điện xây ở phía hữu Tôn-lăng, tường trước cung có mở cửa tam-quan, trên xây từng lầu gọi cửa khiêm cung 門."
q01_page_65-0002,Trong cửa có điện chính-trung 正中殿 có nóc chính và nóc tiền gọi Hòa-khiêm-điện 和謙殿 để phụng Thần-ngự.
q01_page_65-0003,"Tả hữu lang (hành lang 2 bên) gọi Lễ-khiêm 禮謙, Pháp-khiêm 法謙."
q01_page_65-0004,"Phía bắc điện Hòa-khiêm làm điện Lương-khiêm 良謙殿 có nóc chính và nóc tiền, Phía đông gọi đường Minh-khiêm 鳴謙堂 phía tây gọi đường Ôn-khiêm 溫謙堂."
q01_page_65-0005,Phía tả hữu sau điện có 2 viện gọi Tòng-khiêm 從謙 và Dụng-khiêm 用謙.
q01_page_65-0006,"Sau nữa có các Lại ở phía tả cung-môn dựng đường Chí-khiêm 堂 phía hữu đường này dựng 2 Viện: gọi là Y-khiêm 依謙, và Trì Ngoài Đại-cung-môn có dựng 2 nhà vuông gọi Cung-khiêm và Công-khiêm 公謙 Trước cung-môn có hồ gọi Khiêm-hồ, trên hồ có dựng 2 cái tạ gọi Dũ-khiem-tạ 愈謙榭 và Xung-khiêm. tạ 冲謙榭, trong hồ có cái đảo gọi Khiêm đảo 謙島, trên đảo có 3 cái đình gọi Nhã. khiêm 雅謙 、 Tiêu-khiêm 標謙 và Lạc-khiêm 樂謙."
q01_page_65-0007,"Phía tả cái hồ có qua 3 cái cầu gọi Tuần khiêm, Tiễn-khiêm 錢謙, và Do-khiêm 由謙."
q01_page_65-0008,"Chân núi phía tả có đình gọi Thể-khiêm 體謙, đặt xạ bằng để làm trường bắn, xây la-thành bao quanh hình khuôn-thuần mở 3 cửa gọi Vụ khiêm 務謙, Thượng-khiêm 尚謙, và Tự-khiêm 自謙, ngoài thành có quan thự, quân xá, canh-điếm, và hộ-lăng vệ quân phụng thủ."
q01_page_65-0009,"Lăng Khiêm-Thọ của Lệ-Thiên Anh-Hoàng-Hậu 儷天英 Ở phía hữu Khiêm-lăng, trong La-thành."
q01_page_65-0010,Niên-hiệu Thành-Thái 14 (1902) dưng tên làm Khiêm-Thọ-lăng.
q01_page_65_66-0001,"Huyền-cung, toại đạo và bảo thành làm y theo Đế chế, trước bảo thành có bái đình xây giai-cấp 2 bên tả hữu dựng 2 trụ hoa biểu, chu vi xây lan can đá, có làm Bồi-lăng của Giản-tông Nghị Hoàng-Đế 簡宗毅皇宗陪陵 Ở tả sơn trong La thành Khiêm-lăng, nên hiệu Kiến-Phúc nguyên niên (1884) dưng tên làm Bồi Lăng."
q01_page_66-0001,"Huyền-cung, toại-đạo và bảo-thành y theo đế chế, Tầm điện ở bên tả khiêm-cung, trước trai Chấp-khiêm 執謙齋 dựng thêm tiền điện làm chỗ bày đồ tôn-tự, lấy trai Chấp-khiêm làm chính-điện phụng sự Thần-ngự dưng tên làm Chấp-khiêm-điện, phía sau dựng lầu gọi Di-khiêm-lầu Tư lăng của Cảnh Tông Thuần Hoàng-Đế 宗純皇帝思陵 Ở núi phía tả-khiêm-sơn, xứ Cửu-An."
q01_page_66-0002,"Thành-Thái nguyên-niên (1889) dưng tên là Tư-lăng, Huyền-cung, toại đạo, bảo-thành y thức trong bảo thành có tắc môn, trước có lầu môn, bái đình 3 cấp, 3 mặt tiền, tả, hữu xây lan can, bồn hoa, tẩm-điện ở phía hữu Tôn-lăng đắp viên tường mở 4 cửa, mặt tiền: cửa cung tam quan có từng lầu phía tả, hữu và hậu đều mở cửa nách, ở chính-trung dựng điện tên là Ngưng-Hy-điện 凝禧殿, có nóc chính và nóc tiền, tả hữu có phối đường, sau điện 2 bên tả hữu có tòng Viện và nhà cầu, ngoài cửa có điểm canh."
q01_page_66-0003,"An-lăng của Cung-Tôn Huệ Hoàng-Đế 惠皇帝安陵 Ở xã An cựu huyện Hương-thủy, xứ Tử-tây."
q01_page_66-0004,"Thành-Thái nguyên-niên dưng tên là An-lăng Xây đắp 1 tòa, chu vi có bảo-thành, trước sau có tắc môn, ngoài dựng cửa tam-quan, trên gác từng lầu hoàng ốc, tả hữu có trụ hoa-biểu, bái đình xây cấp bực có thành lan can, bồn hoa; tầm điện gọi là Long-ân điện 隆恩殿, có nóc chính và nóc tiền để phụng sự Thần ngự, phía tả hữu điện có Phối-đường, phía tả hữu sau điện có làm nhà cầu và tả hữu tòng viện, thành phía trước dựng môn lầu, xây bình-phong, 2 bên đều mở cửa nách ngoài dựng đại thứ phương-gia 大次方家 ngoài cửa có canh-điếm, quan thự, quân xá, bình-an mộc-kiều, thủy tỉnh đều đủ."
q01_page_66-0005,Có đặt 1 viên Phó-sứ trực thị và Vệ binh Hộ-lăng ở phụng thủ.
q01_page_67-0001,UYỂN HỰU 苑囿
q01_page_67-0002,DOANH CHÂU 瀛洲
q01_page_67-0003,"Ở hồ Kim-thủy 水湖 góc đông bắc trong cửa Hòa bình Hoàng-Thành, xây dựng đủ cả đường, lâu, đình, tạ, kiều, đê, các Cẩn án niên hiệu Thiệu-Trị thơ Thánh-chế22 cảnh Dinh Châu: 1– Hải-tĩnh niên-phong-các 海靜年豐閣, 2 vô hạn ý-lau 無限意樓, 3-Nhật-thành-lầu 樓, 4– Cát-vân đường 吉雲堂, 5-Tu-am-hiên 思廢軒, 6 – Tứ-phương-bình định-tạ 四方平定榭, 7-Trừng-tâm-tạ 澄心榭, 8-Truyền tâm-tạ 傳心榭, 9 – Hồ-tâm-đình 湖心亭, 10 – Quan-đức-đình 觀德亭, 11 – Bát-phong-tòng-luật-đình 八風從律亭, 12 Bộ nguyệt-đình 步月亭, 13 – Dịch-hương-đình 掖香亭, 14 Thất-hạm-đình + 槛亭, 15-Am-luc-hiên 廕綠軒, 16 – Thanh khả-cu 清可居, 17– Tiên-tra 僳槎, 18-An-phương 安舫, 19 Thiên-hồ-đảo 天壺島, 20-Trấn-bắc-đảo 鎮北島, 21-Kim. thủy-kiều 水橋, 22-Phương-anh đè 芳英提."
q01_page_67-0004,"KY HẠ VIÊN 幾暇園 Ở phía tả Hoàng-thành, phía nam hồ Kim-thủy, trước đó là điện Khâm-Văn, xây mặt hướng nam, phía bắc điện là Minh-hồ 明湖, ở giữa dựng các Quang-biểu 光表閣, sau các có lầu Thưởng-thẳng 勝 xây về phía bắc, phía tả có tạ Hòa-phong 和風榭, phía hữu có lang Khả-nguyệt 可月廊, chu vi 4 phía có Ninh-mật hồi-lang 寧謐迴廊, phía nam có cửa Thượng-uyền 上苑."
q01_page_67-0005,Năm Tự Đức thứ 2 (1849) lấy điện Khâm-văn làm sở Kinh-diên 經筵.
q01_page_67-0006,Năm Thành-Thái 17 triệt hạ tả hữu hồi lang đem làm binh-xá.
q01_page_67-0007,"Cẩn án Vườn này đầu niên hiệu Gia-long làm chỗ nội đình đọc sách cho Thánh-Tổ Nhân-Hoàng-Đế ngày còn tiềm long vậy, kịp khi xuất-cát lấy đất này làm Thiên phủ 天府, Năm Minh Mạng 18 (1837) cải làm kho tàng, dựng Ky hạ đường tiếp với núi Hồ cảnh Đầu năm Thiệu Trị đặt tên vườn, có Ngự-chế thơ vịnh 14 cảnh trong vườn Ky hạ: 1 – Điện khai văn-yến 殿開文宴, 2 – Lâu thưởng bồng-dinh 樓賞蓬瀛, 3 – Các minh tử chiếu 閣明四炤 4 – Lang tập quần phương 廊集摩芳, 5 – Hiên sinh thi tứ 軒生詩思, 6— Trai tả thư hoài 齋寫書懷, 7 – Trì lưu liên phưởng 蓮舫."
q01_page_67_68-0001,"8-Sơn tủng từng đình 山聳松事, 9 – Nghê kiều tễ nguyệt 橋霽月, 10-Thủy tạ quang phong 水榭光風, 11 Võ giang thẳng tích 武江勝蹟, 12-Tiên động phương tung 仙峒芳蹤, 13 Hồ-tân liễu-lăng 湖津柳浪, 14-Đảo thụ Oanh thanh 島樹鶯聲."
q01_page_68-0001,"HỒ TĨNH-TÂM 淨心湖 Ở góc đòng-bắc ngoài Hoàng-thành, phía nam kinh thương (Nhà kho kinh đô), xây quanh tường gạch, mở 4 cửa, phía nam gọi hạ huân 夏薰, phía đông gọi xuân-quang 春光, phía tây gọi thu nguyệt 秋月, phía bắc gọi đồng-hy 冬麟."
q01_page_68-0002,"Tronghồ có 3 đảo: đảo phía nam gọi Bồng-lai-đảo 蓬萊島, trên đảo dựng điện Bồng-doanh 莲瀛殿, đông làm tạ Thanh tâm 清心榭, tây làm lầu Trừng-luyện 樓, nam làm cửa điện, trước cửa làm cầu Bồng-doanh 蓬瀛橋 bắc làm cầu Hồng-cử 紅渠橋."
q01_page_68-0003,"Đảo phía bắc gọi Phương-trượng đảo 方太島, trên đảo dựng các Nam-huân 南薰, đông lam đường Thiên nhiên 天然堂, tây làm hiên Dưỡng-tánh 養性軒, bắc làm lầu Tịnh tâm 心樓, nam làm cửa Bích-tảo 碧藻門, trước cửa làm cầu Bích-tảo 碧藻橋."
q01_page_68-0004,"Ở trung-gian 2 dảo dựng đình Tứ-đạt 四達亭, phía nam đình thông với cầu Hồng cừ, phía bắc thông với cầu Bích-tảo, phía đông phía tây nơi đình đắp đê dài, theo bờ đê đều trổng liễu tên là đê Kim Oanh 金鶯堤, Phía đông qua cầu Lục-liễu 綠柳橋 thông với cửa Xuân-quang 春光門, phía tây qua cầu Bạch-tần 白蘋橋 thông cửa Thu-nguyệt 秋月門; phía tây-nam cầu Bạch-tần đến chỗ nước có dựng khúc tạ 曲榭, trước khúc tạ ngó về nam là đảo Doanh Châu."
q01_page_68-0005,"Các cầu ấy đều có nhà che trên, trong hồ có những sen, súng tre, cây, chim bay cá nhảy, sắc xanh xen lộn sắc đỏ, hoa lá tốt tươi."
q01_page_69-0001,"Cẩn án đầu niên hiệu Gia-Long nhân sông cũ ngăn một đoạn làm thành hình vuông rộng, trong có 2 gò cồn làm 2 kho hỏa-dược diêm-tiêu, tên là ký-tế trì 池."
q01_page_69-0002,"Năm Minh Mạng 19 (1838) dời 2 kho ấy làm qua phía đông, lấy chỗ ấy làm hồ Tịnh-tâm có tên nữa là hồ-Bắc 北湖."
q01_page_69-0003,"Có thi tập Thánh-chế vịnh 10 cảnh trong Bắc hồ: 1. – Oanh đề xuân sắc 寓堤春色, 2. – Khúc tạ hà-phong 曲榭荷風 3. – Tịnh-hồ Minh-nguyệt 淨湖明月, 4-Trúc kính thừa lương 竹徑乘凉, 5. – Thủy tạ quan ngu 水榭觀魚, 6. – Hồ lâu yên VÕ 湖樓烟雨, 7. – khinh tra thưởng liên 輕槎賞蓮 8. – Nam huân lãm thắng 南薰覽勝, 9."
q01_page_69-0004,"Trừng luyện vẫn diễu 澄練晚眺, 10-Tam châu hiều cảnh 三洲晓景 Những cảnh này đều chạm vào tấm biển treo tại nơi."
q01_page_69-0005,"Niên hiệu Thiệu Trị thơ Thánh-chế vịnh 20 cảnh Thần-kinh nơi đây là 1 cảnh, gọi là « Tịnh hồ hạ hứng » 淨湖夏興, CÓ chạm vào bảng đồng."
q01_page_69-0006,"Lại ở phía bắc Hoàng-thành ngay trước có vườn Thư-quang 舒光園, ở phường nhuận ốc bờ phía nam Ngự-hà, chu vi độ 1 dặm, chỗ chính-trung làm lầu Thưởng thẳng 樓, phía đông làm điện Phụng phương 奉芳殿, phía tây làm đình Tấn phương 進芳澄, phía nam làm hiên Trừng-phương 澄芳軒 phía bắc làm hiên Hiệp-phương 合芳軒."
q01_page_69-0007,4 phía đào ao xây cõng nước thông nước ởNgự-hà.
q01_page_69-0008,"Giáp 2 bên bờ ao xây đài hoa, 4 mặt đều gác cầu đi qua ao."
q01_page_69-0009,"Cầu phía đông phía tây có nhà che trên, phía nam phía bắc làm cầu bằng, đặt ván có cơ quan đề ghe thuyền qua lại cho thông."
q01_page_69-0010,"Vườn xây hướng đông, nhân đặt tên là Thư-quang-viên 舒光園 lập năm Minh Mạng 17 (1836)."
q01_page_69-0011,"Cẩn án: Năm ấy (1836) lập vườn xong, Thánh-Tổ Nhân."
q01_page_69-0012,"Hoàng-Đế phụng nghinh Từ giả Thuận-Thiên Cao Hoàng-Hậu ngự đến lầu Thưởng-Thắng du lãm, có ngự chế thi chương đềkỷniệm việc ấy (thấy rõ trong Thánh-chế thi tập)."
q01_page_69-0013,"Năm 19 (1838) cho đãi yến các Tiến-sĩ tân khoa ở đây, gọi là Thư-quang-yến và được thưởng hoa trong vườn để làm thạnh-sự."
q01_page_69-0014,"Năm Thiệu Trị thứ 3 (1843) Thánh chế thi vịnh 20 cảnh Thần kinh, đây là 1 cảnh gọi là « Thơ-uyền xuân quang có chạm vào bảng đồng."
q01_page_69-0015,"Sau vì chỗ này gần với cung Khánh-minh, bèn dỡ lầu điện này lấy cây gỗ dời làm qua vườn Ky-hạ, sau đó cũng bỏ."
q01_page_70-0001,VƯỜN THƯỜNG-MẬU 常茂園
q01_page_70-0002,"Ở phường Thùa thanh, phía nam Tịch điền trong kinh-thành."
q01_page_70-0003,"Trong vườn có đảo Bồng hồ 蓬壺島, bao bọc có ao Thanh ninh 清寧池, trên đảo dựng lầu Kỷ-Ân 樓 (tên cũ là Thừa-ân 恩樓), năm Thiệu-Trị nguyên niên (1841) đổi lại tên này, có chạm bia đá dựng ở phía tả cửa lầu."
q01_page_70-0004,"Phía nam trước lầu có hiên [ u-trai 軒. bệ hiên sát đến ao, bờ ao ở phía nam phía bắc dựng thạch trụ và cửa Linh tinh 橋星, phía nam làm đường Chỉ thiên 止善堂, tả hữu có hành lang dài nối liền với lầu Kỷ-Âu; cửa giữa làm cầu qua ao, phía tả cầu Quang phong 光風橋, phía hữu cầu Tễ nguyệt 月橋."
q01_page_70-0005,"Phía bắc lầu, về phía tả làm các Thông-minh 聰明閣, phía hữu làm tạ Trừng-thanh 澄明榭, đều ở trong ao nước."
q01_page_70-0006,"Lại ở phía bắc sau lầu giữa ao có núi Tam Thọ 山, phía nam núi làm đình Lục hiệp 六合亭."
q01_page_70-0007,"Phía đông núi làm quán Tử-đại 四太觀, phía tây núi làm tháp Giác-viên 覺 Trong vườn có giếng gọi là cam-lo-tỉnh 甘露井."
q01_page_70-0008,"Cẩn án Năm Minh-Mạng 21 (1840) Thánh-Tổ nhân-Hoàng Đế khiến ở trước ruộng Đế-tịch mở 1 danh viên, thâu thập hiên lầu trong vườn Ngự-uyền dời làm ở đấy, xây cất đình viện đào đắp hồ núi gọi là vườn Thường mậu."
q01_page_70-0009,Nhân đó ban cho Hiếu Tổ Chương-Hoàng-Đế để làm chỗ nghiên cứu kinh sử sau khi thị vấn được rảnh rỗi.
q01_page_70-0010,Đầu niên hiệu Thiệu-Trị trùng tu chỉnh lý để làm chỗ tư tất cày ruộng Tịch-điền.
q01_page_70-0011,"Có thơ ngự-chế vịnh 10 cảnh trong vườn Thường mậu: 1 Cao lâu thẳng-thuởng 高樓勝賞, 2-Quảng hạ đàm văn 廣廈談文, 3-hiên-lan hoa lộ 軒桐花露, 4-Trai dũ 牖山梅, 5-Sơn-đình mai võ 山亭梅雨. tịch hà 6 – Thủy-các hoa phong 水閣花風."
q01_page_70-0012,"7-Thanh trì hương huyện 池香練, 8. – Lương tạ tình ba 凉榭晴波, 9. – Song kiều giá nguyệt 橋架月, 10. – Tam phong sáp vân 三峰插雲."
q01_page_70-0013,"Trong 12 cảnh ở Thần kinh, đây một cảnh gọi là « Thường-mậu quan canh » 茂觀耕, bốn chữ ấy có chạm vào bảng đồng."
q01_page_71-0001,VƯỜN THƯỜNG-THANH 常青園
q01_page_71-0002,"Ở phường Phong-doanh phía đông kinh-thương trong vườn dựng đường Hòa-cảm 感堂, tường bao quanh xây gạch, có 4 cửa, trong trổng khắp những cây có quả ngon."
q01_page_71-0003,Cẩn án niện hiệu Minh Mạng 17 (1836) mới lập vườn này để làm chỗ cho các vị Hoàng Tử nhóm nhau trò chuyện yến tiệc vui chơi.
q01_page_71-0004,"Vua thường giá-lâm ngự-lãm những thi chương xướng họa lấy thi thơ làm vui, lại có khuyến tưởng những bài thơ có chép trong Thánh chế thi tập."
q01_page_71-0005,"Lại ở bờ phía tây sông Hộ-thành phía hữu kinh thành, năm Minh Mạng 19 (1338) mở lập các vườn: Xuân-Viên 春園 Diễm-lục."
q01_page_71-0006,"Viên 艷綠園, Tu-mậu-Viên 滋茂園, Thanh-phương-Viên 青芳園, Tiên nhuận."
q01_page_71-0007,"Viên 鮮潤園, Phồn-phong-Viên 繁豐園, Tứ thạnh Viên 滋盛園, Thúy-mỹ."
q01_page_71-0008,"Viên 翠美園, Mậu-hanh-Viên 茂亨園 Vinh xương-Viên 榮昌園, Tú-phát-Viên 秀發園, Vĩnh-am-Viên"
q01_page_72-0001,ĐẠI TẠ 臺榭
q01_page_72-0002,ĐÀI-QUAN-TƯỢNG 象臺
q01_page_72-0003,"Ở góc tây nam kinh-thành, phía bắc đài Nam minh 明, cao độ 1 trượng, trên dựng đình Bát-phong 八風, trổng trụ cờđề nghiệm phong-hậu 風候, do Khâm-thiên-giám chưởng quản."
q01_page_72-0004,Dựng năm Minh Mạng 17 (1836).
q01_page_72-0005,"KỲ-ĐÀI Ở thẳng trước cửa Ngọ-môn trong kinh-thành, đài xây 3 từng, từng dưới cao 1 trượng 4 thước, từng giữa cao 1 trượng 4 thước 5 tấc, xây cửa vành-nguyệt rộng 1 trượng, từng trên cao 1 trượng 5 thước, của vành-nguyệt rộng 5 thước, trụ cờ 2 từng, cao 7 trượng 1 thước 5 tấc."
q01_page_72-0006,"Năm Thiệu-Trị thứ 6 (1816) dưng trụ cờ mới dài cả 7 trượng 6 thước 5 tấc, ở trên đặt cái vọng-đầu (chỗ ngồi đề trông coi), phàm có việc triều hạ, tuần hạnh, cho đến việc cảnh cấp đều có kỳ hiệu thỉnh thoảng leo lên vọng-đầu lấy kính thiên-lý dòm ra ngoài biển. trên đài còn đặt 8 xưởng súng."
q01_page_72-0007,"Năm Thành-Thái thứ 16 (1904) nhân gió bão trụ cờ ngã gãy, phải bổ biện mới lại."
q01_page_72-0008,"PHU-VĂN-LÂU 救文樓 Ở chính-trung quách phía nam ngoài kinh thành, xây mặt hướng nam, 2 từng lầu, khi có Chiếu-thơ và bảng thi đình thi hội đều treo nơi ấy, khi trước gọi là đình bảng, năm Gia-Long 18 (1849) mới dựng lầu, phía đông-nam lầu có trại dài long-thuyền ngư hộ."
q01_page_72_73-0001,"Năm Thành-Thái 16 (1904) tu trấp 2 tòa nhà vuông ở tả hữu, năm 17 (1905) tu bổ lại và làm 1 tấm biển, bên tả khắc: dựng ngày tháng 6 năm Gia. long 18 (1849) 嘉隆十八年六月日建, bên hữu khắc: dựng mới lại ngày tháng 2 năm Thành Thái 17 (1905) 成泰十七年二月 LẦU TÀNG-THU 書樓 Ở phường Phong-doanh phía đông hồ Tịnh tâm trong kinh thành, dựng năm Minh Mạng thứ 6 (1825); lầu xây gạch, từng trên 7 gian 2 chái, từng dưới 12 gian, 4 phía xây lan can, bao quanh có ao vuông gọi là Học-hải trì 海池, phía tây ao có gác cầu đề thông ra vô."
q01_page_73-0001,"Lầu này chứa sách tịch thượng niên của 6 bộ và các nha, năm Thành Thái 16 (1904) làm lại 1 điểm cạnh giao binh-đinh ở canh gác."
q01_page_73-0002,"HÀNH-CUNG HƯƠNG-GIANG 江行宮 ở bến sông Hương-Giang, ngoài quách trước kinh thành."
q01_page_73-0003,"Mỗi năm đến tiết xuân hạ nóng nực, nên tại bến sông dựng lương tạ đề vua hóng mát nơi ấy."
q01_page_73-0004,"Trên bờ có dựng Hành-cung làm chỗ triệu các quan đến thưa gởi; dựng năm Tự Đức thứ 5 (1852), qua năm Thành-Thái 15 (1903) trùng tu nghiêm chỉnh hoàn hảo đề lâm HÀNH-CUNG THẦN-PHÙ 行宮 Hành-cung dựng trên bờ phía nam sông Lợi-nông thuộc xã Thần-phù huyện Hương-thủy."
q01_page_73-0005,"Nơi bến nước dựng tạ Thanh-quang Cẩn án: Đầu niên biệu Minh-Mạng làm tạm nhà tranh để cho có chỗ Tuần-hạnh, nhưng gặp tiết thu mưa lụt bị hư, năm 20 (1839) làm lại ngói gạch."
q01_page_73-0006,"Phía đông, tây và bắc có rừng ao có những sa-cầm thủy-điều quần tụ nơi ấy."
q01_page_73-0007,"Vua thường giá-lâm xem ruộng mạ, nhân đó đến bắn thử."
q01_page_73-0008,"Niên hiệu Thiệu-Trị thánh chế20 cảnh ở Thần-kinh, đây là 1 cảnh gọi là Đông-lâm đặc điều 東林弋鳥 (bắn chim rừng đông) có chạm bia dựng đình nơi đây."
q01_page_73-0009,"HÀNH CÙNG THUẬN-TRỰC 順直行宮 Ở xã Hà-trung huyện Phú-lộc, niên hiệu Minh Mạng làm tạm nhà tranh để làm chỗ Tuần-hạnh, nhưng mỗi khi làm lên rồi lại dỡ đi, vả lại chỗ ấy chật hẹp, năm 20 (1839) lựa chỗ này làm 1 tòa nhà ngói để làm chỗ vua trú-tất."
q01_page_73-0010,"HÀNH CUNG THUẬN-AN 安行宮 Ở bờ phía tả cửa tấn Thuận-an thuộc ấp Thai-dương hạ huyện Hương-trà, dựng năm Minh Mạng 18 (1837)."
q01_page_73-0011,"HÀNH CUNG THÚY VÂN 雲行宮 Ở phía nam chân núi Thúy-vận thuộc ấp Đông-am huyện Phú-lộc, dựng năm Minh Mạng 18 (1837)"
q01_page_74-0001,PHỦ-ĐỆ 府第
q01_page_74-0002,ĐƯỜNG ĐOAN-BẢN 端本堂
q01_page_74-0003,"Ở phường Hiệu-trung trong kinh-thành Cẩn án: Năm Gia-Long 15 (1816) dựng cung Thanh Hòa làm chỗ ở cho Thánh-Tổ Nhâu-Hoàng-Đế khi còn làm Hoàng-thái-tử Ở giữa, dựng điện Thanh-hòa, phía đông đường Ngọc-kính 1 鏡堂, phía tây đường Tập-thiện 集善堂, phía trước đường Đoan bản, 2 bên tả hữu có lường vu, phía nam cửa Chăn-hanh 震亨門, phía đông cửa Tả-định 左定門, phía tây của Hữu-định 右定門, phía bắc cửa Xuân-hòa 春和門, Năm Minh-Mạng thứ 6 (1825) triệt điện lấy gỗ dời làm cung Khánh-minh 寧宮, lấy đường Tập-thiện làm chỗ giảng-học cho các Hoàng."
q01_page_74-0004,Tử Thân-công.
q01_page_74-0005,"Năm thứ 19 (1838) lấy đường Đoan-bản làm giảng đường gọi là đường Càn-đông 乾東, các Hoàng-tử Hoàng-tôn đều đến đây học tập."
q01_page_74-0006,"ĐƯỜNG CHỈTHIỆN 止善堂 Ở phường Ngưng-hy trong kinh-thành, là sở Tiềm-đềcủa Vua Hiến-Tổ, đầu niên hiệu Thiệu Trị dỡ lấy cây gỗ dời làm ở trong vườn ĐƯỜNG PHƯỚC THIỆN 福善堂 Ở phường Vĩnh An trong kinh thành, là Tiềm-đề của vua Dực-Tôngg."
q01_page_74-0007,"Đầu niên hiệu Tự-Đức đổi tên Phước thiện, nay đã dỡ lấy cây gỗ dời làm chỗ khác."
q01_page_75-0001,QUAN-THỰ 官署
q01_page_75-0002,VIỆN CƠ-MẬT 密院
q01_page_75-0003,"Nguyên ở hữu trực phòng phía Tả-Vu, 左廉之右直 Viện chế: có 4 Đại thần sung vào viện, dùng quan Văn-ban m phẩm dĩ thượng, đều lấy bản-chức mà sung vào viện, còn ện-thuộc thì dùng quan ngũ lục phẩm mỗi phẩm 2 người, quan ất phẩm 4 người, đều lựa các quan trong 6 bộvà các tự viện 院 › sung, cũng lấy bản chức sung làm Viện-hành tầu."
q01_page_75-0004,Phàm việc quân quốc cơ vụ thuộc về quan-yếu cần mật thì u do nơi viện này.
q01_page_75-0005,Thuộc với viện có Nam-chương-kinh Bắc-chương-kinh 章京 đặt ra năm Minh Mạng 14 (1833). ăm Minh Mạng 18 (1837) cải Nam-chương-kinh làm Nam-ty 南司 ic-chương-kinh làm Bắc-ty 北司.
q01_page_75-0006,"Từ sau khi hữu-sự, giao thiệp hiều việc, nên đặt viện ra ngoài đề tiện thương nghị."
q01_page_75-0007,Viện cũ chỉ phải thuộc viên luân phiên túc trực phụng thủ ương sở châu-bản mà thôi.
q01_page_75-0008,"Năm Đồng-Khánh nguyên-niên (1886) m đặt viện ở tây hiên binh-bộ-đường, năm Thành Thái nguyên ên (1891) lại đăt 5 Phụ chính Đại thần kiêm sung việc viện, lại đặt êm 1 Tham-biện, 1 Thương biện, 2 Viên-ngoại, 2 Biên-tu, 6 Thừa ện lệ thuộc."
q01_page_75-0009,"Năm thứ 3 (1891) dời viện sở ở Chính-mông-đường làm viện mới Cơ-mật, năm thứ 6 (1894) làm thêm 1 tiền-đường gian 2 chái, để làm chỗ hội thương."
q01_page_75-0010,"Năm thứ 9 (1897) Phụ-chính ại thần giao trả chính quyền lại vua, khi ấy dùng Chính-khanh 6 (tức Thượng-thơ) sung làm Cơ-mật Đại-thần Năm thứ 11 (1899) lại dời làm ở chùa Giác-hoàng 覺皇."
q01_page_75-0011,"Qui thức: 1 tòa chính 3 gian 2 chái, tòa có 2 từng, từng ên ở trước cửa khắc 3 chữ « Cơ-mật-viện », xây 5 cửa vành guyệt, phía tả, hữu xây 2 cửa vành-nguyệt."
q01_page_75-0012,"Từng dưới mặt trước ây 7 cửa vành-nguyệt, ngoài thềm hoa xây bình-bạt 3 gian (đều ùng vôi gạch, sau đây đều vậy cả) mặt tả, hữu đều xây 6 cửa V, N. ngoài thềm hoa đều xây 3 gian bình-bạt."
q01_page_76-0001,2 dãy nhà tả hữu đều 15 gian 2 chái.
q01_page_76-0002,"Năm 16 (1904) bị gió bão trốc ngói, lợp lại thứ ngói đá đen, tử vi xây la thành, mặt tiền và tả hữu đều có 1 cửa, cửa trước tam-quan, từng trên có môn-lầu, trong cửa xây 1 bình-phong, trong sân đặt 1 cái đỉnh bằng đồng, đỉnh đúc năm Thành-Thái 11 (1899)."
q01_page_76-0003,Trong cửa tả hữu đều có 1 cái giếng nước rất trong ngọt (nhưng cựu bên chùa có giếng thanh phương 清芳井).
q01_page_76-0004,Viện này: tòa chính làm chỗ cho quan tây và quan nam hội thương chính-sự.
q01_page_76-0005,2 dãy nhà tả hữu làm chỗcho các quan Hội biện làm việc.
q01_page_76-0006,Qui thức cao rộng sáng sủa có vẻ nhã-quau.
q01_page_76-0007,"Còn viện cũ (Chính mông đường), năm thứ 17 (1905) cải làm sở Tôn-học, sau lại trùng tu làm Học-bộ Thượng-thơ-đường."
q01_page_76-0008,NỘI CÁC 內閣 Ở Tả-trực phòng bên tả vu.
q01_page_76-0009,"Cẩn án: Đầu niên hiệu Gia-Long làm phòng văn thơ, ở Tả-trực-phòng bên Hữu-Vu, đặt chức Thượng-bảo-khanh 尚葆卿 và Thương-bảo thiếu-khanh 尚葆少卿 chưởng quản, chia làm 4 tào: Thượng bảo Khỉ-cư-chú, Đồ-thơ và Biều-bộ."
q01_page_76-0010,"Năm Minh-Mạng thứ 7 ban thứ theo Hữu-trực-phòng Tả-Vu, năm 11 đổi làm Nội các, lập ban thứ theo sau Lục bộ."
q01_page_76-0011,"Năm 14 (1833) dời qua Tả-trực-phòng, dùng Thị-lang trong 6 Bộ, Thông-chính-sử, Phó sử và Hàn-lâm-Viện Trực học sĩ sung chưởng việc các, năm 17 (1836) cải tào Đồ-thơ làm tào Bí-thơ, tào Khỉ-cư chú làm tào Thừa-vụ, năm Thiệu-Trị thứ 4 (1844) đổi định làm Thượng-bảo, Bi-thơ, Ty-luận và Bản-chương phàm 4 sở thuộc-viện, dùng quan tứ phẩm trở xuống có Viện-hàm Hàn-lâm VIỆN TẬP HIỀN 賢院 Ở hướng đông-tây Tử-cấm-thành 紫禁城, dựng năm Tự-đức nguyên-niên (1848)."
q01_page_76-0012,"Quan chế: Đặt 2 Kinh-diên giảng-quan 經延講官, 6 Kinh-diên nhật-giảng-quan 經筵日講官 12 Khỉ-cu-chú 起居註, 4 Bút-thiếp-thức 筆帖式, nay đã tỉnh giảm."
q01_page_77-0001,VIỆN THÁI-Y 院.
q01_page_77-0002,"Ở phía đông Duyệt-thị-đường 間是堂, trong Tử cấm. thành 紫禁城, đặt 1 Viện-sử, 2 Tả-hữu viện-phán 左右院判, 1 Ngự-y và 1 Phó-ngự-y 御醫副御醫, cùng y-chính, y-phó, y-sinh, ngoại-khoa 醫正, 醫副, 醫生, 外科 đều lệ thuộc."
q01_page_77-0003,Lại dựng sở Thái-y ở phường Đông-phước trong kinh-thành để cho Viện-phán và Y-sinh ở.
q01_page_77-0004,"Đầu niên-hiệu Gia-Long làm ở phường Dưỡng-sinh, trong niên hiệu Minh-Mạng dời qua chỗ đây năm Thành-Thái nguyên niên (1889) trùng tu."
q01_page_77-0005,"XỨ THỊ VỆ 侍衛處 Ở phía tả viện Tập-hiền, xây về hướng tây."
q01_page_77-0006,"Dựng năm Thiệu-Trị thứ 4 (1844), đặt viên Chưởng-lãnh 掌領員, dùng văn võ đại-thần sung vào, thống-quản ngũ-đẳng thị vệ-xứ, chủ coi các sở Trực-lư, cung cấp, nội tạo và cần-tin-ty lệ thuộc vào."
q01_page_77-0007,"Còn sở Thượng thiện, Thượng trà, Thái-y cũng đều liên quan vào PHỦ NỘI VỤ 內務府 Ở phía nam vườn Ky hạ, trước có sở Chi-thu 支收所 phía tả có sở Nội tạo 內造, phía hữu có sở Đốc-công 督工 phía sau có 4 dãy nhà kho Thập-hiệu + 號庫, có 3 cửa: ở giữa là cửa Nội vụ, phía tả cửa sở Nội tạo, phía hữu cửa sở Đốc."
q01_page_77-0008,"Phủ này đặt chức Thị-lang chưởng-quản, thuộc quan có Lang trung, Viên-ngoại-lang, Chủ-sự, Tư-vụ, thuộc ty có Thơ lại."
q01_page_77-0009,"Sở Nội tạo đặt riêng Quản viên, các Tượng-cục 匠局 đều lệ thuộc."
q01_page_77-0010,"Đầu niên hiệu Gia-Long làm nhà Nội đồ 內圖 ở phía tả cửa Hưng-khánh thuộc Tử cấm-thành, năm Minh Mạng nguyên. niên (1820) đổi lại tên này, qua năm thứ 18 (1837) mới thiên dị."
q01_page_78-0001,"Nay đổi dùng theo thức Tây-Âu làm lầu 2 từng, để làm chỗ tàng trữ chi thu, các hiệu-khố đều cũng triệt giảm."
q01_page_78-0002,Năm thứ 18 (?) triệt hữu-khố đem tu bổ tả-khố đề qui trí hạng liệu công-thảng PHỦ TÔN-NHÂN 尊人府 Ở phường Trung-thuận trong kinh-thành.
q01_page_78-0003,"Dựng năm Minh Mạng 13 (1832), trùng tu năm Thành-Thái thứ 2 (1890), năm thứ 15 đắp thêm mặt nền ty tả hữu."
q01_page_78-0004,"Phủ đặt chức Tôn-nhân-linh 尊人令, Tả-hữu Tôn-chính 左右尊正, Tả-hữu-Tôn-nhân 左右尊人 và Tả hữu Tôn-khanh 左右尊卿, sở thuộc lại có tả hữu Tá-lý, Lang-trung, chủ sự, Tư-vụ, Thừa-biện 佐理, 郎中主事, 司務, 承辨 lệ thuộc Quốc-sử-qu án 國史館 Ở phường Phú-văn trong kinh-thành, có chính phó Tổng-tài (không nhất-định), 4 Toản-tu, 8 Biên-tu, 4 Khảo-hiệu, 6 Đằng-lục 6 Thu-chưởng, dựng năm Minh Mạng thứ 2 (1821), Năm Thiệu-Trị thứ 2 (1842) dựng thêm nhà dài ở tả hữu, ngăn tường gạch 4 phía để làm chỗcho nhân viên tu-thơ trong quán cư trú."
q01_page_78-0005,"Năm Tự Đức thứ 2 (1849) làm thêm Tàng-bản- đường 藏板堂 ở sau quán, trước sân bên hữu có giếng nước rất trong ngọt, tương truyền đó là giếng xưa của xã Diễn-phái."
q01_page_78-0006,Năm Thành-Thái nguyên-niên (1889) lấy nhà dài phía hữu giao cho viện Đô-sát cư trú.
q01_page_78-0007,Năm thứ 2 (1890) tu bổ nhà tả-quan-cư và trù làm những tủ sơn đỏ và tủ gỗ.
q01_page_78-0008,"Năm 14 (1902) đắp thêm nền đường cao 1 thước tây; chính-đường, hậu. đường cùng nhà phía tả ở trước có tu bổ lại, còn nhà dài phía tả triệt hạ qui trí BỘ LẠI 史部 Ở phường nhân hậu trong kinh-thành, quan-chế: đặt 1 Thượng-thơ, tả hữu Tham-tri và tả hữu Thị-lang đều 2 người thuộc viên Lang-trung, Viên-ngoại-lang, Chủ-sự, Tư-vụ, thuộc ty có Thơ-lại."
q01_page_79-0001,"Cẩn án đầu niên hiệu Gia-Long, 6 Bộ đều đặt 1 Thượng thơ, 2 Tham-tri, 4 Thiêm-sự, 2 câu kê, và Cai-hạp Thủ-hạp, Lịch sử."
q01_page_79-0002,"San đặt thêm 1 chức Tham-hồi, lập ban ở sau chức Tham-tri (không định-viên), năm inh-mạng thứ 2 (1821) đặt thêm viên dịch 6 Bộ, mỗi Bộ đặt 4 Lang-trung, 4 chủ-sự, 4 Tư-vự, còn Bác cửu-phẩm Thơ-lại đều 8 người, số Vị-nhập-lưu Thơ-lại: Bộ lại và BộBinh đều 70, người Bộ-Hộ 100 người, Bộ-Lễ và Bộ-công đều 50 người, Bộ Hình 60 người."
q01_page_79-0003,"Lấy 6 Bộ và viện Đô-sát, Đại-lý-tự, Thông-chính sở gọi làm Cửu-khanh 九卿, đặt thêm Tả Hữu Thị-Lang."
q01_page_79-0004,"Năm thứ 8 (1827) lại cải chức Thiêm-sự làm Lang-trung, Lang-trung làm Viên-ngoại lang."
q01_page_79-0005,"Năm Thiệu-Trị thứ 4 (1844) đặt 5 ty: Lại ấn, Văn tuyền, Trừng tự, Kê-huẩn, Phong-điền 吏印, 文選, 澄敘, 稽勳, 封典 Năm Tự Đức thứ 3 (1850) giảm 2 ty Lại-ấn và Kê-huân."
q01_page_79-0006,"Niên hiệu Gia-Long dựng Trường-giải (nhà dài) 6 Bộ, ở 2 phường Liêm-năng và Thận-cần trong kinh-thành."
q01_page_79-0007,"Năm Minh Mạng thứ 8 (1827) dời làm ở chỗ hiện nay, quí chế rộng rãi, 1 Thượng thơ đường, 2 tả hữu Tham-tri-đường, 2 tả hữu Thị-lang-đường mỗi Bộ có 6 ty-viên phòng ốc, bao quanh xây tường gạch, trước sau đều có 1 cửa."
q01_page_79-0008,"Trong niên hiệu Thành Thái, 6 Bộ-đường đều tu bổ sửa đổi theo thức Tây, phòng ốc ty viên tả hữu lần hồi triệt hạ, làm riêng nhà dài ở 2 bên đường trong cửa đông-môn để cho thuộc viên BỘ HỘ 戶部 Ở phía đông Lại-bộ-đường, đường chế giống như Bộ-Lại."
q01_page_79-0009,"Năm Thiệu-Trị thứ 4 (1844) đặt 7 ty: Hộ-Ấn, Kinh-trực, Lưỡng-kỳ, Nam kỳ, Bắc kỳ, Thưởng-lộc, Thuế hạng, 戶印, 京直, 兩畿南圻, 北圻, 賞祿, 稅項."
q01_page_79-0010,"Năm Tự Đức thứ 3 (1850) giảm ty Hộ-Ân và 2 ty Lưỡng-Kỳ 兩畿, năm thứ 6 (1853) lại lấy ty Tào chính 漕政 lệ thuộc, và thống quản cả Nội-Vụ, Võ-khố, Kinh"
q01_page_80-0001,BỘ LỄ 禮部
q01_page_80-0002,"Ở phía đông Hộ-bộ-đường, qui chế cũng như Bộ Lại, năm Thiệu-Trị thứ 4 (1844) đặt ra 5 ty: Lễ-ấn, Yên-tự, Tân-hưng, Thù. ứng, Nghi-văn 禮印, 禋祀, 賓興, 酬應, 儀文."
q01_page_80-0003,Năm Tự.
q01_page_80-0004,"Đức thứ 2 (1850) giảm ty Lễ-ấn, năm thứ 6 (1853) lại lấy 2 ty Thái-thường, Quang-lộc thuộc vào, và Văn-miếu Tự-Thừa cũng thống thuộc."
q01_page_80-0005,"Năm Thành-Thái 18 (1906) ở trước hữu Tham-tri-đường cất thêm Tự-khí-đường 祀器堂, lại lấy phòng ty-viên trước Tả tham-tri-đường làm sở lò rượu."
q01_page_80-0006,"BỘ BINH 兵部 Ở phường Tích-thiện, phía đông Lễ-bộ-đường, qui chế cũng như Bộ Lại."
q01_page_80-0007,"Năm Thiệu Trị thứ 4 (1844) đặt ra 7 ty: Binh-ấn Kinh-kỳ, Trực-tỉnh, Võ-tuyền, Khảo công, Kiềm-duyệt, Hỏa-pháo 兵印, 京畿, 直省, 武選, 考功, 檢閱, 火碱, năm Tự Đức thứ 3 (1850) giảm 2 ty Binh-ấn và Kiềm-duyệt đem Thái-bộc tự và Bưu-chính 太僕寺, 郵政 lệ thuộc vào BỘ HINH 刑部 Ở phía đông Binh-bộ-đường, qui chế cũng như Bộ Lại."
q01_page_80-0008,"Năm Thiệu Trị thứ 4 (1844) đặt 5 ty: Hình-ấn, Kinh-chương, Trực-kỳ Nam hiến, Bắc-hiến 刑印, 京章, 直畿, 南憲, 北憲."
q01_page_80-0009,"Năm Tự Đức thứ 3 (1850) giảm ty Hình-ấn, nhập chung ty Kinh-chương, ty Trực. kỳ làm ty Kinh-trực lại cùng Đô-sát viện, Đại-lý-tự 都察院, 大理寺 liệt làm Tam-phap-ty 三法司."
q01_page_80-0010,"Năm Minh Mạng 13 (1832) dựng Công-chính-đường ở phía bắc đài nam xương 昌臺 trong kinh thành, xây hướng bắc."
q01_page_80-0011,"Ty Tam-pháp mỗi tháng 3 lần hội thâu đơn ở trước đặt có trống đăng văn 登聞鼓, để thân minh sự oan khúc."
q01_page_80-0012,"BỘ CÔNG 1 部 Ở phía đông Hình-bộ-đường, qui chế cũng như Lại-bộ-đường."
q01_page_80-0013,"Năm Thiệu Trị thứ 4 (1844) đặt 5 ty: Công-ấn, Qui-chế, Doanh-kiến Tu-tạo, Khám-biện 工印, 规制, 營建, 修造, 勘辨."
q01_page_80-0014,Năm Tự Đức thứ 3 (1850) giảm 2 ty Công-ấn và Khám biện.
q01_page_80-0015,"Năm thứ 6 (1853) đem ty Tài-mộc 材木司 thuộc vào, còn ty Nội vụ-tiết thận, Võ-khố chế tạo và Doanh-thiện 內務節慎司, 武庫制造司, 營繕司 cũng đều thống thuộc."
q01_page_81-0001,VIỆN ĐÔ-SÁT 察院
q01_page_81-0002,"Ở phường Bảo-hòa, phía tây trong kinh-thành, dựng năm Minh Mạng 14 (1833)."
q01_page_81-0003,"Quan chức: 1 Tả phó đô-ngu-sử 左副都御史 (hoặc dùng quan Tham-tri trong 6 Bộ lãnh chức ấy.), Lục-khoa Chưởng-ấn 六科掌印, 1 Kinh-kỳ-đạo chưởng-ấn 京畿道掌印 12 Giám-sát-ngự-sử các đạo, 諸道監察御史 (Nam-trực, Bắc trực, Tả kỳ, Hữu kỳ, Định-biên, Long-trường, An-Hà, Hà-ninh, Ninh Thái, Sơn-Hưng-Tuyên, Hải-An, Lượng-Bình), và Lục-sự, Bát-cửu phẩm, Thơ lại, Vị nhập-lưu-Thơ-lại đều lệ thuộc."
q01_page_81-0004,"Cẩn án đầu niên hiệu Gia-Long, quan chế: Tả hữu Đô-ngự. sử viện Đô-sát, trật chính nhị phẩm, (2-1) Tả hữu Phó-đô-ngự sử trật tòng tam-phẩm (3-2), nhưng chưa đặt viên chức làm việc."
q01_page_81-0005,"Năm Minh Mạng 13 (1832) mới đặt viện, trong viện đặt 1 Tả-đô-ngự-sử và 1 Hữu-đô-ngự sửđề xem xét Thượng-thơ trong 6 bộ, tả hữu Phó đô ngự sửđể xem xét Tham-tri trong 6 bộ."
q01_page_81-0006,"Khi ấy chưa đặt chức Tả-đô ngự sử, chỉ đặt 1 chức Tả-phó-đô ngự sử mà thôi."
q01_page_81-0007,"Lại thường đem chức quan nơi khác kiêm lãnh việc viện, như Hữu-đô ngự sử, Hữu phó đô ngự sử thì làm Tổng-đốc Tuần vũ mà kiêm hàm."
q01_page_81-0008,"Viện thuộc thì đặt Lục-khoa-cấp sự trung mỗi khoa 1 người Giám sát ngự-sử các đạo 16 người, trật chính ngũ-phẩm (5-1), Lục sự 1 người trật chính thất Phầm (7-1) và Bát-Cửu-phẩm Thơ-lại 4 người, Vị-nhập lưu thơ lại 20 người, năm thứ 16 (1835) đặt thêm 2 viên Kinh-kỳ-đạo giám sát ngự sử, 6 viên Lục Khoa chưởng-ấn, trật tòng tử phẩm (4-2), năm Thiệu Trị thứ 4 (1844) đặt thêm 1 viên Kinh Kỳ-đạo chưởng-ấn, 2 viên Kinh kỳ-đạo ngự sử."
q01_page_81-0009,"Năm Tự Đức thứ 3 (1850) giảm chức Lục Khoa Cấp-Sự-Trung 六科給事中 và chức Kinh-Kỳ-Đạo-Ngự-Sử 京畿道御史, cải định lại 12 chức ngụ sử các đạo."
q01_page_81-0010,"Năm Thành Thái lại giảm bớt, hiện đề 3 chưởng ấn, 3 ngự sử."
q01_page_81-0011,"Cẩn án: viện đô-sát năm Thành-thái nguyên niên (1889) chuẩn lấy 2 sở Thái-thường, 太常 Quang-Lộc 光祿 và trại dài ở phía hữu sử quán giao viện chia ở."
q01_page_81-0012,"Năm thứ 14 (1902) triệt hạ 15 gian trại-dài lựa gỗ làm lại 6 gian, năm 17 có tu bổ lại."
q01_page_82-0001,VIỆN HÀN LÂM 林院
q01_page_82-0002,"Phía tây Quốc-sử-quán, dựng năm Minh Mạng 11 (1830) lệ đặt Chưởng Viện Học sĩ 學士 Trực học-sĩ 學士, Thị độc học-sĩ 侍讀學士, Thị giảng học sĩ 侍講學士 Thị-độc 侍讀 Thị-giảng 侍講, Thừa chỉ 承旨, Trước tác 著作, Tu soạn 修撰 Biên tu 編修, Kiểm thảo 檢討, Điển-tịch 典籍, Điền-bộ 典簿 Cung-phụng 奉, Đãi chiếu 待詔, và Bút-thiếp 筆帖."
q01_page_82-0003,"Phàm người tòng sự ở Nội các, Sử-quán, Tập-hiền đặc-giản 1 đường-quan trong 9 Bộ kiêm quản, không có định viên."
q01_page_82-0004,"TY THÔNG-CHÍNH-SỨ 通政使司 Ở phía đông Quốc-sử-quán, nguyên trước là Công-sảnh thương bạc 商泊公廳."
q01_page_82-0005,"Năm Minh Mạng 13 (1832) đem Thương bạc qui Bộ Hộ, lấy công-sảnh ấy cấp cho Đại-lý-tự làm chỗ biện công."
q01_page_82-0006,"Năm Thiệu Trị thứ 5 (1845) Đại-lý-tự 太理寺 dời đi chỗ khác, lấy chỗ ấy cấp làm ty Thông-chính, đặt Thông-chính-sử, và Thông-chính phó-sứ chưởng-quản, sở thuộc có Viên ngoại-lang Chủ-sự, Tư-vụ và thuộc ty Thơ-lại."
q01_page_82-0007,"Cẩn án: đầu niên-hiệu Gia-Long, phàm ở ngoài các tỉnh có dưng biểu-chương hoặc công-văn tư-di về kinh, thì đều do tay Bộ chính Bộ Binh chiếu theo địa chỉ chuyền-giao cho các nha."
q01_page_82-0008,"Năm Minh-Mạng 15 (1834) mới đặt chuyên-ty, dùng 1 Ấn-quan trong 6 Bộ kiêm lãnh, từ sau khi hữu sự nhân đó tỉnh-giảm."
q01_page_82-0009,"Năm Thành-Thái thứ 5 (1893) gồm chung cả ty Tào-chính 漕政司 sửa thêm lại, làm chỗ Tả-đô-đường 左都堂 cư trú."
q01_page_82-0010,Năm thứ 8 (1896) lại trích lấy tài liệu làm 1 tòa nhà ngói.
q01_page_82-0011,Năm thứ 15 trùng tu cải cấp nha Hộ-thành làm chỗ công-biện.
q01_page_82-0012,"ĐẠI-LÝ-TỰ 大理寺 Ở phường Quy Hậu phía tây viện Đô-sát, lệ đặt chức Tự khanh 寺卿 và Thiếu-khanh 少卿 Chưởng-quan có những chức Viên-ngoại-lang, Chủ-sự, Tư-Vụ, và thuộc ty Thơ-lại lệ thuộc."
q01_page_82-0013,Chức Tự-khanh do Vua đặc giản không có định viên.
q01_page_83-0001,PHỦ THIÊM SỰ 詹事府
q01_page_83-0002,"Chưa đặt, chỉ lấy làm Phủ hàm sung biệt nha."
q01_page_83-0003,"THÁI THƯỜNG TỰ 太常寺 Ở phía tây Quốc-sử-quán, phía hữu Hàn-lâm-viện, dựng năm Minh Mạng 11 (1830), lệ đặt chức Tự-khanh, và Thiếu-khanh."
q01_page_83-0004,"Sở thuộc có Viên-ngoại-lang, Chủ-sự, Tư-vụ và thuộc ty Thơ lại coi giữ từ-văn 祠文, Chế bạch 制帛 (1), và hội phái Tế-quan (2)."
q01_page_83-0005,Cần-cán: Từ năm Minh Mạng thứ 10 về trước thì thường dùng Bộ Hình kiêm quản.
q01_page_83-0006,"Đầu niên hiệu Thiệu-Trị mới đặt có chuyên nha, dùng 1 ấn quan trong lục-bộ kiêm-lãnh, năm Tự Đức thứ 6 (1853) cải thuộc BộLễ làm ty Thái thường, còn chỗ tự 寺 đặt phường dệt lụa đề dùng việc cúng tế."
q01_page_83-0007,"QUANG-LỘC-TỰ 光祿寺 Chung 1 công-sảnh với Thái-thường-tự, phía tả là Thái-thường phía hữu là Quang-lộc, lệ đặt Tự khanh và Thiếu khanh, còn thuộc ty cũng đồng như Thái-thường-tự."
q01_page_83-0008,"Hướng lai chức Tự-khanh không định viên, lấy 1 ấn quan trong 6 Bộ kiêm-lãnh, có ty lý-thiện thuộc vào."
q01_page_83-0009,"Năm Tự Đức thứ 6 (1853) cải thuộc Bộ Lễlàm Quang-lộc-ty, chỗ tự đặt làm lò rượu đề dùng cúng tế, sau nhân đề quan Pháp cư trú."
q01_page_83-0010,Năm Thành-Thái thứ hai 2 (1890) triệt binh xá Lý-thiện đệ qua chỗ ty-viên cũ thuộc Lễ-bộ Tả-tham-tri đặt lò nấu rượu.
q01_page_83-0011,Cẩn án: 2 tự Thái thường-và Quang-lộc năm Thành-Thái nguyên-niên (1859) chia giao cho viện Đô-sát cư trú.
q01_page_83-0012,"THÁI LỘC TỰ 太僕寺 Chưa đặt, chỉ lấy tự hàm sung biệt nha."
q01_page_83-0013,(1) Từ văn: có lẽ là văn tế các đền.
q01_page_83-0014,Chế bạch: có lẽ là bức lụa viết chế thờ của Vua (2) Hội đồng phân phái các quan đi tế
q01_page_84-0001,HỒNG-LÔ-TỰ 鴻臚寺
q01_page_84-0002,"Chưa đặt, chỉ lấy tự hàm sung biệt nha."
q01_page_84-0003,"TÀO-CHÍNH-TY 漕政司 Ở phía đông Quốc-sử-quán, dựng năm Minh Mạng thứ 2 (1821), đặt Chính sử và 1 Phó-sứ, có Chủ-sự, Tư-vụ và thuộc ty Thơ lại lệ thuộc nào, trên có 1 Đình-thần bên văn hay bên võ kiêm quản."
q01_page_84-0004,"Năm Tự Đức thứ 6 (1853) cải thuộc Bộ Hộ làm ty VÕ-KHỐ 武庫 Ở phía tây phường Liêm-năng trong kinh-thành, mặt trước làm 1 Công-đường, 1 sở Chi-thu, mặt sau có 10 cái kho."
q01_page_84-0005,"Lệ đặt 1 chức Thị-lang Võ-khố chưởng-quản, có Lang-trung, Viên ngoại Chủ-sự, Tư-vu và thuộc-ty Thơ-lại lệ thuộc."
q01_page_84-0006,"Tên cũ là Ngoại-đồ gia 外圖家, năm Minh Mạng nguyên niên đỗi lại tên hiện kim."
q01_page_84-0007,"Ở phía bắc làm sở Võ khố đốc-công, có chức Viên-ngoài-lang giám đốc quản lãnh, trở xuống đều thống thuộc riêng biệt với Bộ Công."
q01_page_84-0008,"Nay Võ-khố cải làm trường bá công 百工場, sở đốc-công cải làm trường Canh-nông 耕農, đều có Bảo hộ Pháp quan coi việc."
q01_page_84-0009,THƯƠNG-TRƯỜNG 倉場 Ở phía nam Ngự-hà trong kinh-thành.
q01_page_84-0010,"Có 1 Công-trường, 1 sở chi-thu, và có kho Quảng-tích 2 số hiệu, kho Quảng-thạnh 9 số hiệu, kho Quảng phong 2, 3 số hiệu đề trữ lúa gạo, lại có 1 Phú khố, 1 Vĩnh-thành-khố đề trữ tiền."
q01_page_84-0011,"Lệ đặt 1 Thương-trường Thị-lang chưởng quản, thuộc-ty cũng đồng như ở Võ khố."
q01_page_84-0012,Cẩn án Đầu niên hiệu Gia-long đặt chức Cai đội sung vào quản lãnh các đội Phú-thuận.
q01_page_84-0013,"Năm Minh Mạng thứ 8 (1827) bắt đầu đặt 1 chức Giám-đốc kinh-thương và 1 Phó-giám-đốc, sau cải định quan-danh hiện kim, giảm chức Giám-đốc."
q01_page_84-0014,"Kho trữ tiền khi trước ở phía hữu Hoàng-thành, tên là nội tàng-khố 內藏庫, lệ đặt chức giám đốc quản lãnh, năm Minh Mạng 14 (1833) dời làm trong trường kinh-thương, đem Thị-lang Thương-trường quản-lãnh, năm Thành-Thái nguyên-niên (1889) triệt giải 2 kho Quảng-phong, Quảng-tích qui trí một chỗ."
q01_page_84-0015,"Năm thứ 2 (1890) lại triệt giải số hiệu 4 của kho Quảng-thạnh, năm thứ 6 (1890) lại triệt giải số hiệu 5, 6 và 8 của kho ấy rồi lại đem số hiệu 8 dời làm trên nền cũ chỗ số hiệu 7 đề trữ lúa dư."
q01_page_85-0001,KHO HỎA-DƯỢC DIÊM-TIÊU 火藥石舀硝庫.
q01_page_85-0002,"Ở phường Phong-doanh trong kinh-thành, phía nam lầu Tàng thơ, lệ đặt chức Lang-trung quản lãnh, thuộc-ty từ Chủ sự trở xuống đến Thơ-lại phụ thuộc mà thống thuộc về Bộ Binh, dựng năm Minh Mạng 19 (1838), chu vi có ao gọi là ký-tế-trì 池 phải lấp nửa cái ao Học-hải 海 để làm kho ấy."
q01_page_85-0003,"MỘC-THƯƠNG 木倉 Ở phía hữu cửa Quảng đức ngoài kinh thành, khi xưa ở phía tả ngoài quách phía đông nam kinh thành, đến năm Minh Mạng thứ 10 mới dời Năm 18 (1837) lệ định đặt chuyên nha mộc thương, có 1 Giám-lâm Lang-trung và Viên-ngoại-lang, còn thuộc-nha là ty Thanh thận 清慎司 có 1 Chủ-sự 1 Tư-Vụ, 2 Bát cửu phẩm Thơ-lại."
q01_page_85-0004,"Lại đặt sở Đốc-công mộc-thương và ty Doanh-thiện, nhưng cựu thống thuộc về Bộ Công."
q01_page_85-0005,"Sở Đốc-công có chức Giám đốc, Phó-giám-đốc, ty Doanh-thiện có Viên-ngoại lang, Chủ-sự, Tư-Vụ đều 1 người, Bát cửu phân Thơ-lại 2 người, Vị-nhập-lưu Thơ-lại 15 người."
q01_page_85-0006,"Năm Tự Đức thứ 6 (1853) cải Nha-môn mộc thương làm ty Tài mộc thuộc về Bộ Công, còn 1 tòa nhà ngói sở Doanh-thiện triệt hạ năm Thành-Thái 17 (1905)."
q01_page_85-0007,"KHÂM THIÊN-GIÁM 欽天監 Ở phường Nam-an trong kinh-thành, có một tòa công-sảnh và 1 dãy trại dài, lệ đặt chức Quản lý, Phó quản lý, Giám chính, và Giám-phó."
q01_page_85-0008,"Chính phó quản lý do vua đặc giản vị Đại thần sung lãnh, chứ không định viên."
q01_page_85-0009,"Còn sở thuộc có Ngũ-quan-chính 五官正, Linh-đài-lang 臺郎, Khác cần ty 恪謹司, Bát cửu phẩm 八九品, và Vị nhập lưu-Thơ lại 未入流書史."
q01_page_86-0001,QUỐC TỬ GIÁM 國子監
q01_page_86-0002,"Ở xã An-ninh phía tây ngoài kinh thành, phìa trước gọi Di-luân. đường 彝倫堂, phía sau gọi Giảng đường 講堂, 2 bên tả hữu làm phòng, ốc sinh viên ở, dựng năm Minh Mạng thứ 2 (1821), lệ đặt 1 Tế-tửu 祭酒, 2 Tư-nghiệp 司業, 2 Học-chính 學政 (sau cải làm trợ giáo) và Giám thừa 監丞, Điển-tịch 典籍, Điền bộ 典簿 lệ thuộc."
q01_page_86-0003,"Cầu án Đầu niên hiệu Gia-long đặt 1 Đốc học 督學, 2 Giáp ất Phó Đốc-học 甲乙副督學, năm Minh Mạng nguyên-niên (1820) cải định quan danh như nay, đều có nha-thự ở phía hữu giảng đường."
q01_page_86-0004,"Năm thứ 2 (1821) bắt đầu dựng Di-luân-đường, giảng đường và phòng ốc Tôn-sinh ở tả hữu đều có 3 gian, phòng ốc Giám-sinh Ấm-sinh đều 16 gian."
q01_page_86-0005,Năm 19 (1833) lại dùng 2 viên Đại-thần Văn thần lãnh coi việc Giám.
q01_page_86-0006,"Trong niên hiệu Thiệu-Trị, Hiếu-Tổ Chương Hoàng-Đế ngự chế thơ 12 cảnh ở Thần kinh, mà nơi đây là 1 cảnh gọi là « Hoàng vũ thơ thanh 黌宇書聲 》 có chạm vào bia dựng đình ở trước Quốc tử giám."
q01_page_86-0007,"Năm Tự Đức thứ 3 (1850) dựng nhà ở cho các Học-quan ở phía hữu là 15 gian, lại dựng thêm phòng ốc cho Giám-sinh, Âm sinh ở phía tả là 19 gian."
q01_page_86-0008,"Năm thứ 7 (1854) Dực Tôn Anh Hoàng Đế ngự đến thị-học (1), có đặt Giảng-Ốc ở Di-luân-dường cho các cho thần 儒臣 đến giảng sách Thượng-thơ 尚書, Trung-dung 中庸, từ Giám thần đến các sinh viên đều được ban cho khác nhau, lại ban Sắc thư và thơ Ngự chế."
q01_page_86-0009,Năm 14 (1861) đều đem chạm bia dựng đình ở phía tả cửa Quốc-tử-giám.
q01_page_86-0010,"Năm Thành-Thá i TRƯỜNG QUỐC-HỌC 國學場 Ở nơi công thồ Tả doanh Thủy-sư, dựng năm Thành-Thái thứ 8 (1896), có 1 tòa Đốc giáo đường 督教堂 3 gian 2 chái 3 tòa cư trú của các viên Trợ giáo (mỗi tòa đều 3 gian), năm thứ 10 (1898) lại làm thêm 2 dãy trường ốc (dãy trước 30 gian, dãy sau 16 gian) để làm chỗ dạy tập học."
q01_page_86-0011,Sau Đốc giáo đường lại làm nhà vuông 4 mặt (?).
q01_page_86-0012,Tử vi đều xây la thành.
q01_page_86-0013,"Mặt trước xây-môn lầu 2 từng, từng trên treo 1 tấm bảng khắc chữ trường Quốc học bằng Pháp văn, sơn đỏ thiếp vàng, dựng năm Thành-Thái thứ 9 (1978)."
q01_page_87-0001,VIỆN CUNG-GIÁM 監院
q01_page_87-0002,"Dựng năm đầu hiệu Gia-Long (1802), trong hiệu Minh Mạng triệt giảm."
q01_page_87-0003,"Năm Tự Đức thứ 6 (1853) lại chuẩn làm ở phía đông thành Hậu-phố, 1 tòa trung đường, kế sau ở tả hữu đều có 2 nhà nối liền nhau, làm chỗ cư trú cho bọn Thái-giám 太監, Cung-giám 監 năm Thành-Thái thứ 4 trùng tu."
q01_page_87-0004,"BÌNH AN ĐƯỜNG 平安堂 Ở phía nam Cung-giam-viện, tòa nhà 3 gian 2 chái, tử vi đều xây la-thành, trước sau đều có 1 cửa, trùng tu năm Thành Thái 12 TỬ-DỊCH-QUÁN 四驛館 Ở phường Tứ-dịch phía bắc ngự-hà trong kinh-thành, dựng năm Minh Mạng thứ 6 (1825)."
q01_page_87-0005,TY SỞ LÝ-THIỆN 理膳司所 Ở phường Túc-Võ trong kinh-thành.
q01_page_87-0006,Nguyên thuộc Quang-lộc tự Thiếu khanh chưởng-lãnh.
q01_page_87-0007,"Năm Tự Đức thứ 4 (1851) cải thuộc bộ Lễ, có các đội Lý-thiện lệ thuộc."
q01_page_87-0008,"Nguyên trước ở phường Bảo đức phía tả sau Hoàng-thành, năm Minh Mạng 21 mới dời đến đây."
q01_page_87-0009,"Lại phía nam sông ngự hà thuộc phường Bảo-hòa có làm đình te-sinh 宰性; ở phường Đức-tuy có chợ gọi là chợ Nam-thọ 壽 trong chợ dựng đình Lạc hội 會; ở phường Hà thành có chợ Bắc trường 長; phường Đông phước có chợ Đông phước SỞ TẺ-SINH 宰性所 Nguyên trước làm ở phường Bảo hòa, sau dời ra ngoài quách cửa Chính-nam."
q01_page_87-0010,"Năm Thành-Thái thứ 2 (1890) lại dời qua phường Thanh-long, năm 16 (1904) vì chỗ ấy bị nước ứ tích, lại nhơn đồ sụp nên dời qua phía hữu đầu cầu Bạch-hồ."
q01_page_87_88-0001,Năm 18 (1906) lại chuẩn đem về chỗ cũ (Thanh-long) làm tòa chính-đường và 2 tòa ở tả hữu (trong nhà có làm ghế đề đồ sinh-tư các hạng) để cho tỉnh tiện CÔNG SẢNH CÁC QUÂN-DOANH.
q01_page_88-0001,"Ở trong kinh thành Công-thự Trung-quân, Tiền quân, và Hậu quân ở phường Gia-hội; Công-thự Tả quân, Hữu quân ở phường Địch cần."
q01_page_88-0002,"Khi trước đều ở phường Dưỡng sinh và phường Đông-an năm Minh Mạng thứ 8 (1827) mới dời Tại phủ đặt chức Đô-thống PHỦ Đô thống chưởng phủ sự 都統府都統掌府事, hoặc một Đô thống, lãnh coi 5 bảo, các vệ ở kinh, còn ngũ-quân ở Bắc-kỳ 北圻五軍 tuy xa cũng thống thuộc vào đấy."
q01_page_88-0003,"Công-sảnh Thống chế coi Võ-lam-doanh, Tả dục Hữu-dục 羽林營左翊右翊 ở phường An-lạc."
q01_page_88-0004,"Công-sảnh Thống chẽ coi Thần cơ-doanh, Hồ-uy-doanh, Hùng-nhuệ doanh 神機營虎威營, 雄銳 ở phường Quả cảm."
q01_page_88-0005,"Công-sảnh Thống chế coi Tiền-phong-doanh, Long-võ-doanh 前鋒營. 龍武營 ở phường Triêm hóa Công-sảnh Thống chế coi Kỳ-vo-doanh 武營 ở phường Thừa thiên."
q01_page_88-0006,"Công-sảnh Kinh-kỳ thủy-su 京畿水師 ở phía nam Hương-giang BINH-XÁ 兵舍 Binh xá Loan-giá, Cầm-y, Kim-ngô, Kỉnh-tất, Võ-bị 鑾駕, 錦衣, 金吾, 警蹕, 武備 ở tả hữu Hoàng-thành-nội, xá Tập-binh 習兵 ở phía nam Loan giá (làm năm Thành-Thái 11 (1899)."
q01_page_88-0007,"Binh-xá Võ-lâm, Tả-dục, Hữu-dục, Thần-cơ, Trung-vệ ở tả hữu Hoàng. thành-ngoại."
q01_page_88-0008,"Binh-xá 4 vệ: tiền, hậu, tả, hữu thuộc Thần-cơ-doanh ở phường nam-cường trong cửa chính-nam kinh-thành Binh-xá Kinh-trạm và Phi-ky 站飛騎 ở phường Minh-mật trong cửa đông-nam."
q01_page_88-0009,Hoa-thanh-thự 和聲署 ở phường Trúc-võ.
q01_page_88-0010,"Binh-xá Hồ-uy-doanh ở phường Bảo-cư, phường Phục lễ trong cửa tây-nam."
q01_page_88-0011,Binh-xá 5 vệ Hùng-nhuệ-doanh ở phường Do-nghĩa trong cửa chính tây.
q01_page_88-0012,Binh-xá Ngũ-bảo 五保 ở phường Định-bắc trong cửa chính bắc.
q01_page_88-0013,Binh-xá 4 vệ Kỳ-vo-doanh ở phường Định bắc phía hữu trong cửa Trấn-bình.
q01_page_88-0014,Binh-xả Võng-thành-vệ 網城衛 ở phường Thừa-thiên.
q01_page_88-0015,Binh-xá 5 vệ Long-võ doanh ở phường Tử-dịch trong cửa đông bắc.
q01_page_88-0016,Binh-xá 5 vệ Tiền-phong-doanh ở phường Đông-phước trong 82 cửa chính-đông.
q01_page_88-0017,Trại dài Cung-giám và binh-xá 2 đội Dục-võ Dục Chấn ở phường Bảo-đức trong kinh thành.
q01_page_88-0018,Binh-xá Dục-đễ 翊悌 ở phường Vĩnh an.
q01_page_88-0019,Ty Trấn-võ ở phường Hà-phước.
q01_page_88-0020,Trại dài Long-thuyền Hộ-ngư 龍船戶魚 ở tả hữu Phu-văn-lâu trước kinh thành.
q01_page_88-0021,Ngục-thất Thừa-thiên 承天獄室 ở phường Vô-trụ năm Thành-Thái 14 (1902) dời làm phía sau phủ-thành Thừa-Thiên.
q01_page_89-0001,"Cẩn án năm Minh Mạng 18 (1837) định tấn-phần của các Tấn phần 5 vệ Tả dục, 5 vệ Hữu dục thuộc Võ-lam-doanh 羽林營左翊五衛右翊五衛汎分: Từ nửa đài Nam-thẳng 勝 chuyền qua phía tả trải các đài Nam-chính, Nam-hanh 南享, Đông-thái 東泰 cho đến đài Đông-trưởng 長 dài cả 549 trượng lẻ Tựu trung từ mặt trong đài Nam-thắng chuyền qua phía tả đến trước sau tả hữu cung Thanh-hòa 和宮 kịp phần đất các phường Hiệu-trung Ninh-mật, Đoan hòa, Ngưng-hy Trung-thuận, Nhân-hậu, Tỷ-thiện, Dưỡng-sinh, Phú-văn, Thận cần Nghĩa-tích đều thuộc tấn Tả dục."
q01_page_89-0002,"Phần đất các phường Huệ-cát, Thuận cát, Lý-cát, Trinh-cát Tĩnh-nhất, An tĩnh, Nhuận-đức, Phước-tuy đều thuộc tấn Hữu dục."
q01_page_89-0003,Chia môn phường canh gác: Cửa Ngọ môn trên dưới 2 từng canh gác 50 người.
q01_page_89-0004,"Cửa Hiền nhân cửa Chương-đức, cửa Thề-nhân cửa Quảng đức, cửa Đông-nam mỗi cửa canh gác 10 người."
q01_page_89-0005,"Tấn phần 5 vệ thuộc doanh Tiền-phong 前鋒營五衛汎分 Từ đài Đông-trưởng lần ra Đông-gia 嘉, Đông-phụ 東輔 đến nửa đài Đông-vĩnh dài cả 257 trượng lẻ, và phần đất các phường Đông-Phước, Minh-thiện, Hoá-thành, Vĩnh-an, Thuận bình, Nhân-tiện."
q01_page_89-0006,"Chia môn phường canh gác: cửa chính-đông 30 người, thủy quan thành phía đông 東城水關 20 người."
q01_page_89-0007,"Tấn phần 5 vệ thuộc doanh Long-võ: Từ nửa đài Đông vĩnh 永 chuyền ra sau lần qua đài Đông-bình bắc giáp nách phía tả đài Bắc-hoà dài cộng 269 trượng, và phần đất các phường Nhân cơ, Học hải, Phong-doanh, Nhiêu-dũ, Triêm-ân, Thường-dũ Đa-lộc, Nguyên thanh, Ân-thiệt, Hà thanh, Ninh-viễn, Tứ-dịch."
q01_page_90-0001,Chia môn-phường canh gác: Cửa Đông-bắc 東北 và cửa Trấn bình đều 30 người.
q01_page_90-0002,"Tấn phần 5 vệ thuộc doanh Thần-cơ 神機營五衛汎分 Từ nửa đài Nam-thẳng chuyền qua phía hữu lần đến đài Nam-hưng, Nam-minh 南明 giáp vách trước của đài Tây-trinh dài cộng 283 trượng lẻ, và phần đất các phường Tích-khánh, Túc-võ, Vệ quốc, Nam-trị, Nam-an, Nam-minh Nam-cường, Đại-hữu."
q01_page_90-0003,Môn phường canh gác: cửa Chính-nam 20 người.
q01_page_90-0004,"Tấn-phần 5 vệ thuộc doanh Hồ-uy 虎威營五衛汎分 Từ đài Tây-trinh chuyền ra sau lần đến đài Tây-an 西安 qua vách sau của đài Tây-dực 翼, dài cộng 266 trượng lẻ, và ở trước sau tả hữu cung Khánh. ninh 慶寧宮, cùng phần đất các phường Khánh-mỹ, Tr-trung, Địch-cần, Quả-nghị, Phục lễ An-mỹ, Bảo-hòa, Qui-hậu, Bảo-cư, Vụ-bản, Ngưng-tích, Nam. thọ."
q01_page_90-0005,"Chia môn phường canh gác: cửa tây-nam 30 người, thủy quan thành phía tây 20 người."
q01_page_90-0006,"Tấn phần 5 vệ doanh Hùng-nhuệ 雄鏡營五衛汎分 Từ đài Tây-dực chuyền ra sau lần qua đài Tây-tĩnh 西静, Tây-tuy 西綏, đến nửa đài Tây-thành, dài cộng 270 trượng lẻ, và phần đất các phường Bảo-định, Đại-hành Sư-trinh, Tốn-võ, Đôn-hóa, Thuận-tắc, Long-bình, Gia-mỹ, Thừa đức, Hội-cầm, An-lạc, Tuân-đạo, An-trạch, Hậu-sinh, Mộc-đức Xử-nhân, Do-nghĩa, An-tây."
q01_page_90-0007,Môn phường canh gác: cửa chính tây 30 người.
q01_page_90-0008,"Tấn phần 10 vệ thuộc ngũ-bảo 五保十衛汎分 Từ nửa đài Tây-thành 成 chuyền qua phía tả lần qua đài Bắc-điện, Bắc-thuận 北順, Bắc-trung 北中, Bắc-thanh 北清, đến dài Bắc-hoà 北和 cộng dài 532 trượng lẻ và phần đất các phường Linh-ứng, Phú-thứ, Hoà-thái, Ngưỡng trị Tây-lộc, Qui-thiện, Tây-ninh, Vô-trụ, Tây-thành, Hàm-thanh, Đại. đồng, Khang-ninh, Tráng cố, Điềm-tĩnh, Bắc-trường, Bắc-ninh."
q01_page_91-0001,"Môn phường canh gác: cửa Tây-bắc 30 người Tấn-phần 4 vệ thuộc doanh kỳ-vo 耆武營四衛汎分 Đài Trấn-bình 臺 ngoài cửa Trấn-bình chu vi dài cộng 240 trượng lẻ, và phần đất cát phường Thừa thiên, Tuyên. hoá, Định-bắc, An-bắc."
q01_page_91-0002,Môn phường canh gác: cửa Trường-Định 10 người.
q01_page_91-0003,"Khi nào gặp Ngự-giả tuần hạnh ra ngoài 100 dặm, thì đều chiếu nguyên số mà bội gia lên, phải bày đủ khí giới để cho nghiêm cấm-lịnh các cửa."
q01_page_91-0004,"Cẩn án: Hiệu Minh Mạng năm 17 (1836) đúc 9 đỉnh, chạm hình lá cờvào Anh-đỉnh 英鼎, chạm hình trường-thương 長鎗 vào nghị-đỉnh 毅鼎, chạm bài đao 牌刀 vào Thuần-đỉnh 純鼎 chạm cái nỏ vào Tuyên-đỉnh 宣鼎, chạm phác-đao 撲刀 vào Dụ đỉnh 裕鼎, chạm hỏa-xa-phun-đồng 火車噴筒 vào MÃ-XƯỞNG 馬廠 Sở ngự-mã ở phía tả hữu trong Hoàng-thành, và ở phía hữu Hậu– phố."
q01_page_91-0005,"Chuồng ngựa ở phường Ninh-mật trong cửa đông-nam kinh thành, nièn-hiệu Minh-Mạng đặt viện Thượng-tứ 院 coi ngó, có 2 vệkhinh-ky 輕騎, phi-ky 飛騎 lệ thuộc."
q01_page_91-0006,"TƯỢNG-XƯỞNG 象廠 Ngự tượng ở phía tả hữu trong Hoàng-thành, phía nam sở ngự mã."
q01_page_91-0007,"Năm Thành-Thái thứ 2 (1890) dời làm qua phía hữu, tương đối Kinh-tượng-xưởng ở phía đông trong kinh-thành, thuộc phường Đông-thái và phương Nam-minh và ở 2 xã Kim long."
q01_page_91-0008,"Dương-xuân 3 vệ kinh-tượng đều đặt chức Vệ ủy, Phó-vệ-úy phân-quản, có 1 chức Chưởng-vệlãnh-quán."
q01_page_91-0009,"PHÁO-XƯỞNG 礮廠 Xưởng Tả-đại-tướng-quân 左大將軍 ở phía tả trước cửa Ngọ-môn, ngoài Kim-thuy-trì 池, rồi đến xưởng Tả-tưởng quân thứ theo đó."
q01_page_91-0010,"Xưởng Hữu-đại tưởng-quân 右大將軍 ở phía hữu cửa Ngọ-môn, rồi đến xưởng Hữu tướng-quân thứ theo đó Dựng năm Minh Mạng 14 (1833)."
q01_page_91-0011,"Đại-pháo xưởng (xưởng súng đại bác) quanh theo thành: 1 xưởng ở đài Nam chính 臺, 1 xưởng ở đài Nam-minh 明臺, 1 xưởng ở đài Tây-thành 臺, 1 xưởng ở đài Bắc định 臺 1 xưởng ở đài Bắc-trung 臺, dựng năm Minh Mạng thứ 6 (1825), có Hộ vệkỉnh tất và các vệ thuộc doanh Thần-cơ coi giữ, trên có chức Thống-chế doanh Thần-cơ chưởng-quản."
q01_page_92-0001,"Cẩn án Năm Minh Mạng 17 (1836) đúc 9 đỉnh chạm hình đại pháo 大磯 vào Cao-đỉnh, chạm hình luân xa-pháo 輪車礮 vào Nhân vào Chương-đỉnh. đỉnh, chạm điều thương Năm Thành-Thái thứ 8 (1896) triệt hạxưởng Tả-hữu Tướng quân, chỉ đề mỗi bên 10 gian."
q01_page_92-0002,Mà phía bên tả đề 9 vị súng đồng Đại tưởng-quân.
q01_page_92-0003,"THUYỀN-XƯỞNG 船廠 Ở bờ phía nam Hương-giang ngoài kinh thành, có 255 sở xưởng Lại ở nơi bến sông Thanh-phước có 1 xưởng ngói."
q01_page_92-0004,"Cẩn án: Niên hạn tu bổ ghe thuyền, năm Minh Mạng thứ 8 (1827) định: trong 3 năm 1 lần tiều tu-bổ, 6 năm 1 lần đại tu bổ."
q01_page_92-0005,"Năm thứ 13 (1832) cải định: 6 năm 1 lần tiều tu bổ, lại 6 năm nữa."
q01_page_92-0006,1 lần đại tu-bổ.
q01_page_92-0007,"Cẩn án năm Minh Mạng 17 (1836) đúc 9 cái đỉnh, Cao-Đỉnh chạm hình thuyền đa-sách 多索 (thuyền nhiều dây), Nhân-đỉnh chạm hình lầu-thuyền, Chương-đỉnh chạm hình thuyền mông-đồng (chiến thuyền), Nghị-đỉnh chạm hình thuyền hải. đạo 海導 (thuyền đi dẫn đạo ngoài biền), Thuần-đỉnh chạm hình đĩnh-thuyền 艇船 (thuyền hẹp nhỏ và dài), Tuyên-đỉnh chạm hình lê-thuyền 梨船 (?), Du-đỉnh chạm hình điều thuyền 鳥船 (hình như"
q01_page_93-0001,TỰ QUÁN 寺觀
q01_page_93-0002,QUÁN LINH-HUU 靈佑觀
q01_page_93-0003,"Ở phường Ân thạnh, phía bắc Ngự-hà, trong kinh-thành."
q01_page_93-0004,"Dựng năm Minh Mạng thứ 10 (1829), giữa làm điện Trùng-tiêu 重霄殿, phía tả các Từ vân 慈雲閣, phía hữu các Tường-quang 祥光閣, mặt trước có cửa tam-quan 三關, lại đến trước sông Ngự-hà có dựng cửa linh tinh 橋星."
q01_page_93-0005,"Năm Thiệu Trị thứ 3 (1843) thơ Thánh chế vịnh 20 cảnh ở Thần kinh, đây là 1 cảnh Linh-quán khánh-vận 靈觀聲韻 (tiếng khánh quán Linh-hựu) có chạm vào bia dựng đình ở phía tả cửa quán, nay đã triệt giải."
q01_page_93-0006,CHÙA GIÁC HOÀNG 覺皇寺 Ở phường Đoan-hòa trong kinh-thành.
q01_page_93-0007,"Trước có điện Đại hùng 大雄殿, sau có điện Đại-bảo 大葆殿, phía tả Thiền-đường 禪堂, phía hữu Tĩnh-trai 靜齋."
q01_page_93-0008,"Tương truyền chỗ đây là Đô-thành của Tiên triều, đầu niên hiệu Gia-Long làm Tiềm-đề 潛邸 cho Thánh-Tổ Nhân Hoàng-Đế, sau ngài ngự qua cung Thanh-hoà 和宮, bèn đem chỗ đây cho Thiệu-hóa Quận vương-Chần làm công-phủ."
q01_page_93-0009,"Năm Minh Mạng 20 (1839) cải cấp cho Quận-vương tử Thiện-Khuê một chỗ khác, rồi lấy chỗ này làm chùa."
q01_page_93-0010,"Bên chùa có giếng tên là Thanh-phương-tỉnh 清芳井 có bia đá đề Năm Thiệu-Trị thứ 3 thơ Thánh-chế vịnh 20 cảnh ở Thần. kinh, đây là 1 cảnh gọi: Giác hoàng Phạm-ngữ 覺皇梵語 (tiếng Phạn Giác hoàng) có chạm bia dựng đình ởở phía tả cửa chùa."
q01_page_93-0011,"Niên hiệu Thành Thái triệt chùa, lấy chỗ làm viện Cơ-mật, cũng có tên nữa là viện Hội nghị."
q01_page_93-0012,CHÙA DIỆU ĐẾ 妙諦寺 Ở ấp Xuân-lộc ngoài kinh-thành.
q01_page_93-0013,"Vườn cũ của Phước-quốc-công 福國公, mà lại là chỗ đản-sinh Hiến-Tổ Chương Hoàng-Đế."
q01_page_93-0014,"Chùa ngó hướng tây, trước giáp bến sông, ở giữa Cảm viên 紺園 (V xanh) có điện Đại-giác 大覺殿, ở trước Phù-đồ 浮圈 có các t nguyên 道源閣, phía tả có Cát-tường-từ-thất 吉祥慈室 hữu có Trí-tuệ tinh-xá 智慧精舍, nơi trước sân phía tả chuông, phía hữu có bi đình; dựng năm Thiệu Trị thứ 2 (1842"
q01_page_94-0001,CHÙA THIÊN-MỤ 天姥寺
q01_page_94-0002,"Ở trên gò núi xã An ninh, phía tây ngoài kinh-thành."
q01_page_94-0003,"Ngu trước có chùa Phật, qua năm Gia-Long 14 (1815) làm lại, chính làm điện Đại-Hùng 大雄殿, sau điện mỗi bên tả hữu đều có trù."
q01_page_94-0004,"Lại ở sau điện Đại-hùng có điện Di Lặc. 彌勒殿, sau nữa điện Quan Âm 觀音殿, phía hữu sau điện làm lầu Tàng-kinh Trước điện Đại-hùng, phía đông và tây đều có 1 điện đườ Thập-Vương 十王殿堂, ở trước nữa về phía tả hữu đều có Lôi-gia 雷家."
q01_page_94-0005,"Lại nơi chính-trung mặt tiền làm cửa Nghi-môn trên cửa có lầu; trong cửa phía tả làm lầu chuông, phía hữu làm trống."
q01_page_94-0006,"Ngoài cửa về phía tả làm bi-đình lục giác 六角碑亭 hữu làm lầu đại-chung 樓, 4 phía xây bao tường gạch 8 cửa lớn nhỏ."
q01_page_94-0007,"Năm Thiệu-Trị thứ 3 (1843), thơ Thánh-chế vịnh 20 cảnh Thàn kinh đây là 1 cảnh « Thiên-mụ chung thanh » 天姥鐘聲 (Tie chuông Thiên-mụ) chạm vào bảng đồng."
q01_page_94-0008,"Năm thứ 5 (1845) chính-trung ngoài cửa nghi-môn xây tháp cao 5 trượng 3 thước tấc, đặt tên tháp Từ nhân 慈仁塔, lại đổi tên làm bảo-th Phước lộc 福祿葆塔, trong tháp có 7 từng. trên thờ kim. th Thế-Tổn 金身世尊, trước tháp làm đình Hương-nguyện 願享, trên đặt cái pháp-luân 法輪 (1) xoay chuyền theo gi 2 bên tả hữu đều dựng 1 bi-đình."
q01_page_94-0009,"3 mặt: tiền, tả, hữu xây lan-ca trước giáp bờ sông Hương xây cửa trụ hoa-biểu 花表柱門 (1) Pháp luân = Phật gia ngữ: Đức Phật chuyền vận pháp-luân, ph chúng sinh Chữ luân có 2 nghia 1-xoay chuyền."
q01_page_94-0010,2-hủy bỏ.
q01_page_94-0011,Ý nói Đức chuyền vận diệu pháp thanh tịnh trong lòng đề độ người và hủy bỏ nhất thi kiến tà hoặc của thế tục (Từ nguyên).
q01_page_95-0001,"Cẩn án Bản triều Thái-Tổ Hoàng-Đế năm Tân-sửu thứ 44 601) ngự hạnh đến xã Hà-khê thấy có gò bằng đột khỉ, hình như Âu rồng ngó lại, trước có trường-giang, sau có bình-hồ, cảnh trí i thẳng, nhân đó vua hỏi thồ-nhân ở đấy, họ bảo rằng « gò này linh dị, tương truyền khi xưa có người ban đêm trông thấy một à già mặc áo đỏ quần xanh ngồi trên gò ấy nói; « đáng lẽ có ông hân-chủ đến làm chùa chỗ đây cho tụ linh-khí đề củng cõ long mạch »."
q01_page_95-0002,"Nói xong không thấy bà đâu nữa cả, nhân đó gọi là núi Thiên-mụ, Vua nhận cho chỗ ấy có linh-khí bên dựng chùa, đặt tên a chùa Thiên-mụ."
q01_page_95-0003,Đời vua Thái-Tôn Hoàng-Đếnăm Ất-tị thứ 17 1665) trùng tu.
q01_page_95-0004,"Vua Hiền-Tôn Hoàng-Đế năm Canh-Dần thứ 19 1710) đúc chuông lớn, năm Giáp-ngọ thứ 23 (1714) trùng tu nhà chùa; qui chế: do sơn-môn đi vào có điện Thiên Vương 王殿 điện Ngọc hoàng 皇殿, Bảo-điện Đại-hùng 大雄葆殿, đường Thuyết pháp 說法堂, lầu Tàng kinh 經樓, điện Thập vương 十王殿, đường Thủy-vân 水雲堂, đường Tri-vị 知味堂, điện Đại-Bi 大悲殿, điện Đại Sư 大師殿, và Tăng-liêu Thiền-xá 僧寮禪舍 vài mươi sở."
q01_page_95-0005,Sau chùa trong vườn Côn-gia 昆耶園 dựng Phương-trượng 方丈 hơn vài mươi sở.
q01_page_95-0006,"Năm Ất vị thứ 24 (1715) vua chế bi-văn khắc vào đá dựng nơi bến sông trước chùa, dựng điếu-đài 臺 làm chỗ đến viếng, sau bị binh-hoa tàn phá, nay di chỉ vẫn còn."
q01_page_95-0007,"Đầu niên hiệu Gia long, Lễ-bộ Đặng Đức Siêu còn nhớ chỗ ấy, mà đại chung và thạch-bi đến nay vẫn còn."
q01_page_95-0008,"« Ô-châu cận-lục » chép: chúa này ở phía nam xã Hà khê HUYỆN Hương-trà, ở trên đỉnh núi, dưới gối dòng sông, ngoài 3 nghìn thế giới xa nơi trần-tục, trong gang tấc gần chốn thiên trì (天池), khách tản bộ đến nơi du ngoạn, tự nhiên phát thiện-tâm tiêu tục lự, ấy là cảnh trí Phương-trượng vậy."
q01_page_95-0009,"Năm Thành-Thái 16 (1904) bị gió bão sụp hư, năm 19 (1907) trùng tu lại, còn điện Di Lặc và Thập điện ở tả hữu đều triệt hạ đem đình Hương-nguyện dời làm trên nền cũ điện Di-lặc."
q01_page_95-0010,"CHÙA LONG-QUANG 隆光寺 Ở xã Xuân hòa, phía tây ngoài kinh-thành."
q01_page_96-0001,Cẩn án chùa này không biết làm ra từđời nào.
q01_page_96-0002,Bản triều Duệ-tôn Hoàng.
q01_page_96-0003,"Để năm thứ 6 (1770) trùng tu, cửa chùa từng trên có biền-ngạch đề 4 chữ lớn: Tuệ chiếu nam thiên 慧炤南天 từng dưới có biển ngạch đề: Long-quang-tự 龍光寺, nhưng trải cơn biến loạn, chùa hư mà biển ngạch vẫn còn, năm Gia-Long thứ 2 trùng tu chùa lại, và đổi chữ long 龍 (nghĩa là rồng) lại làm chữ long 隆 nghĩa là thạnh."
q01_page_96-0004,"CHÙA THÁNH-DUYÊN 聖緣寺 Ở núi Thúy-vân, phía đông kinh thành."
q01_page_96-0005,"Mặt trước núi, ngang giữa sườn núi làm chùa Thánh-duyên và các Đại-từ 大慈閣, trên đỉnh núi đắp ngự tháp 3 từng, cao 5 trượng 6 thước, sau tháp, trên hòn đá vuông có dựng đình Tiến-sảng 薦爽亭, bến nước phía chân núi làm lầu Huân-phong 風樓, đều dựng năm Minh Mạng 17 (1836)."
q01_page_96-0006,"Cẩn án Núi Thúy vân khi xưa gọi núi Mỹ-am 美庵山, vua Hiến Tôn Hoàng-Đế Bản-triều (1691-1724) muốn vị dân cầu phước, bèn làm Phạm-vũ trên núi sơn thiếp huy hoàng, từsau khi biến loạn chùa bị bỏ hư; năm Minh Mạng thứ 6 (1825), Thánh-Tổ Nhân-Hoàng Đế ngự đến cửa biển Tư-hiền, qua phường Đông-am, lên núi Mỹ. am, thấy có miếu xưa hoang-lương, khiến dân sở tại sửa lợp lại, đặt tên núi ấy là núi Thúy-hoa 翠花, nhân dấu cũ dựng làm nhà chùa đề lưu danh-thẳng."
q01_page_96-0007,"Năm Thiệu Trị nguyên-niên (1841) đặt tên núi là Thúy-vân 翠雲, làm 1 cảnh trong 20 cảnh ở Thần kinh, gọi Vân-sơn thẳng tích "" 雲山勝蹟 (cảnh đẹp vân sơn) chạm bia dựng đình ở phía tả cửa chùa; lại gần núi Linh-thái 靈蔡山 dựng chùa Trấn-hải 鎮海寺, lầu Vọng-hải 海樓, phía tả gò núi dựng 1 tháp, dưới có thạch tượng la liệt, lâu ngày ngả nghiêng cũng khiến Cẩn án Bản-triều Thánh-Tôn Hoàng-Đế năm Đinh-vị thứ 19 (1667) Giá-hạnh đến cửa Tư-dung 思容 (sau đổi làm cửa Tư-hiền) thấy Qui sơn 龜山 (sau đổi làm núi Linh-thái) có cảnh-trí khả ái, đỉnh núi có cồ-tháp Chiêm-Thành thường có linh dị, vua mạng Thủ-bộ Trầu-Đình Ân đốc quân dân dời tháp qua chỗ khác đặng lấy chỗ ấy làm chùa Phật, gọi chùa Vinh-hoa 榮和寺; từ sau khi binh-hỏa."
q01_page_97-0001,"chùa, tháp đều phể hoại, dì chỉ vẫn còn."
q01_page_97-0002,Năm Minh Mạng 17 (1836) vua ngự giá đến bèn khiến quan-ty hiệp với chùa Thúy-vân xây làm lại để cho hoàn toàn thiện-quả.
q01_page_97-0003,"ĐÌNH GÒ LONG-THỌ 隆壽崗亭 Ở xã Nguyệt-biểu, huyện Hương-thủy, gò dựa bờ phía nam sông Hương, cách sông tương đối gò Thiện-mụ, tên cũ là Thọ. khang Thượng-khố 壽康上庫."
q01_page_97-0004,"Tương truyền trên gò xưa có nhà cửa, từng đem quan-tài của Anh-Tông Hoàng-Đế, Hiếu-Tôn Hoàng-Đế Túc-Tôn Hoàng-Đế, Thế-Tổn Hoàng-Đế tạm trú ở đây."
q01_page_97-0005,"Sau khi binh biến, đống-võ hoang phế."
q01_page_97-0006,"Đầu niên hiệu Gia-Long đổi tên làm Thọ xương 壽昌, năm Minh Mạng thứ 5 (1824) đổi tên làm Lọng-thọ cang, trên gò dựng đình bát giác, đặt tên làm Long-tho-cang-đình, có chạm bị chế đề lưu thắng-cảnh."
q01_page_97-0007,"ĐÌNN XÃ PHÚ XUÂN 富春社亭 Ở phía bắc đàn Tiên-nông trong kinh thành, khi trước dân xã Phú-xuân lập đình để thờ Linh-thần trong xã."
q01_page_97-0008,"Bản triều, đầu niên-hiệu Gia-Long đắp kinh-thành, đình ấy lọt vào trong thành, cho cứ phụng sự như cũ, mỗi năm tháng 6 làm lễ kỳ-an, quan cấp tiền cho cúng tế."
q01_page_97-0009,"Năm Minh Mạng thứ 10 (1829) cấp 200 quan tiền giao cho xã-dân trùng tu, còn số tiền cấp hàng năm thì đình chỉ."
q01_page_97-0010,"Phía tây đình có chợ, xưa gọi là chợ Phú-xuân, trong niên hiệu Minh-Mạng đổi làm chợ Tây-lộc 西祿市, nay bỏ rồi."
