id,sentence
q07_08_page_23-0001,ĐẠI-NAM
q07_08_page_23-0002,QUYỂN THỨ BẨY
q07_08_page_23-0003,TỈNH QUẢNG-TRỊ
q07_08_page_23-0004,TỨ CHÍ
q07_08_page_23-0005,"Từ đông đến tây cách nhau 166 dặm, từ nam đến bắc cách nhau 127 dặm, đông đến biển, lại giáp giới huyện Phong-Điền 豐田 tỉnh Thừa-Thiên 承天 29 dặm, tây đến giới Cửu-Châu 九州 bảo Trấn-Lao 鎮牢堡 137 dặm, nam đến giới sách Ba-Hy 巴熙册 huyện Phong-Điền 42 dặm, bắc đến giới huyện Lệ-Thủy 麗水 tỉnh Quảng-Bình 85 dặm, từ Tỉnh-thành vào nam đến Kinh phải cách 3 trạm Trị Xá, Thừa-Mỹ, Thừa An là 89 dặm."
q07_08_page_24-0001,"PHÂN DÃ 野 (chia khu vực) Thiên văn: Phân dã sao Dực sao Chẩn, vị thứ sao Thuần-Vĩ. (chú rõ ở địa-chí Thừa-Thiên)."
q07_08_page_24-0002,KIẾN TRÍ DIÊN CÁCH 建置沿革.
q07_08_page_24-0003,"Nguyên là đất quận Nhật-Nam nhà Hán (quận Nhật-Nam có 5 thành: 西捲, 比景, 朱吾, 盧容, 象林, Tây-Quyền, Tỷ-Cảnh Châu-Ngô, Lư-Dung, Tượng-Lâm."
q07_08_page_24-0004,Huyện Tỷ-Cảnh hiện đương nay ở tỉnh Quảng-Trị.
q07_08_page_24-0005,Tỷ-Cảnh đời Hán tức Ô-Châu của Chiêm-Thành Thuận-Châu của đời Trần).
q07_08_page_24-0006,"Ô-Châu, Ma-Linh-Châu của Chiêm-Thành. (Đời Lý Chiêm-Thành dâng châu Ma-Linh 麻令, đời Trần Chiêm-Thành dâng 2 Châu Ô, Lý 烏里)."
q07_08_page_24-0007,"Triều Lý, An-Nam lấy châu Ma-Linh cải đặt làm châu Minh-Linh 明靈, Triều Trần lấy Ô-Châu đặt làm Thuận-Châu 順州, lại đặt 4 huyện: 石蘭, 花闆, 利調, 安仁 Thạch-Lan, Hoa-Lãng, Lợi-Điều, An-Nhơn thuộc vào. Đời Minh-thuộc 4 huyện ấy nhập với Thuận-Châu thuộc phủ Thuận-Hóa. Đầu đời Lê châu Minh-Linh đổi làm huyện Minh-Linh thuộc phủ Tân-Bình 新平 府, còn Thuận-Châu cải đặt 2 huyện: Võ-Xương, Hải-Lăng thuộc phủ Triệu-Phong 肇豐府, và thuộc hạt Thuận-Hóa Thừa-Tuyên (Đời Lê đặt phủ Triệu-Phong thuộc Thuận-Hóa Thừa-Tuyên, thống lãnh 6 huyện Kim-Trà 金茶, Đơn Điền 丹田, Tu-Vinh 思榮, Điện-Bàn 真盤, Hải-Lăng 海陵, Võ-Xương 武昌."
q07_08_page_24-0008,"Bản-triều ban đầu trích Điện-Bàn cải thuộc Quảng-Nam, đời Gia-Long đặt dinh Quảng-Đức trích 3 huyện: Hương-Trà, Quảng-Điền, Phú-Vinh lệ thuộc vào)."
q07_08_page_24-0009,"Ban đầu Thái-Tổ Gia-Dũ Hoàng-Đế đóng đô Thuận-Châu, sau đời đến Hóa-Châu, đất ấy gọi là Cựu-dinh."
q07_08_page_24-0010,"Thế-Tổ Cao-Hoàng-Đế khắc phục cựu-đô trích 2 huyện Hải-Lăng, Đăng-Xương phủ Triệu-Phong, và huyện Minh-Linh phủ Quảng-Bình đặt làm dinh Quảng-Trị, đầu đặt chức Lưu-thủ, 留守, Cai-bộ 該簿 và Ký-lục 記錄."
q07_08_page_24-0011,"Phủ Triệu Phong chỉ thống lãnh 3 huyện: Đăng-Xương, Hải-Lăng, Minh-Linh chuyên thuộc dinh Quảng-Trị."
q07_08_page_24-0012,"Lại đặt đạo Cam-Lộ 甘露 (đời Lê về trước làm nguồn Cam-Lộ), cống-man, thuế-man đều thuộc Quảng-Trị."
q07_08_page_25-0001,Năm Gia-Long thứ 5 (1806) định làm dinh Trực-Lệ 直隸營 lệ thuộc Kinh sư.
q07_08_page_25-0002,Năm Minh-Mạng thứ 4 (1823) ở thượng-du đặt châu Hướng-Hóa thuộc đạo Cam-Lộ.
q07_08_page_25-0003,"Năm thứ 8 cải làm trấn Quảng-Trị bỏ 2 chữ «trực lệ», đặt chức Trấn-thủ 鎮守, Hiệp-trấn 協鎮 và Tham-trấn 參鎮; lại đặt Cửu-Châu ở Cam-Lộ."
q07_08_page_25-0004,"Năm thứ 11 (1830) mới đặt chức Tri-phủ Triệu-Phong kiêm lý huyện Minh-Linh, thống hạt 2 huyện Đăng-Xương, Hải-Lăng."
q07_08_page_25-0005,"Năm 12 phân hạt gọi tỉnh Quảng-Trị, đặt 2 ty Bố-chánh, Án-sát, đặt chức Tuần-vũ lãnh Bố-chánh (đầu đặt Bình-Trị tổng-đốc, thì Tuần-vũ Quảng-Trị lệ thuộc, sau cải làm Trị-Bình Tuần-vũ, Quảng-Bình đặt chức Bố-chánh thì lại lệ thuộc Tuần-vũ Trị-Bình), cải đạo Cam-Lộ làm phủ Cam-Lộ, đặt chức Tri-phủ kiêm lý châu Hướng-Hóa mà thống hạt cả Cửu-Châu."
q07_08_page_25-0006,"Năm thứ 15 lại đổi tên là Bắc-Trực (thông xưng cả Quảng-Trị, Quảng-Bình) cải châu Hướng-Hóa làm huyện Hướng-Hóa."
q07_08_page_25-0007,"Năm 17 (1836) đặt thêm một huyện Địa-Linh 地靈; phủ Triệu-Phong cải kiêm-lý huyện Đăng-Xương 登昌縣, thống hạt 3 huyện: Minh-Linh, Địa-Linh, Hải-Lăng."
q07_08_page_25-0008,Năm Tự-Đức thứ 3 (1850) cải huyện Hướng-Hóa 向化縣 làm huyện Thành-Hóa 成化.
q07_08_page_25-0009,"Năm thứ 6 (1853) tính hiệp Quảng-Trị vào Thừa-Thiên, bỏ tỉnh đặt làm đạo, cải đặt một chức Quản-đạo, văn thơ sách tịch đều biên trùm là Thừa-Thiên-phủ, bỏ phủ Triệu-Phong và phủ Cam-Lộ, còn huyện Hải-Lăng huyện Đăng-Xương do đạo kiêm lý; huyện Minh-Linh, Địa-Linh và Thành-Hóa Cửu-Châu Cam-Lộ đều thống về đạo mà lệ thuộc phủ Thừa-Thiên."
q07_08_page_25-0010,"Năm thứ 29 (1936) đổi đạo lại đặt làm tỉnh, đặt Trị-Bình Tuần-vũ (kiêm ấn triện Bố-chánh) và Án-sát-sứ, lại đặt 2 phủ Triệu-Phong và Cam-Lộ, đều kiêm lý huyện Đăng-Xương huyện Thành-Hóa."
q07_08_page_25-0011,"Năm Duy-Tân thứ 2 (1908) lại đặt huyện Hướng-Hóa; lãnh 2 phủ, 6 huyện, 9 châu Ky-my (niên hiệu Thành-Thái, thuế lệ ở Cửu-Châu do Sứ-tòa ở Lào thâu biện)."
q07_08_page_25-0012,PHỦ TRIỆU-PHONG 肇豊府
q07_08_page_25-0013,"Ở phía đông bắc tỉnh 1 dặm rưởi, phía đông đến biển, lại giáp giới huyện Phong-Điền, phía tây đến địa-giới phủ Cam-Lộ phía nam đến địa giới sách Ba-Hy 巴熙册 huyện Phong-Điền, phía bắc đến địa giới huyện Lệ-Thủy tỉnh Quảng-Bình, đông tây cách 50 dặm, nam bắc cách 127 dặm."
q07_08_page_26-0001,"Nguyên xưa là đất huyện Tỷ-Cảnh quận Nhật-Nam: Thuộc đời Hán, Chiêm-Thành lấy làm Ô-Châu. Đời Trần đặt làm Thuận-Châu. Đời Minh-thuộc lệ nhập phủ Thuận-Hóa. Đời Lê niên-hiệu Quang Thuận thứ 10 (1469) đặt Thuận-Hóa Thừa-tuyên tam-ty, lãnh phủ Triệu-Phong (có tên phủ Triệu-Phong là đầu từ đây)."
q07_08_page_26-0002,"Lệ thuộc phủ Triệu-Phong có 6 huyện: Võ-Xương 武昌, Hải-Lăng 海陵, Kim-Trà 金茶, Đơn-Điền 丹田, Tu-Vinh 思榮, Điện-Bàn 奠盤."
q07_08_page_26-0003,"Khi đầu Bản-triều đổi Kim-Trà làm Hương-Trà 香茶, Đơn-Điền làm Quảng Điền 廣田, Tu-Vinh làm Phú-Vinh 富榮."
q07_08_page_26-0004,"Lại cải Điện-Bàn làm phủ, trích thuộc về Quảng-Nam. Đầu hiệu Gia-Long trích 3 huyện Hương-Trà, Phú-Vinh, Quảng-Điền đặt làm dinh Quảng-Đức, còn 2 huyện Hải-Lăng và Đăng-Xương cùng huyện Minh-Linh phủ Quảng-Bình trích đặt làm dinh Quảng-Trị."
q07_08_page_26-0005,"Phủ Triệu-Phong chỉ lãnh 3 huyện (Hải-Lăng, Đăng-Xương, Minh-Linh) chuyên thuộc về dinh Quảng-Trị."
q07_08_page_26-0006,"Năm Minh-Mạng thứ 11 (1830) mới đặt chức Tri-phủ kiêm lý huyện Minh-Linh, thống hạt 2 huyện Đăng-Xương, Hải-Lăng năm 17 (1836) đặt thêm huyện Địa-Linh, cải phủ nha kiêm lý huyện Đăng-Xương còn 3 huyện Minh-Linh, Địa-Linh, Hải-Lăng do phủ thống hạt."
q07_08_page_26-0007,"Năm Tự-Đức thứ 6 (1853) bớt huyện Đăng-Xương nguyên thuộc phủ, do đạo kiêm lý."
q07_08_page_26-0008,"Năm 29 (1876) đem đạo lại làm tỉnh lại đặt phủ-nha lãnh coi 4 huyện. huyện THUẬN XƯƠNG 順昌 Phía đông đến huyện-giới Hải-Lăng, phía tây đến giới hạn huyện Do-Linh và huyện Thành-Hóa, phía nam đến huyện giới Thành-Hóa, phía bắc đến biển."
q07_08_page_26-0009,"Huyện hạt này vốn đất Ô-Châu của Chiêm-Thành, Đời Trần thuộc Thuận-Châu. Đời Minh-thuộc lệ phủ Thuận-Hóa. Đầu đời Lê làm huyện Võ-Xương 武昌縣, thuộc phủ Triệu-Phong."
q07_08_page_26-0010,Khi đầu Bản triều cải làm huyện Đăng-Xương 登昌縣.
q07_08_page_26-0011,Năm Minh-Mạng 11 (1830) đặt phủ nha Triệu-Phong thì huyện này thuộc phủ thống hạt.
q07_08_page_26_27-0001,Năm thứ 17 (1836) đổi lại làm phủ kiêm lý.
q07_08_page_27-0001,"Nguyên lãnh 5 tổng, 133 xã thôn."
q07_08_page_27-0002,Năm Tự-Đức thứ 5 (1852) chia 4 thôn phường của huyện hạt này lệ nhập huyện Thành-Hóa.
q07_08_page_27-0003,"Năm thứ 6 (1853) đem huyện qui về đạo kiêm lý, có 5 tổng, 129 xã thôn."
q07_08_page_27-0004,"Năm thứ 29 (1876) Triệu-Phong lại đặt Tri-phủ thì huyện này do phủ kiêm lý, năm Kiến-Phúc nguyên niên (1884) vì tỵ húy nên đổi tên hiện kim là Thuận-Xương. huyện HẢI LĂNG 海陵縣 Ở phía đông nam phủ Triệu-Phong, đông đến tây cách 38 dặm nam đến bắc cách 70 dặm, phía đông đến huyện giới Phong-Điền 24 dặm, phía tây đến địa giới phủ Triệu-Phong và phủ Cam-Lộ 14 dặm, phía nam đến sơn-động 47 dặm, phía bắc đến biển 23 dặm."
q07_08_page_27-0005,"Thuộc đời Hán là đất huyện Tỷ-Cảnh, Chiêm-Thành làm đất Ô-Châu. Đời Trần thuộc Thuận-Châu, đầu đời Lê đặt tên Hải-Lăng lệ thuộc phủ Triệu-Phong, lãnh 4 tổng, 68 xã thôn."
q07_08_page_27-0006,Năm Tự-Đức thứ 5 (1852) chia 3 thôn phường trong huyện hạt này cải thuộc về phủ Cam-Lộ.
q07_08_page_27-0007,"Thuộc hạt có 4 tổng, 65 xã phường."
q07_08_page_27-0008,Năm thứ 6 giảm huyện viên do đạo kiêm lý.
q07_08_page_27-0009,"Năm 29 (1876) đặt lại huyện-nha thuộc phủ thống hạt. huyện VĨNH-LINH 永靈縣 Ở phía bắc phủ 55 dặm, đông tây cách nhau 36 dặm, nam bắc cách nhau 29 dặm, phía đông đến biển, phía tây đến địa giới phủ Cam-Lộ, phía nam đến huyện giới Do-Linh, phía bắc đến huyện giới Lệ-Thủy, Quảng-Bình. Đời nhà Hán là đất quận Nhật-Nam."
q07_08_page_27-0010,Chiêm-Thành làm châu Ma-Linh.
q07_08_page_27-0011,Triều Lý đổi làm châu Minh-Linh. Đời Minh-thuộc đổi làm châu Nam-Linh. Đời Lê đổi lại làm huyện Minh-Linh thuộc phủ Tân Binh 新平府.
q07_08_page_27-0012,"Bản-triều khi đầu cũng nhân theo đó. Đầu niên-hiệu Gia-Long chia đặt dinh hạt trích thuộc phủ Quảng-Trị, nhưng đề đứng đầu là phủ Quảng-Bình, đặt tả hữu Tri-huyện, năm Minh-Mạng thứ 3 (1822) cải thuộc phủ Triệu-Phong."
q07_08_page_27-0013,"Năm thứ 8 (1827) cải Tả-hữu Tri-huyện và Huyện-thừa, năm 11 (1830) đem phủ-nha kiêm lý, giảm chức Tri-huyện và Huyện-thừa."
q07_08_page_27-0014,"Năm thứ 17 (1836) cải phủ-nha kiêm lý huyện Thuận-Xương, còn Minh-Linh lại đặt Tri-huyện lãnh coi 5 tổng, 142 xã thôn."
q07_08_page_27-0015,Năm ấy chia 3 tổng trong huyện hạt này cải thuộc huyện Địa-Linh tân thiết.
q07_08_page_27-0016,"Lại đặt thêm 2 tổng nữa hiệp với 2 tổng cũ thuộc huyện Minh-Linh, khi ấy lãnh 4 tổng, 77 xã thôn."
q07_08_page_27-0017,Năm Ất dậu hiệu Hàm Nghi (1885) tránh chữ «Minh 明» đổi làm chữ «Chiêu 昭» (Minh-Linh đổi làm Chiêu-Linh).
q07_08_page_27-0018,"Năm Thành-Thái thứ nhất tránh chữ «Chiêu» đổi lại tên hiện nay (Vĩnh Linh), năm thứ 13 (1901) trích 8 xã phường của huyện Lệ-Thủy, Quảng-Bình, cải thuộc huyện hạt, cộng 85 xã."
q07_08_page_28-0001,"huyện DO-LINH 由靈縣 Ở phía bắc phủ Triệu-Phong 25 dặm, đông tây cách nhau 37 dặm, nam bắc cách nhau 33 dặm, phía đông đến biển, phía tây đến địa giới phủ Cam-Lộ, phía nam đến huyện giới Thuận-Xương, phía bắc đến huyện giới Vĩnh-Linh."
q07_08_page_28-0002,"Nguyên trước là đất 2 huyện Thuận-Xương và Vĩnh-Linh, năm Minh-Mạng 17 (1836) chia đặt (đã nói rõ về huyện Vĩnh Linh) thuộc phủ Triệu-Phong thống hạt, lãnh 4 tổng, 112 xã thôn."
q07_08_page_28-0003,"Năm Tự-Đức thứ 5 (1852) trích chia 22 xã thôn trong huyện hạt này cải thuộc về huyện Thành-Hóa, thuộc hạt có 4 tổng, 90 xã thôn, năm thứ 6 (1853) giảm viên huyện, do huyện Vinh-Linh kiêm nhiếp."
q07_08_page_28-0004,Năm Đồng-Khánh nguyên-niên lại đặt làm huyện Do-Linh (cựu danh là Địa-Lý).
q07_08_page_28-0005,PHỦ CAM-LỘ 甘露府
q07_08_page_28-0006,"Ở phía tây nam tỉnh thành 30 dặm, đông tây cách nhau 138 dặm, nam bắc cách nhau 229 dặm, phía đông đến địa giới 2 huyện Hải-Lăng và Thuận-Xương 20 dặm, phía tây đến địa giới châu Na-Bí 那貴州 11 dặm, phía nam đến địa giới châu Thượng-Kế 上薊州 210 dặm, phía bắc đến huyện giới Do-Linh 19 dặm."
q07_08_page_28-0007,"Nguyên xưa là đất Ai Lao, từ đời Lê về trước làm nguồn Cam-Lộ, có 2 châu Sa-Bồn 沙盆 và Thuận-Bình 順平."
q07_08_page_28-0008,"Châu Sa-Bồn có 11 trang, 60 sách, châu Thuận-Bình có 19 sách, 10 động."
q07_08_page_28-0009,Trong niên hiệu Hồng-Đức (1470-1497) lệ có thổ cống (cống thổ sản).
q07_08_page_28-0010,Châu Thuận Bình sau đổi làm Tuy-Bình.
q07_08_page_28-0011,"Khi đầu bản-triều nhân theo đó cũng làm cống-man, bộ lạc chỗ làm châu, hoặc chỗ làm tổng, châu thì có man-sách, tổng thì có nguyên-sách. Đầu niên hiệu Gia-Long làm đạo Cam-Lộ, đặt một quản đạo, một Hiệp-thủ đề quản lý."
q07_08_page_28-0012,"Thuộc đạo có đặt 1 Cai-họp, 1 Thủ-họp và 12 Lịnh sử."
q07_08_page_28-0013,"Người thừa biện việc châu gọi là Châu-quan, người thừa biện việc tổng gọi là tổng-quan."
q07_08_page_29-0001,Những Cống-man 貢變 nay có danh hiệu khảo cứu: một Châu Sa-Bồn có 2 mường: Na-Bí 那賁 đạo Mường-Vang Thượng-Kế 上前; Châu Tịnh-An có 3 mường: Tá-Bang 佐邦 Xương-Thạnh 昌盛 Tầm-Bồn 尋淦.
q07_08_page_29-0002,"Và 8 sách: Ba-Lan 巴欄 Làng-Thời 廊辰, Làng-Tổng 廊總, Làng-Liên 廊連 Làng-Tán 廊散, La-Miệt 羅蔑, A-Nhi 阿兒."
q07_08_page_29-0003,"Bốn nguồn: Viên-Kiệu 員嶠, Tầm-Linh 尋靈, Ô-Giang 烏江, Cô-Lâm 古林."
q07_08_page_29-0004,"Sáu tộc: Làng Hạ 廊下, Tầm-La 弄雞, Làng Khống 廨控, Kỳ-Tháp 奇搭, Hương Bạn 香伴, Làng-Lục 廊錄."
q07_08_page_29-0005,"Phàm cống-man (1) thì xưng là Mường Châu 州, Thuế-man (2) thì xưng là Bạn-châu 伴州."
q07_08_page_29-0006,"Năm Minh-Mạng thứ 3 (1822) lấy đất 4 sách Viên Kiệm, Tầm-Linh, Làng-Tổng."
q07_08_page_29-0007,"Làng-Liên đặt làm châu Hướng-Hóa 向化州, đặt 1 Tri-châu dùng lưu quan (3) làm việc, thuộc đạo Cam-Lộ."
q07_08_page_29-0008,"Năm thứ 8 (1827) Sa trưởng 偻長 các sách đem dâng sổ sách đình điền xin liệt vào châu huyện, bèn lấy một đạo Mường-Vang, 7 sách; Na-Bồn, Thượng-Kế Tá-Bang, Xương-Thạnh, Tầm-Bồn, Ba-Lan, Mường-Bồng và 1 sách Làng Thời. phàm 9 cống-man cải làm Cửu-Châu (chín châu)."
q07_08_page_29-0009,"Còn 4 nguồn 5 sách 6 tộc thuế-man cải làm 15 tổng, thuộc châu Hướng-Hóa ở phía bắc, những đầu-mục tổng-trưởng đều bổ thọ chức Cai-tổng 該總."
q07_08_page_29-0010,"Sau lại hiệp làm 9 tổng, cống, thuế đều nạp ở đạo Cam-Lộ."
q07_08_page_29-0011,"Năm thứ 12 (1831) đổi đạo làm phủ Cam-Lộ, đặt 1 Tri-phủ kiêm lý châu Hướng-Hóa thống hạt 9 châu."
q07_08_page_29-0012,Năm thứ 15 (1834) cải châu Hướng-Hóa làm huyện Hướng-Hóa.
q07_08_page_29-0013,"Năm Tự-Đức thứ 3 (1850) lại cải làm huyện Thành-Hóa, năm thứ 5 (1852) trích 32 xã thôn trong địa hạt 3 huyện: Thuận-Xương, Do-Linh và Hải-Lăng đặt làm tổng Cam-Đường 州 (sau đổi làm Cam-Võ 甘雨), thuộc về phủ Dịch giả chú: (1) Cống-Man là mọi nạp lễ cống, chứ không có nạp thuế nhất định. (2) Thuế-man là mọi có đóng hiếu. (3) Lưu-quan là chức quan do Chánh-phủ bổ dụng người ở thổ-trước đến làm việc, không phải là thế-tập."
q07_08_page_30-0001,hạt.
q07_08_page_30-0002,"Năm thứ 6 (1853) giảm phủ Cam-Lộ, đặt Tri-huyện Thành-Hóa năm 29 (1816) nhưng cựu đặt phủ nha, kiêm lý huyện Thành-Hóa."
q07_08_page_30-0003,Kế đặt huyện Hướng-Hóa sau cũng triệt bỏ.
q07_08_page_30-0004,Năm Duy-Tân thứ 2 (1908) đặt trở lại.
q07_08_page_30-0005,"Nay hiện lãnh 2 huyện. huyện THÀNH-HÓA 成化縣 Đông đến địa giới 2 huyện Hải-Lăng và Thuận-Xương, tây đến địa giới Châu Na-Bồn, nam đến địa giới châu Thượng-Kế, bắc đến huyện-giới Do-Linh."
q07_08_page_30-0006,"Nguyên xưa là đất Ai-Lao, năm Minh-Mạng thứ 3 (1822) đặt làm châu Hướng-Hóa thuộc đạo Cam-Lộ."
q07_08_page_30-0007,"Năm 12 (1831) cải đạo Cam-Lộ làm phủ kiêm lý châu Hướng-Hóa, năm 15 (1834) đổi làm huyện Hướng-Hóa."
q07_08_page_30-0008,"Năm Tự-Đức thứ 3 (1850) lại đổi làm huyện Thành Hóa (tên Thành-Hóa bắt đầu từ đây) năm thứ 5 chia đặt 1 tổng Cam Đường (trích 22 xã thôn của 3 huyện Do Linh, Thuận-Xương, Hải-Lăng) sáp vào huyện hạt."
q07_08_page_30-0009,"Năm thứ 6 (1853) giảm phủ Cam-Lộ đặt huyện-nha, năm 27 (1876) giảm viên huyện lại đặt phủ-nha kiêm lý thuộc hạt."
q07_08_page_30-0010,"Có 3 tổng dân kinh 75 xã thôn phường. huyện HƯỚNG HÓA 向化縣 Huyện hạt đông giáp huyện giới Thành-Hóa, tây giáp cảnh thổ nước Xiêm, nam giáp sơn-phần phủ Thừa-Thiên, bắc giáp huyện giới Thành Hóa."
q07_08_page_30-0011,"Xưa là đất Ai-Lao, Minh-Mạng năm thứ 3 (1822) ban đầu lấy đất 4 sách (Viên-Kiệu, Tầm-Linh, Làng-Tổng, Làng-Liên) đặt châu Hướng-Hóa, đặt chức Tri-châu thuộc đạo Cam-Lộ."
q07_08_page_30-0012,Năm thứ 8 (1827) lấy thuế-man 4 nguồn 5 sách 6 tộc đổi làm 15 tổng thuộc châu hạt.
q07_08_page_30-0013,Sau lại đem 15 tổng hiệp lại làm 9 tổng.
q07_08_page_30-0014,Năm thứ 12 (1831) cải đạo Cam-Lộlàm phủ đặt Viên phủ kiêm lý việc châu.
q07_08_page_30-0015,Năm 15 (1834) cải châu Hướng-Hóa làm huyện.
q07_08_page_30-0016,"Năm Tự-Đức thứ 3 (1850) lại cải làm huyện Thành-Hóa, năm 29 (1876) lại đặt phủ Cam-Lộ, kế đặt huyện nha ở xã Húc-Thượng tổng Viên-Kiệu, sau dời gần Mai-Lãnh rồi lại triệt bỏ."
q07_08_page_30_31-0001,"Duy-Tân nguyên – niên tỉnh-thần dâng sở xin đặt huyện lại ở chỗ nguyên-lỵ (địa phận xã Húc-Thượng, viên huyện dùng người thồ-trước) để cai trị Man-bạn, gồm 9 tổng 83 xã ấp, thuộc phủ thống hạt."
q07_08_page_31-0001,CHÂU KY-MY 羈縻州
q07_08_page_31-0002,Trong niên-hiệu Thành-Thái (1889-1906) thuế-lệ 9 châu do Sứ-tòa ở Lào thâu biện.
q07_08_page_31-0003,CHÂU MƯỜNG-VANG 呓嵘州
q07_08_page_31-0004,"Cách phía tay huyện Thành-Hóa 8 ngày đàng, châu hạt liên giáp các địa giới Na-Bí, Tầm-Bồn, phủ Lạc-Biên, nguồn An-Đại."
q07_08_page_31-0005,Nguyên xưa là đất Ai-Lao.
q07_08_page_31-0006,"Người đầu tiên của chúng tên là Sa-Hôn 偻婚, con của Man-trưởng Nam-Nội Oi-Noa 南内猥茹 (Nam-nội Oi-Noa nguyên thuộc Ai-Lao), Ban đầu Man trưởng Oi Noa sinh 4 người con, người lớn nhất là Long-Uất 龍鬱, thứ 2 là Sa-Hôn 偻婚, thứ 3 là Sa-Khô 偻枯, thứ 4 là Phi-Xương 肥昌 khi Man-trưởng Oi-Noa chết, anh em Long-Uất đưa ra ngoài chôn cất."
q07_08_page_31-0007,"Ông chồng bà cô (không rõ tên) ở nhà chiếm cứ sách ấy mà tự lập làm man-trưởng, khi anh em Long-Uất trở về bị ông chồng bà cô đóng cửa không cho vô."
q07_08_page_31-0008,"Long-Uất đem nhau chạy qua địa giới Mường-Vang, dân Mường ấy chạy theo khá đông, bèn đánh đuổi Tù trưởng Mường-Vang mà chiếm đất, rồi đính ước cùng nhau cầu đảo với thần ở núi Pha-Huân 坡薰山 bói coi anh em người nào nên ở chỗ ấy."
q07_08_page_31-0009,"Sa-Hôn bói được điềm tốt, cố nhiên được ở Mường-Vang, còn Long-Uất thì qua Na-Bí, Sa-Khô qua Tầm-Bồn, Phì-Xương qua Thượng-Kế, anh em đều làm hùng trưởng chiếm cứ mỗi người một châu. Đất Mường-Vang từ Sa-Hôn truyền đến Sa-Linh 偻鈴 15 đời, nguyên trước là Cống-man, năm Minh-Mạng thứ 8 (1827) mới liệt vào châu huyện, cải thọ cho Sa-Linh làm Thổ-tri-châu, tứ tánh cho làm họ Lâm 林姓, nối đời ở đất Phủ-Cố 甫固."
q07_08_page_31-0010,"Ruộng nương có 152 xứ, dân số hơn 2000 người, khẩn trị hoang-vu, trồng tỉa ngũ cốc, thổ-nghi lúa nếp dâu tằm nguồn lợi rất nhiều."
q07_08_page_31-0011,"Năm Minh-Mạng thứ 12 (1831) lệ định mỗi năm mỗi người nạp thuế-ngân 2 tiền, 3 năm một lần vào chầu (chiêm cận)."
q07_08_page_31-0012,"Sau 8 châu kia cũng bị lưu tán lần cả, trong niên hiệu Tự-Đức chỉ còn 47 người."
q07_08_page_32-0001,CHÂU NA-BÍ 那貴州
q07_08_page_32-0002,"Cách phía tây huyện 5 ngày đường, ở phía bắc châu Làng Thời."
q07_08_page_32-0003,"Châu-hạt liền giáp địa giới Ai-Lao, Xương-Thạnh, Thượng-Kế Mường-Vang. Đất rộng cũng bằng xứ Mường-Vang."
q07_08_page_32-0004,Nguyên trước thuộc châu Sa-bổn.
q07_08_page_32-0005,"Người đầu tiên ở đây là Long-Uất 龍热, con trưởng của Oi-Noa."
q07_08_page_32-0006,"Từ Long-Uất khai thác truyền đến Sa-Xiết 偻掣 15 đời, đời nào cũng đều nạp cống."
q07_08_page_32-0007,"Nguyên danh là Cha-Bôn 吒奔 năm Minh-Mạng thứ 4 (1823) đổi tên hiện-kim; năm thứ 8 (1827) liệt vào châu huyện, cải thọ cho Sa-Xiết làm Thổ-tri-châu, tử tánh làm họ Thạch 石姓, nối đời ở bờ sông Na-bí."
q07_08_page_32-0008,"Ruộng nương có 140 xứ, dân số hơn 2000 người."
q07_08_page_32-0009,"Sau bị lưu tán, trong niên hiệu Tự-Đức đinh số giảm đến 341 người."
q07_08_page_32-0010,CHÂU THƯỢNG-KÉ 上薊州
q07_08_page_32-0011,"Cách phía tây nam huyện 7 ngày đường, ở phía nam Châu Mường-Vang."
q07_08_page_32-0012,"Châu-hạt giáp các địa giới Na-Bí, Làng-Thuận, Mường-Mần, nguyên thuộc châu Sa-Bồn."
q07_08_page_32-0013,Người đầu tiên là Phi-Xương 肥昌 con út của Oi-Noa.
q07_08_page_32-0014,Từ Phì-Xương truyền đến Sa-Phủ 搓甫 12 đời.
q07_08_page_32-0015,"Nguyên thuộc cống-man, năm Minh-Mạng thứ 8 (1.827) mới liệt vào châu huyện, cải thọ Sa Phủ làm Thổ-tri-châu, tứ tánh làm họ Kheo 姓邱, nối đời ở sòng La-Nồn 羅嫩江. Đất ấy gò núi cao ráo, có ruộng 140 xứ, dân số 1.500 người; sau bị lưu tán; trong năm Tự-Đức đinh số chỉ còn 260 người."
q07_08_page_32-0016,CHÂU TẦM-BỒN 寿湓州
q07_08_page_32-0017,"Cách xiên về tây nam huyện 10 ngày đường, ở phía bắc châu Ba-Lan."
q07_08_page_32-0018,"Châu hạt tiếp giáp các địa-giới Khung-giang, Ba-Thắt, Ba-Lan Mường-Vang, đất rộng cũng bằng châu Mường-Vang."
q07_08_page_32-0019,"Nguyên thuộc châu Tịnh-An, người đầu tiên ở xứ này là Sa-Khô, con thứ của Oi Noa."
q07_08_page_32-0020,"Ban đầu Sa-Khô 搓枯 khai thác châu này ngày càng mạnh lớn kiêm tính cả đất 4 châu: Ba-Lan, Mường-Bồng, Tá-Bang."
q07_08_page_32-0021,Xương Thạnh.
q07_08_page_32-0022,"Khiến con trưởng là Pha-Như-Khâm-Mang 坡茹欽芒 Ở châu Mường-Bồng, con thứ Pha-Nha-Hùm 坡芽猞 ở châu Xương Thạnh, con thứ 3 là Sa-Khâm 偻欽 ở châu Tá-Bang, con thứ tư là Sa-Kiệu 偻嶠 ở châu Ba-Lan, còn Sa-Khô thì tự ở châu Tầm-Bồn."
q07_08_page_33-0001,"Sau Sa-Khô chết, cháu ngoại là Sa-Khẩu 儀口 nói theo, truyền đến Sa Nội là 14 đời."
q07_08_page_33-0002,"Nguyân danh là Tầm-Bồn 沉, năm Minh-Mạng thứ 4 (1823) cải tên hiện kim, nhưng thuộc cống-man."
q07_08_page_33-0003,"Năm thứ 8 (1827) mới liệt vào châu huyện, cải thọ cho Sa-Nội 僅內 làm Thổ-tri-châu tứ tánh làm họ Hướng 姓向 nối đời ở bên sông Tầm-Bồn."
q07_08_page_33-0004,"Ruộng đất bằng thẳng không núi rừng, ruộng nương có 42 xứ, dân số 1100 người."
q07_08_page_33-0005,"Thổ sản có muối, cau, voi, ngựa, trâu, bò, cá sấu, cá tràu rất nhiều. Đến sau nhân dân lưu tán chưa phục hồi."
q07_08_page_33-0006,CHÂU MƯỜNG-BỒNG 俸州
q07_08_page_33-0007,"Cách xiên về phía tây nam huyện đi 10 ngày đường, ở phía nam châu Tầm-Bồn, Châu hạt tiếp giáp các địa-giới Khung-Giang, Ba-."
q07_08_page_33-0008,"Lan, Tầm-Bồn, Na-Bí, đất rộng bằng châu Tầm-Bồn."
q07_08_page_33-0009,"Nguyên trước là châu Tịnh-An, người đầu tiên xứ này là Pha-Như-Khâm-Mang 坡茹欽芒 con trưởng của Sa-Khô."
q07_08_page_33-0010,Từ Khâm-Mang truyền đến Sa-Ôn 佳氫 8 đời.
q07_08_page_33-0011,"Ban đầu thuộc cống-man đồng ngạch tịch với Tầm-Bồn năm Minh-Mạng thứ 8 mới liệt vào châu huyện biệt ngạch 2 châu cải thọ Sa-Ôn làm Thổ-tri-châu, tứ tánh làm họ Cốc 姓谷 nối đời ở đất Non-Khu 嫩區."
q07_08_page_33-0012,"Ruộng đất bằng thẳng không núi rừng, có ruộng nương 40 xứ, dân số 440 người."
q07_08_page_33-0013,"Thổ sản có muối, câu, nếp, gạo, trâu bò cũng nhiều. Đến sau Man-dân lưu tán không được như trước."
q07_08_page_33-0014,CHÂU BA-LAN 巴欄州
q07_08_page_33-0015,"Cách tây nam huyện 15 ngày đường, gần Khung-Giang, tiếp giáp với Xiêm."
q07_08_page_33-0016,"Châu hạt giáp các địa-giới Tầm-Bồn, Mường-Bồng, Na-Bí, Mường-Vang."
q07_08_page_33-0017,Nguyên thuộc châu Tịnh-An.
q07_08_page_33-0018,"Người trước tiên là Sa Kiệu 偻嶠, con thứ 4 Sa-Khô, từ Sa-Kiệu truyền đến Sa-Ngân phàm 7 đời, đầu thuộc cống-man, đồng ngạch tịch với Tầm-Bồn."
q07_08_page_33-0019,"Năm Minh-Mạng thứ 8 (1827) mới liệt vào châu huyện, cải thọ Sa-Ngân 搓銀 làm Thổ-tri-châu tứ tánh làm họ Đồng 姓同, nối đời ở bên sông Trình-Thôi. Địa thế bằng phẳng không núi rừng, có ruộng 43 xứ, dân số hơn 1000 người, thổ sản cũng như Tầm-Bồn."
q07_08_page_33-0020,Sau Man dân lưu tán chưa phục hồi.
q07_08_page_34-0001,CHÂU TÁ BANG 佐邦州
q07_08_page_34-0002,"Cách phía tây huyện 6 ngày đường, ở phía tây châu Na-Bí."
q07_08_page_34-0003,"Châu hạt tiếp giáp các địa-giới Mường-Vang, Xương-Thạnh, Làng-Liên O-Giang."
q07_08_page_34-0004,"Nguyên thuộc châu Tịnh-An, người đầu tiên là Sa-Khâm 偻欽, con thứ 3 Sa-Khôi."
q07_08_page_34-0005,"Từ Sa-Khâm truyền đến Sa-Chiêu 偻昭 phàm 7 đời, nguyên danh là Phá-Băng 破冰."
q07_08_page_34-0006,"Năm Minh-Mạng thứ 4 (1823) đổi tên hiện-kim, năm thứ 8 mới liệt vào châu huyện, cải thọ cho Sa-Chiêu làm Thổ-tri-châu, tứ tánh làm họ Lãnh 姓領, nối đời ở bờ sông Tá-Bang. Đất ấy núi rừng cao ráo, có ruộng 12 xứ, dân-số hơn 300 người."
q07_08_page_34-0007,"Sau lần phiêu lưu, năm Tự-Đức chỉ còn 39 người."
q07_08_page_34-0008,CHÂU XƯƠNG-THẠNH 昌盛州
q07_08_page_34-0009,"Cách phía tây nam huyện 7 ngày đường, ở phía nam châu Tá-Bang."
q07_08_page_34-0010,"Châu hạt liên tiếp các địa giới Mường-Vang, Na-Bí, Tá-Bang Làng-Liên."
q07_08_page_34-0011,"Nguyên trước thuộc châu Tịnh-An, người đầu tiên là Pha-Nha-Hùm 坡牙猞 con thứ 2 của Sa-Khôi."
q07_08_page_34-0012,Từ Pha-Nha-Hùm đến Sa-Khả 僅可 phàm 7 đời; nguyên trước tên là Xương-Cậm 昌祺 năm Minh-Mạng thứ 4 đổi làm tên hiện-kim.
q07_08_page_34-0013,"Năm thứ 8 liệt vào châu huyện, cải thọ cho Sa-Khả, làm Thổ-tri-châu, tứ tánh làm họ Sơn 山姓, nối đời ở bờ sông Xà-Mâu 蛇矛. Đất ấy nhiều gò dốc, có ruộng 10 xứ, dân số hơn 300 người. Đến sau lưu tán, trong niên hiệu Tự-Đức đã lần phục hồi chỉ có 21 người."
q07_08_page_34_35-0001,"CHÂU LÀNG-THỜI 辰廊州 Sa-Đôn làm Thổ-tri-châu, đặt cho họ là Thiết 姓鐵."
q07_08_page_35-0001,"Khi đầu không có địa phận, nhưng có ruộng ở chỗ ngụ cư 6 xử, dân số hơn 200 người, đến niên hiệu Tự-Đức chỉ còn 78 người."
q07_08_page_35-0002,"Xét rõ, năm Minh-Mạng thứ 8 (1827) đinh số 9 châu là 10.793 người, ruộng 922 xứ, từ khi liệt biên vào hộ tịch ngày càng lưu tán trong niên hiệu Tự-Đức đinh số chỉ còn 786 người, ruộng 612 xứ hiện nay thuế lệ do tòa sứ Lào thâu biên."
q07_08_page_35_36-0001,Còn đinh số thêm bớt thế HÌNH-THẾ 形势
q07_08_page_36-0001,"Phía đông đến biển nhỏ, phía tây giáp nhiều núi rừng, thế nước bao quanh, hình núi ôm bọc: Danh-sơn thì có núi Tà Linh 佐靈山, động Ba-Màn 巴慢峒; đại. xuyên thì có sông Thạch-Hãn 石桿江, sông Vĩnh-Định 永定河; sơn bảo thì có Trấn-lao 鎮牢 Cam-Lộ 甘露; hải tấn thì có Tùng-Luật 從律, Việt-Yên 越安."
q07_08_page_36-0002,"Lại có sa-động dài lớn theo bờ biển chạy vào phía nam, nghiễm nhiên làm một sa-thành ủng hộ."
q07_08_page_36_37-0001,"Thật là một nơi hình thắng ở chốn Kỳ phụ 畿 (1) Kỳ-phụ: Kỳ là kinh-kỳ 京畿, Phụ là Tam-phụ 三輔, ý nói gần chốn KHÍ HẬU 氣候"
q07_08_page_37-0001,Bốn mùa khí trời ấm nhiều lạnh ít.
q07_08_page_37-0002,"Tháng giêng tháng 2 khí xuân ôn hòa, thỉnh thoảng có gió đông bắc."
q07_08_page_37-0003,"Tháng 3 khí nắng lần gắt, tháng tư về sau có gió nam mạnh (tục gọi là nam bạo, đi ghe phải răn ngừa)."
q07_08_page_37-0004,"Nắng rất nóng nực, tháng 6, 7 gió nam còn mãnh liệt; tháng 8 có gió mát 涼風 đến, khi lần thư thời."
q07_08_page_37-0005,Thỉnh thoảng có gió lụt bất trắc.
q07_08_page_37-0006,"Tháng 9, 10 gió đông nồi lên, kế có gió bão thạnh phát, nước lụt dâng tràn."
q07_08_page_37-0007,"Sau tiết lập-đông mưa lạnh nhiều, gặp có gió bấc thì trời lần tạnh, bớt lạnh rét, khi nào thấy có mặt trời thì lần ấm lại. Địa thế liên tiếp với Thừa-Thiên nên khí hậu cũng lược đồng."
q07_08_page_37-0008,"Mỗi năm có 2 mùa lúa, tháng 11 cấy, tháng 4 gặt gọi là hạ-vụ, tháng 5 cấy, thắng 8 gặt gọi là thu-vụ."
q07_08_page_37-0009,"Duy huyện Hải-Lăng có nhiều ruộng thu vụ, lại có ruộng hạn-vụ (mùa nắng), tháng 6 gieo, tháng 10 gặt."
q07_08_page_37-0010,"3 huyện Cam-Lộ, Do-Linh, Vĩnh-Linh thì thổ-nghi hợp về hạ-vụ và thu vụ hơn."
q07_08_page_38-0001,PHONG TỤC 風俗
q07_08_page_38-0002,"Tỉnh hạt dọc theo miền núi, nhiều chỗ đất cứng xấu, nơi gần biển thì đất phù sa."
q07_08_page_38-0003,"Tục chuộng kiệm ước, ít có xa hoa."
q07_08_page_38-0004,"Ở gần Đế đô thấm gội giáo hóa được trước, nên phong tục chất phác thuần lương: nông lo làm ruộng, sĩ chăm việc học, những nhà sĩ phủ hơi có văn-nhã, cho nên việc hôn thú, tang tế, thù tạc, vãng lai và các tiết lễ Nguyên-đán, Đoan-dương phong tục đại khái giống như Thừa-Thiên."
q07_08_page_38-0005,"Duy có bọn cường hào hay võ đoán việc trong làng xóm, sinh nhiều sự kiện cáo."
q07_08_page_38-0006,"Còn dân thường thì đánh cá, hái củi, cày ruộng dệt cửi cho đến nghiệp nghệ công thương đều lo chuyên cần."
q07_08_page_38-0007,"Lúc xuân-thủ mời thầy phù thủy để cúng Thổ-thần, tháng 7 đốt giấy Minh-y 冥衣 để dâng Tiên-tổ."
q07_08_page_38-0008,"Trong mỗi năm nhóm xã tế thần, ắt nhớ đến ông tổ khai-canh, không quên người cội gốc trước, đem lại cho nhân dân có đức tánh thuần hậu vậy. Đến như thổ dân chín châu tập thượng mọi rợ ngu xuần, ít biết đến luân thường, còn có những tục tanh hôi, nhưng cũng dễ phủ trị."
q07_08_page_39-0001,THÀNH TRÌ 城池
q07_08_page_39-0002,"Tỉnh thành chu vi 481 trượng 6 thước, cao 1 trượng, dày 3 trượng, có 4 cửa; hào rộng 4 trượng 6 thước, sâu 8 thước. Đầu niên hiệu Gia-Long thành ở phường Tiền-Kiên, huyện Thuận-Xương, năm thứ 8 (1809) dời qua xã Thạch Hãn, huyện Hải-Lăng."
q07_08_page_39-0003,"Năm Minh-Mạng thứ 4 (1823) đắp đất, năm thứ 18 (1838) xây gạch, năm Tự-Đức thứ 6 (1853) bỏ tỉnh để làm đạo-thành."
q07_08_page_39-0004,Năm thứ 29 (1876) trở lại làm tỉnh thành.
q07_08_page_39-0005,PHỦ-TRỊ TRIỆU-PHONG 肇豊府治
q07_08_page_39-0006,Ở xã Cổ-Thành.
q07_08_page_39-0007,"Năm Minh-Mạng 11 (1830) kiêm-lý huyện Minh Linh, phủ-trị ở xã Đơn-Duệ."
q07_08_page_39-0008,Năm 17 (1836) cải kiêm lý huyện Thuận-Xương dời đặt tại xã Bích-Khê.
q07_08_page_39-0009,"Năm Đồng-Khánh nguyên-niên (1886) dời làm tại chỗ bây giờ. huyện-TRỊ HẢI LĂNG 海陵縣治 Ở xã Diên-Sanh, nguyên trước ở xã An-Xiêm (xã này nay thuộc phủ Triệu-Phong)."
q07_08_page_39-0010,"Năm Minh-Mạng 18 (1838) dời qua xã Trí-Lễ, năm Tự-Đức thứ 4 (1851) dời đến chỗ bây giờ. huyện-TRỊ VĨNH-LINH 永靈縣治 Ở xã Hồ-Xá, đầu niên hiệu Gia-Long ở xã Liêm-Công, sau dời qua xã Phú-Hòa."
q07_08_page_39-0011,"Năm Minh-Mạng 11 (1830) làm phủ trị kiêm-lý ở xã Đơn-Duệ, năm 17 (1836) dời phủ về Thuận-Xương, lại đặt huyện-trị."
q07_08_page_39-0012,Năm Thành-Thái 12 (1900) dời làm tại chỗ bây giờ. huyện-TRỊ DO-LINH 由靈縣治 Ở xã Hà-Thượng tổng An-Xá.
q07_08_page_39-0013,"Huyện hạt mới đặt năm Minh-Mạng 17 (1836), năm Tự-Đức thứ 6 (1853) giảm bỏ viên huyện nguyên huyện-trị ở xã Kim-Đâu cũng triệt bãi."
q07_08_page_39-0014,Năm Đồng-Khánh nguyên-niên lại đặt huyện-trị ở xã Hà-Thanh.
q07_08_page_39-0015,Năm Thành-Thái thứ 2 (1890) lại dời qua Hà-Thượng xã.
q07_08_page_39-0016,PHỦ-THÀNH CAM-LỘ 甘露府城
q07_08_page_39-0017,"Đạo-thành cũ ở xã Cam-Lộ, chu vi 138 trượng 5 tấc, có 3 cửa hào rộng 1 trượng, sâu 5 thước."
q07_08_page_39-0018,Năm Minh-Mạng 11 (1830) đắp thổ lũy gọi là thành Vĩnh-Ninh 永寧.
q07_08_page_39-0019,Năm 16 đổi làm phủ-thành.
q07_08_page_39-0020,"Năm Thiệu-Trị thứ 3 (1843) xây gạch đá, năm Tự-Đức thứ 6 (1853) bỏ phủ, đổi thành làm bảo 堡, nhưng đem viên Quản-cơ cơ Định-man 定變 sung làm Bảo-viên ở chung với viên-huyện."
q07_08_page_39-0021,"Năm 29 (1876) lại đặt làm phủ, nay ở phần đất xã Cam-Lộ."
q07_08_page_40-0001,NHA SƠN-PHÒNG 山防衙
q07_08_page_40-0002,Ở Thượng-du thuộc tỉnh này.
q07_08_page_40-0003,Năm Tự-Đức thứ 20 (1867) nguyên Khâm-sai kinh-lý Cam-Lộ Nguyễn-Văn-Tường xin đặt nha kinh-lý ở xứ Động-Mão 峒昴.
q07_08_page_40-0004,"Năm 29 (1876) cải làm Sơn-phòng-nha 山防衙 quản hạt phủ Cam-Lộ và huyện Hướng-Hóa, đặt Chính phó sứ, nha-thuộc, viên dịch và cơ-lính Định-man (10 đội 456 viên danh) Năm Thành-Thái 11 (1899) đình giảm."
q07_08_page_41-0001,HỌC HIỆU 學校
q07_08_page_41-0002,TỈNH HỌC 省學
q07_08_page_41-0003,Nguyên trước ở xã Thạch.
q07_08_page_41-0004,"Hãn ngoài quách phía tây bắc tỉnh thành, gần tòa công-sứ."
q07_08_page_41-0005,"Nguyên đặt 1 Đốc học, năm Tự-Đức thứ 6. (1853) giảm bỏ, cải đặt chức Giao-thọ ở trong công-sảnh án-sát cũ."
q07_08_page_41-0006,"Năm 18 cải đặt chức Đốc-học, năm 29 (1876) đặt lại chức Đốc-học Năm Thành-Thái 19 (1907) dời làm ngoài cửa nam tỉnh-thành."
q07_08_page_41-0007,PHỦ-HỌC TRIỆU-PHONG 肇豐府學
q07_08_page_41-0008,Ở xã Cổ-Thành phía đông phủ trị.
q07_08_page_41-0009,"Nguyên đặt chức Giáo thọ năm Tự-Đức thứ 6 giảm bỏ, năm 29 đặt lại. huyện HỌC VĨNH-LINH 永慶縣學 Nguyên ở xã Đơn-Thầm, phía tây huyện-trị, làm năm Minh-Mạng thứ 4 (1823), đặt một Huấn đạo; nay dời về xã Hồ Xá gần huyện-trị. huyện-HỌC DO-LINH 由靈縣學 Ở Xã Hà-Thượng trong huyện hạt."
q07_08_page_41-0010,"Năm Đồng-Khánh thứ 2 (1887) đầu đặt chức Huấn-đạo, chưa làm học xá; năm Thành-Thái thứ 2 (1890) làm ở chỗ bây giờ, sau đổi sửa lợp ngói. huyện HỌC HẢI-LĂNG 海陵縣學 Nguyên đặt 1 Huấn-đạo, năm Tự-Đức thứ 6 (1853) tỉnh giảm."
q07_08_page_41-0011,"Năm 29 (1876) đặt lại, nay ở xã Diên-Sinh phía tây huyện-trị."
q07_08_page_41-0012,PHỦ-HỌC CAM-LỘ 甘露府學
q07_08_page_41-0013,"Nguyên đặt 1 giáo-thọ, năm Tự-Đức thứ 6 (1853) đổi phủ làm huyện đặt 1 Huấn-đạo."
q07_08_page_41-0014,"Năm 29 (1876) đặt lại Giáo thọ tùy tiện cư trú, chưa có học-xá."
q07_08_page_41-0015,Năm Thành-Thái 17 (1905) mới dựng ở phía nam phủ lỵ.
q07_08_page_42-0001,HỘ KHẨU 戶口
q07_08_page_42-0002,"Năm Tự-Đức thứ 6 (1.853) Quảng-Trị đặt làm đạo, thì nhân đinh thuế-lệ hiệp chung một sách với Thừa-Thiên."
q07_08_page_42-0003,"Năm 29 (1.876) cải đạo đặt làm tỉnh, đinh số có riêng biệt; sau nhân hữu-sự (nói bóng thời kỳ thất thủ) sổ sách thất lạc tra cứu chưa rõ."
q07_08_page_42-0004,"Năm Thành-Thái thứ 10 (1.898) nhân. số cộng 21.776 người, số chính nạp (người có nạp thuế) 6.666 người, tiền thuế cộng 26.939 quan 5 tiền."
q07_08_page_42-0005,"Năm thứ 11 (1.899) nhân-số 17.947 người (trừ hạng chức sắc, miễn-sai ngoại) theo lệ bạc sưu mới định cộng 37.593 đồng 4 cắc."
q07_08_page_42-0006,"Năm thứ 18 (1.906) 19.459 người, cộng bạc thuế 40.946 đồng 8 cắc, lại bạc công-ích 6.975 đồng 6 cắc, hiệp cộng 47.922₫40."
q07_08_page_42-0007,"Man-đinh 1.589 người, bạc thuế 1.192 đồng."
q07_08_page_43-0001,ĐIỀN PHÚ 田賦
q07_08_page_43-0002,Năm Tự-Đức thứ 6 (1.853) bỏ tỉnh đặt đạo thì Quảng-Trị và Thừa-Thiên hiệp chung thuế lệ điền thổ làm một.
q07_08_page_43-0003,"Năm thứ 29 (1.876) lại đặt làm tỉnh, ngạch trưng phân biệt với Thừa-Thiên."
q07_08_page_43-0004,Từ sau khi hữu-sự sổ sách mất lạc không do đâu tra cứu số trưng nạp nên chưa rõ được.
q07_08_page_43-0005,"Năm Thành-Thái thứ 10 (1898) các hạng ruộng đất 58.280 mẫu, trưng lúa cộng 40.835 hộc, trưng tiền cộng 26.609 quan."
q07_08_page_43-0006,"Năm thứ 11 (1899) ruộng đất cộng 66, 179 mẫu, theo bạc thuế mới định, cộng 56.667 đồng 4 cắc."
q07_08_page_43-0007,"Năm 18 (1.906) điền thổ cộng 66.662 mẫu, bạc thuế 64.243, ₫ 90, phụ nạp 5 phần 100 là 3.210 đ."
q07_08_page_44-0001,SƠN XUYÊN 山川
q07_08_page_44-0002,NÚI LINH-SƠN 靈山
q07_08_page_44-0003,Ở tây bắc huyện Vĩnh Linh 25 dặm.
q07_08_page_44-0004,"Hình núi như con voi nằm, cao hơn 1.000 thước, bốn mặt bằng rộng, có một chót tròn đẹp, giòng nước chảy quanh phía đông bắc, các núi triều củng phía tây nam, là thắng tích ở Linh-Châu 靈州 vậy."
q07_08_page_44-0005,NÚI HẮC-THẠCH 黑石山
q07_08_page_44-0006,"Ở phía tây huyện Vĩnh Linh 22 dặm; sắc đá đen mun, nên gọi tên ấy."
q07_08_page_44-0007,"Thế núi hiểm tuyệt, không đường đi thông; tục gọi Động"
q07_08_page_44-0008,NÚI GIA-LÂM 嘉林山
q07_08_page_44-0009,Ở phía tây huyện Vĩnh-Linh.
q07_08_page_44-0010,NÚI TIÊN-SƠN 仙山
q07_08_page_44-0011,Ở phía tây huyện Do-Linh 20 dặm.
q07_08_page_44-0012,"Từng núi cao đột ngột đầu núi khởi lên một chót có một hòn đá hình giống vỏ rùa, có thở ngang dọc như bàn cờ."
q07_08_page_44-0013,"Tương truyền xưa có người tiên đánh cờ ở đấy, nên gọi tên ấy."
q07_08_page_44-0014,NÚI TÁ-LINH 佐靈山
q07_08_page_44-0015,"Ở địa hạt tổng Tầm-Linh, tổng La-Miệt, phía tây phủ Cam-Lộ tục danh núi Tá-Ly 佐離山."
q07_08_page_44-0016,"Ở xa trông như hình con voi, lại có tên nữa là Phục-Tượng-Sơn 伏象山. Động núi dài hơn trăm dặm cao ngất đến làn mây."
q07_08_page_44-0017,"Mạch núi và dòng nước trong hạt đều do theo núi này ra đến ngoài biển, thương thuyền qua lại đều trông núi này làm tiêu chí."
q07_08_page_44-0018,"Núi này là một trấn-sơn trong hạt, phàm có việc gì quan hệ, trông núi này mà kỳ đảo thường được linh ứng."
q07_08_page_44-0019,Năm Tự-Đức thứ 4 (1851) đặt cho tên này và liệt vào tự điền.
q07_08_page_45-0001,MANG SƠN 芒山
q07_08_page_45-0002,"Ở tây nam phủ Cam-Lộ 29 dặm, cây cối thành lùm xanh tốt Tương truyền ai đi đến đây phải mang cái gông trên cồ qua đỉnh núi vọng lạy Sơn-Thần, rồi mới cởi gông ra đi, để cầu yên ồn; tục gọi là Động Mang 峒芒."
q07_08_page_45-0003,NÚI MAI-ĐÀN 枚壇山
q07_08_page_45-0004,Ở xiên phía tây phủ Cam-Lộ 14 dặm.
q07_08_page_45-0005,NÚI MAI-LÃNH 枚嶺山
q07_08_page_45-0006,Ở phía tây nam phủ Cam-Lộ 41 dặm.
q07_08_page_45-0007,NÚI VIÊN KIỆU 圓嶠山
q07_08_page_45-0008,"Ở phía tây bắc phủ Cam-Lộ 62 dặm, rừng rú sầm uất, man sách ở đầy."
q07_08_page_45-0009,ĐỘNG TAM-THẠCH 三石峒
q07_08_page_45-0010,"Ở phía tây bắc phủ Cam-Lộ 14 dặm, tục hộ là động Tam-Thai 三台峒: một động phía tả đột khởi chót nhọn đứng cao có vẻ kỳ dị thanh tú; một động phía hữu đứng thẳng cao nhọn 2 chóp tương đối cao vài mươi trượng;"
q07_08_page_45-0011,"ở giữa một động, đầu động nứt ra 3 chóp, thấp mà vuông vức ngay thẳng, cảnh trí giai thắng."
q07_08_page_45-0012,"Tương truyền đời vua tiên-triều ngự giá đến núi này, hỏi mấy ông phụ lão rằng: trong 3 động ấy nên lấy động nào làm chủ? Đáp: lấy động cao hơn làm chủ."
q07_08_page_45-0013,"Vua nói: không phải, động thấp ở giữa ngay thẳng ngồi xây lưng phía bắc, xây mặt hướng nam, 2 bên có động cao đứng hầu tả hữu, ấy là có tượng «chủ ngồi tòi đứng», nên lấy động giữa làm chủ."
q07_08_page_45-0014,PHAN-ĐỘNG 旛峒
q07_08_page_45_46-0001,"Ở phía tây phủ Cam-Lộ hơn 40 dặm: Động đá đứng cao lởm chởm, đỉnh thẳng lên từng mây, có suối reo từ trên chót, động chảy xuống vài tua, ở xa trông như treo lá phướn trắng dài vậy, nên gọi ĐỘNG BA-MÀN 巴幔峒"
q07_08_page_46-0001,"Ở phía tây phủ Cam-Lộ 45 dặm. Động giáp bờ sông, vách cao đứng thẳng, kẽ đá có thở trông xa như bức màn, nên gọi tên ấy."
q07_08_page_46-0002,"Sơn-thế từ động qua phía đông đi thuận mà triều-củng về nam, từ động qua phía tây đi nghịch mà hồi cốvề tây."
q07_08_page_46-0003,"Núi đi trùng điệp cao thấp liên lạc cùng nhau, không thể danh trạng được."
q07_08_page_46-0004,ĐỘNG TRƯỜNG-SA 長沙峒
q07_08_page_46-0005,"Từ cửa tấn Việt-an 越安沢口 theo bờ biển chạy vào nam xưa gọi Đại-trường-sa 大長沙, dài hơn 100 dặm: Phía đông giáp bờ biển, phía tây liền rừng cây, gò động trùng điệp, dân cư ở trên đều là cát trắng. Động này liền đến phủ Thừa-Thiên làm một sa-thành liên tiếp."
q07_08_page_46-0006,RỪNG HỒ-XÁ 胡舍林
q07_08_page_46-0007,"Ở phía bắc huyện Vĩnh-Linh 7 dặm, rừng dài 3 dặm; tương truyền khi xưa chỗ này núi rừng rậm rịt có nhiều côn-đồ tụtập để cướp bóc những người đi qua."
q07_08_page_46-0008,"Bản-triều Hiền-Tôn Hoàng-đế (1691-1725) mạng Nội-tán Nguyễn-Khoa-Đăng kinh lý đất này bèn khiến dân đốn chặt cây rừng, lập phép tìm bắt trộm cướp tan rã, từ ấy người đi buôn bán được tiện lợi đều ca tụng cả."
q07_08_page_46-0009,XÍCH-THỒ PHẢN 赤土阪
q07_08_page_46-0010,"Ở 2 tổng An-Xá và Bái Ân huyện Do-Linh, xưa gọi là Tiên Khư 傳墟."
q07_08_page_46-0011,"Khi quốc-sơ Mạc-Lập-Bạo vượt biển vào cướp phá, Thái-Tổ Hoàng-Đế lập kế bắt giết, quân giặc đầu hàng qui phụ và cho ở Tiên-Khư đặt ra 36 phường tức là chỗ này."
q07_08_page_46-0012,"Lại xét Tân-Đường Thơ địa-lý-chi: «Từ Hoan-Châu đi vào nam 8 ngày đường đến Châu-Nhai 朱崖, nghi hoặc là chỗ này»."
q07_08_page_46-0013,THẢO DỰ 草嶼
q07_08_page_46-0014,"Ở phía đông huyện Vĩnh Linh 55 dặm, ngoài biển đột khởi một trái núi cách cửa biển Tùng-Luật 1 dặm: cao bằng rộng rãi, chu vi được 10 dặm, cây cối rậm rịt, chân núi có những cụm đá chồng chất, làm trấn-sơn ở cửa biển."
q07_08_page_47-0001,TƯỢNG-ĐẦU-DỰ 象頭嶼
q07_08_page_47-0002,"Ở xiên phía đông huyện Vĩnh-Linh 13 dặm, tọa lạc trên bãi cát bằng: trái núi cao tót, độ 1000 thước, dăng ngang bến nước, ở xa trông như đầu voi, nên gọi tên này."
q07_08_page_47-0003,SÔNG THẠCH-HÃN 石捍江
q07_08_page_47-0004,"Ở địa giới 2 huyện Thuận-Xương và Hải-Lăng: Nguyên-đầu ở trong man-sách La-Bút 羅峰 chảy về tây-bắc 40 dặm dư, đến châu Ái Tử lại chảy 30 dặm, có nước nguồn Viên-Kiệu chảy nhập lại rồi chuyền qua đông-nam chảy 10 dặm đến Ngưu-Cước-Quan 牛腳關 (tục gọi là Trang-Nguyên), 17 dặm đến bến Lương-Mai 良枚津, lại 14 dặm đến bến Trinh-Thạch 貞石津, 2 dặm có Khe Tam-Lưu 三流溪 từ nam đến phường Trà-Trì坊 nhập lại, 17 dặm đến Trái-Khê 債溪 lại 15 dặm đến phía đông chợ Như-Lệ 如礪市, 16 dặm đến xã Thạch Hãn, ở giữa sông lộ ra một hàng đá ngăn ngang từ bờ bên tả qua bên hữu, sườn đá cao nhọn chồng chất."
q07_08_page_47-0005,"Lại một dặm đến bến quan-tộ phía tây tỉnh – thành, -3 dặm đến Tam giang-khẩu cổ-thành 古城三江口 giáp xã Xuân-An 春安社 rồi phân làm 2 chi: Một chi chảy về đông-nam nhập vào sông Vĩnh Định; một chi chảy về đông-bắc 11 dậm đến Tam-giang-khẩu Vĩnh Phước 永福三江口, tục danh là Quyết-Tân 厥津; lại 9 dặm đến Tam-giang-khẩu Đại-Độ 大度三江口, tục danh là Tam Kỳ Tương Tương-Giang 三岐湘湘江, 7 dặm đến Tam-giang-khẩu Giáo-Liêm 教廉三江口, 10 dặm chảy ra cửa biển Việt-An 越安海口."
q07_08_page_47-0006,"Nhận xét sông này uyên nguyên rất xa, nước rất trong ngọt, ngạn-ngữ có câu: «Chẳng làm xạ-não cũng là trầm-đàn, chẳng làm quỳnh tương cũng là cam-lễ» (不為麝腦, 亦是沉檀, 不為瓊漿, 亦是甘醴) ấy là nói nước rất ngọt ngon vậy."
q07_08_page_47-0007,Bản-triều năm Minh-Mạng 17 (1836) đúc 9 cái đỉnh lấy hình sông này chạm vào Thuần-Đỉnh.
q07_08_page_47-0008,"Năm Thiệu-Trị thứ 2 (1842) đại giá bắc tuần kinh quá sông có thi vịnh (chép trong thi-tập Thánh-Chế Bắc-Tuần, năm Tự-Đức thứ 3 (1850) có đăng-trật tự-điền 登秩祀典 (1). (1) Đăng = đăng lục, đăng tải: nghĩa là biên chép."
q07_08_page_47-0009,Trật = thứ tự.
q07_08_page_47-0010,Tự điền = điền lệtế-tự.
q07_08_page_47-0011,Trọn nghĩa cả câu: đăng trật tự-điền = biên chép theo thứ tự núi sông để thường năm làm điền lệ tế tựthần ở núi sông ấy.
q07_08_page_48-0001,SÔNG VĨNH-ĐỊNH 永定河
q07_08_page_48-0002,"Nguyên-xưa ở phía đông huyện-trị Hải-Lăng 9 dặm, nước sông này do Tam-giang-khầu Cổ-thành thuộc sông Thạch-Hãn chảy ra, chảy về đông-nam 12 dặm đến xã La-Duy 羅帷社, có khe Mai Đàn 枚檀溪 từ phía tây chảy nhập vào; lại 16 dặm đến xã Trung Đơn 忠丹社 có khe Trường Sinh 長生溪 từ phía tây chảy vào; lại 7 dặm hiệp với sông Lương-Điền 良田江."
q07_08_page_48-0003,"Xét tại xã Trung-Đơn xưa có cảng-đạo, bị cát bồi lấp, bản triều đời vua Thái-Tông năm Tân Dậu 33 (1681) đào mở ra rồi lâu ngày cũng bồi lấp."
q07_08_page_48-0004,Vua Hiền-Tông năm Quí-Dậu thứ 2 (1693) đào lại lần nữa cũng bị cát lấp gần thành đất bằng.
q07_08_page_48-0005,"Năm Minh-Mạng thứ 6 (1825) khiến Thống-chế Phan-Văn-Thúy đốc binh moi đào từ xã Quân-Kinh 勻涇社 đến xã Trung-Đơn dài 1720 trượng, trong 3 tháng đào xong, vua đặt cho tên là Vĩnh-Định-Hà (ấy là sông cũ)."
q07_08_page_48-0006,"Năm thứ 17 (1836) vua ngự ra Quảng-Trị, ngự-châu kinh quá đường sông, phụng ngự chế thi-chương chạm bia đá dựng ở phía nam bờ sông."
q07_08_page_48-0007,Năm ấy đúc 9 cái đỉnh lấy hình sông này chạm vào Thuần-Đỉnh.
q07_08_page_48-0008,Năm Thiệu-Trị thứ 2 (1842) đại-giá Bắc tuần phụng ngự-chế thi-chương chạm vào bia dựng ở bờ sông.
q07_08_page_48-0009,"Sông ấy lâu cũng bồi lấp; niên-hiệu Tự-Đức đổi chỗ đào từ địa phận Xuân-Viên An-Nhân qua Đa-Nghi đến Thượng-An (giáp xã Thi-Ông) thành một sông mới, nhưng cũng bị cát lấp, mùa hạ ghe đi trở ngại (hiện nay đường sông bỏ lấp)."
q07_08_page_48-0010,"Năm Thành-Thái thứ 8 (1896) cải đào sông mới một đoạn từ địa phận các xã Đông Dương, Diên-Khánh qua Kim-Lung, Kim-Giao, Đơn-Quế, Hội An đến Đa-Nghi hẳn được lưu thông."
q07_08_page_48-0011,SÔNG ÁI-TỬ 愛子江
q07_08_page_48-0012,"Ở phía nam huyện Thuận-Xương cũ 11 dặm, nước từ trong phường Nại Cửu chảy ra đi về hướng đông, 7 dậm đến cầu quan-lộ xã Ái Tử, 8 dậm đến Tam-giang-khầu Phú-Án rồi nhập vào sông Thạch-Hãn."
q07_08_page_48-0013,Năm Thiệu-Trị thứ 2 (1842) đại-giá bắc tuần kinh quá sông này phụng ngự-chế thi-đề chạm bia đá dựng ở phía tả bờ sông.
q07_08_page_49-0001,"Cần án khi quốc-sơ Thái-Tổ nam trấn Thuận-Hóa, tướng họ Mạc là Lập-Bạo vượt biển vào phá nhiễu, Thái-Tổ tự đem binh chống, ngự-thuyền đậu trên sông Ái Tử, ban đêm nghe có tiếng nước lao chao lấy làm lạ, lại mộng thấy Giang-Thần tấn mỹ-nhân ké 進美人計, vua bèn trừ được giặc Lập-Bạo."
q07_08_page_49-0002,"Theo sử đời Minh binh Trương-Phụ đến Thuận-Châu, đuổi theo Trùng-Quang-Đế, đánh cho thua ở sông Ái Tử, tức là sông này."
q07_08_page_49-0003,SÔNG LAI-PHƯỚC 來福
q07_08_page_49-0004,"Ở phía nam huyện trị Đặng-Xương cũ 1 dặm, nước từ xứ Đại Đồng tục danh Vĩnh Nguyên (hay Vịnh-Nguyên) 泳源 chảy đến, qua hướng đông 8 dặm đến bến xe xã Lai-Phước 來福社車津 8 dặm đến bến quan-lộ, 2 dặm đến tam-giang-khẩu Phú-Áng 富盎三江口, rồi hiệp với sông Ái Tử, 3 dặm đến tam-giang-khẩu Vĩnh-Phước 永福三江口 nhập vào sông Thạch-Hãn."
q07_08_page_49-0005,SÔNG ĐIỀU-NGAO 釣鳌江
q07_08_page_49-0006,"Ở phía nam huyện-trị cũ Do-Linh 20 dặm: Đầu nguồn từ động Tam-Tiên 三傳 phía tây huyện Thành-Hóa chảy về đông 10 dặm đến Hiếu-Giang-Quan 孝江關, 20 dặm đến xã Cam-Lộ làm sông Cam-Lộ, lại 10 dặm dư đến bến Bích Giang 碧江津, 3 dặm đến bến Thượng-Đô 上都津, 3 dậm đến bến Trương-Xá 張舍津, 8 dặm đến bến quan-lộ xã Điếu-Ngao, 4 dặm đến tam-giang-khẩu Đông Lai 東萊三江口, 2 dặm đến tam-giang-khẩu Đại-Độ 大度三江口 nhập vào hạ lưu sông Thạch-Hãn."
q07_08_page_49-0007,SÔNG MINH-LƯƠNG 明良江
q07_08_page_49-0008,"Ở phía nam huyện Vĩnh-Linh 11 dặm, có 2 nguồn: Một nguồn từ Cổ-Lâm 古林 chảy xuống đông đến xã Quảng – Xá thành một cái đầm rộng 3 mẫu, sâu 100 thước, có cụm đá đứng ần dưới nước, 12 dặm đến Gia Lâm, 2 dặm đến xã Đặng-Xá 鄧舍社 8 dặm đến phường Châu-Thị坊."
q07_08_page_49-0009,Một nguồn từ sông Lai Cách 來格江 chảy vào nam cũng đến Châu-Thị hiệp lại.
q07_08_page_49-0010,"Từ ấy chảy về đông 10 dặm đến bến xã Minh-Lương làm sông Minh-Lương, có sông Ô-Giang 烏江 ở tây nam chảy đến nhập vào, 4 dặm đến tam giang-khẩu Xuân-Hòa 春江三江口, đến xã Xuân-Long chia làm 3 chi: Một chi chảy về đông bắc đến các xã Phước-Ly, Di-Luân, 10 dặm chảy vào cửa biển Tùng-Luật."
q07_08_page_49-0011,"Một chi chảy về đông nam đến các xã Cao-Xá, Cầm-Phố, 9 dặm đến huyện hạt Do-Linh, rồi nhập vào sông Thạch-Hãn."
q07_08_page_49-0012,Một chi từ Cao.
q07_08_page_49-0013,"Tân 高津 chảy uốn quanh đến các xã Thủy-Khê, An-Lộc, Cát-Sơn hơn 10 dặm, rồi cùng chi trước hiệp lưu cũng chảy ra cửa biển Tùng-Luật."
q07_08_page_50-0001,CAM GIANG 甘江
q07_08_page_50-0002,"Ở phía tây huyện Thành-Hóa cũ: Đầu nguồn từ động Thạch-Lãng 石浪峒 hiệp nước các khe chảy về tây đến địa giới các sách Na-Bí, Ba-Lan, Mường-Bồng rồi nhập sông Khung-Giang 漓江."
q07_08_page_50-0003,"Lại có 3 sông nhỏ: Một sông gọi Tầm-Bồn, ở Tầm-Châu một sông tên là Tầm-Lục 尋綠; một sông nữa tên là Xà-Mâu 蛇年 đều ở châu Làng-Thời cũng chảy về tây vào sông Khung-Giang có nhiều cá sấu và ba-ba."
q07_08_page_50-0004,"SÔNG XUÂN-LÂM 春林江, TÊN LÀ NHUNG-NGUYÊN 滅源 (?)"
q07_08_page_50-0005,"Ở tây bắc huyện Hải-Lăng, từ thượng-nguyên 2 xã Xuân Lâm Trường-Phước chảy xuống, qua bến Quan-Lộ (tục danh đò Nhung 渡滅) đến xã Qui-Thiện (tên cũ là Trí-Lễ) hiệp lưu chảy vào sông Vĩnh-Hà."
q07_08_page_51-0001,KHÊ ĐÀM 溪潭 1
q07_08_page_51-0002,CẢNG HỒ-XÁ 胡舍港
q07_08_page_51-0003,Ở huyện Vỉnh-Linh.
q07_08_page_51-0004,"Tương truyền Hô-Hán-Thương khi đầu mở cảng-đạo từ Thủy-Liên 水蓮 đến Hồ-Xá, bùn cát trào lên vừa mở ra vừa bị lấp lại, công dụng bất thành."
q07_08_page_51-0005,"Khi vua Thánh-Tôn đời Lê đi đánh Chiêm-Thành phát binh dân đào mở mới thành đường cảng, sau bị bồi lấp."
q07_08_page_51-0006,"Bản-triều Thái-Tôn năm Mậu-Thân thứ 20 (1668) lại phát binh dân mở đào, sau vài tháng cát lại bồi lấp bèn khiến dân ở dọc theo đường cảng tùy thế mỗi năm mỗi đào vét luôn cho lưu thông."
q07_08_page_51-0007,CẢNG MAI XÁ 枚舍港
q07_08_page_51-0008,"Ở địa hạt huyện Vĩnh-Linh: một dòng chảy về đông, chảy ra cửa biển Việt-An 越安海口; một dòng chảy về bắc đi theo đường cảng."
q07_08_page_51-0009,"Bản-triều Thái-Tôn năm Tân-Dậu thứ 33 (1681) đi săn ở Cô-Lâm 古林, thuyền qua cảng Thị-Môn, thổ-nhơn nói chỗ này gió sóng bất-trắc, thương thuyền hay bị chìm, Thái Tòn muốn mở tân cảng, người ở Mai-Xá tên là Thế họa đồ đem dâng xin mở từ Mai-Xá đến bến quán Nhĩ-Hạ 珥丁, bèn bắt dân đào mở một tháng mới xong, từ đó ghe đi buôn bán được tiện lợi."
q07_08_page_51-0010,"Tương truyền lúc tiền-triều giá-hạnh đến Thánh-điện giữa sông, có đắp đường ở phía tây cảng, từ bến cảng đến Thánh – điện 8 dặm, di tích nay vẫn còn, tục hô là Bến-Ngự."
q07_08_page_51-0011,CẢNG HÀ-KỲ 河岐港
q07_08_page_51-0012,Ở địa hạt 2 huyện Vĩnh-Linh và Do-Linh.
q07_08_page_51_52-0001,Bản-triều Thái-Tôn năm Bính-Dần thứ 3 bắt dân đào mở từ xã Cầm-Phố 錦浦社 huyện Vĩnh-Linh đến địa hạt huyện Do-Linh để thông với nước sông Minh-Lương. Đời vua Hiền-Tôn năm Quí Vị 12 (1703) khiến Chưởng dinh Tôn-Thất-Diệu đốc binh lính đắp bờ yển từ xã Lai-Cách đến xã Thủy-Vận phàm 5 cây số để tiện chuyên chở.
q07_08_page_52-0001,"CẢNG DIÊN-SINH, ĐƠN-QUẾ 延生丹桂港"
q07_08_page_52-0002,2 xã này thuộc địa hạt Hải-Lăng.
q07_08_page_52-0003,"Năm Minh-Mạng thứ 4 (1823) miễn binh lính cho dân 2 xã (Diên-Sinh, Đơn-Quế) đề đào cảng làm lợi cho việc nông."
q07_08_page_52-0004,CẢNG KIM-LUNG 金籠港
q07_08_page_52-0005,"Ở địa phận 2 xã Kim-Lung và Diên Khánh, huyện Hải-Lăng Nguyên trước có đường cảng, lâu năm lấp cạn, năm Minh-Mạng thứ 7 (1826) dân trong 2 xã xin mượn binh-dân trong sổ của 2 xã đào mở để tiện lợi việc nông."
q07_08_page_52-0006,"Vua y cho, và cấp cho 300 quan tiền."
q07_08_page_52-0007,CẢNG KIM-GIAO 金交港
q07_08_page_52-0008,Ở địa phận xã Kim-Giao.
q07_08_page_52-0009,"Năm Minh-Mạng thứ 5 (1.824) đình thần tâu nói xã ấy trước có đường cảng bị cát đất bồi lấp, dân xã xin mượn biền-binh ty-thuộc ra sức moi đào, một là đem nước triều-thủy vào ruộng, một là dẫn nước ứ cho chảy ra sông; lại từ cảng này được thông với trường-giang chở nạp tô thuế cũng tiện."
q07_08_page_52-0010,CẢNG AN-TRÚ TÀI-LƯƠNG 安住才良港
q07_08_page_52-0011,"Khi trước ở về địa hạt xã Thâm-Triều và Hương-Liệu phủ Triệu Phong: Cảng khẩu khởi từ địa-giới Thâm-Triều giáp sông lớn, kinh quá xã An-Trú đến xã Tài-Lương."
q07_08_page_52-0012,"Năm Minh-Mạng thứ 9 (1828) xã dân xin đào đường cảng để dẫn nước vào ruộng, vua y cho, cũng cấp cho 200 quan tiền (do một đoạn ở hạ-lưu lâu ngày bồi đắp)."
q07_08_page_52-0013,CẢNG THÂM-TRIỀU 深潮港
q07_08_page_52-0014,"Ở phủ Triệu-Phong: Năm Thành-Thái 12 (1.900) phụng chuẩn bắt dân phu 2 hạt phủ Triệu-Phong và huyện Hải-Lăng đào mở 46 miệng cảng từ xã Thâm-Triều giáp sông lớn, kinh quá xã Nại Cửu Bích Vân đến xã Vân-Hòa thông đến tấn Việt-An."
q07_08_page_52_53-0001,Năm ấy tháng 9 nước lụt xoi lở cát lấp ở địa phận xã Nại Cửu.
q07_08_page_53-0001,CẢNG NGÔ-XÁ 吳舍港
q07_08_page_53-0002,Ở phủ Triệu-Phong giáp địa phận huyện Hải-Lăng.
q07_08_page_53-0003,"Năm Thành Thái 15 (1.903) đào mở cảng-đạo dẫn nước vào ruộng, khởi đào từ đông giáp Ngô-Xá, cảng-khẩu giáp sông lớn đến xã Tam-Hữu, qua xã Phương-Lang (thuộc Hải-Lăng), hiện được lưu thông."
q07_08_page_53-0004,KHE ĐẠI ĐỒNG 大同溪
q07_08_page_53-0005,Ở phủ Triệu-Phong và huyện Hải-Lăng.
q07_08_page_53-0006,Nguyên-đầu ra từsơn cước Đại-Đồng chảy về đông đến xã Trà Bát nhập vào sông Ái-Tử.
q07_08_page_53-0007,KHE MAI-ĐÀN 枚檀溪
q07_08_page_53-0008,Ở huyện Hải-Lăng.
q07_08_page_53-0009,"Nguyên-đầu tại núi Mai-Đàn chảy ra nước vàng mà mùi dạm, tục danh Trà-Thủy-Khê 茶水歉."
q07_08_page_53-0010,KHE Ô-Ô 烏烏溪
q07_08_page_53-0011,"Ở Hải-Lăng; nước theo trong núi Trường Sinh 長生 chảy ra có vực sâu vài trượng, hình tròn như cái chậu."
q07_08_page_53-0012,"Tương truyền gặp năm trời hạn xã dân đua bơi ở đấy để cầu mưa, và dìm con mèo xuống vực thì được mưa, đến nay cũng còn làm như thế."
q07_08_page_53-0013,ĐẦM GIÁO-LIEM 教廉潭
q07_08_page_53-0014,"Ở huyện Hải-Lăng, tục danh Vũng Thuộc 泳屬 ở huyện Thuận-Xương."
q07_08_page_53-0015,"ĐẦM HÀ-BÁ, ĐẦM DIÊM-HÀ 河灞潭鹽河潭"
q07_08_page_53-0016,"Ở huyện Vĩnh-Linh, lại có đầm Tử-Lai 子來潭, đầm Duy Phiên 維藩潭, đầm Thái-Lai 泰來潭 đều ở huyện hạt."
q07_08_page_54-0001,CỔ TÍCH 古蹟
q07_08_page_54-0002,THÀNH CŨ THUẬN CHÂU 順州故城
q07_08_page_54-0003,"Xét Ô-Châu Cận-Lục chép: «thành này ở phía tây-nam huyện Hải-Lăng, có một giải sông dài, cầu Giáp 甲橋 gác cao, chợ Đồn đông đúc, ngoài thành là huyện-trị, trong thành có kho chứa lúa»."
q07_08_page_54-0004,Nhưng lâu đời thay đổi nay không khảo cứu được.
q07_08_page_54-0005,PHỦ CŨ TOÀN-THẮNG 全勝舊府
q07_08_page_54-0006,"Ở xã Trà Bát: Tương truyền khi quốc sơ, binh họ Trịnh đến xâm phạm, Thần-Tôn đem đại-binh đóng trại ở xã Trung-Chỉ có một mụ già dâng đậu Trường-Xích 長赤豆."
q07_08_page_54-0007,Vua hỏi: «binh ta đánh giặc chừng có tất thắng không?
q07_08_page_54-0008,» Bà đáp: «Mười phần toàn thắng».
q07_08_page_54-0009,"Vua khen thưởng, nhân đó đặt tên là trại Toàn-Thắng."
q07_08_page_54-0010,"Lại có một thuyết nữa nói: Có bà Thị Thắng người xã Lập Thạch hay đi dòm đình chỗ hư thật của binh họ Trịnh, rồi bà đến báo cáo với quan quân, nhân khi chúng không phòng bị chụp đánh binh Trịnh cả thua, nhờ đó đặt tên là trại Toàn-thắng."
q07_08_page_54-0011,THÁP DƯƠNG-LỆ 陽麗塔
q07_08_page_54-0012,Xét Ô-Châu Cận-Lục chép: Tháp này ở xã Dương Lệ còn có
q07_08_page_54-0013,THÁP TRUNG ĐƠN 恵丹塔
q07_08_page_54-0014,Ô-Châu Cận-Lục chép:
q07_08_page_54-0015,ở xã Trung-Đơn.
q07_08_page_54_55-0001,"Tục truyền 2 tháp Dương-Lệ và Trung-Đơn là của người Chiêm-Thành đắp, di chỉ TỰ MIẾU 祀廟"
q07_08_page_55-0001,MIẾU HỘI ĐỒNG 會同廟
q07_08_page_55-0002,"Ở xã An-Tiêm, phủ Triệu-Phong."
q07_08_page_55-0003,MIẾU THÀNH-HOÀNG 城隍廟
q07_08_page_55-0004,"Ở xã Thạch Hãn, huyện Hải-Lăng."
q07_08_page_55-0005,ĐÀN XÃ TẮC 社稷壇
q07_08_page_55-0006,"Ở xã Thạch Hãn, huyện Hải-Lăng."
q07_08_page_55-0007,?
q07_08_page_55-0008,VĂN-MIẾU 文廟
q07_08_page_55-0009,"Ở xã An Đôn, phủ Triệu-Phong."
q07_08_page_55-0010,"Khi quốc sơ dựng ở xã Phước Mỹ phủ hạt Triệu-Phong, năm Gia-Long 13 (1814) dời đến xã Thạch Hãn huyện Hải-Lăng."
q07_08_page_55-0011,Năm Minh-Mạng 21 (1840) dời đến chỗ
q07_08_page_55-0012,ĐỀN TRẢO-TRẢO PHU-NHÂN 爪爪夫人祠
q07_08_page_55-0013,"Ở xã Ái Tử, thờ thần Trảo-Trảo Linh-Thu Phố-Trạch Tướng Hựu phu-nhân 爪爪靈湫普澤相佑夫人之神."
q07_08_page_55-0014,"Khi đầu Thái-Tổ nam tiến Thuận-Hóa, Mạc-tướng là Lập-Bạo đến lấn, vua tự đem binh chống, ngự đóng ở sông Ái Tử, ban đêm nghe ở dưới sông có tiếng «Trảo-Trảo» (tiếng nước động), lấy làm lạ, dậy xem thì thấy ba đào húng dũng, nhân đó vua mật đảo rằng: «Giang-thần có linh nên giúp ta để phá giặc». Đêm ấy vua mộng thấy một phụ-nhân đứng trước xin định «Mỹ-Kế»."
q07_08_page_55-0015,"Khi thức dậy, vua nhớ lời Thần bảo lấy «Mỹ-Kế» có lẽlà dụng mỹ-nhân-kế chăng?"
q07_08_page_55-0016,Bèn khiến nàng-hầu là Ngô Thị qua dụ Lập-Bạo trá xin hội minh giảng hòa.
q07_08_page_55-0017,"Lập-Bạo thấy nàng có sắc đẹp mê say, liền theo qua, thì bị phục Sau bình được giặc rồi sắc phong cho Thần làm Phu-Nhân lập đền thờ tại chỗ."
q07_08_page_55-0018,Trong niên hiệu Gia-Long liệt tự vào miếu Hội Đồng.
q07_08_page_55-0019,Năm Minh-Mạng thứ 5 (1824) gia tặng Nhu-Hòa Đoan-Ý Chiêu Linh Trợ-Thuận Trai-Thục Trung-Đẳng-Thần 柔和端款昭靈助順齋淑中等神».
q07_08_page_55-0020,Gặp năm đại hạn cầu mưa có linh-ứng.
q07_08_page_55_56-0001,Năm Thiệu-Trị thứ 2 (1842) vua bắc-tuần có vịnh thơ chạm vào bia đề ghi sự ĐỀN LUÂN-QUỐC-CÔNG 倫國公祠
q07_08_page_56-0001,"Ở phường Giang-Nghiễn坊, thờ quốc-sơ Đặc-tiến-Phụ quốc Thượng-trụ công-thần Luân-Quốc-công Tống-Phước-Hạp 国初"
q07_08_page_56-0002,ĐỀN ANH-QUỐC-CÔNG 英國公祠.
q07_08_page_56-0003,"Ở bờ phía tây sông Cổ-Thành, thờ quốc-sơ Tiết-chế Anh Quốc-công Nguyễn-Hữu-Tiến 節制英國公阮有進."
q07_08_page_56-0004,ĐỀN GIÁM SÁT TƯ-MÃ 監察司馬祠
q07_08_page_56-0005,"Ở xã Như-Lệ huyện Hải-Lăng, thờ Giám-sát Tư-mã, lệ có quốc tế."
q07_08_page_56-0006,"Tương truyền đời trước có quan Giám sát đánh trận có công bị giặc đâm, ông cưỡi ngựa chạy đến chỗ này rồi chết; sau có linh ứng nên dân lập đền thờ."
q07_08_page_56-0007,ĐỀN TỨ VỊ THÁNH-NƯƠNG 四位聖娘
q07_08_page_56-0008,"Ở huyện Vĩnh-Linh, sự tích tường trong địa chí Nghệ An."
q07_08_page_56-0009,ĐỀN TRẦN DANH TƯỚNG 陳名將祠
q07_08_page_56-0010,"Ở xã Đơn-Duệ huyện Vĩnh-Linh, bên sông Cổ-Thành."
q07_08_page_56-0011,"Khi trước Trần-Nhật-Duật, Trần-Quốc-Chân theo vua Trần Anh-Tôn đi đánh Chiêm-Thành, khi thắng trận rồi, các tướng sĩ nhiều người cướp bóc tài vật, nhân dân kinh tán cả; duy có 2 tưởng này cấm trấp quân-sĩ không được lấy một vật gì bằng mảy lòng cả, và lại chiêu dụ dân ấy trở về sinh lý như thường."
q07_08_page_56-0012,"Sau 2 tướng mất, nhân dân cảm đức, lập 2 đền bằng tranh thờ phụng, hằng được linh ứng."
q07_08_page_56-0013,"Lê Thánh-Tôn thân chinh Chiêm-Thành, kinh quá nơi đây, mộng thấy 2 tưởng đến trước tâu rằng: «Chúng tôi là tướng nhà Trần, nhiều lần đi đánh Chiêm-Thành, am tường thủy-thổ, nay thấy đại-quân viễn chinh, xin theo huy-hạ âm thầm giúp đỡ cho thành công."
q07_08_page_56-0014,"» Vua Lê thức dậy, triệu phụ lão đến hỏi, quả hiệp như lời trong khi mộng."
q07_08_page_56-0015,"Kịp khi đánh phá Chiêm-Thành trở về, vua khiến trùng tu đền thờ và sắc phong cho 2 tưởng làm Đại Vương, để thờ phụng; sau đó càng thêm linh ứng, trải mấy triều đều gia phong tặng."
q07_08_page_56-0016,Năm Minh-Mạng thứ 5 (1824) sắc phong làm Trung-Đẳng-Thần.
q07_08_page_57-0001,ĐỀN QUẾ-NƯƠNG 桂娘祠
q07_08_page_57-0002,Ở phía nam động Tam-Thạch phủ Cam-Lộ.
q07_08_page_57-0003,"Tương truyền Quế-Nương Ngọc-Nữ 桂娘玉女 người phường Ba-Lăng陵, họ Hồ, bình sinh ưa hương-hoa trang sức, khi 17 tuổi nhiều người đến cầu hôn mà bà đều từ khước."
q07_08_page_57-0004,"Một ngày kia bà đi một mình vô trong động, người nhà theo tìm không biết đi ngả nào; vừa đến trên động có một giếng đá sâu vô-đề, thấy đồ y phục của Quế-Nương bỏ lại bên giếng, kêu gọi không thấy bóng dạng gì cả."
q07_08_page_57-0005,"Sau bà bốc đồng xưng làm Quế-Nương Ngọc-Nữ Phu-Nhân, phường ấy lập miếu thờ phụng được linh ứng."
q07_08_page_57-0006,Nay người thương lữ qua lại cũng thường đến cúng vái.
q07_08_page_57-0007,ĐỀN THANH TƯƠNG-HÀU 清湘侯祠
q07_08_page_57-0008,"Ở phía tây bến sông xã Cam-Lộ, thờ Thanh-Tương-Hầu."
q07_08_page_57-0009,"Thái-Tổ năm Nhâm-thân thứ 15 (1632) tướng họ Mạc là Lập-Bạo đến lấn Thuận-Hóa, đóng dăng trại mạc ở nơi đền Lãng-Uyền Thanh Tương."
q07_08_page_57-0010,"Vua dùng kế dụ giết, nhân đó vua trách thần Thanh-Tương răng: Thần-từ này sở dĩ tứ quý được hưởng cúng tế, là muốn Thần làm phước cho nước, bảo hộ cho dân, mà Thần lại dung cho giặc vào ở trong địa-giới, thì phụng tự có ích gì?"
q07_08_page_57-0011,Rồi khiến phá đền không cho thờ nữa.
q07_08_page_57-0012,"Ngày sau hằng thấy có linh ứng, bèn khiến lập đền thờ lại."
q07_08_page_57-0013,ĐỀN CAM-LỘ 甘露祠
q07_08_page_57-0014,"Ở sơn-phần phường Tân-An, thờ thần sơn xuyên, kỳ đảo được linh ứng."
q07_08_page_57-0015,ĐỀN THỦY TỘC PHU-NHÂN 水族夫人祠
q07_08_page_57-0016,Ở xã Hà-Lỗ huyện Hải-Lăng.
q07_08_page_57-0017,"Tương truyền Phu-Nhân người xã Lương-Điền, khi chưa được 20 tuổi đi theo dòng sông bắt cá bị chết đắm, ngay bữa sau thây nồi táp ở bến sông xã Hà-Lỗ, rồi bốc đồng nói: «Thủy-Tộc Long-Vương nạp ta làm Phu-Nhân»."
q07_08_page_57_58-0001,Nhơn đó Phu-Nhân chỉ cho chỗ chôn ở đất xã Hà-Lỗ.
q07_08_page_58-0001,"Thổ-Nhân nhân chỗ thây táp đó lập đền phụng sự được linh ứng, khi trời hạn cầu khần được mưa."
q07_08_page_58_59-0001,"Quốc sơ đều có phong tặng, niên hiệu Minh-Mạng về sau nhiều lần được sắc tặng: Phổ-Trạch Trai-Tĩnh Trừng Khiết Nhàn TỰ QUÁN 寺觀"
q07_08_page_59-0001,CHÙA TỊNH-QUANG 淨光寺
q07_08_page_59-0002,"Ở xã Ái Tử, phủ Triệu-Phong, làm khi quốc-sơ."
q07_08_page_59-0003,"Sắc tứ Tịnh Quang-Tự có biển vàng, sau có Vân-Phong Hòa-thượng 雲峰和尚 và Bửu-Châu Thiền-su 寶珠禪師 nối nhau trụ trì ở đấy."
q07_08_page_59-0004,"Trải qua Tây-Sơn tàn phá, mà biển ngạch vẫn còn."
q07_08_page_59-0005,CHÙA THIÊN-TÔN 天尊寺
q07_08_page_59-0006,Ở xã Đâu-Kinh phủ Triệu-Phong.
q07_08_page_59-0007,"Thái-Tôn Hoàng-Đế làm ra,? có ban tử Phật-Tượng, tự-khí và kim-biển; trải qua thời loạn chùa bị phá hoại, năm Minh-Mạng 22 trùng tu."
q07_08_page_59-0008,CHÙA LONG-PHƯỚC 隆福寺
q07_08_page_59-0009,"Ở phường An-Định, Do-Linh: khi quốc-sơ có dân 3 phường An-Định, An-Hưởng và Phương-Xuân cảm mộ đức trạch của Thái-Tổ, nên lập miếu phụng thờ."
q07_08_page_59-0010,"Năm Minh-Mạng thứ 4 (1823) khiến dựng làm chùa, ban cho biển-ngạch, cấp công điền thổ 70 mẫu, tha tò thuế, để cung cấp tự sự; lại cấp cho 3 người từ phu, được miễn dao-dịch."
q07_08_page_59-0011,CHÙA CỔ-TRAI 古齋寺
q07_08_page_59-0012,"Ở xã Cổ-Trai huyện Vĩnh Linh, là thích-tỷ của Hiếu-Thương Hoàng-Hậu vậy, vì dân cảm hậu-đức nên lập miếu phụng tự."
q07_08_page_59-0013,"Năm Minh-Mạng thứ 5 (1824) đổi làm chùa Phật, ban cho 300 quan tiền."
q07_08_page_60-0001,QUAN TẤN 關汎
q07_08_page_60-0002,BẢO CAM-LỘ 甘露堡
q07_08_page_60-0003,"Ở huyện trị cũ Thành Hóa, qui chế bảo này có nói rõ về mục thành-trì."
q07_08_page_60-0004,"Khi trước có thuế nguồn, sau thuộc về huyện hạt."
q07_08_page_60-0005,BẢO TRẤN-LAO 鎮牢堡
q07_08_page_60-0006,"Ở tây nam huyện Thành-Hóa 107 dặm, trước có thuế nguồn. Địa giới tiếp giáp Man-Lào, đường núi thông cả bốn phương tám nẻo, làm một địa-đầu quan yếu."
q07_08_page_60-0007,"Khi quốc sơ đặt dinh Ai-Lao, lệ có quân lục-thuyền 六船軍 phòng thủ."
q07_08_page_60-0008,"Năm Gia-Long 14 (1815) cải làm đạo, lấy dân ở gần đạo phụ giữnơi đây, gọi tên là cơ thuyền Tân An 新安奇船."
q07_08_page_60-0009,"Năm Minh-Mạng 14 (1833) ở nơi tổng Làng-Hạ 廊下總 đắp bảo Ai-Lao, chu vi 90 trượng, cao 6 thước, có 2 cửa lấy 50 cơ-binh Định-Man đem qua đồn thủ."
q07_08_page_60-0010,"Năm Tự-Đức thứ 7 (1354) cải làm bảo Trấn-Lao, binh trú-phòng ấy dùng người thổ trước và người ở xa đến ứng mộ, cùng bọn tù đồ vi binh (1), đào biển tái phạm (2) đồn thú dài hạn, gọi là bảo-binh."
q07_08_page_60-0011,"Năm Thiệu-Trị thứ 2 (1842) ở phía bắc bảo này, thuộc địa-giới tổng Làng-Liên (hay Làng-Sen) 廊蓮總 lại đắp một bảo nữa, tên bảo An-Man 安蠻堡 chu vi 80 trượng, cao 5 thước, có 2 cửa."
q07_08_page_60-0012,HẢI TẤN VIỆT AN 越安海沢 (3)
q07_08_page_60-0013,"Ở đông bắc huyện Thuận – Xương 23 dặm: Nguyên danh là An-Việt, năm Minh-Mạng nguyên-niên (1820) đổi làm tên này."
q07_08_page_60-0014,"Cửa biển rộng 51 trượng dư, khi nước lên sâu 1 trượng 5 thước, nước Dịch giả chú: (1) Người tù mắc tội đồ, đày ra làm lính các nơi. (2) hạng biền-binh đào ngũ 2 lần. (3) Hải tấn: cửa biển ròng sâu 1 trượng 1 thước."
q07_08_page_60-0015,"Ngoài cửa có một dải cát nằm dưới nước dài hơn 20 dặm, có 7 thác đá: 1-Xung-Than 衝灘, 2– Ngâm-Than 灘, 3-Miếu Than 廟滩, 4-Tôn Than 孫灘, 5-Ba-Lăng-Than 巴陵灘, 6– Hà-Bá-Than 河伯灘, 7-Chỉ-Huy-Than 揮滩."
q07_08_page_60_61-0001,Thủ sở đặt ở bờ phía hữu thuộc xã Phú Xá.
q07_08_page_61-0001,"Khi vua Hy-Tôn còn làm Hoàng-Tử, thường đánh thuyền Tây dương (chúa thuyền hiệu là Hiền-Quí) ở cửa Việt-Hải tức là nơi đây."
q07_08_page_61-0002,"Xét Ô-Châu Cận Lục chép: Trong niên hiệu Quang-Thiệu đời Lê, có loại cá giống như cá kình cá nghê, khi nước ròng người làng ấy bắt lấy xương ngang của cá gác làm sườn nhà."
q07_08_page_61-0003,HẢI-TẤN TÙNG-LUẬT 從律海汎
q07_08_page_61-0004,"Ở phía đông huyện Vĩnh Linh 20 dặm: Cửa biển rộng hơn 18 trượng, khi nước lên sâu 5 thước, nước ròng sâu 3 thước 5 tấc."
q07_08_page_61-0005,"Ngoài cửa có dải cát nằm dưới nước 70 trượng, có 3 cái thác đá: 1-Tra Than 查灘, 2— Tri-Than 知灘, 3-Vịnh-Than 泳灘."
q07_08_page_61-0006,"Bờ phía nam có gò cát, bờ phía bắc có động đất đỏ."
q07_08_page_61-0007,Tấn-thủ đặt ở xã Tùng-Luật.
q07_08_page_62-0001,DỊCH TRẠM 驿站
q07_08_page_62-0002,(Có nói rõ trong Địa-chí Thừa-Thiên)
q07_08_page_62-0003,TRẠM TRỊ-XÁ 治舍站
q07_08_page_62-0004,Ở xã Thượng-Xá huyện Hải-Lăng; phía bắc đến trạm Trị Nghĩa 33 dặm lẻ.
q07_08_page_62-0005,"Khi đầu niên hiệu Gia-Long gọi trạm Thượng Xá, năm Minh-Mạng thứ 3 cải làm Trị-Xá."
q07_08_page_62-0006,"Năm Tự-Đức thứ 6 cải làm Thừa-Xá, năm 29 phục lại cựu danh."
q07_08_page_62-0007,"Trạm-phu nguyên ngạch 80 người, năm Thành-Thái thứ 10 giảm còn 50 người."
q07_08_page_62-0008,"Nhà trạm nguyên đặt ở bên đường quan, năm 17 dời đặt trên động cát xã ấy, cách đường quan ước 100 thước tây."
q07_08_page_62-0009,TRẠM TRỊ-NGHĨA 治義站
q07_08_page_62-0010,"Ở xã Nghĩa-An phủ Cam-Lộ, nguyên trước ở xã An Lạc huyện Do-Linh, phía bắc đến trạm Trị-Cao 26 dặm lẻ. Đầu hiệu Gia-Long gọi là trạm An Lạc 安樂站, năm Minh-Mạng thứ 3 đổi làm Trị-An 治安, năm Tự-Đức thứ 5 chia tổng An-Lạc ở Do Linh thuộc phủ Cam-Lộ, đem trạm đặt ở xã Nghĩa-An, năm thứ 6 đổi làm trạm Thừa-Nghĩa 承義站, năm 29 đổi làm Trị Nghĩa."
q07_08_page_62-0011,"Năm Thành-Thái thứ 5 tăng thiết 7 trạm ở thượng-du: 1-Cam-Lộ (ở xã Cam-Lộ), 2– Việt-An (ở xã Mai-Lộc), 3– Mai-Lãnh."
q07_08_page_62-0012,Và 4 trạm sau đây đều thuộc về sơn phần: 4 Vũng (?
q07_08_page_62-0013,") 漆, 5-Làng Khoai 廊戲, 6– Làng-Cồn 廊墀, 7-Lao-Bảo 牢堡."
q07_08_page_62-0014,TRẠM TRỊ CAO 治高站
q07_08_page_62-0015,"Ở xã Cao-Xá huyện Vĩnh Linh, phía bắc đến trạm Trị Lập 25 dặm lẻ. Đầu hiệu Gia-Long tên là trạm Cao-Xá 高舍站, năm Minh-Mạng thứ 3 đổi làm Trị-Cao, năm Tự-Đức thứ 6 đổi làm Thừa Cao 承高, năm 29 phục lại tên cũ."
q07_08_page_62-0016,"Nguyên ngạch có 80 người phục dịch, năm Thành-Thái thứ 12 giảm còn 1 Dịch-trạm, 20 trạm-phu."
q07_08_page_63-0001,TRẠM TRỊ-LẬP 治立站
q07_08_page_63-0002,"xã Thượng-Lập huyện Vĩnh-Linh, phía bắc đến trạm Quảng Lộc tỉnh Quảng-Bình 34 dặm lẻ. Đầu hiệu Gia-Long gọi tên trạm Thượng-Lập 上立站, năm Minh-Mạng thứ 3 đổi làm Trị-Lập, Tự-Đức thứ 6 đổi làm Thừa-Lập 承立, năm 29 phục lại tên cũ."
q07_08_page_63-0003,Trạm-phu nguyên-ngạch 80 người.
q07_08_page_64-0001,LÝ LỘ 里路
q07_08_page_64-0002,"Đường thiên-lý trong tỉnh hạt: nam từ đầu ranh giới xã Tương-Điền huyện Hải-Lăng (giáp Phong-Điền Thừa-Thiên), phía bắc đến giới hạn Thủy-Liêm, nam giáp huyện Vĩnh Linh (giáp huyện Lệ-Thủy Quảng-Bình); chiều dài 124 dặm, 119 trượng, hành trình ước 23 giờ đồng hồ."
q07_08_page_64-0003,"Thiết-lộ hỏa xa trong tỉnh hạt: từ phường Câu-Nhi qua cầu sắt (cầu dài 111 thước 5 tấc tây, dưới đấy cũng kể theo thước tây cả) Văn-Quỉ, Xuân Lộc, rồi vượt cầu sắt Trường-Sinh (dài 41, th10), qua các cầu sắt Xuân-Lâm (dài 4, 150), Trường-Phước (dài 60t, 50), đến cầu sắt Thạch-Hãn (dài 152t) ở tỉnh-thành, cầu sắt Nhan-Biều (dài 42t, 10), cầu sắt Ái Tử (dài 411, 20), cầu sắt Hà-Xá (dài 631, 50), đến địa phận xã Đông-Hà phủ Cam-Lộ (chuyền qua thượng du Man-Cảnh chưa rõ lý-số), cộng dài 69 dặm, kề theo thước tây cộng 34620 thước."
q07_08_page_64-0004,ĐƯỜNG QUAN BÁO 關報路 (1)
q07_08_page_64-0005,"Phủ Triệu-Phong mới đắp 1 con đường từ xã Tam-Hữu (giáp giới huyện Hải-Lăng) qua cầu sắt Cổ-Thành đến cửa Việt-An, dài ước 21 dặm lẻ, thường đi phỏng độ 3 giờ rưởi (đắp năm Thành Huyện Hải-Lăng mới đắp con đường từ xã Xuân-Viên (giáp giới huyện Phong-Điền), qua xã Diên Khánh, Kim-Giao đến xã Phương-Lang, dài ước 22 dặm lẻ, thường đi phỏng 4 giờ đồng hồ (đắp năm Thành-Thái thứ 12-1900), kề theo thước tây dài 11154m, 00."
q07_08_page_64-0006,"Huyện Vỉnh-Linh mới đắp một đường từ Liêm-Công-Tây-Thôn (giáp đường quan), qua Liêm-Công-Đông-Tân trại, Thượng hạ-An (1) Con đường liên quan cáo báo về Công Vụ."
q07_08_page_65-0001,"Ninh-phường đến chỗ Thừa-Lương xã Vĩnh-An, dài 7515 thước tây ước 15 dặm lẻ, hành trình phỏng 2 giờ rưởi đồng hồ (đắp năm Thành-Thái thứ 9 – 1897)."
q07_08_page_65-0002,"Phủ Cam-Lộ: một con đường từ ngã tư Phổ-Lại đến phủ thành dài ước 10 dặm, thường di phỏng 1 giờ rưởi. Đường thượng-du: từ phủ thành Cam-Lộ đến Mai-Lãnh dài ước 36 dặm, thường đi phỏng 6 giờ."
q07_08_page_65-0003,"Một đường từ Mai-Lãnh đến Lao Bảo ước 80 dặm, thường đi phỏng 13 giờ."
q07_08_page_65-0004,"Lại có đường cũ ở thượng du từ bảo Cam-Lộ đến bảo Trấn-Lao đi 3 ngày đường từ Lao Bảo đến châu Na-Bí 2 ngày đường, từ Na-Bí đến châu Mường-Vang 3 ngày đường, từ Mường-Vang đến phủ Lạc-Biên, đến sông Khung-Giang 7 ngày đường, thông kề 15 ngày đường."
q07_08_page_66-0001,"Thành-Thái 18 (1906). (Lương-Điền), bên tả thuộc xã Mỹ Xuyên huyện Phong-Điền."
q07_08_page_66-0002,2 bên bờ tả hữu đều thuộc làng ấy. làng Nhan-Biều.
q07_08_page_66-0003,Tả hữu 2 bên đều thuộc xã ấy.
q07_08_page_66-0004,TẤN ĐỘ 津渡 (Bến đò)
q07_08_page_66-0005,"Bến đò có 35 sở, trưng thuế cộng 520 đồng, do nghị-định năm"
q07_08_page_66-0006,BẾN ĐÒ LƯƠNG-ĐIỀN 良田津
q07_08_page_66-0007,"Đò quan-lộ (sau đây đều đò quan lộ), bên hữu thuộc làng ấy"
q07_08_page_66-0008,ĐÒ TRƯỜNG-SINH 長生津
q07_08_page_66-0009,ĐỒ THƯỢNG-XÁ 上舍津
q07_08_page_66-0010,ĐÒ THẠCH-HÃN 石捍津
q07_08_page_66-0011,"Có 2 chỗ, tả ngạn đều thuộc làng ấy, hữu ngạn đều thuộc"
q07_08_page_66-0012,ĐÒ ÁI-TỬ 愛子津
q07_08_page_66-0013,"Tả ngạn thuộc xã ấy, hữu ngạn thuộc xã Phước-Mỹ."
q07_08_page_66-0014,ĐÒ HÀ-XÁ 何舍津
q07_08_page_66-0015,"Tả ngạn thuộc xã ấy, hữu ngạn thuộc xã Lai-Phước."
q07_08_page_66-0016,ĐÒ AN-LẠC 安樂津
q07_08_page_66-0017,"Tả ngạn thuộc xã ấy, hữu ngạn thuộc xã Tây-Trì."
q07_08_page_66_67-0001,ĐÒ TRÚC-KHE 竹溪津 ĐÒ XUÂN HÒA 春和津
q07_08_page_67-0001,"Tả ngạn thuộc xã ấy, hữu ngạn thuộc xã Hiền-Lương."
q07_08_page_67-0002,ĐÒ CỔ-THÀNH 古城津
q07_08_page_67-0003,(Từ đây về sau đều đò ngang các xã) 2 bờ tả hữu đều thuộc xã Cổ-Thành
q07_08_page_67-0004,ĐÒ AN-TIÊM 安暹津
q07_08_page_67-0005,2 bên tả hữu đều thuộc xã ấy.
q07_08_page_67-0006,ĐÒ THÂM-TRIỀU 深朝津
q07_08_page_67-0007,"Tả ngạn thuộc xã ấy, hữu ngạn giáp xã Thạch Hãn."
q07_08_page_67-0008,ĐÒ TRÀ-LIÊN 茶蓮滓
q07_08_page_67-0009,2 bên tả hữu đều thuộc xã ấy.
q07_08_page_67-0010,ĐÒ BỒ-BẢN 蒲板津
q07_08_page_67-0011,"Tả ngạn thuộc xã ấy, hữu ngạn thuộc xã Phước-Lâm."
q07_08_page_67-0012,ĐÒ PHƯỚC-LĀM 福林津
q07_08_page_67-0013,"Hữu ngạn thuộc xã ấy, tả ngạn giáp xã Lại-An."
q07_08_page_67-0014,ĐÒ GIA-LÂM 嘉林津
q07_08_page_67-0015,"Tả ngạn thuộc xã ấy, hữu ngạn thuộc xã Đơn-Duệ."
q07_08_page_67-0016,ĐÒ TÙNG-LUẬT 從律津
q07_08_page_67-0017,"Tả ngạn thuộc xã ấy, hữu ngạn thuộc xã Xuân-Mỵ."
q07_08_page_67-0018,ĐÒ VĨNH-AN 永安津
q07_08_page_67-0019,"Tả ngạn thuộc phường ấy, hữu ngạn thuộc phường Cát Sơn"
q07_08_page_67-0020,ĐÒ LÀM-CAO 臨高津
q07_08_page_67-0021,"Tả ngạn thuộc xã ấy, hữu ngạn thuộc phường Châu-Thị."
q07_08_page_68-0001,ĐÒ QUẢNG-XÁ 廣舍津
q07_08_page_68-0002,"Tả ngạn thuộc xã ấy, hữu ngạn thuộc xã Đơn-Duệ"
q07_08_page_68-0003,ĐÒ PHAN-XÁ 潘舍津
q07_08_page_68-0004,"Tả ngạn thuộc xã ấy, hữu ngạn thuộc xã Hiền-Lương."
q07_08_page_68-0005,ĐÒ HOÀNG-XÁ 黄舍津
q07_08_page_68-0006,"Tả ngạn thuộc xã ấy, hữu ngạn thuộc xã Võ-Xá."
q07_08_page_68-0007,ĐÒ TIÊN-AN 像安津
q07_08_page_68-0008,"Tả ngạn thuộc xã ấy, hữu ngạn thuộc xã Kinh-Môn."
q07_08_page_68-0009,ĐÒ HẢI CHỬ 海渚津
q07_08_page_68-0010,"Tả ngạn thuộc xã ấy, hữu ngạn thuộc xã Xuân-Lung."
q07_08_page_68-0011,ĐÒ THỦY-KHÊ 水溪津
q07_08_page_68-0012,"Tả ngạn thuộc xã ấy, hữu ngạn thuộc xã Cao-Xá."
q07_08_page_68-0013,ĐÒ CHÙY-PHỐ 錐浦津
q07_08_page_68-0014,"Tả ngạn thuộc xã ấy, hữu ngạn thuộc xã Phước-Thị"
q07_08_page_68-0015,ĐÒ TÂN-ĐÌNH 新亭津
q07_08_page_68-0016,"Tả ngạn thuộc xã ấy, hữu ngạn thuộc xã Cam-Lộ."
q07_08_page_68-0017,ĐÒ VĂN-QUĨ 文軌津
q07_08_page_68-0018,"Hữu ngạn thuộc xã ấy, tả ngạn thuộc xã Ưu-Đàm."
q07_08_page_68-0019,ĐÒ CÂU-NHI 駒兒津
q07_08_page_68-0020,"Tả ngạn thuộc xã ấy, hữu ngạn thuộc xã Lương-Điền."
q07_08_page_68-0021,ĐÒ HỘI-KỲ 會岐津
q07_08_page_68-0022,"Hữu ngạn thuộc xã ấy, tả ngạn thuộc xã Mỹ Xuyên."
q07_08_page_68-0023,ĐÒ TRÀ-LỘC 茶祿津
q07_08_page_68-0024,"Tả ngạn thuộc xã ấy, hữu ngạn giáp xã Ngô-Xá."
q07_08_page_69-0001,ĐÒ NHĨ THƯỢNG 珥上津
q07_08_page_69-0002,"Hữu ngạn thuộc xã ấy, tả ngạn thuộc xã Lại-An."
q07_08_page_69-0003,ĐÒ MAI-XÁ 枚舍津
q07_08_page_69-0004,"Tả ngạn thuộc phường Mai-Xá-Thị, hữu ngạn thuộc phường"
q07_08_page_69-0005,ĐÒ LÂM-XUÂN 臨春津
q07_08_page_69-0006,"Tả ngạn thuộc xã ấy, hữu ngạn thuộc xã Nhĩ-Hạ."
q07_08_page_69-0007,ĐÒ ĐIỀU-NGAO 釣鰲津
q07_08_page_69-0008,ĐÒ LAI-PHƯỚC 來福津
q07_08_page_69-0009,ĐÒ MINH-LƯƠNG 明良津.
q07_08_page_70-0001,"sở cống-đá, 2 sở cầu gỗ Tây."
q07_08_page_70-0002,"Trì Cao-Xá Trúc-Lâm (cũng như cầu trên) Cống-đa: Xuân Dương 1, Mỹ-Lộc 1."
q07_08_page_70-0003,"Cầu gỗ: Duy-Hòa 1 thước), Quảng Lương 1. (1) Nhật-lộ là đường trạm kỵ-mã."
q07_08_page_70-0004,KIỀU LƯƠNG 梁 (cầu)
q07_08_page_70_71-0001,"Cầu quan-lộ: một đường nhật-lộ 翻路 (1) đi thông trong hạt phía nam từ Lương-Điền, phía bắc đến Thủy-Tiên nam-giáp, có 46 Cống-đá: Lương-Điền 2 cái, Diên-Sinh 2 cái, Trường-Sinh 2 cái Thượng-Xá 3 Đại-Nại 1 Long-Hưng 1 An Thái 1 – Thạch-Han 1-Nhan-Biều 2 Phước-Mỹ 1-Trung-chỉ 1-Phương Da 1 1-Nghĩa-An 1 An-Bình 1-Kim-Đâu 1-Trúc-Lâm 2 Trúc-Khê 1-Hà-Thanh 4-Hà-Trung 1 2-Võ-Xá 1 Hiền Lương 1 Xuân-Hòa 1-Đơn-Thầm 1-Đơn-Duệ 1 2 Hàm-Hòa 1-Chấp-Lễ Cầu gỗ: Lập-Thạch (dài 3 thước tây, ngang 2 thước 5 tấc tây) Phủ Triệu-Phong (con đường từ xã Tam-hữu đến tấn Đại-Hào 1 Thâm-Triều 1, Lưỡng-Kim 1, Ngô-Xá-Tây 1 Ngô-Xá-Đông 1, Tam-Hữu 1, Cổ-Thành 1, (cầu này nguyên gỗ, năm Thành-Thái 17 đổi làm cầu sắt, dài 21 Huyện Hải-Lăng các xã tư tạo). Đa-Nghi 1, Cổ Lũy 1 nay đã gẫy nát)."
q07_08_page_71-0001,"Cầu gỗ: Tuy-Lộc 1, Lâm-Lan 1, Tân-Độ 1 Cầu tạm: Bảng-Sơn, dài 4 thước tây. xuống đều kề theo thước tây)."
q07_08_page_71-0002,"Xử Khôi-Cống 7 sở, đều dài 7, 8 thước."
q07_08_page_71-0003,"Ba-Ngao-Khê 1 sở, dài 15 thước."
q07_08_page_71-0004,Khe-潘 (?
q07_08_page_71-0005,") 1 sở, dài 20 thước."
q07_08_page_71-0006,"Xà-Mà 1 sở, dài 12 thước."
q07_08_page_71-0007,"Làng-Thuận 2 sở, dài 11 thước."
q07_08_page_71-0008,"Cù-Tiền 1 sở, dài 20 thước. dài 4 thước."
q07_08_page_71-0009,"Cầu gỗ: Cổ-Lũy 1, Phương Lang đông 1, Kim-Giao giáp Diên Khảnh 1, Xuân-Viên 1 (từ cầu này đến cầu Cồ-Lũy trên do quan làm), An-Nhân giáp Xuân-Viên 1 (từ cầu này về sau do Đông-Dương 3, Diên Khánh 4, Kim-Lung 1 Kim-Giao 3, Đơn-Quế 2, Hội An 1 Phương-Lang đông tây 3, Văn-Vận giáp Ngô-Xá 1."
q07_08_page_71-0010,"Phủ Cam-Lộ: 1 (đường từ Phồ-Lại đến phủ thành những cầu Tân-Đình 1, Cam-Lộ 1, Phú-Ngạn 1 Từ phủ thành Cam-Lộ đến Mai-Lãnh chỉ có 1 sở. (Từ Mai-Lãnh đến Lao-Bảo 28 sở của Man-Bạn) Cầu gỗ: Khe-Cát 1 sở, dài 11 thước, ngang 2 thước (từ đây trở Xứ La-Mông 4 sở, 2 sở dài 3 thước, 2 sở dài 2 thước."
q07_08_page_71-0011,"Làng-Động 4 sở, 2 sở dài 10 thước, 2 sở dài 8 thước Làng-Hạ 6 sở, 1 sở dài 8 thước, 2 sở dài 5 thước, 3 sở Lại có con đường mới đắp ở Man."
q07_08_page_71-0012,"Bạn cộng 23 sở cầu sắt làm năm Thành-Thái thứ 8 và thứ 9 (1896 – 1897), trong thước, 1 sở dài 12 thước."
q07_08_page_71-0013,"Làng-Rượu 1 sở, dài 7 thước."
q07_08_page_71-0014,Phù-Kiều Man-Bạn 1 sở.
q07_08_page_71-0015,Khe-Nghi ở ấp Hóc-Nghi 1 sở.
q07_08_page_72-0001,Khe-Châu ở xã Hóc-Thượng 1 sở.
q07_08_page_72-0002,Lào-Quán ở ấp Làng-Cát 1 sở.
q07_08_page_72-0003,Khe-Sanh ở ấp Hóc-Hạ 1 sở.
q07_08_page_72-0004,Khe-Bồn ở ấp Hóc-Hạ 1 sở.
q07_08_page_72-0005,"Cù-Bách ở ấp Châu-Lăng 1 sở. số ấy có 15 sở biết rõ thước tấc, còn 8 sở chưa biết."
q07_08_page_72-0006,"Cầu sắt: Ca-Lô 2 sở, 1 sở dài 15 thước, 1 sở dài 9 thước, bề ngang đều 2 thước (dưới đây bề ngang đều 2 thước)."
q07_08_page_72-0007,"Làng-Hô 2 sở, 1 sở dài 7 thước, 1 sở dài 6 thước."
q07_08_page_72-0008,"Làng-Niêm 5 sở, 2 sở dài 15 thước, 3 sở dài 12 th."
q07_08_page_72-0009,"Làng-Rượu-Thượng 5 sở, 2 sở dài 8 thước, 2 sở dài 6 Khe-Niêm (hay chim) ở xã Ca-Lô 1 sở."
q07_08_page_73-0001,THỊ TẬP 市集
q07_08_page_73-0002,Theo nghị định năm Thành-Thái 18 (1906) thuế các chợ 33 sở cộng bạc 1.208 đồng.
q07_08_page_73-0003,CHỢ CỔ-THÀNH 古城市
q07_08_page_73-0004,"Ở địa hạt Triệu-Phong, tục danh Chợ-Sái 晒, trước mặt giáp sông, thuyền buôn các hạt đến đậu 3 bên, phố ngói liên tiếp, quán xá dân cư trù mật, kẻ buôn bán đi đến tấp nập, làm nơi đô hội có tiếng."
q07_08_page_73-0005,"Năm Thành-Thái 16 (1904) triệt dời làm chợ Thạch-Hãn ngoài Tỉnh-thành, nay cựu chỉ vẫn còn."
q07_08_page_73-0006,CHỢ NGÔ-XÁ 吳舍市
q07_08_page_73-0007,"Ở Triệu-Phong, trước giáp sông dài, ghe thuyền qua lại buôn bán tấu tập."
q07_08_page_73-0008,"Có đò ngang, phía bắc đến chợ Kim-Đâu 金兜 tục danh"
q07_08_page_73-0009,CHỢ ĐẠI HÀO 大豪市
q07_08_page_73-0010,"Ở Triệu-Phong, tục danh chợ Thuận 順."
q07_08_page_73-0011,CHỢ ĐẠO-ĐẦU 道頭市
q07_08_page_73-0012,"Ở Triệu-Phong, dựa theo động cát, không có đường nước đi lưu thông đến, tục danh chợ cạn 淋."
q07_08_page_73-0013,"CHỢ LƯỠNG-KIM 两金, CHỢ ÁI-TỬ 愛子, CHỢ LAI"
q07_08_page_73-0014,"PHƯỚC 來福, CHỢ THƯỢNG-TRẠCH 上澤, CHỢ ĐÂU-KINH 兜涇"
q07_08_page_73-0015,"CHỢ LỄ-XUYÊN 澧川, CHỢ AN LỢI 安利, CHỢ LẬP-THẠCH 立石"
q07_08_page_73-0016,CHỢ HÀ-TÂY 河西 (tục danh chợ chùa).
q07_08_page_74-0001,Những chợ trên đây đều ở phủ hạt Triệu-Phong.
q07_08_page_74-0002,CHỢ THẠCH HÃN 石捍市
q07_08_page_74-0003,"(Từ đây trở xuống các chợ đều ở huyện hạt Hải-Lăng) Nhân theo chợ cũ cất thêm phố ngói liên tiếp nhau, qui chế lược y như chợ Gia-Hội: phía đông là Tỉnh-thành, phía tây giáp sông lớn đường quan đi ngang trước nam, lầu quán đứng dăng phía bắc, từ khi dời chợ Sái đến đây, buôn bán tụ tập, cũng làm một danh-khu cho Hãn-Thành vậy."
q07_08_page_74-0004,"CHỢ DIÊN SINH 延生, CHỢLƯƠNG-ĐIỀN 良田, CHỢ KIM"
q07_08_page_74-0005,"LUNG 金籠, CHỢ CÂU-NHI 駒兒, CHỢ MỸ-CHÍNH 美政, CHỢ NHƯ"
q07_08_page_74-0006,"LỆ 如礪, CHỢ QUI THIỆN 歸善."
q07_08_page_74-0007,CHỢ AN DU 安遊
q07_08_page_74-0008,(Từ đây và các chợ sau đều thuộc huyện Vĩnh-Linh) CHỢ ĐƠN DUỆ 丹裔 (tục danh chợ huyện) CHỢ VÕ-XÁ 武舍 (tục danh chợ kinh).
q07_08_page_74-0009,CHỢ HÀ-THƯỢNG 河上
q07_08_page_74-0010,(Từ đây và các chợ sau đều thuộc huyện Do-Linh)
q07_08_page_74-0011,"CHỢ AN-NHA 安衙, CHỢ NHĨ-HẠ 珥下, CHỢ NAM-ĐÔNG 南東"
q07_08_page_74-0012,"Chợ phiên Cam-Lộ, (từ chợ này đến các chợ sau đều thuộc phủ Cam-Lộ): Chợ Cam-Lộ 甘露, chợ Kim-Đâu 金兜, chợ Tân-An 新安, chợ Mai-Lộc 枚祿, chợ Định-Xá 定舍."
q07_08_page_74-0013,"Trên đây là kê biên các chợ có danh hiệu và có trưng thuế còn những chợ khi trước nhóm mà nay bỏ, và những quán xá bé nhỏ bên dọc đường không thể biên chép cho hết."
q07_08_page_75-0001,NHÂN VẬT 人物
q07_08_page_75-0002,NGƯỜI TRIỀU LÊ.
q07_08_page_75-0003,NGUYỄN-QUẬN 阮郡
q07_08_page_75-0004,"Sách Ô-Châu Cận-Lục của Dương-Văn-An đời Mạc chép: (sau đây cũng đều do Ô-Châu Cận-Lục chép) Ông Quận người Hải-Lăng niên hiệu Lê Hồng-Đức (1470-1497) tòng chinh Chiêm-Thành, khi hãm được thành rồi, các tướng quân khác đều tranh lấy tài vật, duy có ông Quận chỉ lấy một lá cờ lớn, chứ không lấy vật chỉ khác."
q07_08_page_75-0005,"Vua Thánh-Tôn lấy làm lạ, hỏi tên họ ông, rồi lục dụng vào vệ Thanh Hóa, sau thăng Đô-tổng-kinh-sứ Quảng-Nam."
q07_08_page_75-0006,BÙI-DỤC-TÀI 裴育才
q07_08_page_75-0007,"Người huyện Hải-Lăng, văn học uyên bác, năm Nhâm-Tuất niên hiệu Cảnh-Thống nhà Lê năm thứ 5 (1502) thi đậu Chính Tiến sĩ, từ Nam-sảnh đến điện-thí, văn ứng-chế của ông đều hiệp cách làm quan đến Hàn-lâm-viện."
q07_08_page_75-0008,"Trong niên hiệu Hồng-Đức có công ứng nghĩa, thăng Lại-bộ Tả-thị-lang, thuyên chuyền quan lại được ngay thẳng, người ta xưng là công-bình, trong niên hiệu Quang Thiệu (1516-1526) được cử làm Tham-tướng về bản-đạo kinh-lý, bị bọn gian đảng giết hại."
q07_08_page_75-0009,NGƯỜI BẢN-TRIỀU
q07_08_page_75-0010,TRẦN ĐÌNH ÂN 陳廷恩
q07_08_page_75-0011,"Người huyện Do-Linh (trước là Vĩnh-Linh), làm quan trải trong bốn triều làm đến chức Tham-chính Chinh-đoán-sự Đông triều-hầu, quốc-kế, biên mưu có công tán trợ rất nhiều, gần 90 tuổi tri-sĩ, Vua Hiến-Tôn có ngự-chế thi-chương và lời tự để tiễn ông."
q07_08_page_75-0012,Sau thọ chung nơi nhà vườn được tặng Đại-lý Tự-khanh. Đầu niên hiệu Minh-Mạng truy tặng: «Cảnh-lượng chi-thần 耿亮之神 》.
q07_08_page_75-0013,"Phái-hệ từ khi quốc-triều khai-sáng cho đến sau lúc trung-hưng là 11 đời mà hoạn-nghiệp nối liền xưng làm vọng-phiệt trong tỉnh hạt, nay Trần-Đình-Túc, Trần-Đình Phác tức là con cháu của ông Đình-Ân."
q07_08_page_76-0001,TRẦN-ĐÌNH-KHÁNH 陳廷慶
q07_08_page_76-0002,"Con Đông-triều – hầu Trần-Đình-Ân, lấy chân Ấm-tử bổ Chính-dinh văn-chức, ông có văn-tài mẫn thiệp, khéo sự ăn nói triều Vua Hiến Tôn (1691 – 1725) thăng làm Cai-bộ Quảng-Nam có chính-thanh tốt, khi mất tặng Thái-thường-tự-khanh, đầu năm Minh-Mạng truy tặng: «Trung-Hiến Chi Thần 忠獻之神»."
q07_08_page_76-0003,Em ông là Đình-Thuận làm quan đến Cai-bộ Phó-đoán-sự.
q07_08_page_76-0004,TRẦN-ĐÌNH-HY 陳廷熹
q07_08_page_76-0005,"Con Trần-Đình-Khánh, làm quan đến chức Cai-bộ Bình-Thuận triều vua Thế-Tôn (1738 – 1765) triệu về thăng Chính-dinh Cai-bộ cùng Hình-bộ Nguyễn Hữu Bác đi tuần xét quan lại các huyện, khi về thăng Hộ-bộ kiêm Binh-bộ rồi mất."
q07_08_page_76-0006,LÊ-KHÁNH-TRINH 黎慶禎
q07_08_page_76-0007,"Người Vĩnh-Linh, đậu Cử nhân khoa Tân-Mão (1831) năm Minh-Mạng 12, làm quan đến Hàn lâm-viện Thị giảng, sung Nội-các chuyền qua Hộ-bộ Thị-lang, rồi ra làm Bố-chính-sứ Gia-Định."
q07_08_page_76-0008,Niên hiệu Thiệu-Trị thiên Binh-bộ Hữu-tham-tri rồi mất.
q07_08_page_76-0009,PHAN-VĂN-SONG 潘文雙
q07_08_page_76-0010,"Người Vĩnh-Linh, làm đến Vũ-lâm Vệ-úy, năm Minh-Mạng 14 (1833) đánh nghịch Khôi ở thành Phiên-An bị trận vong, tặng chức Chưởng-cơ, được thưởng 100 lượng bạc, 200 quan tiền, năm Tự-Đức 11 (1858) liệt tự vào đền Trung-Nghĩa."
q07_08_page_76-0011,ĐỖ-VĂN-HOẢNG 杜文晃
q07_08_page_76_77-0001,"Có tên nữa là Đản 誕, người Thuận-Xương, làm quan triều vua Duệ-Tôn, năm Quí-Tỵ thứ 8 (1773), Nguyễn-Nhạc cướp lấy Quảng-Nam, Quảng Ngãi, vua khiến Nguyễn-Văn-Thống đem binh tiến tiễu dùng Đản làm Tán-lý, ban đêm bị quân Tây Sơn chụp đánh, Đản cự chiến bị chết, năm Gia-Long thứ 9 (1810) liệt tự vào đền Hiền-Trung và miếu Trung-Tiết công-thần."
q07_08_page_77-0001,HÒ-CÔNG-SIÊU 胡公超
q07_08_page_77-0002,"Người Thuận-Xương, khi đầu trung-hưng làm chức Khâm sai Tham-án, năm Quí-Mão theo Tôn-thất-Dũ từ Bình-Thuận vào viện Gia-Định đánh giặc ở cầu Tham Lương bị trận vong, được tặng chức Tham-khám, liệt tự vào đền Hiền-Trung."
q07_08_page_77-0003,VŨ-VĂN-AN 武文安
q07_08_page_77-0004,"Người Thuận-Xương, khi đầu trung-hưng theo việc binh nhung, làm chức Cai-cơ Tiền-quân, năm Giáp Dần (1794) tòng chinh ở cửa biển Thi Nại bị tử trận, tặng chức Chưởng-cơ."
q07_08_page_77-0005,PHAN-VĂN-THÚY 潘文璨
q07_08_page_77-0006,"Người Thuận-Xương, năm Mậu Thân đầu khi trung-hưng (1788) ông hiệu-thuận làm chức Hổ-uy Vệ-úy, niên hiệu Gia-Long ra làm Trấn-thủ Quảng-Bình, bị việc giáng xuống Cai-cơ, năm Minh-Mạng nguyên niên (1820) lên làm Quản-đạo Quảng-Bình, liền thăng Chưởng cơ, làm Phó-đốc-trấn Thanh-Hoá, rồi chuyền qua Thị-nội Long-võ-dinh Đô-thống-chế."
q07_08_page_77-0007,"Năm thứ 8 (1827) sung Kinh lược Nghệ An biên-vụ, khi về lãnh Phó-tổng-trấn Bắc-Thành, sau triều về thăng Hậu-quân Đô-thống-phủ Chưởng-phủ-sự, phong Chưởng-nghĩa-hầu."
q07_08_page_77-0008,"Vừa Lê-Văn-Khôi phiến biến ở Phiên-An, vua trao cho chức Thảo-nghịch Hữu-tướng-quân đem binh tiến thảo cùng địch quân giao chiến ở Biên-Long, cả phá được quân giặc, rồi bệnh mất, được tặng Thiếu-bảo, thụy là Trung-Tráng."
q07_08_page_77-0009,NGUYỄN-TĂNG-ĐỊCH 阮增迪
q07_08_page_77_78-0001,"Người Thuận-Xương, khi đầu lưu ngụ Gia-Định, năm Tân-hợi ứng thí trúng cách, bổ vào Cống-sinh-viện, thiên qua Tuyền-phong tham-luận, ra làm Cai-bộ Trấn-Định, đầu niên hiệu Gia-Long thiên qua Hiệp-trấn Thanh-Hóa, rồi thăng Binh-bộ Hữu-tham-tri, đầu năm Minh-Mạng thự Công-bộ Thượng-thơ, khi mất truy cho NGUYỄN-HOÀNG 阮黄"
q07_08_page_78-0001,"Người Thuận-Xương, năm Minh-Mạng thứ 7 (1826) bổ vào Anh-danh sách, làm lần lên Lãnh-binh 2 tỉnh Vĩnh Long, An-Giang rồi thăng Chưởng-vệ, hộ lý Đề-đốc An-Giang, năm Thiệu-Trị thứ 5 (1845) quản binh thuyền đến Tiền Giang dẹp thổ phỉ được thắng lợi lại đánh phá đồn Thiết-Thằng 鉄繩 liền định được Trấn-Tây, được thăng thự Đề-đốc, bang-biện Trấn-Tây quân-vụ, lập nhiều chiến công, được ban cho kim bài: «An-tây tuấn-kiện-tưởng 安西俊健將», triều về kinh trao chức Tiền-phong-dinh Thống-chế, phong tước Võ-xá-tử 武舍子, chuyền sang Võ-lâm Hữu-dục Thống-chế."
q07_08_page_78-0002,"Năm Tự-Đức thứ 2 (1849) ra làm Tổng-đốc Định-biên, chạm tên vào bia võ công."
q07_08_page_78-0003,"Năm thứ 3 (1850) dời qua Tổng-đốc Long-Tường, năm thứ 4 (1851) chuyền về Hữu-quân Đô-thống kiêm Quản-ấn-triện Tiền quân, năm thứ 9 (1856) mất, tặng Hữu-quân Đô-thống-phủ Đô-thống Chưởng-phủ-sự, năm 11 liệt tự vào miếu Hiền-Lương."
q07_08_page_78-0004,LÊ-MẬU CÚC 黎戊菊
q07_08_page_78-0005,"Người Thuận-Xương, làm quan lần đến Trấn-thủ Nam--Định năm Minh-Mạng thứ 7 (1826) ngụy-cừ là Đỗ-Bá-Vành tụ đảng ở đảo nhỏ ngoài biển, Mậu-Cúc đốc binh bộ tiễu, bị trận vong được tặng Thống-chế, năm Tự-Đức thứ 11 (1858) thờ ở đầu tả ban trong đền"
q07_08_page_78-0006,NGUYỄN-THỪA TỰ 阮承緒
q07_08_page_78-0007,"Người Hải-Lăng (dưới đây cũng đều là người Hải-Lăng), xuất sĩ từ vua Thái-Tôn (1738-1765) làm văn-chức thiên qua chức Ký-lục Quảng-Nam, triệu về lãnh 2 bộ Hộ và Binh, khi mất tặng chức Tham Chính."
q07_08_page_78-0008,"Con ông là Thừa-Diễn 承繽 làm quan đến Ký-lục Bình Thuận, khi đầu trung-hưng theo vào Gia-Định, trao chức Tham-tán giữ đất Cần Úc, sau mất."
q07_08_page_78-0009,"Con Thừa-Diễn là Thừa-Ước làm quan đến chức Khâm-sai Đốc-chiến, đánh giặc ở Gia-Định bị trận vong."
q07_08_page_78_79-0001,Cha con Thừa-Diễn đều được liệt tự vào miếu Trung-tiết Công-thần.
q07_08_page_79-0001,LÊ-ĐẠI-NGHĨA 黎大義
q07_08_page_79-0002,"Tánh người cương-trực, khi đầu trung-hưng làm quan trọng Hàn-lâm-viện, trải lúc đi theo chinh phạt, đầu niên hiệu Gia-Long làm Kỷ-lục Quảng-Trị, rồi triệu về kinh lãnh chức Phụng-triều-thỉnh thường chầu nơi tiềm đề có công, đầu năm Minh-Mạng làm Cần Chính-điện Học-sĩ, giáo-đạo hoàng-tử, liền gia hàm Binh-bộ Tham tri, nhưng sung chức Giáo-đạo, ở giảng-đường được nhiều sự giúp ích, năm thứ 2 ông mất được cấp tuất như lệ Tham-tri, năm thứ 6 (1825) tặng Binh-bộ Tham-tri, năm Thiệu-Trị thứ 2 (1842) tặng Lễ bộ Thượng-thơ, Tự-Đức năm 11 (1858) liệt tự đền Hiền-Lương."
q07_08_page_79-0003,"Con ông là Hữu-Bản tánh cũng nghiêm thẳng như cha, năm Minh-Mạng thứ 2 (1821) ấm-thọ bổ quan, lần thăng đến Án-Sát Định-Tường, rồi thăng Bố-chính-sứ, mất tại quan sở."
q07_08_page_79-0004,NGUYỄN-CÔNG-TIỆP 阮公捷
q07_08_page_79-0005,"Năm Tân Dậu ông hưởng ứng theo vua, làm quan lần đến Hộ-bộ Thiêm-sự, chuyền qua Tham-tri, lãnh Hộ-tào Bắc-thành triệu về kinh làm Tả-tham-tri bộ Binh, bị việc giáng xuống Lang trung bộ Công, một lúc được thăng Hữu-thị-lang bộ binh, biện-lý tào binh Gia-Định, khi mất gia tặng làm Tham-tri Bộ-binh."
q07_08_page_79-0006,"Công Tiệp am tường điền cố, có làm quyền «Sĩ-hoạn tu-tri-lục» 仕宦須知錄 truyền thế."
q07_08_page_79-0007,NGUYỄN HỮU-GIA 阮有嘉
q07_08_page_79-0008,"Con Hiệp-biện Đại-học-sĩ Nguyễn Hữu-Thận, ông đậu cử nhân Ân-khoa Tân-Dậu, làm quan lần đến Lễ-bộ Lang-trung thăng Binh bộ Thị-lang, ra lãnh Binh-tào Bắc-thành, bị tội giáng chức, sau được thụ chức Án-sát-sử Tuyên-Quang, rồi mất."
q07_08_page_79-0009,"Con ông là Hữu-Huyến 有絢, cũng đậu Hương-tiến (cử-nhân) làm lần đến Lễ-bộ Lang-trung trong năm Tự-Đức cải thọ Thị-giảng học-sĩ, phụng sử qua Thanh về đến Ngô-Châu bệnh mất, được tặng Thái-bộc-tự-khanh."
q07_08_page_79-0010,NGUYỄN-ĐỨC-HOẠT 阮德活
q07_08_page_79-0011,"Năm Minh-Mạng thứ 6 (1825), khoa Ất Dậu đậu cử-nhân, làm quan đến Nội-các Thừa-chỉ, liền sung Giáp-sử qua Thanh, lần thăng Bố-chính Nghệ An."
q07_08_page_79-0012,"Năm Thiệu-Trị nguyên-niên (1841) thọ Lại-bộ Hữu-tham-tri, lại sung chức chính-sử qua Thanh, khi về thăng Lại-bộ Thượng-thơ, sung Thị-vệ-xử Chưởng-lãnh, ra làm Tổng-đốc Định-Biên, mất ở quan sở."
q07_08_page_80-0001,NGUYỄN-THẾ-TRI 阮世治
q07_08_page_80-0002,"Người Thuận-Xương, đậu Cử nhân khoa Giáp-Ngọ năm Minh-Mạng 15 (1834), liền đậu Đồng-tiến sĩ khoa hội năm Ất-Vị (1835), làm quan lần đến Tri-phủ An-Nhơn, Ngự-sử Nam-Nghĩa đạo."
q07_08_page_80-0003,Năm 21 thự Lễ khoa Chưởng-ấn.
q07_08_page_80-0004,"Thiệu-Trị nguyên niên (1841) làm Án-sát sứ An-Giang chuyền qua tỉnh Vĩnh-Long, bệnh mất."
q07_08_page_80-0005,NGUYỄN-ĐỨC-HOAN 阮德幢
q07_08_page_80-0006,"Người Hải-Lăng, đậu Cử nhân khoa Mậu Tý (1828) đậu Đồng tiến-sĩ khoa Ất-Vị năm Minh-Mạng 16 (1835), làm quan dến Tuần-vũ Khánh Hòa, bị việc miễn chức."
q07_08_page_80-0007,"Tỉnh Quảng-Trị từ trước chưa có người đậu khoa hội, đến khoa này có Đức-Hoàn và Thế-Trị đậu đồng bảng, làm thủ-xưởng khoa Tiến-sĩ cho tỉnh này."
q07_08_page_80-0008,NGUYỄN-LẬP 阮立
q07_08_page_80-0009,"Người Thuận-Xương, trước tên là Chương 章."
q07_08_page_80-0010,"Năm Thiệu-Trị thứ 4 (1844) đậu Nhị-giáp Tiến-sĩ khoa Giáp-Thìn, năm thứ 6 (1846) làm Tri-phủ An-Biên, liền thăng Ngự sử đạo Hải-An, năm Tự-Đức nguyên niên (1848) vì tránh chữ miếu hiệu (章) nên cho đổi lại tên này (立)."
q07_08_page_80-0011,"Năm thứ 2 thăng Thị-độc Lập-hiền-viện, sung Kinh-diên khởi-cư-chú."
q07_08_page_80-0012,"Năm thứ 7 (1854) chuyền qua Đốc-học Quảng-Trị năm thứ 9 (1856) trạc bổ Án-sát-sứ Hải-Dương, mất năm thứ 11 (1858)."
q07_08_page_80-0013,TRẦN-ĐÌNH-TÚC 陳廷肅
q07_08_page_80-0014,"Người Do-Linh, năm Thiệu-Trị thứ 2 (1842) lãnh hương-tiến làm quan lần lên Quản-đạo Phú Yên, năm Tự-Đức 12 (1859) thọ Hồng-lô-tự-khanh, sung Tán-tương Quân-thử, khi Biên-Hòa thất thủ ông bị cách lưu (1)."
q07_08_page_80-0015,"Năm thứ 15 (1862) được phục nguyên-hàm, làm (1) Cách lưu: bị cách chức mà còn ở lại làm việc như cũ."
q07_08_page_81-0001,"Biện-lý Hình-bộ, rồi sung chức Dinh-điền-sứ (mộ khẩn ruộng hoang ở Thừa-Thiên, Quảng-Trị) mộ dân lập ấp, năm 18 (1865) lấy công trạng ấy được gia chức Hộ-bộ Hữu tham-tri và ban cho chiếc kim khánh: «Liêm bình cần cán 》 廉平勤幹."
q07_08_page_81-0002,"Năm 21 phái qua Hương Cảng công cán, khi về lãnh Tuần-vũ Hà-Nội, rồi chuyền sang Hưng Hỏa, Tán-tương Quân-vụ Sơn-Hưng-Tuyên."
q07_08_page_81-0003,"Năm 26 (1873) Hà-Thành và Đông, Nam, Ninh kế tiếp thất thủ, Pháp phái Ngạc-Nhi đến điều đình có ý muốn giảng-hòa, vua mạng Đình-Túc lãnh tổng-đốc Hà thành cùng tân Tuần-vũ Nguyễn-Trọng-Hiệp, Án-sát-sứ Trương-Gia Hội đến chỗ người Pháp nhận lại thành trì và định thương-ước 2 bên, khi đến Hà Nội, sáng ngày ở Sơn-Tây kéo quân cờ đen đến đánh, Ngạc-Nhi tử trận, người Pháp cả nghi, nên việc nghị hòa sắp biến đổi, khi ấy Đình-Túc và Trọng-Hiệp phải chấp lý qua thương thuyết biện cãi, vừa có Khâm-sai Nguyễn-Văn-Tường đi cùng Thống sát Phi-Lặc người Pháp từ Gia-Định đến hiệp đồng thương thỏa định ngày giao lại thành trì."
q07_08_page_81-0004,"Triều đình lục công-trạng của Túc khi trước ở Dinh-điền, cho thật thọ Tổng-đốc."
q07_08_page_81-0005,"Túc lấy cớ già bệnh xin hưu, vua không cho."
q07_08_page_81-0006,"Năm 33 (1880) Túc lại xin hưu nữa, vua gia cho hàm Hiệp-biện đại học-sĩ, khiến lựa người thay thế và cấp cho nửa lương để dưỡng lão."
q07_08_page_81-0007,"Năm 35 (1882) Hà Nội lại bị thất thủ, Túc phải sung chức Khâm-sai Đại-thần lãnh Tổng-đốc Hà-thành đặng giảng hòa với Pháp nhận lại thành trì Mùa đông năm ấy Túc về hưu trí, sau có việc ở cửa Thuận-An vua triệu Túc tạm sung chức Thượng-thơ bộ Lễ sung Định-ước Toàn quyền Đại-thần đi hòa nghị, việc xong Túc xin về."
q07_08_page_81-0008,"Năm Thành-Thái thứ 3 (1898) được thật thọ Hiệp-biện Đại học-sĩ, năm thứ 4 ông Túc mất."
q07_08_page_81-0009,Túc có làm sách «Tiên-sơn toàn tập» 像山全集.
q07_08_page_81-0010,Con ông là Đình-Phác làm quan nay hiện tổng-Đốc An Tĩnh.
q07_08_page_81-0011,LÊ HỮU THƯỜNG 黎有常
q07_08_page_81-0012,"Người Thuận-Xương, năm Thiệu-Trị nguyên niên (1841) lãnh hương-tiến làm đến Quản-đạo Hà-Tĩnh, Án-sát Nghệ An, thăng Quang-lộc-tự-khanh lãnh Bố-chính, hộ lý Tuần vũ Quảng-An."
q07_08_page_81-0013,"Năm Tự-Đức thứ 18 (1865) về đinh gian bà mẹ, sau sung Khâm-phái kinh lý hải phòng từ Quảng-Bình đến Nam Định."
q07_08_page_81-0014,"Năm 23 (1870) thăng Tuần-vũ hộ-lý Tổng-đốc Hải An, vừa có phỉ-cừ Hoàng-Tề hãm đốt 2 huyện Thủy-Đường và An-Dương."
q07_08_page_81-0015,Hữu-Thường đem binh đánh lấy lại.
q07_08_page_81-0016,"Năm 26 (1873) sung chức Đồng-suất quân-vụ Đại thần 2 tỉnh, phỉ. đảng lại vào Bắc-Giang nhiễu loạn cướp bóc đốt phá, Hữu-Thường làm Đồng-suất bất lực bị cách lưu."
q07_08_page_81-0017,"Mùa đông năm ấy Pháp phái An-Nghiệp đi thuyền đến Hải Dương vào thành chiếm cứ, Hữu Thường chạy ra đóng giữ ở huyện Gia Tộc, liền bị triệt hồi, xử án trảm-giam-hậu."
q07_08_page_81-0018,"Năm 29 (1876) được tha tội, giao ra ở quân thứ lập công chuộc tội."
q07_08_page_81-0019,"Năm 33 (1880) triệu vềbiện lý Công-bộ, thăng Hồng-lô tự-khanh."
q07_08_page_81-0020,"Năm 35 thự Hữu-thị lang. Đầu năm Hàm-Nghi sung Sơn-phòng sử Quảng-Trị. Đồng-Khánh nguyên niên (1886) thăng Công-bộ Tham-tri, khi ấy ở Trị-Bình có việc, ngự-giá thân chinh, đổi ông làm Trị-Bình Tuần-vũ Việc yên xong được thăng Công-bộ Thượng thơ kiêm Quản. Ấn-triện Đô-sát-viện."
q07_08_page_81-0021,"Năm thứ 3 xin hưu, vua không cho, thăng Hiệp-biện Đại-học-sĩ sung Thiên-thành. cuộc 天成局 Đồng-lý đại thần."
q07_08_page_82-0001,"Mùa đông năm ấy chuẩn cho nguyên-hàm hưu trí, mất ở nhà."
q07_08_page_82-0002,"Con ông là Hữu-Tánh đậu cử nhân, làm đến Kinh-triệu-doãn, bệnh"
q07_08_page_82-0003,TRẦN-HUYẾN 陳恒
q07_08_page_82-0004,"Đồng hương với Thế-Trị, đậu Cử nhân năm Mậu Thìn (1868) đời Tự-Đức, đầu bổ Tư-vụ bộBinh lãnh Chủ-sự, thăng Tu-soạn sung Viên-ngoại-lang Cơ-mật-viện, năm 30 đinh gian thân phụ, mãn tang bổ lãnh Viên-ngoại bộBinh, liền thăng Ngũ-phầm Lang-trung."
q07_08_page_82-0005,"Huyến có tánh cương trực, gặp việc cứng cỏi, không kiêng sợ người cường quyền, Bộ Trưởng Tôn-thất-Thuyết thường khí-trọng."
q07_08_page_82-0006,"Năm 36 thăng Thị-giảng học-sĩ, lãnh Án-sát-sử Bình-Định, khi ấy Giáo sĩ trong hạt có thói quen hay kiêu lộng, Huyến đến làm Án-sát lấy pháp luật tài chế đều được xếp lặng cả, người ta lấy làm khoái lắm, nhờ có việc ấy được thăng Viên-ngoại bộ Hộ."
q07_08_page_82_83-0001,"Năm Kiến Phước nguyên niên (1884) thăng Thị-độc, sung Tham-biện Sơn-phòng Quảng-Trị, qua công cán Ai-Lao, khi về có chỉ quyền Biện-lý bộ Binh chưa kịp cung chức, bệnh mất."
q07_08_page_83-0001,"Em ông là Xán 燥 cũng đậu cử nhân, làm-quan đến Phủ-thừa Thừa-Thiên, đổi làm Đốc-học Quảng-Trị hiện hàm Quang-lộc-tự thiếu-khanh sung Toản-tu Sử-quán."
q07_08_page_84-0001,ĐỖ THỊ TUYẾT 杜氏雪
q07_08_page_84-0002,"Người Thuận-Xương, lấy chồng là Ngô-Văn-Thùy người làng vừa được giáp tháng Thùy chết, khi ấy Thị Tuyết mới 20 tuổi, không con, nhiều người đến cầu hôn, cha mẹ chồng khuyên thị cải giá, thị thề ở vậy cho đến chết không chịu lấy chồng, sau cha mẹ chồng kế mất, thị quản trị gia-sự tang tế làm y theo lễ, người ta khen có hiếu hạnh, năm Minh-Mạng 17 (1836) được ban thưởng."
q07_08_page_84-0003,TĂNG-THÍCH 僧释
q07_08_page_84-0004,NGUYỄN-NHẤT-ĐỊNH 阮一定
q07_08_page_84-0005,"Người Thuận-Xương, 7 tuổi xuất-gia đầu nhập chùa Linh Quang, khi lớn thờ thầy Phổ-Tịnh thiền sư, thông nội điền nhà Phật tăng chúng tôn làm thầy cả."
q07_08_page_84-0006,Năm Gia-Long 16 (1817) sung chức Trụ trì chùa Báo-Quốc.
q07_08_page_84-0007,"Năm Minh-Mạng 11 (1831) cấp cho «Giới đao độ-điệp» 戒刀度牒 giữ quán Linh-Hựu 靈祐觀, cấp bằng tăng cang, dời qua giữ chùa Giác-Hoàng."
q07_08_page_84-0008,Năm Thiệu-Trị thứ 7 (1847) mất được 64 tuổi.
q07_08_page_84-0009,"Nhất-Định tánh chí hiếu, phụng sự mẹ già rất cần thường đến chợ mua cá đem về, người ta cho là việc lạ, hỏi ra thì Định nói: Có mẹ già ở nhà, nên mua để cung dưỡng, người ta khen có hiếu."
q07_08_page_85-0001,Sản xuất ở huyện Thành-Hóa.
q07_08_page_85-0002,"Rượu Kim-Lung, Hải-Lăng ngon hơn, có hiếu."
q07_08_page_85-0003,"Tục gọi dầu chồn, sản xuất ở Cam-Lộ."
q07_08_page_85-0004,"Chiêng bằng đồng, sản ở Thành-Hóa. Đèn dầu trám, sản ở Thành-Hóa."
q07_08_page_85-0005,"Sừng con tê, sản ở 9 châu, có cống hiến."
q07_08_page_85-0006,THỔ SẢN 土產
q07_08_page_85-0007,"LỤA, VẢI 布帛"
q07_08_page_85-0008,MUỐI 鹽
q07_08_page_85-0009,SẮT 鐵
q07_08_page_85-0010,RƯỢU 酒
q07_08_page_85-0011,MẬT ONG 蜂蜜
q07_08_page_85-0012,"Sơn nguyên các huyện đều có, mà ở, 9 châu Cam-Lộ nhiều hơn."
q07_08_page_85-0013,TỈNH DU 蜻油
q07_08_page_85-0014,ĐẰNG TỊCH 藤席
q07_08_page_85-0015,"Chiếu mây, sản xuất ở các sách huyện Thành-Hóa."
q07_08_page_85-0016,ĐỒNG CHINH 銅鉦
q07_08_page_85-0017,CẢM LÃM ĐĂNG 橄欖燈
q07_08_page_85-0018,TÊ GIÁC 犀角
q07_08_page_86-0001,"Ngà voi (từ đây trở xuống đều sản ở 9 châu). có cống hiến. đều thồ san Bái-An). tháng 5 gieo, tháng 11 chín. tháng 11 cấy, tháng 3 chín. ngọt, tháng 5 gieo, tháng 11 chín."
q07_08_page_86-0002,TƯỢNG NHA 象牙
q07_08_page_86-0003,HOÀNG LẠP 黄蠟
q07_08_page_86-0004,MINH XUÂN ĐẠO 明春稻
q07_08_page_86-0005,"Tục danh lúa Minh-Xuân, hột lúa vàng lợt mà dài, gạo trắng mà thơm lắm, tháng 11 cấy, tháng 4 gặt, sản ở tổng Bái Ân, mỗi năm"
q07_08_page_86-0006,BÁT ĐẠO 八稻
q07_08_page_86-0007,"Tục danh lúa tám, vỏ lúa đỏ, gạo trắng trong, tháng 5 gieo tháng 10 gặt, mùi thơm ngọt, sinh ở tổng Bái Ân ngon hơn (từ đây trở xuống"
q07_08_page_86-0008,TRĨ ĐẠO 薙稻
q07_08_page_86-0009,"Tục danh lúa trĩ, hột lúa hơi nhỏ, gạo trắng, mùi ngon thơm"
q07_08_page_86-0010,BÌ-ĐÀ ĐẠO 皮拖稻
q07_08_page_86-0011,"Tục danh lúa bì-đà, hột lúa hơi đỏ, vỏ mỏng, hột tròn, gạo vàng, để lâu không mọt, tháng 11 cấy, tháng 3 chín, thổ nghi đất ướt."
q07_08_page_86-0012,HEO ĐẠO 鰭稻
q07_08_page_86-0013,"Tục danh lúa leo, hột nhỏ mà dài, gạo trắng, mùi thơm, tháng"
q07_08_page_86-0014,VÀNG ĐẠO 鐄稻
q07_08_page_86-0015,"Tục danh lúa vàng, hột nhỏ mà hơi dài, gạo trắng, mùi ngọt"
q07_08_page_86-0016,NHƯ ĐẠO 茹稻
q07_08_page_86_87-0001,"Tục danh lúa nhự, hột hơi dài có mang, gạo trắng, mùi thơm DIỆP BÍNH ĐẠO 葉餅稻"
q07_08_page_87-0001,"Tục danh lúa bánh lá, hột hơi nhỏ, gạo trắng dẻo mà không thơm, tháng 5 gieo, tháng 10 chín."
q07_08_page_87-0002,"Thồ-nhân nói: 5 giống lúa heo vàng, tám, nhự, trĩ duy đất Bái Ân là thổ nghi, còn các nơi không hợp, gieo tốt mà không có hột."
q07_08_page_87-0003,A TỐT NỌA 阿卒糯
q07_08_page_87-0004,"Tục danh nếp a-tốt, vỏ đen, gạo đỏ, thổ nghi đất ráo, tháng 5"
q07_08_page_87-0005,GIÁ CÔ NỌA 鷓鴣糯
q07_08_page_87-0006,"Tục danh nếp đa-đa, vỏ trắng, gạo đỏ, nên gieo đất ráo, tháng"
q07_08_page_87-0007,NA NOA 那糯
q07_08_page_87-0008,"Tục danh nếp na, vỏ đỏ mà hột hơi dài, gạo trắng mùi mặn mà dẻo, nên gieo đất ráo, tháng 5 gieo, tháng 10 chín."
q07_08_page_87-0009,Y-DI 薏苡
q07_08_page_87-0010,Tục danh hột bo-bo.
q07_08_page_87-0011,"Bản-thảo: tên là ý-châu-tử, ăn vật này nhẹ thân thể, trừ lam-chướng. Đời Đông-Hán Mã-Viện chở ở Giao Chỉ về, người ta gièm rằng ông chở đồ trân châu, tức là thứ này."
q07_08_page_87-0012,"Huyện Thành-Hóa sản xuất nhiều, dùng để nấu cháo, lại chung với gạo để làm rượu."
q07_08_page_87-0013,"Cứu-Hoang Bản-Thảo: tên là gạo hồi hồi, giã bỏ vỏ lấy nhân ở trong nấu cháo ăn, dùng lá nấu nước uống cũng thơm."
q07_08_page_87-0014,NGỌC THỤC THỬ 玉蜀黍
q07_08_page_87-0015,"Tục danh lúa bắp, có mấy thứ: đỏ, trắng, vàng, mang nở ở chót cây, trái đóng ở giữa cây, râu như nhung hồng, thứ trắng dẻo ngon hơn."
q07_08_page_87-0016,Bận-Thảo: tên là Ngọc-Cao-Lương 玉高粱.
q07_08_page_87-0017,Gia-Định Thông-Chỉ của Trịnh Hoài Đức gọi là Hoàng-Thúc 黄袋. hay Hoàng Mạch.
q07_08_page_87-0018,Vân-Đài Loại-Ngữ của Lê-Qui-Đôn gọi là Hoàng-Hòa禾.
q07_08_page_87-0019,"Lại có một giống sản xuất ở núi, trái rất lớn, sắc vàng cháy, hột lớn, dân ở núi dùng ăn thế gạo, ở Thượng-du tỉnh hạt rất nhiều."
q07_08_page_88-0001,phơi khô đều ăn thế gạo.
q07_08_page_88-0002,Tục danh măng cày.
q07_08_page_88-0003,Tục danh quả bầu.
q07_08_page_88-0004,Tục danh bí đao.
q07_08_page_88-0005,Tục danh bí ngô. gọi là lạp-mai.
q07_08_page_88-0006,Tục danh hoa dành.
q07_08_page_88-0007,Tục danh quả bùi hay quả trám.
q07_08_page_88-0008,HẮC ĐẬU 黑豆
q07_08_page_88-0009,BẠCH ĐẬU 白豆
q07_08_page_88-0010,PHIÊN CHƯ 番藷
q07_08_page_88-0011,"Tục danh khoai-lang, có 2 thứ: đỏ và trắng, nấu chín hay"
q07_08_page_88-0012,TRÚC DUẦN 竹筍 2
q07_08_page_88-0013,HỒ LÔ 壺蘆
q07_08_page_88-0014,ĐÔNG QUA 冬瓜
q07_08_page_88-0015,TÂY QUA 西瓜
q07_08_page_88-0016,"Trái lớn tục danh dưa hấu, trái nhỏ tục danh đồ hồng, ăn quả này hết khát nước, trị bệnh tiều-tiện không thông, trị bệnh tê."
q07_08_page_88-0017,NAM QUA 南瓜
q07_08_page_88-0018,HOÀNG MAI 黄梅
q07_08_page_88-0019,"Tục danh mai vàng, các núi ở tỉnh hạt nhiều lắm, lại có thứ"
q07_08_page_88-0020,CHI TỬ HỎA 栀子花
q07_08_page_88-0021,BÁCH NHÃN LÊ 百眼黎
q07_08_page_88-0022,"Tục danh quả thơm; Do-Linh, Vĩnh Linh rất nhiều."
q07_08_page_88_89-0001,"CẢM LÃM 橄欖 Cam-Lộ, Do-Linh, Vĩnh-Linh rất nhiều."
q07_08_page_89-0001,Tục danh mít nài. lại có thứ nữa tục danh dâu Nước. và Vĩnh. nay chỗ nào cũng có.
q07_08_page_89-0002,"Tục danh cây gỗ, nguồn Cam-Lộ rất nhiều."
q07_08_page_89-0003,HOA LA MẬT 花羅蜜
q07_08_page_89-0004,"Tục danh quả mít, có 2 thứ: ướt và ráo, chỗ nào nhiều mối ở, dùng gỗ mít làm rường cột nhà cửa rất là thượng phẩm; 3 hạt"
q07_08_page_89-0005,SƠN NẠI TỬ 山奈子
q07_08_page_89-0006,SƠN TANG THẬM 山桑椹
q07_08_page_89-0007,"Có một thứ tục danh dâu Tiên, một thứ tục danh dâu Đất"
q07_08_page_89-0008,HỒ TIÊU 胡椒
q07_08_page_89-0009,Tục danh hột tiêu.
q07_08_page_89-0010,"An-Nam chỉ có giây leo, lá như lá khoai mài, vị cay mà thơm hăng, mùa xuân ra hoa mùa thu trái chín chà bỏ vỏ gọi bạch-tiêu, tục danh là tiêu sọ, sản xuất 2 huyện Do"
q07_08_page_89-0011,KIM MAO CẦU TÍCH 金毛狗脊
q07_08_page_89-0012,"Tục danh lông cu-lần, dùng làm gối, hay chỉ huyết."
q07_08_page_89-0013,CÁT CĂN 葛根
q07_08_page_89-0014,"Tục danh sắn-củ, sản xuất 2 huyện Do và Vĩnh."
q07_08_page_89-0015,YÊN THẢO 烟草
q07_08_page_89-0016,"Tục danh thuốc lá, sản xuất ở Man-Bạn, thượng du rất nhiều"
q07_08_page_89-0017,BẠCH LONG BÌ 白龍皮
q07_08_page_89-0018,"Tục danh Vỏ Châu-Biên, sản xuất các núi Thành-Hóa, có hiếu."
q07_08_page_89_90-0001,VẠN CỔ MỘC 萬古木 DẠ HƯƠNG MỘC 夜香木
q07_08_page_90-0001,"Tục danh cây dạ hương, gỗ chắc, sắc trắng mà thơm, dùng làm đồ dùng như khay tráp."
q07_08_page_90-0002,DU MỘC 油木
q07_08_page_90-0003,"Tục danh cây dầu-rái, thân cây có dầu, nên gọi tên ấy."
q07_08_page_90-0004,BAN TRÚC 斑竹
q07_08_page_90-0005,"Tục danh tre huê, sản xuất Cam-Lộ."
q07_08_page_90-0006,TRĨ 雉
q07_08_page_90-0007,"Chim Trĩ, sinh ở trong núi huyện Thành-Hóa, chỗ hay đậu của nó rất sạch, người ta đánh lưới được, nó liền chết, người xưa xưng nó có khí tiết trong sạch, thật quả như vậy."
q07_08_page_90-0008,Thi-Minh Tập-Chú gọi là Dã-Kê 野雞.
q07_08_page_90-0009,"Con trống có mồng, đuôi dài, mình có văn-thể hay đá."
q07_08_page_90-0010,"Cầm-Kinh chép: sắc đỏ vàng gọi Biết-Trĩ 警雉, sắc trắng gọi Hàn-Trĩ 翰雉, sắc đen hơi xanh gọi Hải-Tri 海雉, lông vằn gọi Sơn-Trĩ 山雉."
q07_08_page_90-0011,Ở nơi cổ có diều đỏ gọi Tỵ-Châu-Trĩ 避珠雉 lông trên lưng có văn thể gọi Phỉ Thúy-Trĩ 翡翠雉.
q07_08_page_90-0012,Con trĩ lấy sắc trắng làm quí.
q07_08_page_90-0013,"An-Nam-Chí: đời Thành-Vương nhà Chu (1115 1091 trước tây lịch), nước Việt-Thường dâng con trĩ trắng. Đời Quang-Võ nhà Hán (25-56 sau T.L.), Nhật-Nam, Cửu-Chân dâng trĩ trắng."
q07_08_page_90-0014,"Thiên Nguyệt-Lịnh Kinh Lễ chép: con trĩ vào chỗ nước sâu hóa ra con Thần 曇 (loài sò hến), tức là con trĩ nói đây."
q07_08_page_90-0015,Năm Minh-Mạng 17 có chạm hình vào Cao-Đỉnh 高鼎.
q07_08_page_90-0016,KHÔNG TƯỚC NGƯU 孔雀牛
q07_08_page_90-0017,"Có tên nữa gọi là Thủy-Ngư 水牛, sản xuất ở 9 châu Cam"
q07_08_page_90-0018,NGẠC NGƯ 鱷魚
q07_08_page_90-0019,"Tục danh cá sấu, châu Tầm-Bồn ở Cam-Lộ có thứ cá này."
q07_08_page_90-0020,TRÀ NGƯ 茶魚
q07_08_page_90-0021,"Tục danh cá trà, sản xuất hải-phận Tùng-Luật rất nhiều."
q07_08_page_95-0001,ĐẠI-NAM
q07_08_page_95-0002,QUYỂN THỨ TÂM
q07_08_page_95-0003,TỈNH QUẢNG-BÌNH
q07_08_page_95-0004,TỨ CHÍ
q07_08_page_95-0005,"Từ Đông đến Tây cách 92 dặm, từ Nam đến Bắc cách 204 dặm; phía Đông đến biển 3 dặm, phía Tây đến Sơn-Động 89 dặm phía Nam đến huyện-giới Vĩnh-Linh tỉnh Quảng-Trị 100 dặm, phía Bắc đến huyện giới Kỳ-Anh tỉnh Hà-Tĩnh 104 dặm, Đông-Nam đến biển 14 dặm, Tây-Nam đến Sơn-Động 84 dặm, Đông-Bắc đến biển 2 dặm lẻ, Tây Bắc đến huyện-giới Hương-Khê tỉnh Hà-Tĩnh 167 dặm, từ Tỉnh vào Nam đến Kinh-Thành 270 dặm."
q07_08_page_96-0001,"PHÂN DÃ 分野 (chia khu vực) Thiên văn: phân dã thuộc sao Dực sao Chẩn, vị thứ sao Thuần-Vĩ. (Năm Minh-Mạng 18 (1837) suy trắc độ cực-cao là 17 độ 17 phân, 58 giây, thiên về phía tây 53 phân)."
q07_08_page_97-0001,KIẾN TRÍ DIÊN CÁCH 建置沿革
q07_08_page_97-0002,"Xưa là đất Việt-Thường-Thị, đời Tần thuộc Tượng-Quận 象郡 đời Hán thuộc Nhật-Nam-Quận 日南郡, nguyên là đất của 2 huyện Tây-Quyền 西捲 và Thọ-Linh 壽靈. (Thủy-Kinh-Chú: Đời Hán Võ-Đế hiệu Nguyên-Đỉnh thứ 6 (111 trước tây lịch) mở quận Nhật-Nam cai trị huyện Tây-Quyền."
q07_08_page_97-0003,Tống-châu-quận-chí: Đời Tấn Võ Đế hiệu Thái-Khương thứ 10 (289 trước T.L.) chia huyện Tây-Quyền đặt huyện Thọ-Linh thuộc quận Nhật-Nam.
q07_08_page_97-0004,Nhưng xét đời Ngụy hiệu Chính-Thủy năm thứ 9 (248S.
q07_08_page_97-0005,"T.L.) Lâm-Ấp xâm chiếm huyện Thọ-Linh làm cương-giới, vậy thì huyện Thọ-Linh đã đặt ra từ đời Hán (chưa biết đặt năm nào) chứ không phải đặt từ đời Tấn."
q07_08_page_97-0006,"Lại xét Thủy-Kinh-Chú: Sông Linh-Thủy 靈水 ở huyện Thọ-Linh 壽靈, nên huyện ấy mới đặt lấy tên ấy (Thọ-Linh) sông Linh-Giang 靈江 ngày nay tức sông Linh-Thủy 靈水 ngày xưa."
q07_08_page_97-0007,Vì chữ Linh này đồng âm với chữ Linh 冷 kia).
q07_08_page_97-0008,"Sau khi Lâm-Ấp chiếm cứ (hiệu Vĩnh-Hòa đời Tấn năm thứ 2, 346 sau T.L.) Phạm Văn công hãm Nhật-Nam xin lấy núi Hoành Sơn ở phía bắc quận Nhật-Nam thuộc Giao-Châu làm giới hạn. Đời Tùy hiệu Đại-Nghiệp năm đầu (605) bình Lâm-Ấp, đem 2 huyện ấy thuộc về Đăng-Châu 湯洲, sau cải thuộc quận Tỷ-Cảnh 比景 rốt đời Tùy một nhập về Lâm-Ấp. Đầu đời Đường bỏ 2 huyện ấy Chiêm-Thành lấy đặt làm đất Địa-Lý 地哩, Bố-Chính 布征, Ma-Linh An-Nam: đời Lý Thánh-Tông niên hiệu Thiên-Huống Bảo Tượng thứ 2 (1069) vua thân chinh Chiêm-Thành bắt vua nước ấy là Chế-Củ 制矩 đem về."
q07_08_page_97-0009,"Chế-Củ xin dâng 3 châu Địa-Lý (Địa-dư chí của Nguyễn-Úc-Trai biên là Tu-Minh 思明), Bố-Chính và Ma-Linh đề chuộc tội."
q07_08_page_97-0010,Vua y cho.
q07_08_page_97_98-0001,"Vua Nhân-Tôn hiệu Thái-Ninh thứ 4 (1075) đổi Địa-Lý làm châu Lâm-Bình, Bố-Chính làm châu Nam Bố-Chính (đổi chữ Bố-Chính là thấy trong thi-chú «Bố-Chính Hải Khầu» của Lê Hồng-Đức), Ma-Linh đổi làm Minh-Linh 明靈, chiêu mộ dân đến ở."
q07_08_page_98-0001,"Hiệu Long-Phù thứ 3 (1102) vua Chiêm-Thành Chế-Ma-Na vào cướp lấy lại 3 châu, năm thứ 4 (1103) mạng Lý-Thường Kiệt đánh phá, Chế-Ma-Na trả lại đất ấy. Đời Trần hiệu Đại-Trị thứ 4 (1361) vua Dụ-Tôn dùng Phạm A-Song làm Tri-phủ phủ Lâm-Bình (đem châu thăng làm phủ không biết từ đời nào)."
q07_08_page_98-0002,Hiệu Long-Khánh đời vua Duệ-Tôn thứ 3 (1375) cải Lâm-Bình làm phủ Tân-Bình 新平府 rồi cải làm lộ.
q07_08_page_99-0001,"Bản-triều Thái-Tổ Gia-Du-Hoàng-Đế năm Giáp-thìn thứ 47 (1604) đổi Tiên-Bình làm Quảng-Bình-phủ 廣平府, sau cải đặt Quảng-Bình-dinh 廣平營. Đời vua Hy-Tôn Hiến-Văn-Hoàng-Đế đầu lấy đất Bố-Chính từ Linh-Giang về nam đặt làm Bố-Chính-dinh 布政營 (tục hiệu Ngoã-Dinh: dinh ngói) lấy sông Linh-Giang làm giới hạn (một Châu Bố-Chính mà phân ra làm nội ngoại Nam-Bắc là đầu từ đây."
q07_08_page_99-0002,"Từ Linh-Giang ra Bắc làm Bố-Chính Ngoại-châu thuộc Lê-Triều; Linh-Giaug vô Nam làm Bố-Chính Nội-châu thuộc bản-triều, lại có tên là Bắc-Bố-Chính-châu, Nam-Bố-Chính-châu)."
q07_08_page_99-0003,Lại đặt Võ-Xá-Dinh 武舍 (hiệu xưng là Lưu-Đồn-Đạo 留屯道 người ta xưng là Thập-Dinh +) đều mạng tướng thâm-niên và trọng binh ở giữ.
q07_08_page_99-0004,"Mùa đông năm Giáp-Ngọ họ Trịnh đánh miền nam, các dinh đều bỏ, chỉ đề lại đồn Động Hải 洞海屯, mùa hạ năm Bính-Ngọ Tây Sơn Nguyễn-văn-Huệ đuổi người Trịnh chiếm cứ đất ấy, cũng đề tên là Động-Hải, lại gồm 2 châu Bố-Chính nội ngoại cải làm châu Thuận-Chính 順政州."
q07_08_page_99-0005,"Mùa hạ năm Tân-Dậu (1801), Thế-Tổ Cao Hoàng-Đế khắc phục cựu cương, bỏ châu Thuận-Chính đề nhưng. cựu làm 2 châu Bố-Chính nội ngoại, chia châu Minh-Linh thuộc Quảng-Trị, đem 2 huyện Khương-Lộc Lệ-Thủy và 2 châu Bố-Chính nội ngoại đặt làm dinh Quảng-Bình 廣平營, đặt chức Lưu-Thủ Cai-Bộ và Ký-Lục."
q07_08_page_99-0006,"Năm Gia-Long thứ 5 (1806) định làm Trực-Lệ 直隸, Quảng-Bình-dinh lệ thuộc Kinh-Sư."
q07_08_page_99-0007,Năm 18 (1819) đem sách Thanh-Lãng ở châu Qui-Hiệp Nghệ An cải thuộc Bố-Chính Ngoại châu.
q07_08_page_99-0008,"Năm Minh-Mạng thứ 3 (1822) cải Bố-Chính Nội-châu làm Bố-Chính-huyện 布政縣, Bố-Chính Ngoại-châu làm Bố-Chính-châu 布政州."
q07_08_page_99-0009,"Năm thứ 6 đem đất Tam-Dung 三桶 (Dũng-Lan 桶欄 Dũng-Đồ 桶靚, Dũng-Châm 桶針) ở châu Qui-Hiệp Nghệ-An thuộc vào."
q07_08_page_99-0010,"Năm thứ 8 (1827) cải làm Quảng-Bình-trấn, bỏ 2-chữ «Trực Lệ», đặt chức Trấn-thủ, Hiệp-trấn, Tham-hiệp, cải Bố-Chính-châu làm Bình-Chính-huyện 平政縣."
q07_08_page_99-0011,Năm 12 (1831) phân thiết tỉnh-hạt đặt làm Quảng-Bình-tỉnh 廣平省.
q07_08_page_99-0012,"Khi đầu đặt Bình-Trị tổng-đốc và 2 ty Bố chính, Án-sát, sau giảm tổng-đốc cải đặt Trị-Bình Tuần vũ, ở Quảng-Bình chỉ đặt Bố chính, Án-sát mà lệ thuộc với Trị-Bình Tuần-vũ."
q07_08_page_99_100-0001,"Cải Quảng-Bình-phủ làm Quảng-Ninh-phủ 廣寧府, Bố Chính-huyện làm Bố-Trạch-huyện 布澤縣."
q07_08_page_100-0001,Năm thứ 15 (1834) lại đặt tên là Bắc-Trực-tỉnh 北直省.
q07_08_page_100-0002,"Năm 19 chia đặt 2 huyện Phong Đăng 豐登, Minh-Chinh 明政, lại đặt thêm phủ Quảng-Trạch 廣澤府."
q07_08_page_100-0003,"Tự-Đức năm thứ 4 (1851) giảm bớt quan lại, ấn huyện Phong-Đăng qui về phủ Quảng-Ninh tỉnh nhiếp, ấn huyện Ninh-Chính qui phủ Quảng-Trạch tỉnh nhiếp."
q07_08_page_100-0004,Năm Tự-Đức 28 trích một tổng thượng-du huyện Minh-Chính và các man-sách thượng-nguyên đặt làm huyện Tuyên-Hóa 宣化縣.
q07_08_page_100-0005,"Cộng lãnh 2 phủ, 7 huyện."
q07_08_page_100-0006,PHỦ QUẢNG NINH 廣寧府
q07_08_page_100-0007,"Ở tây nam tỉnh thành 13 dặm, đông đến tây cách 61 dặm nam đến bắc cách 104 dặm, đông đến biển 18 dặm, tây đến sơn động 43 dặm, nam đến huyện giới Vĩnh-Linh tỉnh Quảng-Trị 80 dặm, bắc đến huyện Vĩnh-Trạch 24 dặm."
q07_08_page_100-0008,"Nguyên xưa là đất huyện Tây-Quyền nhà Hán, sau một-nhập về Chiêm-Thành đặt làm châu Địa-Lý."
q07_08_page_100-0009,"An-nam: đời Lý cải làm châu Lâm-Bình 臨平州, đời Trần cải làm phủ Tân-Bình 新平府, đời Lê cải làm phủ Tiên-Bình 先平府."
q07_08_page_100-0010,Bản-triều đầu cải làm phủ Quảng-Bình.
q07_08_page_100-0011,Năm Minh-Mạng thứ 7 (1826) đầu đặt Tri-phủ.
q07_08_page_100-0012,Năm 12 (1831) cải lại tên hiện nay.
q07_08_page_100-0013,"Nguyên lãnh 4 huyện, năm 19 (1838) chia 2 huyện Bình-Chính, Bộ-Trạch đặt làm phủ Quảng-Trạch, lại đặt thêm huyện Phong-Đăng thuộc về bản-phủ."
q07_08_page_100-0014,"Năm Tự-Đức thứ 4 (1851) huyện Phong-Đăng tỉnh nhiếp về phủ, nay kiêm lý 2 huyện Phong-Lộc, Phong-Phủ, thống hạt huyện Lệ-Thủy."
q07_08_page_100-0015,"Cộng lãnh 3 huyện. huyện PHONG-LỘC 豐祿縣 Đông đến tây cách 61 dặm, nam đến bắc cách 46 dặm, đông đến biển, tây đến Sơn-động, nam đến giới hạn 2 huyện Phong-Đăng Lệ-Thủy, bắc đến huyện-giới Bố-Trạch."
q07_08_page_100-0016,"Nguyên xưa là đất Tây-Quyền nhà Hán, sau một-nhập về Chiêm-Thành đặt làm châu Địa-Lý."
q07_08_page_100-0017,"Triều Lý thuộc châu Lâm-Bình, đời Trần làm huyện Phước-Khương 福康縣, đời Minh-thuộc cũng nhân theo đó, đời Lê cải làm Kiến-Lộc 建祿, sau cải làm Khương-Lộc 康祿."
q07_08_page_100-0018,"Bản-triều Gia-Long năm thứ 5 (1806) cải tên hiện kim, thuộc phủ Quảng-Bình."
q07_08_page_100-0019,Minh-Mạng thứ 7 (1826) mới thuộc phủ Quảng-Ninh kiêm lý.
q07_08_page_100-0020,"Lãnh 4 tổng, 59 xã, thôn, phường, ấp, giáp."
q07_08_page_101-0001,huyện PHONG-PHÚ 豐富縣 Nguyên tên Phong-Đăng sau cải tên này.
q07_08_page_101-0002,"Ở phía nam phủ 39 dặm, đông đến tây cách 27 dặm, nam đến bắc cách 47 dặm, phía đông đến huyện giới Lệ-Thủy, phía tây đến huyện giới Phong-Lộc phía nam đến Sơn-Động, phía bắc đến huyện giới Phong-Lộc."
q07_08_page_101-0003,"Huyện này khi trước là đất huyện Phong-Lộc, năm Minh-Mạng 19 (1838) mới chia đặt, lãnh 4 tổng, 48 xã, thôn, phường, ấp, giáp."
q07_08_page_101-0004,"Năm Tự-Đức thứ 4 (1851) giảm Tri-huyện, do phủ-viên kiêm nhiếp."
q07_08_page_101-0005,"Huyện trị cũ và huyện-học đều ở xã Lộc An, nay bỏ. huyện LỆ THỦY 麗水縣 Ở đông nam phủ 42 dặm, đông đến tây cách hơn 40 dặm, nam đến bắc cách 57 dặm, đông đến huyện-giới Vĩnh-Linh tỉnh Quảng-."
q07_08_page_101-0006,"Trị, tây đến huyện giới Phong-Phú, nam đến huyện giới Phong-Phú bắc đến biển, giáp huyện giới Phong-Lộc."
q07_08_page_101-0007,"Nguyên xưa là đất huyện Tây-Quyền nhà Hán, sau một nhập Chiêm-Thành làm châu Địa-Lý."
q07_08_page_101-0008,"Triều Lý thuộc châu Lâm-Bình, đời Trần đặt làm huyện Nha-Nghi, đời Minh-thuộc cũng nhân theo, đầu nhà Lê làm huyện Lệ-Thủy."
q07_08_page_101-0009,"Bản-triều cũng nhân theo, thuộc phủ thống hạt, lãnh 5 tổng, 52 xã, thôn, phường, ấp, giáp."
q07_08_page_101-0010,"Năm Thành-Thái 13 (1901) trích 8 thôn phường đem thuộc huyện Vĩnh-Linh Quảng-Trị, hiện còn 44 xã, thôn, phường, giáp."
q07_08_page_101-0011,PHỦ QUẢNG TRẠCH 廣澤府
q07_08_page_101-0012,"Ở thiên phía tây bắc tỉnh thành 61 dặm, đông đến tây cách 55 dặm, nam đến bắc cách 104 dặm, đông đến biển 8 dặm, tây đến sơn động 47 dặm, nam đến huyện giới Phong-Lộc 62 dặm, bắc đến huyện giới Kỳ-Anh tỉnh Hà-Tĩnh 42 dặm."
q07_08_page_101-0013,"Nguyên xưa đất huyện Thọ-Linh nhà Hán, sau một nhập Chiêm-Thành làm châu Bố-Chính, triều Lý đổi làm châu Bố-Chính đời Minh-thuộc gọi châu Chính-Bình, đầu đời Lê phục cựu danh thuộc phủ Tân-Binh."
q07_08_page_101-0014,"Quốc-sơ chia ranh giới Nam-Bắc, Nam-Bố-1 Chính châu thuộc Quảng-Bình, Bắc-Bố-Chính-Châu thuộc Nghệ An. Đời Tây-Sơn đều cải làm Thuận-Chính-Châu. Đời Gia-Long đặt lại làm 2 châu Bố-Chính nội ngoại, sau cải làm Bình-Chính và Bố-Trạch đều thuộc phủ Quảng-Ninh."
q07_08_page_101-0015,Năm Minh-Mạng 19 (1838) mới chia đất 2 huyện lại đặt thêm một huyện Minh-Chính và đặt tên phủ hiện kim.
q07_08_page_101-0016,"Tự-Đức 28 (1875) đặt thêm huyện Tuyên-Hóa lệ thuộc phủ thống hạt, cộng lãnh 4 huyện, kiêm lý 2 huyện Bình-Chính, Minh-Chính, thống hạt 2 huyện Bố-Trạch, Tuyên-Hóa."
q07_08_page_102-0001,"huyện BÌNH CHÍNH 平政縣. Đông đến tây cách 55 dặm, nam đến bắc cách 45 dặm, đông đến biển, tây đến sơn-động, nam đến bờ sông giáp giới huyện Bố-Trạch, bắc đến Hoành-Sơn, giáp giới huyện Kỳ-Anh tỉnh Hà-Tĩnh."
q07_08_page_102-0002,"Nguyên đất huyện Thọ-Linh đời Hán, sau một nhập Chiêm-Thành làm Bố-Chính châu, triều Lý đổi làm Bố-Chính châu, nhà Trần nhân theo, nhà Lê đặt làm Bắc-Bố-Chính châu thuộc Nghệ An."
q07_08_page_102-0003,"Bản triều đầu niên hiệu Gia-Long làm Bố-Chính Ngoại-châu năm Minh-Mạng thứ 8 (1827) cải tên huyện hiện kim, thuộc phủ Quảng-Bình."
q07_08_page_102-0004,"Năm 19 (1838) chia đặt phủ Quảng-Trạch đem huyện làm phủ kiêm lý, lãnh 3 tổng, 48 xã, thôn, phường, ấp, giáp. huyện MINH CHÍNH 明政縣 Ở phía tây phủ 18 dặm, đông đến tây cách 45 dặm, nam đến bắc cách 23 dặm, đông đến huyện giới Bình-Chính, tây đến sơn động, nam đến huyện giới Bố-Trạch, bắc đến huyện giới Bình-chính."
q07_08_page_102-0005,"Nguyên trước đất huyện Bình-Chính, năm Minh-Mạng 19 (1838) chia đặt huyện này, lãnh 2 tổng, 42 xã, thôn, phường, giáp, ấp."
q07_08_page_102-0006,Tự-Đức thứ 4 (1851) giảm Tri-huyện do phủ kiêm nhiếp.
q07_08_page_102-0007,"Huyện-trị và huyện-học ở xã Tiên-Tang, nay bỏ. huyện BỐ TRẠCH 布澤縣 Ở thiên phía đông nam phủ 42 dặm, đông đến tây cách 34 dặm, nam đến bắc cách 47 dặm, đông đến biển, tây đến sơn-động nam đến huyện giới Phong-Lộc, bắc đến huyện giới Bình-Chính."
q07_08_page_103-0001,"Nguyên trước là châu nam--Bố-Chính, bản-triều Gia-Long đổi làm Bố-Chính Nội-châu."
q07_08_page_103-0002,"Năm Minh-Mạng thứ 3 (1822) đổi làm Bố-Chính-huyện, năm 12 (1831) đổi làm tên hiện kim."
q07_08_page_103-0003,"Trước thuộc phủ Quảng-Ninh, năm 19 (1838) đổi thuộc phủ Quảng-Trạch, lãnh 5 tổng 59 xã, thôn, phường, ấp, giáp. huyện TUYÊN HÓA 宣化縣 Ở phía tây phủ 31 dặm, đông đến tây cách 331 dặm, nam đến bắc cách 224 dặm, đông đến huyện Bình-Chính, tây đến Lào Man 猝蜜 lấy nham Mu-Da 媒野巖 làm giới hạn, nam đến Bố-Trạch. lấy xử Cha-Cung處 làm giới hạn, bắc đến huyện Hương-Khê tỉnh Hà-Tĩnh, lấy Tân-Ap 新邑 làm giới hạn."
q07_08_page_103-0004,Khi trước nguyên 4 tổng thuộc huyện Minh-Chính.
q07_08_page_103-0005,"Năm Thành-Thái 17 (1905) trích chia tổng Thượng-Lưu làm 2 tổng (Thượng Lưu và Thượng-Nguyên) cộng lãnh 5 tổng, 54 xã, thôn, trang phường."
q07_08_page_104-0001,HÌNH THẾ 形勢
q07_08_page_104-0002,"Đông giáp biển lớn, tây ngự sơn man, nam hướng về Thần Kinh, bắc gần liền Hoan-Cảnh (Hà-Tĩnh): danh-sơn thì Đâu-Mâu và Hoành-Sơn, đại xuyên thì Linh-Giang và Nhật Lệ."
q07_08_page_104-0003,"Nói về xung hiểm thì trong có trường thành Định bắc, mà nơi thành có đặt 2 cửa ải nương ở trên cao, ngoài có dải núi Hoành-Sơn, mà trên núi đặt 1 cửa ải đương được sự xung đột; lại có biển rộng sông dài cửa ải nằm ngang, thành lũy chạy dọc, chận hiểm-lộ cho Hữu-Kỳ 右畿, cứ thượng-du Bắc-Trực 北直, ấy là hình thế đủ nương dựa làm bình phong che kín cho Thần-kinh."
q07_08_page_105-0001,KHÍ HẬU 氣候
q07_08_page_105-0002,"Trên có núi, dưới có biển, chất đất thưa bở, khí núi biển giao bức nhau nên nắng lên thì nóng, mưa xuống thì lạnh. gió núi thường khởi ban đêm, gió biển thường phát trong lúc hạ thu, gió nam từ hướng nam đến mạnh gấp lắm, tục bảo là gió nam nội (hay nam trong), gió từ hướng tây đến, tục bảo là gió nam ngoại (hay nam ngoài); tháng 10 hết nghe tiếng sấm, qua tháng giêng tháng 2 mới phát lại; thường năm ngày 5 tháng 9, ngày 3 tháng 10 thường có gió lụt."
q07_08_page_105-0003,"Mùa nông thì có sớm muộn khác nhau, nông-điền hạ vụ từ huyện Phong-Lộc ra phía bắc tháng 9 gieo mạ, tháng chạp tháng giêng cấy, như sớm thì tháng 3, 4 gặt, muộn thì tháng 4, 5 gặt."
q07_08_page_105-0004,"Còn thu-vụ thì tháng 5 tháng 6 cấy, tháng 9, 10 gặt; tháng 2 trồng dưa tháng 4 thâu hoa-lợi; tháng 2 tháng 3 gieo đậu và trồng bông vải tháng 5 tháng 6 thâu;"
q07_08_page_105-0005,ở gần núi hơi có khí lam chưởng.
q07_08_page_106-0001,PHONG TỤC 風俗
q07_08_page_106-0002,"Dân tánh cần mẫn, tục thượng kiệm ước, địa hạt ít có đất bằng, chuyên lợi buôn bán, ở dọc núi nhờ lợi củi cây, ở gần sông biển sống về nghề đánh cá."
q07_08_page_106-0003,"Các xã Hòa-Luật, Phù-Chính (thuộc huyện Lệ-Thủy) thường xưng là nơi văn-hiến; các xã Sơn-Hà (thuộc huyện Minh-Chính), Cảnh-Thổ (thuộc huyện Bình-Chính) có đậu giáp khoa (1) trải đời."
q07_08_page_106-0004,"Dân thôn Mỹ-Duyệt (Lệ-Thủy) ưa kiện tụng, dân buôn nghề biển, nhiều kẻ xa-hoa, phong khí chẳng đồng nên tục có hậu bạc khác nhau."
q07_08_page_106-0005,"Thường năm buổi trừ tịch dựng nêu tiết chính-đán, đoan-dương, tam-nguyên, tứ quí nhà nào cũng cúng tiên tổ, tháng 6 tế thần cầu phước, hay bày tiệc hát xướng gọi tên là «Tàng-Cưu» 藏間, tháng 7 cúng tiên tồ dùng nhiều đồ Minh-Y Minh Khi 冥衣冥器 gọi là Tuần Chay 旬齋. Đến như việc hôn, tang khánh, điếu thì từ Linh-Giang vào nam lược đồng như Thừa-Thiên Linh-Giang trở ra lược đồng như Hà-Tĩnh."
q07_08_page_106-0006,"Ngả thượng-du các nguồn các châu, dân mọi còn ngu xuẩn quê mùa, lấy hỏa đao làm nghiệp (1), mật sáp dinh sinh, nhà lều ở linh tinh, tùy nghi ở riêng tụ tán, trong nhà đặt một giường thờ. ngoài ra thì trải chiếu quanh theo bếp để ngồi nằm."
q07_08_page_106-0007,"Nhà làm có gác trên để ở, còn từng dưới nuôi chó heo."
q07_08_page_106-0008,"Cắt đầu lóng tre để đựng đồ ăn uống, y phục khí dụng khác với hạ bạn."
q07_08_page_106-0009,"Ở Thượng Man lại càng bỉ-lậu, đó là một giống man khác biệt. (1) Giáp-khoa: đậu Tiến-sĩ."
q07_08_page_106-0010,"Dịch giả chú: (1) Tục mọi đến mùa doạn đốt rẫy rừng cho sạch cỏ rác, rồi lấy dao đào đất từng lỗ để tỉa lúa bắp vv."
q07_08_page_107-0001,THÀNH TRÌ 城池
q07_08_page_107-0002,"Tỉnh thành Quảng-Bình chu vi 469 trượng lẻ, cao 1 trượng dày 3 trượng 1 thước, trong có đắp phụ đất 3 trượng, có 3 cửa: tả hữu và hậu; hào rộng 7 trượng, ở địa phận 2 xã Động-Hải và Phú Ninh huyện Phong-Lộc."
q07_08_page_107-0003,"Khi quốc-sơ làm lũy Trấn-Ninh 鎮寧壘, họ Trịnh đổi làm đồn Động-Hải 洞海屯."
q07_08_page_107-0004,"Bản triều Gia-Long năm thứ 10 (1811) cải dựng dinh thành đắp đất, năm Minh-Mạng thứ 5 (1824) xây gạch đá thành hình vuông, bốn góc làm giang hồi-hoa 茵花 gạch đá xen nhau, 2 mặt ở tả hữu có đắp lũy dài liên tiếp đều xây gạch đá."
q07_08_page_107-0005,"Lũy bên hữu chu vi dài 833 trượng 5 thước, sát bờ biển."
q07_08_page_107-0006,"Lũy bên tả thẳng đến bờ sông Nhật Lệ dài 350 trượng 4 thước 4 tấc, ở giữa có đặt cửa ải để thông đường quan lộ qua lại."
q07_08_page_107-0007,PHỦ LỴ QUẢNG-NINH 廣寧府莅
q07_08_page_107-0008,"Ở xã Trung-Trinh, huyện Phong-Lộc, đầu niên-hiệu Gia-Long đặt ở xã An Cư, năm Minh-Mạng thứ 9 (1828) mới đặt phủ lỵ dời đến chỗ này."
q07_08_page_107-0009,"Năm thứ 14 (1833) lợp ngói, năm Thành-Thái 17 (1905) đề chỗ cũ, mà sửa làm theo tân thức. huyện LỴ LỆ THỦY 麗水縣益 địa phận xã Cổ-Liễu, chưa rõ làm năm nào."
q07_08_page_107-0010,Chu vi 46 trượng
q07_08_page_107-0011,PHỦ LỴ QUẢNG-TRẠCH 廣澤府注
q07_08_page_107-0012,"Ở xã Phan-Long huyện Bình-Chính, dựng năm Minh-Mạng 19 (1838), bốn phía rào tre, dài 60 trượng 8 thước, tả hữu đều dài 16 trượng, tiền hậu đều dài 9 trượng 9 thước, trong năm Tự-Đức có làm thêm, có kho lợp ngói, năm Thành-Thái thứ 7 (1895) bị giặc đốt phá, năm 11 nhưng cựu sở làm lại 1 công-đường, tả hữu đều có nhà lại lại lệ (1) còn nhà kho thì đình bãi."
q07_08_page_108-0001,"huyện LỴ BỐ TRẠCH 布澤縣註 Nguyên cất tại phường Phước-Tự, năm Minh-Mạng thứ 3 (1822) dời làm qua xã Mỹ Lộc, năm Tự-Đức thứ 5 (1852) lại dời làm qua thôn Hoàn-Lão, năm Thành-Thái 11 lại dời làm qua xã Vạn Lộc đông, tây đều dài 10 trượng, nam, bắc đều dài 9 trượng 5 thước, ở giữa một công-đường, tả hữu đều có một nhà lại lệ. huyện LỴ TUYÊN-HÓA 宣化縣證 Năm Tự-Đức 28 (1875) đặt ở phường Xuân-Canh, năm 34 (1881) dời đặt ở trang Minh-Cầm, năm Thành-Thái 12 (1900) xây gạch đá lợp ngói, năm 16 (1904) dời làm qua phường Đồng-Văn, chu vi 170 trượng. (1) Nhà công để cho quan và lính ở."
q07_08_page_109-0001,HỌC-HIỆU 學校
q07_08_page_109-0002,HỌC CHÍNH-ĐƯỜNG TỈNH QUẢNG-BÌNH 廣平省學政堂
q07_08_page_109-0003,"Ở địa phận 2 phường Kiên-Binh, Cảnh-Dương phía đông tỉnh thành, khi trước ở xã Phú-Ninh phía tây bắc tỉnh thành, dựng năm Minh-Mạng thứ 8, năm Tự-Đức thứ 5 dời đến chỗ này."
q07_08_page_109-0004,GIÁO-ĐƯỜNG PHỦ QUẢNH-NINH 廣寧府教堂
q07_08_page_109-0005,"Ở phía tây phủ lỵ, trước ở địa phận xã Trung-Trinh phía đông phủ lỵ, dựng năm Minh-Mạng thứ 8, qua năm 21 triệt giảm, lấy tài liệu làm huyện-học Phong-Phú, năm Tự-Đức thứ 4 (1851) giảm huyện học, làm lại phủ-học, triệt tài liệu ấy dời làm chỗ hiện kim."
q07_08_page_109-0006,GIÁO ĐƯỜNG PHỦ QUẢNG TRẠCH 廣澤府教堂
q07_08_page_109-0007,"Ở địa phận xã Phan-Long phía tả phủ-lỵ, nguyên huyện-học Bình-Chính, năm Minh-Mạng 18 (1837) dựng phụ-lỵ, đổi huyện học làm phủ-học."
q07_08_page_109-0008,"HUẤN-ĐƯỜNG huyện LỆ THỦY 麗水縣訓堂 xã Cổ Liễu phía đông huyện lỵ, dựng năm Minh-Mạng thứ HUẤN-ĐƯỜNG huyện BỒ-TRẠCH 布澤縣訓堂 Nguyên ở địa phận xã Mỹ Lộc, phía nam huyện lỵ, dựng năm Minh-Mạng thứ 8 (1827), năm Tự-Đức thứ 5 theo huyện dời qua làm tại xã Hoàn-lão."
q07_08_page_109-0009,"Năm Thành-Thái 11 cũng theo huyện dời làm qua xã Vạn Lộc, năm 14 lại đổi làm tại địa phận xã Hoàn-Lão, đông và tày đều dài 5 trượng 5 thước, nam và bắc rộng đều 4 trượng 5 thước."
q07_08_page_110-0001,"HUẤN-ĐƯỜNG huyện TUYÊN HÓA 宣化縣訓堂 Năm Thành-Thái nguyên niên đặt quan Huấn-Đạo, đến năm thứ 2 (1890) mới làm học-xá ở phường Minh-Cầm-Nội, năm 13 (1901) xây sửa lợp ngói, chu vi vừa 25 trượng."
q07_08_page_111-0001,HỘ KHẨU 戶
q07_08_page_111-0002,"Trong niên hiệu Gia-Long đinh-số hơn 13.500 người, trong thời gian Tự-Đức 16.889 người, năm Thành-Thái thứ 10 (1898) đinh số 13.230 người, thuế tiền 21.844 quan, thuế bạc 27 lượng, năm 11. nhân-số 13.017 người, tân-định sưu-ngân 26.760 đồng, năm 18 (1906). định số 18.644 người (trong số ấy hạng miễn dịch 1147 người, hạng chính-nạp 17.497 người) bạc thuế 38.952 đồng 2 cắc, phụ nạp bạc công ích 6998đ80, hiệp cộng 45.951đ."
q07_08_page_112-0001,ĐIỀN PHÚ 田賦 (thuế ruộng đất)
q07_08_page_112-0002,"Tự-Đức niên gian cả điền thổ 48.259 mẫu, trưng lúa 26494 hộc nạp thuế tiền 29616 quan, nạp thuế bạc 110 lượng, năm Thành-Thái thứ 40 (1898) điền thổ cộng 41210 mẫu 6 sào, trưng lúa 25023 hộc lẻ thuế tiền 18502 quan, và các thứ tạp-thuế 2511 quan, năm thứ 11 điền thổ 52751 mẫu 8 sào, tân-định ngân-thuế cộng 31.197đ23, năm 18 (1906) điền thổ cộng 83763 mẫu, thuế ngân 550210, 34, phụ nạp 6 phần 100 là 3300đ26 và thuế ngư nghệ 36000, hiệp cộng 58.357 ₫."
q07_08_page_112-0003,60 SƠN XUYÊN 山川 (núi sông)
q07_08_page_113-0001,NÚI ĐÂU MÂU 兜鍪山
q07_08_page_113-0002,"Ở phía tây huyện Phong-Lộc (mấy núi sau đây cũng ở Phong-Lộc) 22 dặm, tọa lạc xã Lệ Kỳ."
q07_08_page_113-0003,"Núi gò trùng điệp, cây cối sầm uất, hùng vĩ cao nhọn hình núi như mão đâu-mâu (1) nên gọi tên ấy."
q07_08_page_113-0004,"Tục truyền bên núi có giếng, ở trong giếng có con cá dị-kỳ chân núi gối sông Nhật Lệ, hay sinh cua đá."
q07_08_page_113-0005,"Bản-triều đắp lũy từ núi Đâu Mâu, tức là núi này, khi đầu trung hưng năm Nhâm-Tuất (1802), Tây-sơn Nguyễn-Quang-Toản đem binh Bắc-hà vào hãm cướp lũy Đâu-Mâu trèo lên như kiến quân ta ở trên núi thả đá lăn xuống, quân địch bị tử thương rất nhiều bèn tan cả."
q07_08_page_113-0006,Năm Tự-Đức thứ 3 (1850) có đăng thuật vào tự điền.
q07_08_page_113-0007,NÚI THẦN ĐINH 神丁山
q07_08_page_113-0008,"Ở địa phận xã Xuân Dục, cách phía nam huyện 20 dặm, núi đá cao nhọn trên có chùa Kim-Phong 金峰寺, lưng núi có động cửa động chật hẹp, phải nghiêng mình leo xuống, lần thấy rộng rãi trong động có thớ đá, như đặt bàn ghế, trên có những viên đá hình như tượng Phật, bốn bên có thạch nhũ rủ thòng xuống ần hiện trùng điệp, có cái hình như lọng vàng, có cái hình như con voi."
q07_08_page_113-0009,"Ở bên có một cái hang tên là Cấm-huyệt 禁穴, trong hang u tịch chưa ai đi xuống."
q07_08_page_113-0010,"Phía tả hữu trước động có 2 động nhỏ, gọi là động chuông và động trống, có năm tay bằng đá thòng xuống, gõ kêu như tiếng chuông trống, nên gọi tên ấy."
q07_08_page_113-0011,"Nơi cửa động có 2 giếng đá Dịch giả chú: (1) Đâu-mâu là mão của chiến-tướng, xưa gọi là mão trụ 胄 đời Tần gọi là đâu-mâu, xưa làm bằng da, sau làm bằng sắt (Từ nguyên) nước ngọt, bốn mùa không cạn."
q07_08_page_113-0012,"Kẻ kỳ-lão tương truyền: «núi Đâu-Mâu nhiều tiên, núi Thần-Đinh nhiều Phật» là chỉ nơi đây vậy."
q07_08_page_113-0013,"Sách Ô-Châu Cận-Lục có câu «núi Thần-Đinh cao lớn, có khí lực nuốt trọn cả bốn trăm châu» (Thần-đinh tụy luật, khi thôn bình tử bách chỉ châu 神丁翠雀氣吞平四百之州."
q07_08_page_113_114-0001,) ấy là nói hình thắng núi này vậy.
q07_08_page_114-0001,NÚI ĐỘNG-CHAM 峒枕山
q07_08_page_114-0002,"Ở phía tây huyện 22 dặm, thế núi cao lớn, phía nam núi tục danh núi Cháp-Bàng 執旁山, chân núi có trường-thành Định-Bắc dăng quanh ở trước."
q07_08_page_114-0003,NÚI ÔNG-HỒI 翁洄山
q07_08_page_114-0004,"Ở phía tây huyện 10 dặm, có trường-thành Định-Bắc cỡi ở trên, phía tây liền núi Cháp-Bàng, phía nam có vực Dương-Chầm 洋枕淵, thế núi cao rộng liên lạc nhau, ấy là chỗ cực giới của trường thành Định-Bắc."
q07_08_page_114-0005,NÚI KÊ-QUAN 鶏冠山
q07_08_page_114-0006,"Ở phía tây huyện 10, dặm, hình núi cao lớn, như mồng gà nên"
q07_08_page_114-0007,NÚI THẠCH KHÊ 石溪山
q07_08_page_114-0008,"Ở phía nam huyện 15 dặm, phía bắc gối sông Nhật Lệ và thượng lưu sông Cổ-Hiền, cách phía tây sông, tương đối với núi Thần Đinh."
q07_08_page_114-0009,NÚI QUAN-ĐỘ 官渡山
q07_08_page_114-0010,"Ở phía nam huyện 42 dặm, phía bắc núi có thác Quan-Độ chảy về đông bắc đến phía bắc núi Thạch-Khê, ấy là chỗ phát nguyên sông nhánh phía nam sông Nhật Lệ."
q07_08_page_114-0011,NÚI DỤC-SƠN 育山
q07_08_page_114-0012,"Ở phía tây nam huyện 14 dặm, phía nam có sông Thề-Đà và sông Trung-Quán gần phía tây đều núi đá cả."
q07_08_page_114-0013,"An-Nam Chí: huyện Phước-Khương có 5 núi: Cự-Linh Oa-Phong-Son 巨靈窩峰山, Đại Lộ Sơn 大路山, Bố-Lộ Sơn 布路山, Cầm-Son 錦山, An-Não Sơn 安惱山, những núi ấy đều tròn vun cao lớn, sinh nhiều thứ cây hương mộc."
q07_08_page_114-0014,"Xét Phước-Khương tức nay là Phong-Lộc, 5 núi ấy đều khởi mạch từ núi Đâu-Mâu đi khuất khúc 50 dặm đột khởi lên từng núi gọi núi Cự-Linh Oa-phong, tục danh Lèn-Hang, phía nam núi có sông Trung-Quán đến bao theo núi này, trong núi có cái Oa (vũng nước). dung được một hai ghe câu, xưa truyền trong Oa ấy có ngôi chùa thường nghe có tiếng chuông trống, rất linh hiền."
q07_08_page_114-0015,"Dưới núi Đại Lộ (tục danh hòn Tấm) có thạch-khê tục danh khe sâu, núi Bố Lộ tục danh Hang-Vượn, Cầm-Sơn tục danh Hòn-Trà, núi An-Não tục danh Hòn Chấn, cách nhau không xa mà rừng trảng trùng điệp, khe suối thanh tú, dấu người ít đi đến, sinh nhiều cây hương-mộc, nay xã dân mới trỏ thông đường đi để hái củi chặt cây, những cây hương-mộc nay không còn nữa."
q07_08_page_115-0001,NÚI TRƯỜNG-CHÂU 長洲山
q07_08_page_115-0002,"Ở tây nam huyện 19 dặm, gối sông Nhật Lệ, phía bắc có vực tên là Trường-Châu Uyên 長洲淵."
q07_08_page_115-0003,NÚI DÁ CHÂU 拓洲山
q07_08_page_115-0004,"Ở phía tây huyện 29 dặm, đá núi đứng dựng như vách, gần phía tây có núi Viên-Cốc 猿谷山, núi Trùng-Thạch 重石山, núi Khu-Sơn 區山, phía đông có Cốc-Sơn 谷山, phía tây đều gối sông"
q07_08_page_115-0005,NÚI TRƯỜNG-MÔN山
q07_08_page_115-0006,"Ở phía tây huyện 40 dặm, có nhiều đỉnh dăng từng cụm chạy dài bao quanh, phía nam có Vực-Bang 邦淵, ấy là chỗ phát nguyên một chi sông phía bắc sông Nhật Lệ, phía tây có con đường thông"
q07_08_page_115-0007,NÚI BỘT-CHỬ 渤渚山
q07_08_page_115-0008,"Ở phía tây huyện 37 dặm, phía nam có khe nước thông sông Nhật Lệ, phía đông có núi Khôi-Chử 厌渚山, núi Ngô Chử 吾渚山 cũng có khe thông đến sông Nhật Lệ."
q07_08_page_116-0001,"thủ, nay đã bỏ."
q07_08_page_116-0002,"Khê 家溪 chảy vào sông Nhật Lệ. xuống sông Cống-Thượng, hiệp với hạ lưu khe lớn."
q07_08_page_116-0003,Cốc nghĩa là chùa hang). lũy Trường-Dục 長育壘. sông lớn.
q07_08_page_116-0004,"Ở phía tây huyện 4 dặm, núi nhỏ mà tròn. tên là Đào-Khè."
q07_08_page_116-0005,NÚI TRIÊM-CHÂU 霄洲山
q07_08_page_116-0006,"Ở phía tây huyện 27 dặm, phía nam gối sòng Nhật-Lệ, khi trước có Tuần-sở Hộ-Kiên ở đấy."
q07_08_page_116-0007,"Cách phía tây sông, trước có đồn"
q07_08_page_116-0008,NÚI VÂN-LAI 雲來山
q07_08_page_116-0009,"Ở phía tây huyện 2 dặm, phía nam núi này có khe gọi là Gia"
q07_08_page_116-0010,NÚI NHƯ NHA 茹牙山
q07_08_page_116-0011,"Ở phía bắc huyện 13 dặm, phía bắc núi có khe thông đến sông Cống-Thượng, phía nam cũng có khe từ phía tây núi Ông-Hồi chảy"
q07_08_page_116-0012,NÚI TỰ-CỐC 寺谷山
q07_08_page_116-0013,"Ở phía bắc huyện 15 dặm, năm hòn liền nhau, đều chất đá cả, một hòn có hang đá, trong hang có chùa, nên gọi tên ấy (Tự"
q07_08_page_116-0014,NÚI PHƯỚC-LONG 福隆山
q07_08_page_116-0015,"Ở phía bắc huyện 21 dặm, phía tây bắc núi tiếp giáp di chỉ"
q07_08_page_116-0016,NÚI TRẦM-LÔ 沈蘆山
q07_08_page_116-0017,"Ở phía tây huyện 33 dặm, núi đá đứng sững, phía bắc gối"
q07_08_page_116-0018,NÚI PHƯỚC-DUỆ 福裔山
q07_08_page_116-0019,NÚI HỮU-PHIEN 右藩山
q07_08_page_116-0020,"Ở phía nam huyện 20 dặm, thế núi cao lớn, phía tây có khe"
q07_08_page_116-0021,NÚI LỆ KỲ 麗奇山
q07_08_page_116-0022,"Ở phía bắc huyện 3 dặm, chân núi có đường ngã ba."
q07_08_page_117-0001,NÚI ĐỊNH-CÔNG 丁公山
q07_08_page_117-0002,"Ở phía tây huyện 12 dặm, thế núi rộng lớn, phía tây liền với các dẫy núi khác."
q07_08_page_117-0003,NÚI LỘC-XÁ 祿舍山
q07_08_page_117-0004,"Ở phía bắc huyện 7 dặm, phía bắc gần núi Cầm-Lý 錦里山."
q07_08_page_117-0005,NÚI NGĂN-SON 銀山
q07_08_page_117-0006,"Ở thượng-du nguồn sông Cầm-Lý, tương truyền xưa có một 1 người leo núi đi, quên đường xa hay gần, thoạt thấy một hòn núi sản xuất bạch ngân, rất lấy làm lạ, khi về nói lại với người làng rồi dẫn nhau đi lại, thì mù mịt không tìm được đường đi khi trước."
q07_08_page_117-0007,Ô-Châu Cận-Lục chép: «錦里鐘靈足以產白银之異.
q07_08_page_117-0008,"Cầm Lý chung linh, túc dỉ sản bạch ngân chỉ dị = núi Cầm-lý hun đúc khí linh, sinh ra bạc trắng rất lạ,» là nói về núi này vậy."
q07_08_page_117-0009,NÚI PHÚ-KỲ 富期山
q07_08_page_117-0010,"Ở phía tây huyện Phong-Phú (những núi sau đây cũng ở huyện này) 3 dặm, phía bắc có sông, cũng lấy tên núi này"
q07_08_page_117-0011,NÚI PHÚ-VINH 富榮山
q07_08_page_117-0012,"Ở phía nam huyện 13 dặm, phía đông nam giáp ruộng bằng phía tây bắc có khe Thanh-Thạch, gần phía đông có núi An-Hòa 安和山, núi Van-Xuân 萬春山, lại ở phía đông có 8 cái khe đều chảy vào vùng biển Thạch-Bàn 石盤海兒"
q07_08_page_117-0013,NÚI MÃ-AN 馬鞍山
q07_08_page_117-0014,"Ở phía nam huyện 20 dặm, núi đi vòng quanh uyền chuyền ở giữa có hòn cao hơn, lưng núi ấy lõm xuống, trông như yên ngựa nên gọi tên ấy, 2 bên tả hữu có dẫy núi bám theo hoặc đứt đoạn, hoặc tiếp tục, thiên hình vạn trạng, hoặc như ngựa ký đi thong thả, hoặc như ngựa tuấn chạy bôn ba, ngọn núi tối cao đứng đồ sộ, trông có muôn ngàn tinh-thần khí tượng thiên nhiên."
q07_08_page_117-0015,"Ô-Châu Cận-Lục nói «Mã-An tiêm cao, trực quải kỷ tằng chi hán 鞍馬尖高, 直抨幾層之漢 = núi An-Mã cao mà nhọn, treo thẳng lên tầng không mấy từng». Ấy là nói núi này cao lớn vậy."
q07_08_page_118-0001,NÚI KIM-NẠI 鼐山
q07_08_page_118-0002,Ở phía bắc huyện 19 dặm.
q07_08_page_118-0003,NÚI NGHIỀN-SON 砚山
q07_08_page_118-0004,"Ở phía nam huyện Lệ-Thủy (đây về sau các núi đều ở huyện Lệ-Thủy) 27 dặm, cỏcây xanh tốt, hình như chỗ chứa nước trong nghiên mài mực, nên gọi tên ấy."
q07_08_page_118-0005,NÚI LIÊN-SƠN 蓮山
q07_08_page_118-0006,"Ở phía nam huyện 8 dặm, ở dưới núi có cảng, dọc theo bờ cảng có con đường lớn, dưới có dòng nước trong, trên che bóng cây xanh tốt, một giai-cảnh trong đường núi."
q07_08_page_118-0007,"Ô-Châu Cận Lục chép «Lâm thọ giao gia, cảnh trí thù tuyệt; lưu thủy loan sàn, cáp minh ngọc bội; phi điều trích lịch, hoảng tấu dao-cam; xuân nồng thúy đại, oanh xướng tân phân; hạ trưởng thanh âm, thiền ca liêu lượng."
q07_08_page_118-0008,"Rừng cây giao giả, cảnh trí tuyệt vời; cuồn cuộn dòng trôi, nước reo như tiếng ngọc bội; vi vu cành lá, gió nhịp tựa khúc dao-cầm xuân kẻ mày xanh, oanh ca rộn rịp; hạ đơm bóng mát, ve hát ỉnh oi». Ấy là cảnh đẹp ở Tân-Bình vậy."
q07_08_page_118-0009,CHẤN-SƠN 震山
q07_08_page_118-0010,"Ở phía nam huyện 29 dặm, làm chỗ giáp giới 2 tỉnh Trị-Bình, phía đông có một cái khe chảy vào khe Qui-Hậu."
q07_08_page_118-0011,"Núi này đứng ngang ở giữa, ngăn nước 2 lạch chảy giáp nhau, năm Minh-Mạng 12 (1831) thường đào thử để thông lạch phía bắc, nhưng khi đào rất khó, phải đình chỉ."
q07_08_page_118-0012,"Núi này hai bên thì cao, trung-gian thấp xuống 5, 6 trượng, xuống phía nam cách 40 trượng, có khe thông với sông Bảo-Đài huyện Vĩnh-Linh tỉnh Quảng-Trị."
q07_08_page_118-0013,NÚI AN-TRẠCH 安宅山
q07_08_page_118-0014,"Ở phía nam huyện 23 dặm, động núi cao sững, phía tây liên tên núi."
q07_08_page_119-0001,NÚI UẦN ÁO
q07_08_page_119-0002,có Gia-Sơn 嘉山.
q07_08_page_119-0003,Quảng-Bình.
q07_08_page_119-0004,"Ở phía tây huyện 11 dặm. núi bao vây, bốn mùa xanh tốt, tục danh Thiên-Tài-Động."
q07_08_page_119-0005,NÚI ĐỒNG-TƯ
q07_08_page_119-0006,"nguyên sông Chính-Hòa 政和江. trù ng-sơn, chân núi có khe nước chảy về sông Côn-Bồ 崑蒲江."
q07_08_page_119-0007,NÚI THƯƠNG-NHAM 商巖山
q07_08_page_119-0008,"Ở phía nam huyện, dưới núi có khe cũng gọi theo tên núi gần phía nam có núi Thượng-Phong 上豐, núi Cổ-Liễu 古柳 và núi"
q07_08_page_119-0009,NÚI AN-SINH 安生山
q07_08_page_119-0010,"Ở phía nam huyện 14 dặm, nơi chân núi có vực cũng gọi theo"
q07_08_page_119-0011,NÚI BANG-MÔN山
q07_08_page_119-0012,"Ở phía tây huyện 24 dặm, phía tây liên tiếp trùng-sơn, phía nam có khe nước, ấy là chỗ phát nguyên một chi sông phía bắc sông Ở phía nam huyện, chân núi gối sông Côn-Bồ, gần phía đông"
q07_08_page_119-0013,NÚI BÀO-MANG 泡芒山
q07_08_page_119-0014,"phía nam huyện 35 dặm, ấy là chỗ giáp giới Quảng-Trị"
q07_08_page_119-0015,NÚI CÁI-XÁ 蓋舍山
q07_08_page_119-0016,NÚI THIÊN TÀI 天财山
q07_08_page_119-0017,"Ở sơn phần xã Tâm-Duyệt cách phía tây huyện 24 dặm, các Ở tây nam huyện Bố-Trạch (mấy núi sau cũng ở huyện này) 22 dặm, thế núi sầm uất trùng điệp, phía tây nam liên tiếp các núi phía đông gần rừng Đức-Phồ 德溥林, có khe nước làm chỗ phát đây, nay đã bỏ. tức là chỗ này."
q07_08_page_120-0001,phía bắc gần núi Hòa-Duyệt 和悦山. liền với Trùng-Sơn. nam gần núi Thiên-Lộc 天祿山. bia ở núi phía tả.
q07_08_page_120-0002,NÚI PHÚ-XÁ 富舍山
q07_08_page_120-0003,"Ở phía nam huyện 20 dặm, phía nam núi có khe thông với sông Chính-Hòa, phía đông gần núi Kỳ-Liệt 奇列山, trước có thủ-sở ở"
q07_08_page_120-0004,NÚI CHÂU-THỊ 朱市山
q07_08_page_120-0005,"Ở phía nam huyện 14 dặm, bản-triền đời vua Thái-Tôn năm Tân Sửu 13 (1661) mạng Nguyễn-Hữu-Dật 阮有錢 đắp lũy từ cửa biển An-Náu 安县 đến núi Châu."
q07_08_page_120-0006,Thị Sơn tiếp lũy Động-Hồi 洞洄壘
q07_08_page_120-0007,NÚI PHƯƠNG-LIÊN 芳連山
q07_08_page_120-0008,"Ở phía tây huyện 8 dặm, phía tây gần núi An-Lộc 安祿山"
q07_08_page_120-0009,NÚI ĐỘNG-BẠC 峒泊山
q07_08_page_120-0010,"Ở phía tây bắc huyện 20 dặm, thế núi cao chót vót, phía đông gần núi Hoàng-Xá 黄舍山, phía bắc liền lũy Thạch-Động, phía đông"
q07_08_page_120-0011,NÚI VÕ THUẬN 武順山
q07_08_page_120-0012,"Ở tây bắc huyện 8 dặm, phía nam có kênh gọi là Hoành."
q07_08_page_120-0013,Kinh.
q07_08_page_120-0014,NÚI AN-LỄ 安禮山
q07_08_page_120-0015,"Ở phía bắc huyện 20 dặm, phía đông giáp ruộng bằng, phía"
q07_08_page_120-0016,NÚI THUẬN-AN 順安山
q07_08_page_120-0017,"Ở phía bắc huyện 20 dặm, đông nam gối cửa biển, có đá dựng nơi bến nước, tục danh là Khiêu-Thạch (đá nhảy) nơi đây có 2 ngọn nham (đồi) đối trĩ nhau."
q07_08_page_120-0018,Năm Thiệu-Trị thứ 4 (1844) có dựng
q07_08_page_120-0019,NÚI ĐỆ THÊ 棟梯山
q07_08_page_120-0020,"Ở phía bắc huyện 28 dặm, có tên nữa là Lễ-Đễ-Sơn 禮梯山 núi không cao lắm, phía đông nam liên lạc hơn trăm đỉnh, dăng ngang giữa quan lộ."
q07_08_page_120-0021,"Khi quốc-sơ họ Trịnh đến xâm lấn, Nguyên-súy Tôn-Thất-Hiệp đem binh đánh phá, theo đến núi Đệ-Thê, tức là núi này."
q07_08_page_120-0022,"Lại có tên là núi Ma-Cô 麻姑山, tương truyền có tiên Ma-Cô đến đây, nên gọi tên Ma-Cô."
q07_08_page_120_121-0001,Ông Lê-Khả-Dĩnh có câu thơ SƠN THÂM THANH ĐỘNG TỊCH.
q07_08_page_121-0001,TỰ CỔ BẠCH – VÂN-ĐAN.
q07_08_page_121-0002,"nghĩa: Núi thẳm động-xanh không vắng-vẻ Chùa xưa mây trắng hóa đỏ tươi Vua Thái-Tôn nhà Lý hiệu Minh Đạo thứ 2 (1043) thân chinh Chiêm-Thành đến núi Ma-Cô, có bức mây đỏ ôm theo mặt trời, khi qua vịnh Hà-Não 河腦灣 có tường-vân che trên thuyền ngự, thuyền đi thì mây đi, thuyền đứng thì mây cũng đứng."
q07_08_page_121-0003,Sau trận ấy được đại-thắng.
q07_08_page_121-0004,"Tạp-Lục của Lê Quý Đôn chép: «Cách phía nam sông, có một dẫy núi xanh, chấn ngang lưng trời», chưa biết có phải núi Hoành Sơn ở Thuận-Hóa mà Nguyễn Bỉnh Khiêm chỉ nói đó chăng? Đây tạm biên vào đề tồn cổ tích."
q07_08_page_121-0005,"Ô-Châu Cận-Lục chép: «Trên núi Lễ-Đễ mỗi từng có hình con hổ núp ⟫, ấy là nói sơn-thế này vậy."
q07_08_page_121-0006,NÚI CỔ-BỒNG 古蓬山
q07_08_page_121-0007,"Ở phía tây huyện 28 dặm, dưới núi có khe chảy vào sông La-Hà 羅河."
q07_08_page_121-0008,NÚI PHONG GIA 峰嘉山
q07_08_page_121-0009,"Ở phía tây bắc huyện 40 dặm, có vách đá đứng cao, phía bắc gối sông Son An-Náu, phía tây là núi Tiên-Cốc 傳谷山"
q07_08_page_121-0010,NÚI NHƯ ĐẠI 茹大山
q07_08_page_121_122-0001,"Ở phía bắc huyện 24 dặm, núi đá cao nhọn tỏa màu xanh biếc, phía tây chỗ giao-dịch-trường Nguồn-Son, có khe nước, ấy là chỗ phát nguyên một chi phía tây sông Cổ-Bồng, cách bờ sông có núi Ba-Tiêu 芭蕉山."
q07_08_page_122-0001,NÚI LIÊN-ĐÀM 蓮潭山
q07_08_page_122-0002,"Ở tây bắc huyện 42 dặm, có thạch-động đứng thẳng như vách phía đông gối sông An-Náu và sông Nguồn-Son."
q07_08_page_122-0003,NÚI MANG-KHÊ 芒溪山
q07_08_page_122-0004,"Ở phía tây huyện 48 dặm, phía đông tên là Quan-Tân 宮津, ấy là chỗ phát nguyên một chi phía bắc sông Cổ-Bồng."
q07_08_page_122-0005,NÚI HÀ-TÂN 河津山
q07_08_page_122-0006,"Ở tây bắc huyện 45 dặm, phía tây gối sông Nguồn-Son, phía nam gần động Vàng núi Hung-Bồng 匈蓬山, đều có đá chồng đứng thẳng như mũi dao nhọn."
q07_08_page_122-0007,KIM-SON 金山
q07_08_page_122-0008,"Ở phía bắc huyện 30 dặm, phía nam gối sông Cổ-Bồng, phía đòng gần động Hà-Hoàng, phía bắc liền trùng-sơn."
q07_08_page_122-0009,NÚI GIA-TĨNH 嘉靖
q07_08_page_122-0010,"Ở phía tây bắc huyện 32 dặm, phía nam có khe chảy vào sông"
q07_08_page_122-0011,NÚI THANH-LĂNG 清陵山
q07_08_page_122-0012,"Ở tây bắc huyện 30 dặm, phía tây có thủ sở gối sông Cô-Bồng phía đông núi An-Mỹ 安美山"
q07_08_page_122-0013,NÚI TAM-LINH 三靈山
q07_08_page_122-0014,"Ở phía tây nam huyện 20 dặm, bốn bên có các núi bao đăng duy núi này cao hơn, thể thế hùng đại, cây cối xanh om, trên có 3 đỉnh liền nhau, tục danh núi Ba-Trinh 偵山, phía nam gần núi Đâu-Mâu dưới núi có khe nước trong, chia làm 3 chi: Một chi chảy về đông nam thông với nguồn An-Đại; một chi chảy về đông bắc thông với nguồn An-Náu; một chi chảy về tây bắc thông với Sơn-Nguyên."
q07_08_page_122_123-0001,Ghe thuyền ngoài biển qua lại thường lấy núi này làm tiêu chí.
q07_08_page_123-0001,NÚI THẠCH KHIÊU 石跳山
q07_08_page_123-0002,"Ở tây bắc huyện, đá núi cao nhọn đứng sững, từ trên dăng xuống ra thẳng bờ biển, đá đứng giữa sóng, hòn nào cũng xây đầu lại, hình như vạn con cóc tranh nhau mà nhảy vậy, cho nên tục danh là Thạch-Khiêu (đá nhảy);"
q07_08_page_123-0003,"ở trên có đường quan, dưới có đường đi tạm, đều đi thông cả, chỉ có dốc bực không bằng phẳng, đi lại rất khó, nay đã dọn sửa hơi bằng."
q07_08_page_123-0004,NÚI DÃ-TIÊU 野
q07_08_page_123-0005,"Ở phía nam huyện 14 dặm, phía nam có khe Châu-My 朱眉 thông với sông lớn."
q07_08_page_123-0006,NÚI GIA-LỘC 嘉祿山
q07_08_page_123-0007,"Ở phía tây huyện 12 dặm, thế núi đứng cao, đi uốn quanh vài mươi dặm."
q07_08_page_123-0008,NÚI ĐỘNG MAN 峒璧山
q07_08_page_123-0009,"Ở phía bắc huyện 20 dặm, chân núi có khe, phía bắc chảy vào sông Đặng-Đề 鄧堤江, phía đông nam gối biển, đá dựng theo bờ biển, tục danh Khiêu-Thạch 跳石, có 2 đồi đối nhau; năm Thiệu-Trị thứ 4 (1844) có dựng bia ở núi phía hữu."
q07_08_page_123-0010,NÚI CỰ-NẪM 巨稔山
q07_08_page_123-0011,"Ở phía bắc huyện 24 dặm, phía tây bắc gần núi Hoàng-Trung"
q07_08_page_123-0012,NÚI NGỌC-THỤC 玉蜀山
q07_08_page_123-0013,"Ở phía bắc huyện 33 dặm, thế núi cao vọi, cỏ cây thạnh tốt."
q07_08_page_123-0014,NÚI BẠCH-THẠCH 白石山
q07_08_page_123-0015,"Ở phía tây bắc huyện 5 dặm, đá núi cao vót, thể thế hùng đại, sinh nhiều đá trắng nên gọi tên ấy."
q07_08_page_123-0016,NÚI HOÀNH-SON 横山
q07_08_page_123-0017,"Ở phía đông bắc huyện Bình-Chính (các núi sau cũng ở huyện này) 42 dặm, giáp giới huyện Kỳ-Anh tỉnh Hà-Tĩnh; một dải núi ngang ở xa từ núi Khại-Trường 開帳山 chạy đến dài dặc có những đồi cao trảng thấp trùng trùng điệp điệp ngang giáp đến biển, trông như bức thành dài, ấy là chỗ ách-yếu cho 2 miền nam và bắc. Đầu niên hiệu Gia-Long đặt dinh Quảng-Bình, lấy núi này làm giới hạn nửa núi ra phía bắc thuộc tỉnh Hà-Tĩnh, nửa núi vào phía nam thuộc tỉnh Quảng-Bình."
q07_08_page_123-0018,Năm Minh-Mạng 14 (1833) có trú binh phòng thủ ở đấy.
q07_08_page_123-0019,Năm 17 lấy hình tượng chạm vào Huyền-đỉnh.
q07_08_page_124-0001,"Bản-triều Thái-Tổ Gia-Dũ Hoàng-Đế khi ở Đông-Đô (Hà nội) khiến người đến vấn-kế với Nguyễn-Bỉnh Khiêm, Khiêm dạo coi giả sơn trước sân thấy bầy kiến bò đi trên đá, bèn nói: «Một dải Hoành Sơn, khả dĩ dung-thân vạn đại» (横山一帶可以萬代容身) là ông chỉ núi này vậy."
q07_08_page_124-0002,Sau bản-triều gầy dựng cơ nghiệp ở miền nam quả nghiệm như lời nói của ông.
q07_08_page_124-0003,"Xét Tấn-Sử chép: Châu Phồn 朱蕃 khi làm Thứ-sử Giao Châu, nước Lâm-Ấp yêu cầu lấy núi Hoành-Sơn phía bắc quận Nhật Nam làm giới hạn, vậy thì tên núi Hoành-Sơn đã có từ lâu rồi."
q07_08_page_124-0004,"Trên núi có một dẫy thạch-lũy cũng do Lâm-Ấp đắp, mà tục truyền là do Trịnh-Ninh 鄭寧 đắp, ấy là nói lầm, đã biện rõ dưới đoạn chú về «Lâm-Ấp phế lũy»."
q07_08_page_124-0005,NÚI DÃ-LÔ 冶爐山
q07_08_page_124-0006,"Ở phía bắc huyện, núi có sản xuất vàng, người xưa có đào krợm, nhưng vàng ấy cứng xấu, đem nấu bất thành. Đời Lệ có đặt 3 mỏ lượm vàng, nên có tên ấy, nay cải làm núi Tam-Khoáng 三礦山。"
q07_08_page_124-0007,AM-SON 庵山
q07_08_page_124-0008,"Ở phía tây huyện 29 dặm, thế núi đứng cao, cỏ cây rậm rịt sông Kim-Giang bao ở phía tây."
q07_08_page_124-0009,ĐỒNG-SƠN 桐山
q07_08_page_124-0010,"Ở đông bắc huyện 37 dặm, có một tên nữa là Vạn-Sơn 萬山 từ Hoành-Sơn sè cánh bay đến, đột khởi nguy nga, gối thẳng đến 118 vùng biển, bên núi có đền cũ."
q07_08_page_124-0011,Núi này lại có tên là Bạch-Thạch Sơn 白石山.
q07_08_page_125-0001,NÚI THỦY-VỰC
q07_08_page_125-0002,"Ở phía tây huyện 60 dặm, tiếp giới với huyện Kỳ-Anh tỉnh Hà-Tĩnh."
q07_08_page_125-0003,LIÊU-SƠN (hay Lao-Son) 榛山 Ở phía bắc huyện 40 dặm.
q07_08_page_125-0004,TIÊU-SƠN 椒山
q07_08_page_125-0005,"Ở phía bắc huyện, núi đá hình như cái bao dao, phía đông đối với Thảo-Dự 草嶼 ở biển Ròn 苻海."
q07_08_page_125-0006,"Lại có một núi tên là Thạch Sơn 石山, hình như con hổ núp, phía đông ngó ra Từ-Dự 慈嶼 ở biển Ròn."
q07_08_page_125-0007,NÚI Ô-TÔN 烏蹲山
q07_08_page_125-0008,"Ở đông bắc huyện 36 dặm, có tên nữa là Chính-Son 摭山 hình tròn, giữa cao bốn phía thấp, đứng rất hùng vĩ, phía nam gõi bờ biển, tục danh Long-Chủy (mỏ rồng), 3 mặt có những hồn đảo dăng quanh."
q07_08_page_125-0009,"Phía bắc có Hoành-Sơn, phía đông có Lỗi-Sơn 磊山 và La-Son 羅山, trung ương có vũng biển lọt vào, ghe thuyền gặp khi gió lớn đậu neo ở đấy."
q07_08_page_125-0010,Trong niên hiệu Minh-Mạng đặt cho tên là Tir-Úc 慈澳.
q07_08_page_125-0011,"Người ở biển nói: Gặp gió đông nàm, đậu ghe nương dựa nơi đây rất yên ồn, duy có gió nam thì bất tiện."
q07_08_page_125-0012,Dưới đảo có những ghềnh đá núp lặn đáy nước nên phải đi tránh.
q07_08_page_125-0013,Vũng biển ấy có sinh Ốc loa Cửu-Khồng.
q07_08_page_125-0014,"Trong niên hiệu Xương-Phù đời Trần (1376-1387) Hồ-Quí-Ly đánh Chiêm-Thành đi đến biển Ô-Tôn, bị ba-đào đánh tan, tức là chỗ này."
q07_08_page_125-0015,NÚI THÀNH-THANG 成湯山
q07_08_page_125-0016,Ở tây bắc huyện 11 dặm.
q07_08_page_125-0017,"Các đồi núi từ huyện Kỳ-Anh chạy dài đến đây, đột khởi một núi cao ngất, bốn bên chân rừng sản xuất thứ bố-sâm 布参."
q07_08_page_126-0001,NÚI HÀNH ĐIỆN 行殿山
q07_08_page_126-0002,"Ở phía tây huyện, đỉnh núi bằng phẳng, trên có di chỉ hành-cung xưa, viên đá nền móng nay vẫn còn."
q07_08_page_126-0003,Tương truyền đó là hành-điện của vua Chiêm-Thành nên gọi tên núi ấy.
q07_08_page_126-0004,"Lại gần đấy có một núi tên là Vọng-bai-Son 望拜山, trên núi có di chỉ kỳ-đài, tương truyền tướng nhà Lê khi trước đồn binh ở đấy, đến tuế-thời vọng bái, nên gọi tên ấy."
q07_08_page_126-0005,Lại có tên là Kính-Quân-Sơn 救君山.
q07_08_page_126-0006,NÚI PHÙ LƯU 芙山
q07_08_page_126-0007,"Ở phía bắc huyện 8 dặm, sinh nhiều thứ bố-sâm 布参."
q07_08_page_126-0008,NÚI
q07_08_page_126-0009,"ĐẦU-HẢI 斗海山 Ở xã Trung-Ái, thuyền đi ngoài biển trông núi này làm tiêu chuần, nên gọi tên ấy; lại có tên là núi Chóp-Chài 執紂山."
q07_08_page_126-0010,KIỀU-SƠN
q07_08_page_126-0011,Ở phía bắc huyện 44 dặm.
q07_08_page_126-0012,ĐẢO LỖI LÔI 磊雷嶼
q07_08_page_126-0013,"Ở đông bắc huyện 32 dặm, núi đứng giữa biển, trên núi có chùa, tục danh đảo Chùa."
q07_08_page_126-0014,Xét Ô-Châu Cận-Lục chép:
q07_08_page_126-0015,"Ở cửa biển Di-Luân châu Bố-Chính, một dải núi từ Hoành-Sơn đến, hoặc như con hùm ngồi hoặc như chim phụng múa, cộng co dài dặc đến đây mới hết."
q07_08_page_126-0016,"Núi Ô-Tôn gối ở phía tây, núi Đồng-Sơn đứng ở phía bắc, núi cùng Từ Úc hai bên liên đối nhau, có khe nước rất bình-đạm, ghe thuyền qua lại thường đậu nghỉ đấy."
q07_08_page_126-0017,ĐẢO ĐỘT NGỘT 滨屹島
q07_08_page_126-0018,"Ở đông bắc huyện 40 dặm, một tên nữa là đảo La 羅島, lại một tên nữa là đảo Yến 燕島."
q07_08_page_126-0019,"Núi ấy đều có đá, đầu núi phía bắc hơi thấp, xã-dân nhân đó xây đền thờ thần. Đầu núi phía nam cao đứng thẳng như vách, dưới có thạch-động, chim yến làm tổ ở trong thường năm tháng 4, tháng 12 xã-dân bắc thang lấy ở rất khó."
q07_08_page_126-0020,"Nơi chân núi dưới đáy nước có sinh ốc loa Cửu-Khồng, ngày trước xã-dân ở đấy có bắt đem nạp, nhưng gần đây bị cá dữ sát hại, được lệnh cho đình chỉ."
q07_08_page_126-0021,"Phía tây có Thảo-Dự 草典, thế núi cộng quanh che được gió sóng, tục danh là Từ Úc, thuyền buôn thường tạm đậu ở đây; bọn cướp biển cũng thường lấy chỗ này làm chỗ ẩn núp."
q07_08_page_126-0022,Cách bờ biển 216 trượng lẻ.
q07_08_page_127-0001,ĐẢO ÔNG 翁島
q07_08_page_127-0002,"Ở ngoài cửa biển Linh-Giang, có cam quít thành rừng, ăn rất ngọt ngon."
q07_08_page_127-0003,"Khách đi biển thường nói: đi biển qua đây, mặc ý hái ăn, nhưng không được bọc đem về, cũng không dám khen ngon xưa dầy tương truyền như thế."
q07_08_page_127-0004,CHÂU-SƠN 碌山
q07_08_page_127-0005,"Ở phía tây nam huyện Minh-Chính (mấy núi sau đây cũng ở huyện này) 6 dặm, sinh nhiều thồ-châu (thứ son đỏ)."
q07_08_page_127-0006,LỆ SƠN 荔山
q07_08_page_127-0007,"Ở tây nam huyện 10 dặm, núi đá trùng điệp, hầm treo vách đứng, dưới có khe thông với sông Kim-Linh 金冷江, núi này có nhiều con dã-ngưu (trâu rừng)."
q07_08_page_127-0008,"Xét Ô-Châu Cận-Lục: Lệ-Sơn, Hà-Lạc, nan tuần lâm lộc chi ngưu (荔山河洛難馴林麓之牛) = trâu rừng ở Lệ-Sơn, Hà-Lạc (?"
q07_08_page_127-0009,) khó rèn tập cho thuần tánh.
q07_08_page_127-0010,NÚI LONG-TY 龍鼻山
q07_08_page_127-0011,"Ở phía tây huyện 5 dặm, núi này có đá, hình như mủi rồng nên gọi tên ấy."
q07_08_page_127-0012,"Phía nam gối sông Linh-Giang, ở giữa có gò cát cũng gọi là Long-Châu."
q07_08_page_127-0013,"Lý-Thường Kiệt đời Lý đi đánh Chiêm-Thành kéo binh đến núi Long-Tỵ, tức là núi này."
q07_08_page_128-0001,NÚI MỸ-CƯƠNG 美崗山
q07_08_page_128-0002,"Ở phía tây huyện 5 dặm, có dân cư ở bên, chuyên làms"
q07_08_page_128-0003,NÚI CANG-GIÁN 剛諫山
q07_08_page_128-0004,"Ở phía tây huyện 9 dặm, phía bắc liền với các dải núi khác phía nam có khe chuông, thông với sông Lỗ-Cảng 港江."
q07_08_page_128-0005,BI-SON 碑山
q07_08_page_128-0006,"Ở phía tây bắc huyện 26 dặm, phía bắc giáp giới huyện Kỳ-Anh tỉnh Hà-Tĩnh, hình núi hiểm tuyệt, nhiều đồi liên tiếp chạy dài cây cỏ xanh rậm."
q07_08_page_128-0007,ĐIỆN-SƠN 殿山
q07_08_page_128-0008,"Ở phía tây huyện 26 dặm, phía đông gối sông Lỗ-Cảng, phía nam gần núi Tam-Khoáng 三礦山."
q07_08_page_128-0009,NÚI MINH-CẦM 鳴琴山
q07_08_page_128-0010,"Ở phía tây huyện 25 dặm, thế núi sừng sững, dốc đá lồi lóm chân núi có động có chùa, tục danh chùa Hang, là nơi danh thắng"
q07_08_page_128-0011,NÚI LÂM-LANG 琳瑯山
q07_08_page_128-0012,"Ở phía tây huyện 18 dặm, dốc đá thấp cao chồng chất phía đông gần núi Uyên-Trirng 淵澄, và núi Minh-Trừng 明澄 phía bắc gối sông Linh-Giang, phía tây có dải núi đá dài suốt hơn 10 dặm."
q07_08_page_128-0013,HY-SƠN 熙山
q07_08_page_128-0014,"Ở phía tây bắc huyện 36 dặm, sườn núi đứng cao, phía tây nam gối sông dài, phía đông bắc liền các dải núi."
q07_08_page_128-0015,NÚI CAO-MẠI 高邁山
q07_08_page_128-0016,"Ở phí tây huyện 29 dặm, thuộc phường Cao-Mại, thế núi đứng cao chót vót, có khe nước theo chân núi chảy ra làm sông Thọ-Linh 壽龄; núi này là trấn-sơn trong một huyện"
q07_08_page_129-0001,NÚI KIM-QUI
q07_08_page_129-0002,"Ở phía tây nam huyện 49 dặm, thế núi cao-xanh, phía bắc gối sông Kim-Giang 金江, phía tây liền với các núi, cách sông về phía bắc có 3 núi đứng cao."
q07_08_page_129-0003,NÚI VÕ NGUYÊN 武源山
q07_08_page_129-0004,"Ở phía tây huyện 54 dặm, núi đá cao chởm, đông tây liền tiếp nhau vài mươi hòn, phía nam có kỳ-lộ thông lên man-sách xưa có đồn thủ ở đấy; lưng núi có động đá, cửa động có 2 hòn đá. đứng thẳng như hình người, trong động có thớt đá hình như cái giường, trên giường có bàn cờ và con cờ bài trí thiên nhiên, không ai dám lượm, đời xưa xưng là Động-Tiên Hung-Nhai 匈崖僊洞."
q07_08_page_129-0005,NÚI KIM-BẢNG 金榜山
q07_08_page_129-0006,"Ở phía tây huyện hơn 70 dặm, thuộc thôn Thanh-Thủy, đá núi chồng chất hình vuông như cái bảng, nên gọi tên ấy."
q07_08_page_129-0007,"Phía lây gần núi Kim-Qui, ở phía nam đều có chót đá nồi cao."
q07_08_page_129-0008,NÚI BỐC-THỌ 卜壽山
q07_08_page_129-0009,"Ở phía tây huyện 66 dặm, vách núi đứng cao ngàn nhận (1) phía nam gối sông Kim-Linh."
q07_08_page_129-0010,NÚI NAM-LIÊU 南寮山
q07_08_page_129-0011,"Ở tây bắc huyện 62 dặm, phía nam gối sông lớn, phía bắc tiền các dải núi, phía đông có thử-sở Quảng-Tuần 廣巡守所."
q07_08_page_129-0012,NÚI CHUNG-KHÊ 鐘溪山
q07_08_page_129-0013,"Ở tây bắc huyện 11 dặm, đá núi đứng như vách, phía tây gần Úc-Sơn 押山 và Trúc-Sơn 竹山, phía nam gối sông lớn. (1) Từ-nguyên: theo xích đời xưa 8 thước làm 1 nhận."
q07_08_page_130-0001,NÚI TIÊN LỄ 先禮山
q07_08_page_130-0002,Ở tây nam huyện 5 dặm.
q07_08_page_130-0003,NÚI MINH-LƯƠNG 明良山
q07_08_page_130-0004,Ở phía đông huyện 8 dặm.
q07_08_page_130-0005,NÚI THANH-LONG 清龍山
q07_08_page_130-0006,"Ở phía tây huyện 75 dặm, phía tây có kỳ lộ thông đến"
q07_08_page_130-0007,NÚI KY-SA 算沙山
q07_08_page_130-0008,"Ở cực giới phía tây huyện 84 dặm, núi đá nguy nga, đông tây liền nhau hơn vài mươi hòn, Ky-Nguyên 算源 xuất tại nơi đây."
q07_08_page_130-0009,TRƯỢNG-NHÂN-THẠCH 丈人石
q07_08_page_130-0010,"Ở phường Đại-Hòa huyện Minh-Chính: giữa sông có đá đứng bày trên mặt nước, trong có một hòn cao 6, 7 thước như hình người đứng dòm xuống dòng sông, tục danh là Lập-Ông 立翁 (ông đứng); đá nước thanh u, người ta tương truyền có sự linh-dị, người phường ấy lập miếu thờ, ghe đi qua đấy không dám đi gần, cũng không dám ngửa mặt trông lên, thường lấy giấy vàng bạc đốt cúng."
q07_08_page_130-0011,PHƯỚC-SƠN 福山
q07_08_page_130-0012,"Ở phía tây huyện Tuyên-Hóa (từ đây về sau các núi đều thuộc huyện này) 16 dặm, trên có một hòn đá lớn đứng thẳng như hình người, tục danh núi Thiền-Su 禪師山."
q07_08_page_130-0013,NÚI ĐỒNG-LAU 同澇山
q07_08_page_130-0014,"Ở phía tây bắc huyện 55 dặm, đường núi bóng cây âm u và chật hẹp, dưới có khe cũng lấy theo tên núi, nước khe chảy thông sông lớn."
q07_08_page_130-0015,NÚI ĐỒNG-LÊ 同黎山
q07_08_page_130-0016,"Ở tây bắc huyện 60 dặm, sông Linh-Giang chảy đến phía đông núi này, bờ sông có thủ sở Quảng-Tuần."
q07_08_page_131-0001,NÚI PHÙ-LỒ 苻魯山
q07_08_page_131-0002,"Ở phía tây bắc huyện 62 dặm, phía nam gối sông Linh-Giang phía bắc liền các dãy núi khác."
q07_08_page_131-0003,SÔNG NHẬT LỆ 日麗江
q07_08_page_131-0004,"Ở phía nam huyện Phong-Lộc (các sông sau đây cũng thuộc huyện này) 2 dặm: sông rộng 1 dặm rưởi, dài 90 dặm, có 2 nguồn phía tây theo núi An-Đại Trường-Môn chảy xuống 9 thác, một nguồn phía nam theo núi Quan-Độ chảy khuất khúc về hướng đông đến xã Trung-Quán 忠館社 hiệp lại rồi chảy quanh ra phía bắc đến xã Cổ-Hiền, Trần-Xá, hội với sông Bình-Giang 平江, lại chuyền qua đông bắc chảy đến xã Vĩnh-Tuy cùng khe Hữu-Gia 右家溪 và cảng Hàm-Nhược 咸若港 hội lại, rồi chảy về đông hơn 20 dặm đến Cir Hà 渠河 chảy ra cửa Nhật Lệ."
q07_08_page_131-0005,"Cửa biển ấy ngang 13 trượng 8 thước, khi nước lên sâu 6 thước 5 tấc, nước ròng sâu 4 thước 9 tấc."
q07_08_page_131-0006,Từ Tỉnh thành đến đây thủy-trình và lục-lộ đi hết 2 khắc.
q07_08_page_131-0007,"Từ đấy đến cửa biển Lý-Hòa 里和 đi theo hải trình hết 1 canh, đi theo lục-lộ hết 1 canh rưởi, còn từ đây đến cửa biển Trùng-Luật tỉnh Quảng-Trị đi theo hải-trình phỏng 1 ngày đêm."
q07_08_page_131-0008,SÔNG CÔ-LŨY 古壘江
q07_08_page_131-0009,"Ở phía đông huyện 12 dặm, nguồn sông từ rừng Đức Phổ chảy qua tây nam đến ấp Tráng-Hiệp, vừa có 1 chi khe lớn chảy nhập vào, rồi chảy qua phường Bình-Phước, lại đến phía nam cây cầu dài chảy vào sông Nhật Lệ."
q07_08_page_131-0010,"Lại có một chi từ bờ ruộng xã Lệ-Kỳ chảy qua đông nam ra đến cây cầu Vắn, rồi nhập vào sông Nhật Lệ."
q07_08_page_131-0011,SÔNG BÌNH-PHƯỚC 平福江
q07_08_page_131-0012,"Ở phía đông bắc huyện 13 dặm, có một tên gọi là sống lũy."
q07_08_page_131-0013,壘江.
q07_08_page_131-0014,"Có 3 ngã nguồn: 1 nguồn từ khe nhỏ phía hữu núi Chóp-bàn đến khe lớn qua phía nam trường-thành Định-Bắc đến khe Như Nha 茹牙 trước ải Võ-Thắng hội lại, chỗ này sông hơi rộng, rồi chuyền chảy qua phía tây bắc."
q07_08_page_131-0015,Một nguồn từ phía tây rừng Đức Phồ chảy thẳng vào nam đến ấp Tả-Hiệp cùng hạ lưu khe lớn hiệp chảy qua đông bắc đến phường Bình-Phước.
q07_08_page_131_132-0001,Một nguồn từ phía bắc xã Minh-Lý chảy qua đông nam đến phường Bình-Phước hiệp dòng chảy xuống cầu dài nhập vào sông Nhật Lệ.
q07_08_page_132-0001,SÔNG NGÔ-XÁ 吳舍江
q07_08_page_132-0002,"Ở phía bắc huyện Phong-Phú 5 dặm, nguyên theo chỗ ghềnh đá nguồn Cầm-Lý chảy về đông chừng 2 dặm qua bến Mỹ-Đức, lại 4 dặm đến xã Ngô-Xá làm sông Ngô-Xá, lại chừng 9 dặm qua cửa cảng Lạch-Túc 瀝肅, 17 dặm vào vùng biển Bàn-Thạch 盤石海兒."
q07_08_page_132-0003,SÔNG NGÕ-GIANG 吳江
q07_08_page_132-0004,"Ở phía nam huyện LệThủy (các sông sau đây cũng thuộc huyện này) 10 dặm, nước xuất từ nguồn Cầm-Lý chảy đến xã Uần-Áo tục gọi Nhà-Ngô 茹英 (?)."
q07_08_page_132-0005,SÔNG MỸ-TRẠCH 美宅江
q07_08_page_132-0006,"Ở phía tây huyện ước 1 dặm, tục gọi Trạm-Giang 站江, tức trạm Tả-Bình-Giang 左平江."
q07_08_page_132-0007,"Nguồn sông theo từ phía tây núi Bang Môn山 chảy xuống đông 34 dặm qua phường Thượng-Phong có nguồn nước tại núi An-Trạch 安宅山 từ phía nam đến nhập lại rồi bẻ quanh ra bắc đến vực An-Sinh 安生淵 xã Qui-Hậu, 12 dặm qua bến Mỹ-Trạch làm sông Mỹ-Trạch; lại 6 dặm đến xã Thượng Phong phân làm hai chi đều chảy về phía bắc."
q07_08_page_132-0008,Chi ở đông chảy vào vùng biển Thạch-Bàn.
q07_08_page_132-0009,Chi ở phía tây chảy về phía bắc 10 dặm đến xã Phú Thọ có nước nguồn Cầm-Lý từ phía bắc vào biển.
q07_08_page_132-0010,SÔNG QUI-HẬU 歸厚江
q07_08_page_132-0011,"Ở phía nam huyện 8 dặm, nguồn sông từ bến Thổ-Ngoa 土瓦 chảy về đông bắc 12 dặm đến bến Liên-Ái, lại 5 dặm đến ngã ba sông Dương-Xả chia làm 3 chi."
q07_08_page_132-0012,"Một chi chảy về tây-bắc 5 dặm, vào sông Mỹ-Trạch."
q07_08_page_132-0013,Một chi chảy về đông-bắc đến sông Cổ-Liễu cũng nhập sông Mỹ-Trạch.
q07_08_page_132-0014,"Một chi chảy về nam đến ao sen nhập sông Lai-Cách, nay bị cát bồi không lưu thông."
q07_08_page_132-0015,BÌNH-GIANG 平江
q07_08_page_132-0016,"Ở phía tây huyện ước 1 dặm, tục danh Trạm-Giang 站江 tức trạm Tả-Bình Giang, Có 8 nguồn: Một nguồn theo phía tây nửi Bang-Môn chảy khuất khúc về đông đến 18 thác rồi chuyền qua nam đến vực An-Sinh, lại ra phía bắc chảy dồn vào vùng biển Thạch Bàn, lại phía bắc đến thôn Mỹ-Hương huyện Phong-Lộc chia làm 2 chi: 1 chi chảy quanh tây-bắc đến bến sông xã Trấn-Xá hiệp với sông Nhật Lệ chảy vào biển, 1 chỉ chảy thẳng phía bắc qua xã Võ-Xá."
q07_08_page_132_133-0001,"Từ trước thế nước lưu thông ghe chèo qua lại tiện lợi, sau bịcát bồi lấp thành đất bằng."
q07_08_page_133-0001,SÔNG CHÍNH-HÒA 政和江
q07_08_page_133-0002,"Ở huyện Bố-Trạch (các sông sau đây cũng thuộc huyện này) 5 dặm, một tên nữa gọi là sông Dinh."
q07_08_page_133-0003,"Nguồn sông từ phía nam núi Đồng-Tư 同思江 chảy về đông qua tuần-sở cũ Phú-Xuân đến xã Cầu-Hiệp thông với khe Liên-hương 蓮香溪, qua đò ngang quan lộ chảy vào cửa biển An-Náu."
q07_08_page_133-0004,"Cửa này cạn hẹp, thuyền lớn không"
q07_08_page_133-0005,SÔNG LÝ-HÒA 里和江
q07_08_page_133-0006,"Ở phía bắc huyện 13 dặm, thuộc thôn Lý-Hòa, có 2 nguồn 1 nguồn ra từ phía tây núi Hòa-Duyệt, 1 nguồn ra từ phía bắc núi Tam-Linh, đều chảy về đông bắc ước mươi dặm, 2 lạch nguồn chia riêng chảy xuống đến xã Đông Cao nhóm thành phá lớn, rồi chảy đến cầu Quan-Lộ nhập vào cầu chỗ bờ biển."
q07_08_page_133-0007,Cầu này nay đổi làm đò.
q07_08_page_133-0008,SÔNG LINH-GANG 澄江
q07_08_page_133-0009,"Ở phía nam huyện Bình-Chính (sông sau đây cũng thuộc huyện này) 3 dặm, phía bắc thuộc huyện Bình-Chính, phía nam thuộc huyện Bố-Trạch."
q07_08_page_133-0010,"Có một tên nữa gọi là Thanh-Hà 清河: sông rộng 170 tượng, phát--nguyên 3 chỗ 1) một chỗ ở núi Thanh-Lãng địa giới huyện Hương-Khê tỉnh Hà-tĩnh, chảy về tây nam ước 70 dặm, chuyền qua đông-nam đến núi Minh-Cầm có sông Lỗ Cảng 魯港江 chảy vào nam rồi hiệp lại, lại chảy 13 dặm đến thôn An-Lễ, có một chi phía bắc sông Cổ-Bồng từ phía tây chảy nhập lại chảy đến La-Hà làm sông La-Hà, đến xã Văn Phú xã Cao-Lao có một chi phía nam sông Cổ-Bồng cũng từ phía 127 tây chảy nhập lại, rồi chuyền qua đông nam ước 5 dặm làm sông Linh-Giang, quật qua đông-bắc chảy ra biển."
q07_08_page_134-0001,"Xét địa-đồ tỉnh-hạt, một con sông từ khe Thanh-Lăng chảy về đông đến cửa biển Linh-Giang phàm 163 dặm."
q07_08_page_134-0002,2) Một chỗ từ nguồn Kim-Linh chảy xuống đông nhập sông La-Hà dài 28 dặm.
q07_08_page_134-0003,3) Một chỗ từ nguồn Son An-Náu chảy xuống đồng nhập sông La-Hà dài 63 dặm.
q07_08_page_134-0004,"Quốc-sơ chia cương giới bắc nam lấy sông này làm giới hạn cho nên có tên Nam-Hà, Bắc-Hà."
q07_08_page_134-0005,"Lại gần cửa biển ba đào rầm rộ 2 bên bờ xa cách hiểm trở thiên nhiên, lại cùng luy Nhật Lệ 日麗壘 có hình thể trong ngoài nương dựa nhau."
q07_08_page_134-0006,"Xưa người Bắc có câu ca rằng: «hữu trí dũng hề khảquá Thanh-hà, túng hữu dục hề trường lũy bất khả qua. (有智勇兮可過清河縱有翼兮長壘不可過) = người có trí dũng có thể qua sông Thanh-Hà (tức Linh-Giang) được túng sử có cánh đi nữa, cũng không bay qua trường-lũy được», ấy là nói hình thế hiềm trở vậy."
q07_08_page_134-0007,Năm Minh-Mạng 17 (1836) có chạm hình tượng sông này vào Chương-Đỉnh 章鼎.
q07_08_page_134-0008,Năm Thiệu-Trị thứ 4 (1851) có dựng bia đá ở nam ngạn sông này.
q07_08_page_134-0009,Năm đầu Tự-Đức có đăng trật vào Tự-điền.
q07_08_page_134-0010,SÔNG RÒN 游江
q07_08_page_134-0011,"Ở phía bắc huyện 24 dặm, nguyên-đầu ở phía tây khe Thủy Vực 水域溪, qua khe An-Lac 安樂溪 30 dặm thông ra cửa Ròn."
q07_08_page_134-0012,SÔNG LỖ-CẢNG 魯港江
q07_08_page_134-0013,"Ở phía tây huyện Minh-Chính 30 dặm, ấy là thượng lưu sông Linh-Giang."
q07_08_page_134-0014,"Nguyên-đầu từ khe Mộc-Miên 木棉 ở huyện Kỳ-Anh tỉnh Hà-Tĩnh chảy qua phía tây Bi-Sơn hiệp với Khe-Can 淺溪 chảy về phía tây, trải qua 18 thác đến sông Ninh-Cầm vào sông Ninh-Giang."
q07_08_page_135-0001,KHÊ-ĐÀM 溪潭
q07_08_page_135-0002,PHÁ NHẬT LỆ 日麗陂
q07_08_page_135-0003,"Ở đông bắc huyện Phong-Lộc (Khe Đầm sau đây cũng thuộc huyện này) 17 dặm, thuộc xã Phú-Ninh, tục danh Tăng-Đầm 潭 (Đàm-đăng), chu vi ước 5 dặm, nước rất trong sạch không nơi nào sánh bằng."
q07_08_page_135-0004,"Phía đông có gò cát cao, khi trước có miếu Long-Vương ở đấy, cầu mưa rất linh ứng."
q07_08_page_135-0005,"Gần đây xã-dân dời qua bờ phía tây nam, ít được linh ứng như trước."
q07_08_page_135-0006,"Ô-Châu Cận-Lục nói: «Gò cát bao la, đồi cao xanh rậm, biển cả chảy quanh ở đông bắc, các núi triều củng ở tây-nam, ngàn khoảnh lai láng, một bầu trong veo, quấy cũng không đục, lóng không trong hơn», ấy là nơi nước rất tốt vậy."
q07_08_page_135-0007,"Phía tây bắc đầm rất sâu, có loài giao long 蛟龍 (con thuồng-luồng) sinh ở đấy, năm nào bị hạn, dân địa phương đua thuyền trong đầm, lập tức có mưa."
q07_08_page_135-0008,THẠCH-KHÊ-THỦY 石溪水
q07_08_page_135-0009,"Ở phía tây nam huyện, nguồn nước ra từ núi Quan-Độ 官渡山 qua phía đông núi Thần-Đinh 9 dặm, rồi nhập vào sông Nhật Lệ."
q07_08_page_135-0010,PHAN-XÁ THỦY 潘舍
q07_08_page_135-0011,"Ở phía nam huyện, nguồn ra từ khe Thạch-Bàn 石盤溪 chảy vào Bình-Giang."
q07_08_page_135-0012,THÁI-ĐÀ 菜沱
q07_08_page_135-0013,"Ở phía tây nam huyện, nguồn ra từ núi Trường-Dục 長育山 chảy về phía bắc 4 dặm, nhập vào sông lớn."
q07_08_page_136-0001,ĐỊNH-AN ĐÀ 定安沱
q07_08_page_136-0002,"Ở phía nam huyện, nguồn ra từ núi Vạn-xuân 菊萬春山 chảy về phía bắc 8 dặm, nhập vào sông lớn."
q07_08_page_136-0003,PHÚ-KỲ ĐÀ 富期沱
q07_08_page_136-0004,"Ở phía bắc huyện, nguồn ra từ động Thạch-Bạc 石泊峒 chảy về đông bắc qua xã Ngô-Xá lại nhập với Phú-Thọ-Thủy."
q07_08_page_136-0005,HÀM-NHƯỢC ĐÀM 咸若潭
q07_08_page_136-0006,"Ở phía tây huyện 4 dặm, nước chảy về đông đến cảng-khầu ngã ba rồi rút vào sông Nhật Lệ."
q07_08_page_136-0007,"Chín thác ở nguồn An-Đại 安代源九灘 ở phía tây huyện 1) thác Điện-Châu, 2) thác Bột, 3) thác Ông, 4) thác Lô-Đà, 5) thác Bức, 6) thác Đá-Bàn, 7) thác Khôi (hay thác Tro), 8) thác Lội, 9)"
q07_08_page_136-0008,KHE ĐỘNG-HỒI 洞洄溪
q07_08_page_136-0009,"Ở phía tây huyện ước 1 dặm, nguồn ra từ núi Ông-Hồi."
q07_08_page_136-0010,"Bản triều năm Nhâm-dần đời vua Thái-Tông 14 (1662) Nguyễn-Hữu-Dật 阮有鎰 khiến Trương-Văn-Vân 張文雲 đem binh giả làm binh của họ Trịnh lên đến khe Động-Hồi đánh phá binh họ Trịnh, tức là chỗ này."
q07_08_page_136-0011,LỖI-KHE 磊溪
q07_08_page_136-0012,"Phát nguyên ở khe Thạch-Bàn chảy ra biển Ròn, phía bắc khe liên tiếp với Cổ Lũy ở Hoàng-Sơn tức là đầu địa giới Hà-Tĩnh, từ Lỗi-Trại đến trang Thủy-Vực có khe lớn khe nhỏ chảy ra phía bắc xiên qua xéo lại hình như dải cờ."
q07_08_page_136-0013,"Phía bắc khe có dân mọi ở. Đời Lê đường thiên-lý từ Dinh-Cầu qua núi Hỏa-Hiệu 火號山 vượt khỏi Hoành-Sơn đến khe này rồi theo đường rừng đi về hướng đông, nay gọi là đường thượng."
q07_08_page_136-0014,AN-LAI THỦY 安来水
q07_08_page_136-0015,"Ở tây nam huyện Phong-Phú, nguồn ra từ sông Phú-An, tục danh là Cấm-Giang, chảy xuống đông ước 8 dặm nhập cửa sông Bình-Giang."
q07_08_page_137-0001,VÙNG BIỂN THẠCH-BÀN 石盤海兒
q07_08_page_137-0002,"Ở phía bắc huyện Lệ-Thủy (mấy cảng đà sau đây cũng thuộc huyện này) 14 dặm, một tên nữa gọi là Thiên-Hải (bề cạn) lại gọi là Bình-Hồ, do các nguồn An-Sinh, Cầm-Lý chảy đến hội hiệp các dòng gọi là Hạc-Hải 涸海 (bề cạn): phía đông bắc gò đống trùng điệp, phía tây nam có muôn ngàn đồi núi dăng ngang, ở giữa vùng biển lai láng mênh mông, chỗ sâu chỗ cạn, nhưng có một đường rất sâu ghe thuyền qua lại phải ngừa sự gió sóng, hạ lưu hiệp với sông Mỹ Hương 美香江 chảy vào biển."
q07_08_page_137-0003,"Xét An-Nam-Chi: Biển-Cạn 淺海 ở huyện Nha-Nghi 衙儀縣 sóng biếc lao chao, rau hạnh xanh tươi trồi sụt, có chim bạch-âu cầm-điều khi nồi khi chìm, ghe câu thuyền chài khi tụ khi tán, làm chỗ du quan cho một hạt."
q07_08_page_137-0004,"Sách ấy lại nói: Sông Bồ-Đài江 phát-nguyên từ Lão Qua撾 chảy qua phía đông huyện Bồ-Đài rồi phân dòng chảy vào bề-cạn, lại chảy vào sông Hóa-Châu 化州江, ghe thuyền đi thông được, có lẽlà vùng biển này."
q07_08_page_137-0005,LIEN-CẢNG 蓮港
q07_08_page_137-0006,"Ở phía nam huyện 37 dặm, nước từ cảng Lai-Cách 來格港 Quảng-Trị chảy về bắc 30 dặm rồi nhập vào cảng Dương-Xá."
q07_08_page_137-0007,"Ô-Châu Cận-Lục nói: Cảng này ở châu Minh-Linh, huyện Lệ-Thủy, đời Nhuận-Hồ hiệu Khai-Đại thứ 2 (1404) có đào mở mà cát đất ở dưới cứ trào nỗi lên lấp đầy không thông."
q07_08_page_137-0008,Trong có khe nhỏ từ phía bắc đến hiệp lưu ở đây.
q07_08_page_137-0009,"Nước rất trong, mát, đem cân với nước sông Đông-Luật 東律 thì in nhau như một."
q07_08_page_137-0010,Khi vua Lê đánh Chiêm-Thành thường ngự uống nước
q07_08_page_137-0011,PHÚ THỌ THỦY 富壽水
q07_08_page_137-0012,"Ở phía bắc huyện, nước theo nguồn Cầm-Lý chảy xuống đến 131 cầu Hoằng-Viễn 宏遠橋, rút vào Bình-Giang, lại có một chi chảy về phía bắc vào vùng biển Thạch-Bàn."
q07_08_page_138-0001,QUI-HẬU THỦY 歸厚
q07_08_page_138-0002,"Ở tây nam huyện, nguồn ra từ núi An-Trạch, khuất khúc chảy về phía bắc ước 10 dặm, rút vào vực An-Sinh."
q07_08_page_138-0003,"Phía nam có đà Cô Liễu 古柳沱, phía bắc có đà Thượng-Phong 上豐沱."
q07_08_page_138-0004,DƯƠNG-XÁ THỦY 楊舍水
q07_08_page_138-0005,"Ở phía tây huyện, nguồn ra từ núi Chấn-Sơn 震山 chảy về phía bắc hơn 40 dặm qua miệng cảng Dương-Xá chia 2 lạch: Một lạch chảy quanh đến xã Qui-Hậu chảy vào Bình-Giang; một lạch chảy quanh qua xã Xuân-Hồi cũng nhập vào sông lớn."
q07_08_page_138-0006,LẠCH-TÚC ĐÀ 瀝肅沱
q07_08_page_138-0007,"Ở phía bắc huyện độ 10 dặm, chảy vào vùng biển Thạch-Bàn."
q07_08_page_138-0008,HÀNH-PHỔ ĐÀ 衡普沱
q07_08_page_138-0009,"Ở phía bắc huyện 15 dặm, nước từ bề-cạn chảy vào đà, rồi thông với sông lớn, phía đông có ngòi Võ-Xá."
q07_08_page_138-0010,CHỈ HUY ĐÀ 指揮沱
q07_08_page_138-0011,"Ở phía bắc huyện 1 dặm, nước rút về vùng biển Thạch-Bàn."
q07_08_page_138-0012,AN-XÁ ĐÀ 安舍沱
q07_08_page_138-0013,"Ở phía bắc huyện, từ Bình-Giang phân lưu độ 3 dặm chảy vào vùng biển Thạch Bàn; phía tây có 1 chi cũng từ Bình-Giang phân lưu 4 dặm cũng vào vùng biển Thạch-Bàn."
q07_08_page_138-0014,ĐẦM SƯU-SƯU 庾廋潭
q07_08_page_138-0015,"Ở phía nam huyện 25 dặm, bản-triều đời vua Thái-Tông 38 năm Bính-Dần (1686), nước đầm cạn thấy đáy, khoảnh khắc nước lại tràn ra như cũ."
q07_08_page_138-0016,VỰC AN-SINH 安生淵
q07_08_page_138-0017,"Ở chỗ ngả-ba nguồn Cẩm Lý, trên có mây núi mở rộng, dưới thời vực nước trong suốt tới đáy, rất sâu."
q07_08_page_138-0018,"Tục truyền có thủy-tộc (1) nơi vực ấy, hoặc gặp khi mây mù mưa tối, ghe chài câu qua lại thường nghe có tiếng kèn trống. Đầu mùa xuân người ta đảo võ, đặt đàn và đua ghe ở đấy, thì được có trận mưa liền."
q07_08_page_139-0001,LIÊN-TRÌ池
q07_08_page_139-0002,"Ở phía nam huyện 22 dặm thuộc 2 xã Thủy-Liên thượng hạ chu vi 15 dặm, gò cát đá ở phía bắc, Bột-Động 孛洞 đứng phía nam nước ao này phía tây thông với Lan-Cảng 湖港, gần phía nam có Ô-Châu Cận-Lục chép: Ao này ở phía đông núi An-Sơn huyện Lệ-Thủy, phía tả có trái núi, trên núi lại đột khởi một chót cao, phía trước ao cũng có núi, ngoài núi ấy lại có núi nữa."
q07_08_page_139-0003,"Sắc nước xanh như chàm, 4 mùa đầy luôn, mưa không tràn, nắng không cạn, vết chân của tiều-phủ và mục-đồng qua lại luôn luôn, nhưng chưa ai từng tắm ở ao này, trong ao có sen, nên gọi tên ấy."
q07_08_page_139-0004,"Mười lăm thác ở nguồn Bang-Môn十五灘, ở phía tây huyện Lệ-Thủy: 1) Bang-Than 邦灘, 2) Lãm-Châm-Than 覽砭灘 3) Điền-Châu-Than 田洲灘, 4) A-Nương-Than 阿娘灘, 5) A-da Than 阿爺灘, 6) A-Bà-Than 阿婆灘, 7) A-Nhi-Than 阿兒灘, 8) Hoa-Than 葩灘, 9) Lộ-Than 露灘, 10) Am-Than 庵灘, 11) Phụ Than 阜灘, 12) Táng-Than 葬灘, 13) Trường-Than 長灘, 14) Thiền"
q07_08_page_139-0005,ĐẶNG-ĐÊ THỦY 鄧提水
q07_08_page_139-0006,"Ở phía bắc huyện Bố-Trạch (các chỗ dưới đây cũng thuộc huyện này) nguồn ra từ khe Mạn-Động qua vực Sinh-Uyên ở núi Cao-Lao, chảy xuống Linh-Giang."
q07_08_page_139-0007,KHƯƠNG-HÀ THỦY 羌河水
q07_08_page_139-0008,"Ở phía bắc huyện, nguồn ra từ núi Cổ-Bồng, chảy ra phía bắc ước 8 dặm nhập vào Linh-Giang. (1) Thủy tộc = động vật sinh hoặc ở dưới nước."
q07_08_page_140-0001,ĐÀ ÔNG-ĐÀI沱
q07_08_page_140-0002,"Ở phía bắc huyện, nguồn ra từ núi Cao-Lao chảy về đông bắc vào sông Linh-Giang."
q07_08_page_140-0003,ĐÀ LIÊM 榛沱
q07_08_page_140-0004,"Ở phía bắc huyện, nguồn ra từ núi Thạch-Bào độ 3 dặm rồi chảy về phía bắc vào sông Nguồn Son."
q07_08_page_140-0005,ĐÀ AN-MỸ 安美沱
q07_08_page_140-0006,"Ở phía bắc huyện, nguồn ra từ núi An-Mỹ chảy độ 2 dặm."
q07_08_page_140-0007,CỬU KHÚC LONG-KHE 九曲龍溪
q07_08_page_140-0008,"Ở phía tây bắc huyện độ 8 dặm, phía trước mặt hạ-thôn xã Cao-Lao, đầu khe dòm xuống vực Sinh-Uyên, đuôi khe giáp Châu Khê, đường nước có chỗ gọi là Lưỡi rồng, có chỗ gọi là Rốn rồng quanh-chuyền 9 chiều, giữa sâu 1, 2 thước không chừng, nước chảy luôn không rứt, tháng 5 tháng 6 đại hạn có khi khô cạn, duy từ chỗ Đầu rồng Lưỡi rồng thì có nước mạch chảy ra, lòng khe thường không cạn."
q07_08_page_140-0009,"2 bên tả hữu mỗi đoạn khe có mỗi cái gò lồi lên, xem hình thế giống như đám mây bay theo rồng vậy."
q07_08_page_140-0010,"Khe ấy lâu ngày bồi cạn, thôn-dân đào mở cho lưu thông để dẫn nước."
q07_08_page_140-0011,XUÂN KIỀU THỦY橋水
q07_08_page_140-0012,Ở phía đông huyện Bình-Chính (mấy chỗ sau đây cũng thuộc huyện này) tục danh Cảng Ròn 府.
q07_08_page_140-0013,"Xưa Lê Thánh-Tôn đi đánh Chiêm-Thành đào mở một cảng nhỏ phía nam từ Linh-Giang phía bắc đến sông Ròn cho thông đường nước, ngày nay đoạn giữa bồi lấp không thông, mà đường cũ vẫn còn."
q07_08_page_140-0014,PHAN-LONG THỦY 攀龍水
q07_08_page_140-0015,"Ở phía đông huyện nửa dặm, phía nam chảy vào Linh-Giang."
q07_08_page_140-0016,TƯỢNG-SƠN THỦY 象
q07_08_page_140-0017,"Ở phía tây huyện 1 dặm, phía đông chảy vào Linh-Giang."
q07_08_page_141-0001,CÀN-KIM THỦY 乾金水
q07_08_page_141-0002,"Ở phía bắc huyện 37 dặm, nguồn ra ở phía tây sông Thạch Giang 3 dặm, lại có cảng Hùng-Sơn 雄山港, nước ấy đều chảy đến sông Ròn."
q07_08_page_141-0003,ĐÀ ĐỘ-HÔ 度呼沱
q07_08_page_141-0004,"Ở phía bắc huyện 33 dặm, nguồn ra từ núi Lộc-Kiều山."
q07_08_page_141-0005,"Phía tây có đà Tang-Châu, nguồn ra từ núi Tang-Châu 桑州山 nước ấy đều chảy về sông Ròn."
q07_08_page_141-0006,ĐÀ LÂM-XUÂN 臨春沱
q07_08_page_141-0007,"Ở đông nam huyện 8 dặm, nguồn ra núi Kim-Linh 全龄山 chảy về phía đông vào cảng Vĩnh Lộc 永祿港."
q07_08_page_141-0008,ĐẦM LƯƠNG-TRÌNH 1
q07_08_page_141-0009,"Ở phía tây huyện 7 dặm, bốn phía đều là động cát, ở giữa có một vũng nước bốn mùa không cạn."
q07_08_page_141-0010,ĐẦM PHÁP-KỆ 法偈潭
q07_08_page_141-0011,"Ở phía tây huyện 3 dặm, bốn phía đều là núi cát, giữa có một vũng nước bốn mùa không cạn, có sen trắng sinh sản trong đầm."
q07_08_page_141-0012,NGỌC-TỈNH 玉井
q07_08_page_141-0013,"Ở tại gò cát thôn Tượng-Sơn, gò ấy dài dặc, ở bên có một vũng tròn, đường kính độ 2 trượng, nước rất trong ngọt, đã tiện lợi cho sự dùng uống, lại còn dẫn đem vào ruộng."
q07_08_page_141-0014,Vua Thánh-Tôn nhà Lê khi đi đánh Chiêm-Thành dùng uống nước ấy.
q07_08_page_141-0015,THANG-TUYỀN 湯泉
q07_08_page_141-0016,"Ở tây bắc huyện 13 dặm, lòng khe tràn lên như chảo nước sôi nước dưới khe đều lạnh, duy có chỗ này nóng, thường đến thu đông mặt nước bốc lên như khói, không ai đến gần được."
q07_08_page_141-0017,ĐỒNG-KHÊ 桐溪
q07_08_page_141_142-0001,"Ở phía bắc huyện, khi trước đi qua núi Hoành-Sơn có 2 con đường một đường đi theo Hoàng-Ngưu-Đôi 黃牛堆 ở Vĩnh Quán 永館 gần biển; một đường đi theo Đồng-Khê chỗ núi hủng xuống, xưa họ Trịnh đã từng đắp lũy ở chỗ đây."
q07_08_page_142-0001,"Còn đường đi theo Đồng-Khe hiểm trở, dấu đường lâu ngày lu lấp, nay người ta đều đi theo đường Vĩnh-Quán."
q07_08_page_142-0002,6 THÁC THỦY VỰC 水域六灘
q07_08_page_142-0003,"Ở phía bắc huyện 1) Thạch Bàn-Than 石盤灘, 2) Vực-Son Than 域崙灘, 3) Thảo-Mảng Than 草莽灘, 4) Co-Mã-Than 古馬灘."
q07_08_page_142-0004,"5) Quyết-Than 厥灘, 6) Chúc-Than 祝灘."
q07_08_page_142-0005,MỘC-MIÊN KHÊ 木棉溪
q07_08_page_142-0006,"Làm chỗ giáp giới huyện Bình-Chính và huyện Kỳ-Anh, nước khe chảy mạnh, xảy có trận mưa thì không lội qua được, hoặc đến một hai ngày."
q07_08_page_142-0007,HÀ-CÔNG THỦY 河公水
q07_08_page_142-0008,"Ở phía tây huyện Minh-Chính (các chỗ sau đây cũng thuộc huyện này) 7 dặm, biệt-lưu của sông Linh-Giang."
q07_08_page_142-0009,Do sông lớn nứt ra 1 chi từ thôn Hà.
q07_08_page_142-0010,Công chảy độ 1 dặm qua phía tây huyện lỵ cũ rồi hiệp lại với sông lớn.
q07_08_page_142-0011,TIÊN-LANG THỦY 先郎水
q07_08_page_142-0012,"Ở phía nam huyện lỵ Minh-Chính, nguồn ra từ phía nam động Da-Sơn độ 1 dặm chảy vào Linh-Giang."
q07_08_page_142-0013,VĨNH LỘC THỦY 永祿水
q07_08_page_142-0014,"Ở phía nam huyện độ 3 dặm, nước do sông lớn phân lưu chảy qua thôn Tiên-Lễđộ 7, 8 dặm đến xã Vĩnh Lộc hiệp lại với sông lớn."
q07_08_page_142-0015,VỰC NẪM-CHÂU 稔珠淵
q07_08_page_142-0016,"Ở phía tây huyện, nước sâu vài mươi trượng."
q07_08_page_142-0017,42 THÁC Ở QUẢNG-TUẦN 廣巡四十二灘
q07_08_page_142-0018,"Ở tây bắc huyện Minh-Chính, từ phía bắc cái khe ở sách Thanh Lãng thuận dòng chảy xuống đến cửa biển Linh-Giang, những thác đá có 42 chỗ: 1) Mãng Cù-Than 莽衢灘, 2) Tri-Than 知灘, 3) Mộ Than 墓灘, 4) Độc-Than 獨灘, 5) Vi-Than 為灘, 6) Giang-Than 江灘 7) Lap."
q07_08_page_142-0019,"Than 臘灘, 8) Thạch-Lai-Than 石來灘, 9) Đề-Than 底灘 10) Nhung-Than 戎灘, 11) Đơn-Than 單灘, 12) Thâm-Than 深灘 13) Hoá-Than 化灘, 14) Lũy-Than 壘灘, 15) Như-Trai-Than 齋滩 16) Bà-Than 妃灘, 17) Ngạc-Than 灘, 18) Dụng-Than 用灘 19) Ngư-Than 魚灘, 20) Ác-Than 惡灘, 21) Du-Than 愈灘, 22) Thiệt-Than 揲灘, 23) Vị Than 未灘, 24) Cát-Đinh-Than 吉丁灘 25) Viên-Than 員灘, 26) Lap-Than 蠟灘, 27) Đạt-Than 達灘, 28) Lôi Than 雷灘, 29) Trúc-Than 竹灘, 30) Hoàng-Than 黄灘, 31) Lô-Vi Than 蘆葦灘, 32) Âm-Than 音灘, 33) Thôi-Than 催灘, 34) Nga Than 我灘, 35) Do-Than 由灘, 36) Tánh-Mạng-Than 性命灘, 37) Cô-Mã-Than 古馬灘, 38) Lịch-Than 瀝灘, 39) Vong-Cầu-Than 妄求灘, 40) Bà-Sa-Than 婆娑灘, 41) Đồng-Trợ-Than 同助灘 42) Đồng-Lao-Than 同勞灘."
q07_08_page_143-0001,17 THÁC LỖ-CẢNG 魯港十七灘
q07_08_page_143-0002,"Ở phía bắc huyện Minh-Chính, phát nguyên từ khe Mộc-Miên qua phía nam Bi-Sơn, chảy đến Lỗ-Cảng có 17 thác: 1) Thiền-Than 淺灘, 2) Vinh-Than 禁灘, 3) Kỳ-Ninh-Than 崎寧灘, 4) Da-Mộc Than 椰木灘, 5) Lư-Bồ-Than 驢蒲灘, 6) Như-Lu-Than 茹宴灘 7) Cha-Lâu-Than 吒 、 婁灘, 8) Lỗ-Lôi-Than 魯雷灘, 9) Hương-Quỳ Than 香葵灘, 10) Danh-Biện-Than 名下灘, 11) Trọng-Than 重灘 12) Trường-Than 長灘, 13) Đơn-Than 單灘, 14) Càn-Ngư-Than 乾魚灘, 15) Xuân-Than 椿灘, 16) Bản-Than 板灘, 17)-Than 倚潍."
q07_08_page_143-0003,2 THÁC KIM-LINH 金齡二滩 =
q07_08_page_143-0004,"Ở tây nam huyện Minh-Chính: 1) Trất-Than 室灘, 2) Ba-Tiêu"
q07_08_page_143-0005,ĐỘNG TƯ-CHÂU 洞思洲
q07_08_page_143-0006,"Ở phía tây huyện Phong-Lộc hơn 30 dặm, giữa sông Nhật Lệ nồi lên gò cát độ 6 dặm có ruộng đất cày làm, và có dân cư, phía tây có trạm kho cũ và di chỉ đình chùa nay vẫn còn."
q07_08_page_144-0001,TANG-CHÂU 洲
q07_08_page_144-0002,"Ở phía bắc huyện Bình-Chính 36 dặm, phía tây sông Ròn đột khởi gò cát lớn gọi là Tang-Châu, phía đông bắc có châu An-Lộc 安祿洲, phía đông-nam có châu Di-Loan 瀰鹭洲."
q07_08_page_144-0003,CÁCH-CHÂU 格洲
q07_08_page_144-0004,"Ở đông-nam huyện Bình-Chính độ 2 dặm, sinh nhiều rau cách nên gọi tên ấy."
q07_08_page_144-0005,NGA-MY-CHÂU 蛾眉洲
q07_08_page_144-0006,"xã Thổ-Ngõa huyện Bình-Chính, giữa sông nồi lên gò cát hơi cộng vào trong bờ, nhà phong-thủy (thầy địa lý) cho là án Nga-My."
q07_08_page_144-0007,LA-HÀ-CHÂU 羅河洲
q07_08_page_144-0008,"Ở phía đông huyện Minh-Chính, phía nam sông Linh-Giang khởi một gò cát lớn, có dân-cư xã La-Hà và xã Văn-Phú."
q07_08_page_144-0009,MỸ-HÒA TAM-GIÁP-CHÂU 美和三甲洲
q07_08_page_144-0010,"Ở phía đông huyện Minh-Chính, gần bờ phía nam sông Linh Giang, giữa sông nổi lên gò cát chu-vi 4 dặm, lại gần phía bắc có một gò dài độ 3 dặm, phía tây có một gò dài độ 1 dặm, đều là dân cư của phường Nội-Hà."
q07_08_page_144-0011,VÂN-LÔI-CHÂU 雲雷洲
q07_08_page_144-0012,"Ở phía tây huyện Minh-Chính 8 dặm, có gò nồi giữa sông độ2 dặm, trên có dân cư, gần đó có gò ở giữa."
q07_08_page_144-0013,KÝ-CHÂU 寄洲
q07_08_page_144-0014,"Ở giữa sông, trước huyện lỵ Minh-Chính cũ, tục-danh là Kỷ Châu, gần phía đông có Quan-Châu 官洲, Hoàng-Châu 湟洲, Tiên Lễ Châu 先禮洲, đất này cấy được và có dân-cư."
q07_08_page_145-0001,LONG-CHÃU 龍洲
q07_08_page_145-0002,"Ở giữa sông phía tây huyện lỵ Minh-Chính cũ, trên sông có núi Long-Ty 龍鼻, nên gọi là Long-Châu."
q07_08_page_145-0003,DA-CHÃU 椰洲
q07_08_page_145-0004,"Ở phía tây huyện Minh-Chính độ 7 dặm, trên gò có dân-cư."
q07_08_page_146-0001,CỔ TÍCH 古蹟
q07_08_page_146-0002,LŨY CŨ HOÀNH-SON 橫山故
q07_08_page_146-0003,"Ở phía bắc huyện Bình-Chính, theo trên một dải núi Hoành Sơn, chất đá làm lủy, từ trên núi Ba-Hy 巴希上嶺 (đường-thượng) chạy ngang suốt đến biển."
q07_08_page_146-0004,"Trương truyền lũy này là do Phạm-Văn 范文 ở Lâm-Ap đắp để làm đường phân-giới Giao Châu, Lâm Lại có 1 con đường núi do Ngô-Tử-An 吳子安 đem 3 vạn dân mở làm đường lục-lộ từ bờ cõi phía Nam đến Địa-Lý, trong niên hiệu Lê Đại Hành thứ 5 (984)."
q07_08_page_146-0005,Bùi-Dương-Lịch có câu thơ: «Thạch-Thành Lâm-Ấp trúc.
q07_08_page_146-0006,"Lục lộ Tử-An Bình = Thành đá: Lâm-Ấp xây. Đường lục: Tử-An đắp», đó là sự thật; mà Địa-Du-Chí của Lê-Quang-Định lại nói Trên núi Hoành-Sơn xưa có lũy đá của Trịnh-Ninh 鄭寧, và Phạm Qui-Thích 范貴適 dingang qua Hoành-Sơn cũng có câu thơ: Minh Quốc danh tồn cố lũy đài (國名存故壘苔) = Trên Minh-Quốc vẫn còn ở đám meo trên lũy cũ."
q07_08_page_146-0007,"Nay xét khi vua Thái-Tông năm Đinh Dậu thứ 9 (1657) quân bản-triều ta vượt qua núi Hoành-Sơn lược định đất 7 huyện ở Nghệ An, thì đại tướng Nguyễn-Hữu-Tiến 阮有進 hiện đóng đồn ở Hà-Trung 河中, khi ấy tưởng ở bắc là Trịnh-Ninh 鄭寧 lén xuống Quảng-Khuyến 廣勸 đến đào đất hào đắp lũy đề cùng quân ta phòng thủ, rồi liền bị triệu hồi hạ ngục."
q07_08_page_146_147-0001,"Vậy thì Quảng Khuyến là thuộc về huyện hạt Thiên-Lộc 天祿, còn ở phía ngoài Hà-Trung 河中, cách nhau 2 ngày đường mới đến Hoành Sơn, thì đâu có sự vượt qua Hoành-Sơn đắp lũy? Đó là do sự truyền văn sai lầm, hoặc là nhân theo dấu lũy cũ mà đắp thêm, đây đều chép vào CHUYÊN-LŨNG 磚龍 (Go-Gạch) Ở xã Vân-Tập, rộng được vài mẫu, gạch xưa chất đống như núi, so với gạch nay thì vẫn và mỏng hơn, xưa có người đào lấy xây vách."
q07_08_page_147-0001,"Lũng ấy đi vào 5 bước có cửa như hình ngọc khuê (trên nhọn dưới vuông), 2 bên xây liệt đá vuông, chu vi đều 1 thước 5 tấc trên mặt chạm nồi hình vuông, ở chỗ chính giữa có 1 viên đá tròn chu vi 1 thước, trong trống, chạm trỗ hình cái mão có chót cao vài từng in nhau, không ai đi cùng vô trong được, nghi đó là cái lũng cũ của Hoàn-Vương 環王 (Hiệu vua Chiêm-Thành tên là Gia-Cát-Địa)."
q07_08_page_147-0002,PHẾ THÀNH LÂM-ÁP 林邑廢城
q07_08_page_147-0003,Ở xã Trung-Ái huyện Bình-Chính.
q07_08_page_147-0004,"Từ núi Thành-Thang 成湯山 chạy dài đến các xã Tô-Xá, Vân-Tập, Phù-Lưu, vượt qua núi quanh theo khe, đều có ụ đất đứt riêng từng đoạn."
q07_08_page_147-0005,Tương truyền đó là di chỉ thành cũ của Lâm-Ấp.
q07_08_page_147-0006,"Trong sử có xưng «Thành Khu-Lật 區栗城 Lâm-Ấp, ở phía nam có Linh-Thủy 今水», nghi là nơi đây, hoặc truyền là lũy cũ của Hoàn-Vương, đây đều chép cả đề bị khảo."
q07_08_page_147-0007,ĐỒN CŨ DI-HẢI 彌海舊屯
q07_08_page_147-0008,Ở phía bắc huyện Bình-Chính.
q07_08_page_147-0009,"Khi Quốc-Sơ binh họ Trịnh cùng binh ta chống nhau, lấy sông Linh-Giang làm giới hạn, đồn binh ở đấy."
q07_08_page_147-0010,"Một đồn ở xã Trung-Ái, một đồn ở xã Phan-Long, một đồn ở xã Xuân-Kiều, tục hiệu là ba đồn, sau bị Đại tướng-quân của ta là Nguyễn-Hữu-Dật đánh phá tan cả."
q07_08_page_147-0011,THÀNH CŨ NINH-VIỄN 寧遠故城
q07_08_page_147-0012,"Ở huyện Lệ-Thủy, thành rộng 36 mẫu, tây giáp xã Qui-Hậu nam giáp xã Uần-Áo, đông tiếp xã Võ-Xá, đắp đời Lê trước."
q07_08_page_147-0013,"Ô-Châu Cận-Lục chép: thành Ninh-Viễn một mặt dựa núi, 3 mặt cách sông, hình thế hiểm trở, làm rào che cho Hóa-Châu, ngoài cửa phía nam có chạm vào đá một câu: Ninh-Viễn thành Trấn-Bình Nha cư-yên = ở đây là nha Trấn-Bình thành Ninh-Viễn."
q07_08_page_147-0014,LŨY CŨ PHƯỚC LỘC CỦA BẢN-TRIỀU 本朝福祿故壘
q07_08_page_147-0015,"Ở huyện Bố-Trạch, một dãy lũy đất từ xã Phước Lộc đến 2 xã Liên-Hương, Câu-Hiệp, thẳng đến xã Phú-Xá huyện Phong-Lộc."
q07_08_page_147-0016,"Bản triều Thái-Tổ Hoàng-Đế có dựng trường súng ở đây, cựu tích vẫn còn."
q07_08_page_148-0001,DINH CŨ BỐ CHÍNH 布政舊營
q07_08_page_148-0002,"Ở phường Chính-Hòa huyện Bố-Trạch, tục danh Ngõa-Dinh (dinh ngói); bản-triều Hy-Tôn năm Canh-ngọ 17 (1630) lấy châu nam Bố-Chính lập làm dinh Bố-Chính, đặt 20 thuyền-binh đồn giữ đề ngăn binh họ Trịnh."
q07_08_page_148-0003,LŨY CŨ ĐỘNG-HẢI 洞海故壘
q07_08_page_148-0004,"Ở đông bắc huyện Phong-Lộc 13 dặm, khi quốc-sơ đắp lũy đồn binh đề ngăn ngừa họ Trịnh, gọi là đồn Động-Hải."
q07_08_page_148-0005,Khi đầu trung-hưng năm Tân-Dậu (1801) sau khi khắc phục đặt làm dinh Quảng-Bình tức là tỉnh-thành ngày nay.
q07_08_page_148-0006,LŨY CŨ PHÚ-NINH 富寧故壘
q07_08_page_148-0007,"(trước gọi là Trấn-Ninh) Ở địa phận xã Phú-Ninh huyện Phong-Lộc, bản-triều năm Nhâm-Dần vua Thái-Tôn Hoàng-Đế (1662) mạng Ngô quốc-công Nguyễn-Hữu-Dật khởi đắp lũy Trấn-Ninh 鎮寧 đề ngăn giặc biển, lại đắp lũy Sa-Phụ 沙阜 đề nương dựa nhau."
q07_08_page_148-0008,"Thuở ấy người họ Trịnh đến xâm lăng thường đánh lũy Trấn-Ninh mà phá nhồ không được phải rút đi, sau lại đưa thơ xin mượn đường Trấn-Ninh đi đánh Lê-Duy-Mật, vua không cho; mưu ấy phải dẹp."
q07_08_page_148-0009,LŨY CŨ TRƯỜNG-DỤC 長育故壘
q07_08_page_148-0010,"Ở phía nam huyện Phong-Lộc 20 dặm, có tên nữa là lũy Hồi Văn 迴文."
q07_08_page_148-0011,"Bản triều đời vua Hy-Tôn 17 (1630), Hoằng-quốc-công Đào-Duy-Từ 陶維慈 dâng đồ thức để đắp một lũy dài từ trên núi Trường-Dục xuống đến bãi cát Động-Hải để làm kế phòng thủ."
q07_08_page_148-0012,"Năm Mậu Tý đời vua Thần-Tôn 13 (1648), họ Trịnh đến xâm lăng, khi ấy Trương-phước-Phấn 張福奮 cùng con là Hùng 雄 giữlũy Trường Dục, binh họ Trịnh cự chiến không phá nồi."
q07_08_page_148-0013,Người ta gọi là lũy «Phấn-Cố-Trì 》持壘.
q07_08_page_148-0014,Lũy này nay đã bỏ.
q07_08_page_149-0001,DINH CŨ VÕ-XÁ 武舍舊營
q07_08_page_149-0002,Ở xã Võ-Xá huyện Phong-Lộc.
q07_08_page_149-0003,"Khi quốc-sơ Trịnh binh đến xâm, Đại tướng-quân của ta là Nguyễn Hữu-Tấn 阮有進 đóng binh ở đây."
q07_08_page_149-0004,"Cùng dinh Động-Hải tiếp ứng, quân dinh liên lạc cùng nhau gọi là Thập-Dinh."
q07_08_page_149-0005,"Sau khi Trịnh binh đã lui, thường có binh đồn trú, đặt cai-suất đại-viên, gọi là Lưu-đồn-đạo, di-tích nay vẫn Phía đông dinh này ruộng nương bùn lầy rất sâu, Trịnh binh đến xâm lăng, quân ta chụp đánh, chúng đều sa vào trong lầy, quân sĩ vỡ tan; địch-quân lấy làm sợ, có ca rằng: «Nhất khả kỵ hề Động-Hải trường lũy; Nhị khả kỵ hề Võ-Xá nê điền = Một điều đáng sợ là lũy đài Động-Hải; hai điều đáng sợ là ruộng lầy Võ-Xá»."
q07_08_page_149-0006,Câu ca ấy là chỉ nơi đây vậy.
q07_08_page_150-0001,TỪ MIẾU 祠廟
q07_08_page_150-0002,ĐÀN XÃ-TẮC 社稷壇
q07_08_page_150-0003,"Ở tây bắc tỉnh thành, địa phận huyện Phong-Lộc."
q07_08_page_150-0004,"Qui chế: 1 từng thứ nhất vuông 4 trượng 2 thước 2 tấc, cao 2 thước 5 tấc; từng thứ nhì vuông 10 trượng 4 tấc, cao 1 thước 2 tấc, cũng y như đàn ở các tỉnh, đắp năm Minh-Mạng 14."
q07_08_page_150-0005,ĐÀN TIÊN-NÔNG 先農壇
q07_08_page_150-0006,Ở đông nam tỉnh-thành địa phận Phong-Lộc.
q07_08_page_150-0007,"Qui chế vuông rộng 3 trượng 6 thước, cao 3 thước 7 tấc, lại có 3 mẫu tịch điền ở phía nam. Đàn này cũng đồng kiều như các tỉnh, đắp năm Minh"
q07_08_page_150-0008,ĐÀN SƠN-XUYÊN 山川壇
q07_08_page_150-0009,"Ở ngoài quách phía nam tỉnh thành, đàn chế y như ở phủ Thừa-Thiên, đắp năm Tự-Đức thứ 5 (1852)."
q07_08_page_150-0010,VĂN-MIẾU 文廟
q07_08_page_150-0011,"Ở tây nam tỉnh thành, địa phận huyện Phong-Lộc."
q07_08_page_150-0012,"Chính đường 3 gian, tiền đường 5 gian, 2 bên tả hữu vu đều 5 gian."
q07_08_page_150-0013,"Năm Gia-Long 17 (1819) dựng ở địa phận huyện Phong-Lộc, năm Minh."
q07_08_page_150-0014,"Mạng 19 (1838) dời qua chỗ hiện kim, địa phận xã Trung."
q07_08_page_150-0015,Trinh gần phủ lỵ.
q07_08_page_150-0016,MIẾU HỘI ĐỒNG 會同廟
q07_08_page_150-0017,"Ở đông nam tỉnh-thành địa phận huyện Phong-Lộc, thờcác vị Thần-kỳ trong cảnh-thồ."
q07_08_page_150-0018,Qui chế của miếu: tiền-đường chính đường đều 3 gian.
q07_08_page_150-0019,"Năm Minh-Mạng thứ 2 nguyên làm ở địa phận xã Lương-Yến, năm Thành-Thái thứ 10 (1898) dời làm ở địa phận xã Trung-Trinh gần tỉnh lỵ."
q07_08_page_151-0001,MIẾU TAM-TÒA 三座廟
q07_08_page_151-0002,"Ở tây bắc tỉnh thành, địa phận huyện Phong-Lộc, làm năm"
q07_08_page_151-0003,MIẾU THÀNH-HOÀNG 城隍
q07_08_page_151-0004,Miếu ở chính đông tỉnh thành địa phận huyện Phong-Lộc.
q07_08_page_151-0005,"Năm Minh-Mạng thứ 2 làm ở phía đông bắc tỉnh thành, năm Tự-Đức thứ 2 dời qua chỗ hiện kim."
q07_08_page_151-0006,MIẾU LONG-VƯƠNG 龍王廟
q07_08_page_151-0007,"Ở trên động cát xã Phú-Ninh huyện Phong-Lộc, gặp nắng hạn cầu đảo có linh ứng."
q07_08_page_151-0008,ĐỀN HOẰNG-QUỐC-CÔNG 弘國公祠
q07_08_page_151-0009,Ở huyện Phong-Lộc phía tả trong ải Võ-Thắng 武勝閩.
q07_08_page_151-0010,Thờ thần Đào-Duy Từ 陶經慈 vị khai-quốc công-thần của bản-triều.
q07_08_page_151-0011,"Nhà đền nghiêm-trang, bốn phía cây núi xanh tốt, sau trải qua cơn biến loạn hư nát, sau này người ta nhớ công đức của ông, nhơn nền cũ đắp đài bằng đất cao hơn 2 thước, thường năm xuân thu cúng tế."
q07_08_page_151-0012,"Năm Minh-Mạng thứ 2 (1821) cây ở bốn phía đài đất ấy bị gió ngã cả người ta sắp đốn làm củi, nhưng trong khoảnh khắc cây đều đứng lại như cũ, người ta cho là hiền linh."
q07_08_page_151-0013,ĐỀN ANH-QUỐC-CÔNG 英國公祠
q07_08_page_151-0014,Ở ấp Tráng-Hiệp huyện Phong-Lộc.
q07_08_page_151-0015,Thờ thần khai-quốc công thần Anh-quốc-công Nguyễn-Hữu-Tiến 阮有進.
q07_08_page_151-0016,"Khi quốc-sơ, ông làm Thống-suất ởLưu-Đồn-Đạo ngăn giữ binh họ Trịnh, sau mất người ấp ấy lập đền thờ."
q07_08_page_151-0017,ĐỀN TĨNH-QUỐC-CÔNG 靜國公祠
q07_08_page_151-0018,Ở phường Chương-Tín huyện Phong-Lộc.
q07_08_page_151_152-0001,"Thờ thần khai-quốc công-thần Vĩnh-An-hầu Nguyễn-Hữu-Kính 阮有鏡, con thứ ông ĐỀN NAM-HẢI 南海祠"
q07_08_page_152-0001,"Ở xã Thồ-Ngõa huyện Bình-Chính, khi trời hạn cầu đảo có linh ứng."
q07_08_page_152-0002,ĐỀN LIỄU HẠNH CÔNG CHÚA 柳杏公主祠
q07_08_page_152-0003,Ở thôn Vĩnh-Sơn huyện Bình-Chính trên chân núi Hoành-Sơn.
q07_08_page_152-0004,ĐỀN MAI-CÔNG 枚公祠
q07_08_page_152-0005,"Ở xã Thủy-Liên huyện Lệ-Thủy, thờ thần họ Mai 枚 tên là Văn Bản 文本. Đời Lê niên hiệu Quang-Thuận (1460 – 1469) Thánh-Tôn đi đánh Chiêm-Thành đến địa-đầu xã này bắt nhóm quân dân mở đào đường cảng để cho thông sự vận tải."
q07_08_page_152-0006,"Mai-Văn-Bản đến trước quân tâu nói: «đây là đất cát, có đào rồi cũng bị lấp, uồng phí sức dân»."
q07_08_page_152-0007,"Vua giận sao Bản được trái lịnh, khiến đem chém."
q07_08_page_152-0008,"Thế rồi cảng ấy khi đào ra rồi bị lấp lại như cũ, đến khi dẹp yên Chiêm-Thành trở về, có 20 thớt voi đứng bên bờ cảng, không chịu đi qua, lại lấy ngà cắm sát xuống đất kêu ò mãi không thôi, vua khiến người mật khấn rằng: Văn Bản như có linh, nên khiến cho voi ta đi qua sông, thì lập tức được phong tặng."
q07_08_page_152-0009,"Khi khấn xong, voi bèn lội qua sông cả."
q07_08_page_152-0010,"Vua liền phong cho Bản làm Thồ-thần, lập đền phụng sự."
q07_08_page_152-0011,Bản-triều năm Minh.
q07_08_page_152-0012,Mạng thứ 5 (1824) sắc tặng: Hoàn-Nghĩa Chi-Thần 完義之神.
q07_08_page_152-0013,Nơi đây lại có đền Thủy-Lan 水蘭祠 thờ Mai-Văn-An 枚文安.
q07_08_page_152-0014,"Văn-An do quân Vũ-Lâm đi theo đánh Chiêm-Thành bị trận vong được linh ứng, xã-dân lập đền phụng tự."
q07_08_page_152-0015,ĐỀN SONG-TRUNG 雙忠祠
q07_08_page_152-0016,"Ở xã Phù-Kinh 鳧涇社 huyện Minh-Chính, thờ công-thần đời Lê là Hoàng-Vĩnh-Tộ 黄永祚 và người con là Vĩnh-Dụ 永裕 trước đền có bia đá dài hơn 2 thước rộng 1 thước 5 tấc, trên mặt bia khắc «Song-Trung Miếu-Bi 雙忠廟碑», nay vẫn còn."
q07_08_page_153-0001,ĐỘNG-CHÙA 峒寺
q07_08_page_153-0002,ĐỘNG TIÊN SƯ 僳師峒
q07_08_page_153-0003,"Ở phía tây huyện Bố-Trạch 41 dặm, về trang Phong-Nha: một dãy núi đá cao lớn dăng dài, có tên nữa là động Sài-Son 柴山峒."
q07_08_page_153-0004,"Lưng động đứng thẳng như vách, sâu thẳm um tùm, có một đường nước từ trong động chảy ra Châu-Giang, rộng được 5, 6 trượng sâu được 1 trượng lẻ, cửa động cao 7, 8 thước không chừng, rộng 1 trượng rưỡi."
q07_08_page_153-0005,"Bên tả có 2 tượng đá, một tượng cao lớn, một tượng bé thấp."
q07_08_page_153-0006,Ở bên tả lại có 1 tượng đá giống như Phật Quan Âm trang-dân ấy lập đàn phụng tự.
q07_08_page_153-0007,"Cửa động rộng hơn 2 trượng, nước khuất khúc vừa đi lọt chiếc thuyền nhỏ, trên thì vách đá cộng vòng, dưới thì sóng rợn lăn tăn trong ấy ngó thâm u không có lỗ thông bóng sáng, ra vào phải lấy đèn đuốc. Đi thuyển từ cửa động đến chỗ tận cùng ước độ 1 canh rưỡi, đường đi thuyền ngang qua rọi thấy thạch nhũ rủ xuống ngưng kết lại hình như tượng Phật hoặc giống như Nghê-Thường Vũ-Y (1) hoặc như cây hoa, hoặc như ngọc châu trôi, có những kỳ hình quái trạng, không thể xiết kể."
q07_08_page_153-0008,Người ta cũng gọi là Tiểu-Đào-Nguyên 小桃源.
q07_08_page_153-0009,"Cứ theo đường nước mà vào độ hơn trăm trượng, thấy được rộng sáng, trên có lỗ thông thiên, dưới có gò cát đá, lại có tượng đá hình như Tiên-Tử 仙子 để thờ ở đấy; tiên-triều sắc tặng: «Hiền Linh Chi-Thần 顯靈之神», cấp cho tế-khí tự vật liệt vào tự-điền 祀典."
q07_08_page_153-0010,"Sau trải cuộc binh-hỏa khoáng phế đã lâu, năm Minh-Mạng thứ 5 (1824) gia tặng: «Diệu-Ứng Chi-Thần 妙應之神 》."
q07_08_page_153-0011,"Từ phía hữu gò cát có một con đường, bỏ ghe lên bộ đi thông (1) Xiêm dáng áo lông, ý nói như xiêm áo sặc sỡriềm rà."
q07_08_page_154-0001,"đến chỗ hồng đường đá ước hơn nửa canh, rồi từ chỗ hồng ấy đi qua đường khe chật hẹp hiểm trở không ai dám đi, nên không biết còn xa gần thế nào nữa."
q07_08_page_154-0002,"Hỏi thồ-nhơn họ bảo động này thanh-u linh-dị, ít có người đi đến chỗ cùng."
q07_08_page_154-0003,AM-ĐỘNG 庵峒
q07_08_page_154-0004,"Ở phía bắc huyện Phong-Phủ 2 dặm, trên có đường rẽ thông đến huyện trị cũ."
q07_08_page_154-0005,ĐỘNG THẠCH-BAC 石泊峒
q07_08_page_154-0006,"Ở phía tây huyện Phong-Phú 7 dặm, có núi đá chót vót phía đông có khe nước làm chỗ phát nguyên sông Phú-Kỳ."
q07_08_page_154-0007,ĐỘNG XÍCH-SA 赤沙峒
q07_08_page_154-0008,"Ở phía tây huyện Lệ-Thủy 8 dặm, vì cát ở động sắc đỏ nên"
q07_08_page_154-0009,ĐỘNG KIM-LŨ 金膠峒
q07_08_page_154-0010,"Ở tây bắc huyện Minh-Chính 71 dặm, có những đồi cao trùng điệp, lùm tre xanh thẳm, man-sách ở tại nơi đấy."
q07_08_page_154-0011,ĐỘNG THANH-LÃNG 清朗峒
q07_08_page_154-0012,"Ở cực giới tây bắc huyện Minh-Chính 90 dặm, có muôn ngàn đồi cao hố thấp thăm thẳm, trong có man sách ở đấy, tiếp giới với huyện Hương-Khê tỉnh Hà-Tĩnh."
q07_08_page_154-0013,ĐỘNG CHÂN-LINH 真靈峒
q07_08_page_154-0014,"Ở phía tây huyện Minh-Chính 11 dặm, động ở phía tây xã Lệ Sơn-Thượng; có 1 núi đá, dưới giáp Giang-Khê; tục truyền xưa có Chân-Linh Tiên-Nữ 真靈像女 thường ở trong động."
q07_08_page_154-0015,"Lại có thầy tăngTinh-Pháp-Môn, một ngày nọ dùng kiếm chặt lưng núi, lại chặt chân núi, rồi Tiên-Tử (Nường Tiên) bỏ chạy qua núi phường Phước Lâm, thầy Tăng cũng theo qua, rồi cả hai người đều hóa ra hòn đá trên núi, nên gọi là núi Đạo-Sĩ 道士, cũng gọi là núi Trai-Tăng Tiên Tử 齋僧仙子山, dân phường ấy đắp đàn ở dưới núi phụng tự."
q07_08_page_154-0016,"Trên núi có 2 hòn đá, ở xa trông một hòn giống như «Ngọc-nữ lâm Phong 》 玉女臨風 (người ngọc hóng gió); một hòn giống như «Vũ khách lăng vân 羽客凌雲» (Đạo Sĩ cỡi mây)."
q07_08_page_154-0017,"Trên lưng núi này có chỗ viên đá đứt làm hai, tục gọi dấu gươm chặt của thầy Tăng còn chỗ chân núi hỏm vào gọi là chỗ thầy Tăng đoạn chân núi."
q07_08_page_154-0018,"Ở phía tây núi này có ghềnh đá mở ra 2 bên, giữa có điện Chân-Linh Tiên."
q07_08_page_154-0019,"Nữ, mỗi khi cầu mưa thường linh ứng."
q07_08_page_155-0001,ĐỘNG DA-MỘC 椰木峒
q07_08_page_155-0002,"Ở phía bắc huyện Minh-Chính 5 dặm, thế núi đất đá lẫn nhau cao nhọn, chạy dài vài mươi dặm, cây hoa xanh tốt, phía nam gần động Tân-Cia 新家峒"
q07_08_page_155-0003,MỊCH ĐỘNG 覓峒
q07_08_page_155-0004,"tây bắc huyện Minh-Chính 26 dặm, núi đồi cao tốt, phía tây gối sông Linh-Giang, phía đông nam gần núi Lỗ Cảng 鲁港山."
q07_08_page_155-0005,ĐỘNG BẠCH SA 白沙峒
q07_08_page_155-0006,"Từ cửa biển Di-Luân chạy vào nam thẳng đến cửa biển Minh Linh, động cát liên lạc trùng điệp mấy từng, như hình thành quách vậy, tục danh Đại-Trường-Sa 大長沙."
q07_08_page_155-0007,"Ô-Chậu Cận-Lục chép: «Trường sa chi địa thị cừ lô, đại hải chi thiên vi cái chần: đất trường sa ấy là bức chiếu, trời trên biển cả làm lọng xe», tức là nơi đây."
q07_08_page_155-0008,CHÙA KIM. PHONG 鋒寺
q07_08_page_155-0009,Ở trên đỉnh núi Thần-Đinh huyện Phong-Lộc.
q07_08_page_155-0010,"Chùa này không biết làm đời nào, trải khi biến loạn bị hư nát."
q07_08_page_155-0011,"Bản triều năm Minh-Mạng thứ 6 (1825) có trụ trì Trần-Gia-Hội dựng tạm chùa tranh, năm thứ 10 (1829) thồ-nhân Lê-Văn-Trúc quyên tiền làm lại chùa ngói vừa có thương thuyền đậu neo ở cửa Nhật Lệ gặp vớt đặng cái chuông đồng xưa cao lớn và dày, đem cúng cho chùa (danh thắng chùa này đã nói rõ theo Sơn-Xuyên-Chí)."
q07_08_page_155-0012,Xưa Hoằng-quốc-công Đào-Duy-Từ đi chơi núi Đâu-Mâu gặp một dị-nhân hiệu là Hoàng-Phủ 皇甫 ước đến chùa ấy đề truyền cho Thần-Thơ 神書.
q07_08_page_155-0013,"Sau Thống-suất ở Lưu-đồn-đạo là Kiêm-thiện-Hầu 兼善候, người học giỏi, nhơn khi rảnh việc qua chơi nơi chùa, thấy ông già đầu bạc chống gậy đến, hỏi ra thì ông già ấy đáp rằng: «Ta còn ở Bích-động chập nữa sẽ nói chuyện cùng nhau»."
q07_08_page_155-0014,"Bỗng chốc ộng biến mất, sau khi ấy mới biết đó là đức Phật hiện hình, nhân đó làm ra một thiên Quốc-âm ký-sự, nay ở nhơn-gian còn truyền tụng."
q07_08_page_156-0001,CHÙA CẢNH-TIÊN 境仙寺
q07_08_page_156-0002,"Ở ấp Tráng-Tiệp huyện Phong-Lộc, do khai-quốc công-thần Nguyễn-Hữu-Dật dựng lên."
q07_08_page_156-0003,"Tiên-triều có ban cho tấm biều đề chữ: Sắc Tứ Cảnh-Tiên-Tự 勅賜境仙寺, trải cơn biến loạn bỏ hư, năm Minh-Mạng thứ 8 (1827) ban bạc kho ra trùng-tu; năm Thiệu-Trị thứ 2 (1842) ngự-giá bắc tuần ban cho 100 quan tiền; năm Tự-Đức 18 (1865) ban bạc kho 100 lượng để trùng tu."
q07_08_page_156-0004,CHÙA HÓA-TỰ 化寺
q07_08_page_156-0005,"Ô-Châu Cận-Lục chép: Chùa này ở xã Hữu-Bồ huyện Phong-Lộc, ngoài chùa bốn phía có chẳm ao, trông xa lờ mờ thấy có gò nổi ở giữa cây cối sầm uất."
q07_08_page_156-0006,"Tương truyền chùa này biến hóa bất thường. hoặc khi thừa nhàn du ngoạn thì thấy rõ có di-chỉ, nếu cố ý sưu tầm thì mờ mịt không thấy đâu cả."
q07_08_page_156-0007,Nên gọi là Hóa-Tự.
q07_08_page_156-0008,CHÙA HOẰNG-PHƯỚC 弘福寺
q07_08_page_156-0009,Ở phường Thuận-Trạch huyện Lệ-Thủy.
q07_08_page_156-0010,"Bản-triều đời Thái Tổ Hoàng-Đế năm thứ 52 (Kỷ-Dậu 1609) dựng lên, gọi tên chùa Kính-Thiên 敬天. Đời Hiền-Tông Hoàng Đế năm 25 (Bính-Thân 1716) trùng-tu, có ngự đề một biển ngang là «Kính-Thiên-Tự» 敬天寺 và một biển nữa là «Vô-Song Phước-Địa» 無雙福地, và ngựchế 1) Huyền định-kính vu đương không, sâm la vạn tượng."
q07_08_page_156-0011,"Tạm dịch: Treo định-kinh (1) ở không trung, chiếu vào đầy dẫy Dịch giả chú: (1) Chữ «định» nghĩa là yên tịnh trong sạch."
q07_08_page_156-0012,Chữ kính nghĩa là cái gương.
q07_08_page_156-0013,Cái gương yên tịnh trong sạch.
q07_08_page_157-0001,"Xán tâm-đăng vu tánh địa, diệu chứng vô vị."
q07_08_page_157-0002,"Rọi tâm-đăng (1) vào tánh địa (2) ấn chứng huyền diệu Vô 2--Đại-đạo hoằng-nhân, địa-bố Hoàng-kim liên-hoa pháp Đạo lớn mở rộng lòng người, khắp nơi có pháp-giới (4) hoàng-kim (5), liên-hoa (6). (1) Tâm-đăng cũng như chữ tâm-linh, nghĩa là cái tâm sáng suốt, không ám muội. (2) Tánh-địa cũng như chứ tánh-thiên, tánh-hải. (3) Vô-vi nghĩa là vô sự, hay là tịnh tịch bất động. (4) Pháp-giới: danh từ của nhà Phật."
q07_08_page_157-0003,"Nói bản tánh của chúng sinh đều lành không khác bản tánh của Phật, có phép thần thánh tự nhiên sinh y như vậy, nên gọi Pháp giới (Từ Nguyên). (5) Hoàng-Kim: Nước Xá Vệ 舍衛 có một trưởng giả tên là Tu-Đạt Noa 須達等 thường bố thí cho kẻ cô độc bần cùng. gọi là Cấp-cô-độc-trưởng-giả, muốn xin đức Phật đề thuyết-pháp. Đức Phật khiến lựa chỗ cho có danh thắng Trưởng giả đến bạch với Thái-tử Kỳ-Đà 祗陀."
q07_08_page_157-0004,"Thái-tử nói dỡn rằng: Nếu có vàng đem rải cho khắp trong vườn của tôi, mới được nhận khoảnh vườn ấy."
q07_08_page_157-0005,"Tu-Đạt-Noa đem vàng rải khắp trong 80 khoảnh vườn, nhưng Thái-tử không nhận vàng, chung cất tịnh-xá, mời Phật đến thuyết pháp (6) Liên-hoa (hoa sen): Hoa-Nghiêm-kinh: Đất Phật có sinh ra sen ngu-sắc, một cái hoa là một thế giới, một cái lá là một Như-Lai-Truyền-Băng-Lục; Phật Thích-Ca khi sinh có phóng ra luồng sáng «đại-trí quang-minh» chiếu cả thập phương thế-giới, dưới đất có trồ lên hoa sen vàng."
q07_08_page_158-0001,"Thường-sa hiện tướng, tọa liên bích-ngọc thủy-nguyệt Thường. sa (1) hiện chân tướng, bửu tọa có thiền-tâm (2) như ngọc biếc, trăng trong."
q07_08_page_158-0002,"3– Đài tâm lý chi hương, Kim-lu bao-triện tường-vân hiệp."
q07_08_page_158-0003,"Phát động hương lòng, tường-vân hòa hiệp với kim-lur Thức trung huyền chi diệu, bối-diệp linh-văn pháp-vũ tinh thông huyền diệu, pháp vũ (4) thấm nhuần trên bối diệp linh-văn (5)."
q07_08_page_158-0004,"4-Náo thị kiến thiền quan, động trung năng tĩnh."
q07_08_page_158-0005,"Giữa chợ đồng xây dựng cửa chùa, nơi độug kia hay làm cho tĩnh."
q07_08_page_158-0006,"Vi trần minh tự tánh, hữu bản tôn vô. (1) Thường-sa."
q07_08_page_158-0007,"Chữ thường này có lẽ là chữ hằng 恆, mà vì tỵ húy trong nhà vua, nên đổi lại chữthường."
q07_08_page_158-0008,"Hằng-sa: là cát ở sông Hằng (Hằng hà sa số). (2) Thiền tâm: lòng thiền (lòng thầy tăng) (3) Kim lư bảo triện = lư vàng thắp hương báu. (4) Pháp-vũ = danh từ nhà Phật, nói Phật pháp khai hóa cho người, cũng như mưa phải thời, muôn vật đều nhờ ân huệ (5) Bối-diệp linh-văn = bối diệp là lá cây bối (cây buôn), linh văn là văn linh-thiêng. Đời xưa chưa có giấy, dùng lá cây bối đề biên kinh, nên dùng câu: bối diệp linh văn (văn thiêng ở lá bối) Thấy bụi nhỏ rõ được bản tánh, sự có ấy vốn do chỗ 5-Nhất thanh phổ độdã từ bi cổ Phật."
q07_08_page_158-0009,"Một lời được phồ độ là lòng từ bi của cổ Phật Ức sinh giáo hóa dã hoằng nguyện Như-Lai Chúng sinh theo giáo-hóa, là lượng hoằng-nguyện của Như-Lai."
q07_08_page_158-0010,"Chùa này trải qua những cơn biến loạn bị hư nát, năm Minh-Mạng thứ 2 (1821) thánh-giá Bắc-tuần đến viếng chùa đặt cho tên ấy."
q07_08_page_158-0011,Năm thứ 4 (1823) ban cho 100 lượng bạc đề trùng tu.
q07_08_page_158-0012,Năm thứ 7 (1826) lại ban cho 150 lượng đề trùng tu nữa.
q07_08_page_158-0013,"Năm Thiệu-Trị thứ 2 (1842) thánh-giá Bắc-tuần ban cho 300 quan tiền, ngự chế thi chương đề ghi thắng tích, có khắc vào bảng đồng đề trong chùa."
q07_08_page_158-0014,Năm thứ 6 (1846) gặp tuần đại-khánh tứ tuần thưởng tiền 300 quan.
q07_08_page_159-0001,"Ô-Châu Cận-Lục chép: Chùa Kỉnh-Thiên ở huyện Lệ-Thủy gần trạm Bình-Giang, nước biếc bao quanh, núi xanh dăng bọc, thật một ngôi chùa lớn ở Tân-Bình vậy."
q07_08_page_159-0002,"Chùa có cái chuông nặng đến 1000 cân, có tăng quan 僧官 và tự-phủ ở phụng sự, sau này bỏ hư chỉ còn nền cũ."
q07_08_page_159-0003,Khi trước Thái-Tổ dựng lên chùa này hoặc nhân theo nền cũ chăng?
q07_08_page_159-0004,CHÙA ĐẠI PHONG 大豐寺
q07_08_page_159-0005,"Ở 2 xã Đại-Phong và Tuy-Lộc huyện Lệ-Thủy, có sông lớn nằm ở trước, khe nhỏ nằm bên hữu, danh lam của đời xưa vậy."
q07_08_page_159-0006,Khi trời hạn cầu đảo được linh ứng.
q07_08_page_159-0007,CHÙA LINH-QUANG 靈光寺
q07_08_page_159-0008,"Ở phường Chính-Hòa huyện Bố-Trạch, dựng khi đầu khai quốc, sau cuộc biến loạn bỏ hư."
q07_08_page_159-0009,Năm Tân-Dậu (?
q07_08_page_159-0010,") dân phường trùng tu, năm Minh-Mạng 21 (1840) gặp đại khánh tiết ngũ-tuần vua Thánh Tổ (Minh-Mạng), có ban thưởng tiền cho."
q07_08_page_160-0001,QUAN TẤN 關汎
q07_08_page_160-0002,TRƯỜNG THÀNH ĐỊNH-BẮC 定北長城
q07_08_page_160-0003,Ở phía nam tỉnh thành huyện hạt Phong-Lộc.
q07_08_page_160-0004,"Bản triều đời vua Hy-Tôn năm Tân-Vị thứ 18 (1631) quan Nội-tán Đào-Duy-Từ nhắm lựa địa thế đắp lũy Trường-Dục từnúi Đâu-Mâu xuống đến Động-Hải cao 1 trượng 5 thước, dài hơn 3000 trượng; trên lũy đi xe ngựa được ngoài lũy có nước hà cừ làm ao ngăn; trở núi cách sông hình thế hiềm yếu thiên nhiên làm chỗ ngăn chận con đường Nam-Bắc không lưu thông được."
q07_08_page_160-0005,"Tục gọi lũy Thầy, là do ông Đào-Duy-Từ đắp ra. Đầu niên hiệu Gia-Long nhơn nền cũ bổi đắp lại, năm Minh-Mạng thứ 5 (1824) trùng tu, khởi từ cầu dài giáp chỗ xây đá thẳng đến núi Đâu-Mâu dài 4.175 trượng lẻ, cao 7 thước 3 tấc."
q07_08_page_160-0006,Năm Thiệu-Trị thứ 2 (1842) đổi lại tên này.
q07_08_page_160-0007,"Lại có lũy cũ Nhật Lệ từ góc phía bắc bờ hào tỉnh-thành đến chỗ đống-đá chuyền qua chỗ mỏ-dùi, liền qua tây bắc đến chỗ đống đá 1049 trượng lẻ, cao từ 6 thước đến 10 thước không hạn, đó là đắp trong năm Minh-Mạng thứ 5 (1824)."
q07_08_page_160-0008,ẢI QUẢNG-BÌNH 廣平閣
q07_08_page_160-0009,"Ở phía đông trong trường thành Định-Bắc: Cửa ải dài 2 trượng 1 thước, ngang 2 trượng 5 thước, đồn bảo ở ngoài ải dài 14 trượng 6 thước, cao 3 thước, xây đá năm Minh-Mạng thứ 6 (1825)."
q07_08_page_160-0010,Năm thứ 17 (1836) đúc 9 cái đỉnh có chạm hình ải này vào trong Nghị-Đỉnh.
q07_08_page_160-0011,"Năm Thiệu-Trị thứ 2 (1842) vua ra bắc tuần, ngự chế thi-chương khắc bia dựng đình ở ngoài cửa ải."
q07_08_page_160-0012,"Lại có ải nữa, tên là Võ-Thắng 武勝, qui chế y như ải trên, tên cũ là Lý-Chính-Đại-Quan-Môn大關門, năm Minh-Mạng thứ 7 (1826) đổi tên hiện kim, năm thứ Động Hải. binh họ Trịnh, di-tích nay vẫn còn."
q07_08_page_161-0001,Thành đóng quân ở cửa biển Nhật Lệ có bài thơ rằng Hiều khóa lâu thuyền độ vĩ-lư.
q07_08_page_161-0002,Sớm cỡi lầu thuyền qua vùng biển.
q07_08_page_161-0003,Phiên phiên chinh bái trú hà cừ. Đóng quân ở bờ sông cờ bay phất phới.
q07_08_page_161-0004,Sa hàn địa lão tà dương ngạn.
q07_08_page_161-0005,"Cát lạnh đất chai, khi bóng xế."
q07_08_page_161-0006,Sương lẫm phong phi túc thảo khư.
q07_08_page_161-0007,Sương mù gió thổi gò cỏ hoang.
q07_08_page_161-0008,2 Long ngự cứu truyền Tiên-Lý tích.
q07_08_page_161-0009,Kình phong do ký Hậu-Trần thư.
q07_08_page_161-0010,NGUỒN AN-ĐẠI 安代源
q07_08_page_161-0011,"Ở xã An-đại-thượng huyện Phong-Lộc. Đồng niên nạp sáp ong 30 cân, mật ong 12 ú, thiết-mộc 30 cây, thủ-đồng 手筒 30 cái, mỗi cái đại nạp tiền 18 đồng, tốc. hương 15 cân, mỗi cân đại nạp 4 tiền,. gạo nếp trắng 35 vuông, đại nạp 72 quan, tiền thuế mỗi năm đối"
q07_08_page_161-0012,HẢI TẤN NHẬT LỆ 日麗海汎
q07_08_page_161-0013,"Ở cửa Nhật-Lệ, rộng 75 trượng, khi nước lên sâu 6 thước nước ròng sâu 4 thước, nhiều rạn đá, tấn thủ đặt ở địa phận thôn Khi quốc sơ ở cửa biển có dăng ngang thiết tỏa đề phòng ngự Đời Lê Hồng-Đức năm thứ 9 (1478) Thánh-Tôn đánh Chiêm Vua đời Lý trú-tất nơi đây còn truyền thuyết (1). (1) Việt-sử: Vua Lý đi đánh Chiêm-Thành đến núi Ma-Cô 麻姑山 qua vịnh Hà-Não 河腦灣, trú tất ở cửa biển Trú-Nha 住牙海口 ngày sau qua đại tiều trường-sa."
q07_08_page_161-0014,"Trú-Nha tức ngày nay ở phía nam cửa biển Nhật Lệ, có xã Trú-Nha và xã Hải Cư."
q07_08_page_162-0001,Chỉ Kim Thiệu-bá tuần Nam quốc Đến nay Thiệu-Bả đi tuần Nam-quốc (2) Nhật tịch phong cương vạn lý dư Bờ cõi mở rộng hơn muôn dặm.
q07_08_page_162-0002,Dịch: Thuyền lầu lướt sóng ra khơi. tinh kỳ chỉ thẳng tới nơi ngọn nguồn.
q07_08_page_162-0003,"Bờ cát lạnh, buổi hoàng hôn Gió sương ướt đẫm cỏ còn xác xo. Đây đồn vua Lý ngày xưa Từ nay Thiệu-Bả tuần biên tiền, thuế tiền thường năm đối giá phát mại. có giao-địch-trường ở phía tây khe Như-Đại 茹大溪. đi tuần ở Nam-quốc."
q07_08_page_162-0004,"Dẹp tan sóng kình nơi đây, sử Hậu-Trần còn ghi (1)."
q07_08_page_162-0005,Quán kình dấu cũ Trần-thơ còn truyền.
q07_08_page_162-0006,Giang sơn mở rộng khắp miền trời Nam.
q07_08_page_162-0007,SÁ-NGUYÊN 洒源
q07_08_page_162-0008,"Ở xã Hoằng-Viễn huyện Phong-Phú, tương truyền trên nguồn này có núi Ngân-Sơn (đã nói trên), đồng niên nạp sáp ong 5 cân, vải thô trắng 4 đoạn, đại nạp 2 tiền 30 đồng, vải văn của mọi một bức đại nạp 3 quan tiền, dao bằng sắt 50 cái, mỗi cái đại nạp 50 đồng"
q07_08_page_162-0009,NGUỒN SON AN-NIỆU 安是為源
q07_08_page_162-0010,"Ở trang Phong-Nha huyện Bố-Trạch, phía tây nam sơn phần Xét nguồn này ở thượng lưu ngã ba sông Cổ-Bồng, mỗi (1) Vua Giản-Định-Đế nhà Trần bắt quan nhà Minh là Phạm-Đống-Cao (2) Câu này là vua Thánh-Tôn tựsánh với ông Thiệu-Bá đời nhà Chu đối giá phát mãi. quân ở cửa biển Bố-Chính có bài thơ Sơn bão hồi hoàn hải diều di."
q07_08_page_163-0001,Núi ôm bao bọc biển rộng xa mù Bố-Chính tùng cổ hiệu hoang thùy.
q07_08_page_163-0002,Châu Bố-Chính từ xưa là miền xa cách.
q07_08_page_163-0003,Tịnh hà thôn lạc mạo vi ốc.
q07_08_page_163-0004,Triệt phố quan tân trúc tác kỳ.
q07_08_page_163-0005,Nữ thượng phong yêu khoa uyễn-văn.
q07_08_page_163-0006,Dân điều quých thiệt ngữ thù-ly.
q07_08_page_163-0007,Dân nói tiếng như chim nghe riu rit.
q07_08_page_163-0008,"Kỵ nam thánh hóa hoằng nhu viễn. khi nước lụt xuống thì nước đỏ, nên tục danh là Son-Nguyên (hay Nguồn Son), Châu-Nguyên 味源, Bồng-Nguyên 逢源."
q07_08_page_163-0009,"Thuế nguồn đồng niên nạp trầm hương 8 cân, mỗi cân thế nạp 10 quan tiền, sáp ong 5 cân mỗi cân thế nạp 2 quan 5 tiền, trầu nguồn 50 tay,, mỗi tay thế nạp 1 tiền, dầu Cảm-Lãm 250 cân; thuế tiền thường năm"
q07_08_page_163-0010,HẢI TẤN LINH-GIANG 靈江海沢
q07_08_page_163-0011,Ở giới hạn 2 huyện Bố-Trạch và Bình-Chính.
q07_08_page_163-0012,"Cửa tấn rộng 65. trượng, khi nước lên sâu 7 thước, nước ròng sâu 5 thước, nhiều đá khi trước gọi là cửa biển Bố-Chính."
q07_08_page_163-0013,Trong niên hiệu Minh-Mạng đổi ra tên này.
q07_08_page_163-0014,Tấn-thủ đặt ở địa hạt Bố-Trạch.
q07_08_page_163-0015,Hiệu Hồng-Đức đời Lê năm thứ 9 (1478) vua Thánh-Tôn đi đánh Chiêm-Thành đóng Nhà cửa trong làng xóm theo dọc sông đều lợp tranh.
q07_08_page_163-0016,"Mấy chỗ quan-tân theo bến nước, tre đứng cao như cờ."
q07_08_page_163-0017,Con gái ưa tục thắt lưng ong cho là tốt đẹp.
q07_08_page_163-0018,Thánh hóa lần đến miền nam đểvỗ về phương xa.
q07_08_page_164-0001,Khẳng hạn phong cương ngoại đảo di.
q07_08_page_164-0002,Dịch: Núi bọc chung quanh bề mịt mờ Bố-Chính ngày trước vẫn tiêu sơ.
q07_08_page_164-0003,Ven sông nhà cửa che tranh cỏ Gái thắt lưng ong khoe yểu điệu Dàn hòa lưỡi quých nói liu lo.
q07_08_page_164-0004,"Trời nam đã rưới ơn mưa móc Di, hạ đâu nên rạch cõi bờ. biển Ròn đi theo hải-trình nửa ngày, còn đi bộ thì 2 canh. được, nên không đặt tấn-thủ. được, xưa có tấn-thủ, nay bỏ. bia dựng trên núi. Đâu lấy phong cương hữu hạn mà bỏ ngoại dân xử này?"
q07_08_page_164-0005,Khuất bến tre pheo dựng quạt cờ.
q07_08_page_164-0006,"Nguyễn Đình-Diệm Từ tỉnh thành đến đây đi đường bộ một ngày, từ đây đến cửa"
q07_08_page_164-0007,CỬA TẤN AN-NIỆU 安裊汎
q07_08_page_164-0008,"Ở đất huyện Bố-Trạch, cửa tấn cạn hẹp, thuyền lớn không đi"
q07_08_page_164-0009,HẢI TẤN LÝ-HÒA 里和海汎
q07_08_page_164-0010,Ở đất huyện Bố-Trạch; cửa tấn cạn hẹp thuyền lớn đi không
q07_08_page_164-0011,ẢI HOÀNH-SON 橫山關
q07_08_page_164-0012,"Ở phía bắc huyện Bình-Chính: ải này xây đá dài 11 trượng 8 thước, cao 10 thước, ở giữa là cửa ải, 2 bên tả hữu xây tường dài 75 trượng, cao 4 thước, quanh theo tả hữu và phía sau bức tường dài 12 trượng 2 thước."
q07_08_page_164-0013,"Năm Minh-Mạng 14 (1833) xây đá, năm Thiệu-Trị thứ 2 (1842) vua ra bắc tuần, ngự chế thi chương chạm"
q07_08_page_164-0014,HẢI TẤN RÒN 游海汎
q07_08_page_164-0015,"Ở huyện Bình-Chinh; cửa biển rộng 20 trượng, khi nước lên sâu 5 thước, nước xuống sâu 3 thước, nhiều rạn đá."
q07_08_page_164-0016,Cửa biển chật Chiêm-Thành đóng quân ở cửa biển Di-Luân có bài thi Hoành-Sơn tây vọng thị Di-Luân.
q07_08_page_165-0001,Diều diều bình sa tiếp hải tân.
q07_08_page_165-0002,"Mù mù bãi cát bằng, sát bờ biển."
q07_08_page_165-0003,Yên thủy sa đầu phận dịch thứ. Đầu ghềnh khói nước chia dịch-trạm.
q07_08_page_165-0004,Phong đào giang thượng kiến quan tân.
q07_08_page_165-0005,Lỗ tửu bôi bàn túy thị-nhân Tiệc rượu «Lỗ» (2) đắm say người kẻ chợ.
q07_08_page_165-0006,"Dục phỏng Ma-Cô bằng ký ngữ. (Từ nguyên). hẹp, tàu thuyền khó ra vào."
q07_08_page_165-0007,Có 1 tên là cửa biển Di-Luân 彌綸海口.
q07_08_page_165-0008,"Tấn-thủ đặt ở xã Cảnh-Dương, cách bờ 39 dặm, có Ông-Dự (đảo ông) đứng giữa biển."
q07_08_page_165-0009,Lê Hồng-Đức năm thứ 9 (1468) Thánh-Tôn đi đánh Ở núi Hoành-Sơn trông về phía tây thấy cửa Di-Luân Bên sông gió sóng đặt quan-tân.
q07_08_page_165-0010,Tề diêm trường 商場 phố yêu thương-khách.
q07_08_page_165-0011,"Sở muối «Tề» (1) đón rước khách bán buôn Dịch giả chú: (1) Muối Tề: nước Tề ở gần biển, Quản-Trọng làm tướng bày lấy nước biển nấu muối bán làm giàu cho nước (Bắc-sử). (2) Rượu Lỗ: Người ở Trung-Sơn hay gây men nấu rượu người nước Lỗ đến làm quan ở Trung Sơn lấy men đem về dầm vào rượu nước Lỗ, nói với người ta rằng: đó là rượu ở Trung-Sơn, sau có người Trung-Sơn đến xách rượu ra uống, người ấy cười nói: đây là men của xứ tôi, còn rượu thì không phải."
q07_08_page_165-0012,Nên rượu mà không ngon thì gọi là Lỗ tửu Muốn tìm Ma Cô (1) mà gởi lời Năm minh kim dĩ tức dương trần Biển nam nay đã lặng phong trần.
q07_08_page_166-0001,"Dịch: Phía tây Hoành-Lĩnh, cửa Di-Luân."
q07_08_page_166-0002,Bãi cát mênh mông tới hải-tần. Đầu bãi khói mây chia dịch-tram.
q07_08_page_166-0003,Trên sông sóng gió đóng đồn quan.
q07_08_page_166-0004,Muối Tề buôn bán người phương lạ Rượu Lỗ say sưa khách chợ gần.
q07_08_page_166-0005,"Muốn gặp Ma-Cô nhờ nhắn nhủ Biển nam nay đã hết phong-trần. quan, tiền thuế thường năm đối giả phát mại."
q07_08_page_166-0006,Nguyễn Đình-Diệm
q07_08_page_166-0007,"HAI NGUỒN KIM-LINH, KY-SA 金齡算沙二源"
q07_08_page_166-0008,"Ở phường Cao-Mại huyện Minh-chính, xưa có tuần-thủ hiệp với các nguồn ở An-Náu đều đặt bảo trú-phòng."
q07_08_page_166-0009,"Năm Gia-Long 18 (1819) đều đình bãi, chỉ có thâu thuế mà thôi, thường năm đối giá phát mãi."
q07_08_page_166-0010,"Thuế đồng niên: sáp ong 228 cân 13 lượng 8 đồng lẻ, mật ong 30 ú, vải văn 1 cây, thế tiền 6 quan, ngà voi 4 cái thế tiền 73"
q07_08_page_166-0011,TẤN QUẢNG-TUẦN 廣巡汎
q07_08_page_166_167-0001,"Ở huyện Minh-Chính, tên cũ gọi là Âm-Tuần 喑巡, thủ sở ở phường Đồng-Lê. Đầu niên hiệu Gia-Long đặt chức Quản-thủ, năm Minh-Mạng thứ 10 (1829) đổi làm tên hiện-kim, lại đổi Quản-thủ (3) Ma-Cô: Tiên nữ đời xưa, người ở Kiến Xương, tu đạo ở núi Cô-Du 姑餘, phía đông nam Mâu-Châu 年州, niên hiệu Chính-Hòa đời Tống phong làm Chân-Nhân 真人, (Tù DỊCH TRẠM 驿站"
q07_08_page_167-0001,TRẠM QUẢNG-LỘC 廣祿站
q07_08_page_167-0002,"Ở hai xã Đặng-Lộc và Phù-Chính thuộc huyện Lệ-Thủy, phía nam đến trạm Trị-Lập tỉnh Quảng-Trị 34 dặm lẻ, phía bắc đến trạm Quảng-Xá 24 dặm lẻ."
q07_08_page_167-0003,"Khi đầu niên hiệu Gia-Long lệ đặt lính các trạm đều 80 người, năm thứ 9 khiến từ Quảng-Bình vào nam đến Bình Thuận mộ thêm dân ngoại-tịch đều 20 người bổ vào lính trạm cho đủ số 100 người. Đầu năm Minh-Mạng cấp ngựa cho mỗi trạm 3 con."
q07_08_page_167-0004,"Khi trước gọi là trạm Đặng-lộc, năm Minh-Mạng thứ 3 (1822) đổi làm Quảng-Lộc."
q07_08_page_167-0005,TRẠM QUẢNG-XÁ 廣舍站
q07_08_page_167-0006,"Ở xã Thạch Xá huyện Lệ-Thủy, phía bắc đến trạm Quảng Ninh 34 dặm lẻ."
q07_08_page_167-0007,"Trước là trạm Thạch-Xá, năm Minh-Mạng thứ 3 (1822) đổi lại tên này."
q07_08_page_167-0008,TRẠM QUẢNG-NINH 廣寧站
q07_08_page_167-0009,"Ở xã Phú-Ninh huyện Phong-Lộc, phía bắc đến trạm Quảng Cao 32 dặm lẻ."
q07_08_page_167-0010,"Trước tên là trạm Trấn-Ninh, năm Minh-Mạng thứ 3 đổi lại tên này."
q07_08_page_167-0011,TRẠM QUẢNG-CAO 廣高站
q07_08_page_167-0012,"Ở trang Đông-Cao huyện Bố-Trạch, phía bắc đến trạm Quảng Khê 33 dặm lẻ, tên cũ là trạm Đông-Cao, năm Minh-Mạng thứ 3 đổi lại tên này."
q07_08_page_167-0013,TRẠM QUẢNG-KHE 廣溪站
q07_08_page_167_168-0001,"Ở xã Bồ-Khê huyện Bố-Trạch, phía bắc đến trạm Quảng-Phú 33 dặm lẻ."
q07_08_page_168-0001,"Trước tên là trạm Bồ-Khê, Minh-Mạng thứ 3 đổi lại"
q07_08_page_168-0002,TRẠM QUẢNG-PHÚ 廣富站
q07_08_page_168-0003,"Ở xã Phú Lộc huyện Bình-Chính, phía bắc đến trạm Tịnh Thần tỉnh Hà-Tĩnh 32 dặm lẻ."
q07_08_page_168-0004,"Tên cũ là trạm Phú Lộc, Minh-Mạng thứ 3 đổi lại tên này."
q07_08_page_168-0005,TRẠM TIÊN-LANG 光郎站
q07_08_page_168-0006,Ở địa phận xã Tiên-Lang phủ Quảng-Trạch.
q07_08_page_168-0007,Năm Thành-Thái 14 (1902) mới đặt 1 tên đầu-mục và 8 phủ trạm để tiện chuyền đệ công-văn công-hóa đến các đồn sở.
q07_08_page_168-0008,"Từ đây đến trạm Cổ-Cảng dài 2.845 trượng 3 tầm 4 thước, thành 5 dặm lẻ 145 trượng 3 tầm 4 thước."
q07_08_page_168-0009,TRẠM CỔ CẢNG 古港站
q07_08_page_168-0010,Ở phường Minh-Cầm-Ngoại.
q07_08_page_168-0011,"Năm Thành-Thái thứ 6 mới đặt 1 đầu-mục và 5 trạm phu, năm 12 (1900) lại thêm 1 trạm-phu, cộng 6 tên."
q07_08_page_168-0012,Trạm này cùng các trạm tân thiết đều có chi lương hướng để làm việc công.
q07_08_page_168-0013,"Từ trạm này đến trạm Tam-Đa dài 4.795 trượng, thành ra 8 dặm lẻ 475 trượng."
q07_08_page_168-0014,TRẠM TAM-DA 三多站
q07_08_page_168-0015,Ở địa phận xã Đồng-Văn huyện Tuyên-Hóa.
q07_08_page_168-0016,Năm Thành-Thái thứ 6 mới đặt 1 đầu-mục và 5 phủ trạm.
q07_08_page_168-0017,Từ đây đến trạm Qui-Đạt dài 4.015 trượng thành ra 7 dặm lẻ 235 trượng.
q07_08_page_168-0018,TRẠM QUI-ĐẠT 歸達站
q07_08_page_168-0019,Ở xã Qui-Đạt gần đồn Qui-Đạt thuộc huyện Tuyên-Hóa.
q07_08_page_168-0020,Năm Thành-Thái thứ 6 mới đặt 1 đầu-mục và 5 trạm phu.
q07_08_page_168-0021,"Từ đây đến trạm Kim Lư dài 3.150 trượng, thành ra 5 dặm lẻ 450 trượng."
q07_08_page_168-0022,TRẠM KIM-LŨ 金屢站
q07_08_page_168-0023,"Ở xã Kim Lư huyện Tuyên-Hóa, năm Thành-Thái thứ 6 mới đặt 1 đầu-mục và 6 trạm phu."
q07_08_page_168-0024,"Từ đây đến trạm Thanh-Lãng dài 5395 trượng, thành ra 9 dặm lẻ 535 trượng."
q07_08_page_168-0025,TRẠM THANH-LÃNG 清朗站
q07_08_page_168-0026,Ở xã Thanh-Lãng huyện Tuyên-Hóa.
q07_08_page_168-0027,Năm Thành-Thái thứ 6 mới đặt 1 đầu-mục và 10 trạm-phu.
q07_08_page_169-0001,LÝ LỘ 里路
q07_08_page_169-0002,"Một con đường quan phía nam giáp địa đầu trạm Trị-Lập tỉnh Quảng-Trị, phía bắc đến ải Hoành-Sơn giáp địa đầu trạm Tĩnh Thần tỉnh Hà-Tĩnh dài suốt 195 dặm lẻ."
q07_08_page_169-0003,"Một đường theo hải-trình phía nam giáp cửa Tùng-Luật tỉnh Quảng-Trị đến cửa Nhật-Lệ dài 123 dặm; lại từ cửa Nhật Lệ đến cửa Linh-Giang dài 44 dặm; lại từ cửa Linh-Giang đến cửa Ròn dài 22 dặm; lại từ cửa Ròn đến giáp tấn khẩu Hà-Tĩnh dài 60 dặm, cộng dài suốt 249 dặm."
q07_08_page_169-0004,Ghe thuyền thường đi ước 1 ngày rưỡi.
q07_08_page_169-0005,"Một con đường tiều-lộ theo bờ sông Linh-Giang đi trải qua phủ lỵ Quảng-Trạch tiếp đến huyện Tuyên-Hóa, hành trình 1 ngày rưỡi."
q07_08_page_169-0006,"Lại 1 đường từ huyện lỵ Tuyên-Hóa đi đường núi qua Tấn Voi 螞汎 lên giáp Lào-giới, hành trình 5, 6 ngày."
q07_08_page_169-0007,Một con đường quan mới đắp (từ đây đến sau đều thuộc Quảng-Trạch) từ Mỹ-Hòa đến Cổ Cảng dài suốt 84.132 thước nam.
q07_08_page_169-0008,Một con đường quan mới đắp từ Minh-Cầm ngoại-trang giáp bờ sông CổCảng đến Đồng-Văn dài 41.406 thước nam.
q07_08_page_169-0009,"Từ Đồng Văn (từ đây đến sau thuộc huyện Tuyên-Hóa) có con đường đến Qui-Viễn dài 33.464 thước nam, lẻ 5 tấc."
q07_08_page_169-0010,"Một đường tiểu-lộ từ chợ đồn Hoàn-Lão đến huyện lỵ Bố-Trạch (từ đây đến sau thuộc Bố-Trạch) lên giáp Đồng-Tróc, hành trình ước 1 ngày rưỡi."
q07_08_page_169-0011,"Một đường tiều lộ từ phía tây phủ Quảng-Ninh theo bờ sông đi lên đến lâm-phần nguồn Long-Đại, hành trình ước hơn 1 ngày (từ đây đến sau thuộc phủ Quảng-Ninh)."
q07_08_page_170-0001,Một đường quan mới đắp từ chỗ cầu Cao-Nhị 高二橋 xã Thuận-Lý đến đường núi chỗ Cơn-Gia-Một dài 1.822 thước nam 2 tấc.
q07_08_page_170-0002,"Một đường tiều-lộ từ trạm Quảng-Lộc đến Thuận-Trạch theo bờ sông đi đến huyện lỵ Lệ-Thủy trải qua Kiến-Giang đến phủ lỵ Quảng Trạch, hành trình ước 1 ngày rưỡi."
q07_08_page_171-0001,TẤN ĐỘ 津渡 (Bến đò)
q07_08_page_171-0002,(bạc thuế đỏ 95 đồng)
q07_08_page_171-0003,ĐÒ TRƯỜNG-KIỀU橋
q07_08_page_171-0004,"Ở phủ Quảng Ninh (sau đây cũng thuộc phủ này) là bến đò ngang theo đường quan, nguyên trước có cầu dài, từ khi cầu hư có thuyền-phủ chèo đò, 2 bên tả hữu đều thuộc địa phận xã Cừ-Hà."
q07_08_page_171-0005,ĐỒ QUÁN-HÀO 館蠔
q07_08_page_171-0006,Do bến đò ngang đường quan thuộc bến sông xã Văn-La chèo ngang qua bến sông xã Võ-Xá.
q07_08_page_171-0007,ĐÒ ĐỘNG-HẢI 洞海
q07_08_page_171-0008,Do bến sông xã Động-Hải chèo ngang qua bến sông phường
q07_08_page_171-0009,ĐÒ VÕ THẮNG 武勝
q07_08_page_171-0010,Do bến sông xã Trung-Nghĩa chèo ngang qua ải Võ-Thắng.
q07_08_page_171-0011,ĐÒ HIỀN-VINH 顯榮
q07_08_page_171-0012,Do bến sông xã Hiền-Vinh chèo ngang qua bến sông xã Quảng-Xá.
q07_08_page_171-0013,ĐÒ CỔ HIỀN 古賢
q07_08_page_171-0014,"Do bến sông xã Cồ-Hiền chèo qua 3 bến sông: 1-qua xã Trung-Quán, 2– qua xã Trần-Xá, 3-qua xã Long-Đại."
q07_08_page_171-0015,ĐÒ ĐỘNG-TƯ 洞思
q07_08_page_171_172-0001,Do bến sông châu Động-Tư chèo ngang qua bến sông xã Phong-Lộc huyện Lệ-Thủy.
q07_08_page_172-0001,Thuận-Trạch. lãnh trưng hiếu. qua bến sông thôn Nam-Lãnh.
q07_08_page_172-0002,Phong.
q07_08_page_172-0003,ĐÒ MỸ-LỘC 美祿
q07_08_page_172-0004,Do bến sông xã Mỹ Lộc chèo ngang qua bến sông xã Thượng
q07_08_page_172-0005,ĐÒ XUÂN-BỒ 春蒲
q07_08_page_172-0006,Do bến sông xã Xuân Bồ chèo ngang qua bến sông phường
q07_08_page_172-0007,ĐÒ CÔ-LIỄU 古柳
q07_08_page_172-0008,Do bến sông xã Cổ-Liễu chèo ngang qua bến sông xã Quảng
q07_08_page_172-0009,ĐÒ MỸ-THỔ 美土
q07_08_page_172-0010,Do bến sông xã Mỹ-Thồ chèo ngang qua bến sông xã Liêm
q07_08_page_172-0011,ĐÒ QUILHẬU 歸厚
q07_08_page_172-0012,Hai bên bờ sông tả và hữu đều thuộc xã Qui-Hậu.
q07_08_page_172-0013,ĐÒ THUẬN-TRẠCH 順宅直渡
q07_08_page_172-0014,"Ở huyện Lệ-Thủy, tục danh đò Trạm, đưa từ bến sông xã Thuận-Trạch thẳng đến bến sông Động-Hải ở tỉnh thành."
q07_08_page_172-0015,"Có 2 chủ đò thay phiên đưa người qua lại, một ngày đêm là một phiên, có ĐÒ SÔNG RÒN 游江 (từ đây đến sau đều ở Quảng-Trạch) Do đò ngang đường quan thuộc bến sông ấp Di-Luân chèo"
q07_08_page_172-0016,ĐÒ PHÙ TRẠCH 扶宅
q07_08_page_172-0017,Do bến sông xã Phù-Trạch chèo ngang qua bến sông xã Lư
q07_08_page_172-0018,ĐÒ TIÊN-LANG 先郎
q07_08_page_172_173-0001,Do bến sông xã Tiên-Lang chèo ngang qua bến sông xã Tiên huyện Tuyên-Hóa. (Đây về sau đều thuộc huyện Bố-Trạch) chèo ngang qua bến sông Chính-Hòa. qua bến sông trang Đông-Cao.
q07_08_page_173-0001,Lăng.
q07_08_page_173-0002,ĐÒ CỔ-CẢNG 古港
q07_08_page_173-0003,Do bến sông Cổ Cảng chèo ngang qua bến sông xã Minh-Cầm
q07_08_page_173-0004,ĐÒ LINH-GIANG 靈江
q07_08_page_173-0005,"Do đò ngang đường quan thuộc bến sông xã Thanh-Hà chèo ngang qua bến sông giáp Mỹ-Hòa phủ Quảng-Trạch, gần cửa biển."
q07_08_page_173-0006,ĐÒ CHÍNH-HÒA 政和
q07_08_page_173-0007,"Do đò ngang quan lộ, nguyên trước có cầu gỗ bị nước lụt chảy mạnh sập hư, phải bắt dân đưa đò thuộc bến sông Phước-Tự"
q07_08_page_173-0008,ĐÒ LÝ-HÒA 里和
q07_08_page_173-0009,"Do đò ngang quan lộ, nguyên trước có cầu gỗ lim, từ khi cầu hư dùng người đưa đò thuộc bến sông trang Thuận-Phú chèo ngang"
q07_08_page_173-0010,ĐÒ THANH-HÀ 清河
q07_08_page_173-0011,Do bến sông Thanh-Hà chèo ngang qua bến sông xã Đặng-Đề.
q07_08_page_173-0012,ĐÒ CAO-LAO 高牢
q07_08_page_173-0013,Do bến sông xã Cao-Lao chèo ngang qua bến sông xã Thuận Bài.
q07_08_page_173-0014,Mỗi khi đến ngày chợ phiên Phan-Long có đò đưa đến bến chợ.
q07_08_page_173-0015,ĐÒ PHÚ-MỸ 富美
q07_08_page_173-0016,Do bến sông xã Phú Mỹ chèo ngang qua bến sông xã Phú
q07_08_page_173-0017,ĐÒ KHƯƠNG-HÀ 姜河
q07_08_page_173-0018,Do bến sông xã Khương-Hà đưa ngang qua bến sông Thanh
q07_08_page_173-0019,ĐÒ CÂU LẠC 俱樂
q07_08_page_173-0020,Do bến sông xã Câu-Lạc đưa ngang qua sông trang Xuân-Sơn.
q07_08_page_173-0021,ĐÒ CỔ-GIANG 古江
q07_08_page_173_174-0001,Do bến sông xã Cô--Giang đưa ngang qua sông Bồng-Giang KIỀU LƯƠNG 梁 (cầu)
q07_08_page_174-0001,CẦU ĐÁ QUAN-LỘ 官路石橋
q07_08_page_174-0002,"Thuộc cống nước Nguyệt-Môn trong tỉnh hạt, cộng 98 sở, 3 cổng ba, 4 cống đôi, 87 cống chiếc, 4 cống bằng."
q07_08_page_174-0003,CẦU THỦY LIÊN 水蓮橋
q07_08_page_174-0004,"Ở xã Thủy Liên huyện Lệ-Thủy, dài 10 trượng 5 thước."
q07_08_page_174-0005,CÂU AN-THỔ 安土橋
q07_08_page_174-0006,"Ở xã An Thổ huyện Lệ-Thủy, dài 4 trượng 5 thước."
q07_08_page_174-0007,CÀ LIÊM-ÁI 廉愛橋
q07_08_page_174-0008,"Ở xã Liêm-Ái huyện Lệ-Thủy, dài 16 trượng 5 thước."
q07_08_page_174-0009,CẦU QUẢNG-BÌNH 廣平
q07_08_page_174-0010,"Ở ải Quảng-Bình huyện Phong-Lộc, dài 5 trượng, hoành 16 thước, nguyên danh là cầu Dài 長橋, xây năm Gia-Long thứ 10."
q07_08_page_174-0011,"Năm Minh-Mạng thứ 6 tu trúc lại, trong niên hiệu Tự-Đức nhơn có lụt trôi mất chưa kịp làm lại, phải dùng đò ngang."
q07_08_page_174-0012,CẦU ĐỘNG-HẢI 洞海橋
q07_08_page_174-0013,"Ở thôn Động-Hải huyện Phong-Lộc, có 2 cầu, một cầu dài 44 trượng, một cầu văn 7 trượng, làm năm Gia-Long thứ 10 (1.811)."
q07_08_page_174-0014,CẦU HOẰNG-VIỄN 宏遠
q07_08_page_174-0015,Ở xã Hoằng-Viễn huyện Phong-Lộc dài 13 trượng.
q07_08_page_175-0001,CẦU PHÚ-KỲ 富期
q07_08_page_175-0002,"Ở xã Phú-Kỳ huyện Phong-Lộc, dài 6 trượng 5 thước."
q07_08_page_175-0003,CẦU PHÚ-AN 富安
q07_08_page_175-0004,"Ở xã Phú-An huyện Phong-Lộc, dài 8 trượng."
q07_08_page_175-0005,CẦU LÝ HÒA 里和一
q07_08_page_175-0006,"Ở thôn Lý Hòa, huyện Bố-Trạch, có 49 gian, dài 62 trượng làm trong niên-hiệu Gia-Long, năm Thiệu-Trị thứ 2 (1.842) thánh giá bắc tuần ngự chế thi-chương khắc bia dựng đình ở bờ phía nam."
q07_08_page_175-0007,"Cầu này sau bị lụt trôi, nay chưa làm lại, phải dùng đò ngang."
q07_08_page_175-0008,CẦU HOÀN-LÃO 完老一
q07_08_page_175-0009,"Ở xã Hoàn-Lão, huyện Bố-Trạch, dài 5 trượng."
q07_08_page_175-0010,CẦU PHAN-LONG 蔡龍一
q07_08_page_175-0011,"Ở thôn Phan-Long huyện Bình-Chính, dài 11 trượng 5 thước."
q07_08_page_175-0012,CẦU AN-SƠN 安山
q07_08_page_175-0013,"Ở trang An-Sơn huyện Bình-Chính, dài 6 trượng."
q07_08_page_175-0014,CẦU TRUNG ÁI 忠愛
q07_08_page_175-0015,"Ở xã Trung-Ái, huyện Bình-Chính, dài 6 trượng 8 thước."
q07_08_page_175-0016,CẦU CẢNH-DƯƠNG 景陽
q07_08_page_175-0017,"Ở xã Cảnh-Dương, huyện Bình-Chính, dài 36 trượng."
q07_08_page_176-0001,PHỐ THỊ 舖市
q07_08_page_176-0002,(Bạc thuế chợ 1.548 đồng)
q07_08_page_176-0003,THÀNH PHỐ QUANH TỈNH 環省城舖
q07_08_page_176-0004,"Ở ngoài tỉnh-thành, liền đến ải Quảng-Bình thẳng đến bến cầu dài, nhiều nhà tranh, ít phố ngói, hàng hóa buôn bán đơn sơ nhân dân và ty thuộc nhà ở lẫn lộn nhau."
q07_08_page_176-0005,"Chỉ bán thực-vật, dầu rượu và tạp hóa mà thôi, không có trọng hóa."
q07_08_page_176-0006,PHỐ ĐỘNG-HẢI 洞海舖
q07_08_page_176-0007,"Ở địa giới làng Cảnh Dương và Động-Hải, ở giữa có con đường hai bên phố ngói liên tiếp, người Thanh-Hán ở xen lộn buôn bán nhưng cũng buôn bán tạp hóa hy sơ, không trù mật lắm."
q07_08_page_176-0008,CHỢ ĐỘNG-HẢI 洞海市
q07_08_page_176-0009,"Ở huyện Phong-Lộc gần tỉnh-thành, chợ ở gần bến sông thường nhóm trước đình làng ấy, có làm lều nhỏ quán tranh ra 3, 4 hàng đề thương mãi, năm Thành-Thái 18 dời qua phía hữu đình làng, lựa những tài liệu cũ của kho tỉnh đem làm 1 đình chợ, bốn mặt xây đá, nhân dân tụ tập thương mãi được lợi rộng lớn, và sạch sẽ sáng sủa hơn chợ cũ, duy thuế chợ bất câu người ngồi bán ở đó hay người gánh đi, hàng hóa lớn nhỏ đều theo vật hạng thâu nạp vật giả không đắt lắm."
q07_08_page_176-0010,CHỢ TRÁNG-TIỆP 壮捷市
q07_08_page_176-0011,"Ở ấp Tráng-Tiệp huyện Phong-Lộc, tục danh chợ Dinh-Mười khi quốc-sơ có Trấn-thủ lãnh 10 cơ-binh đóng đồn dinh ở đấy, nên đặt tên ấy."
q07_08_page_177-0001,Ở huyện Lệ-Thủy xã Phù-Chính.
q07_08_page_177-0002,Ở xã Đại-Phong huyện Lệ-Thủy.
q07_08_page_177-0003,Ở xã Thạch Xá-Hạ huyện Lệ-Thủy. chợ Dinh. cửa sông Linh có bán nhiều cá tươi.
q07_08_page_177-0004,Ở thôn Lý-Hòa huyện Bố-Trạch.
q07_08_page_177-0005,Ở xã Thồ-Ngõa huyện Bình-Chính. chợ lớn trong tỉnh hạt.
q07_08_page_177-0006,CHỢ CỔ-HIỀN 古賢
q07_08_page_177-0007,Ở xã Cồ-Hiền huyện Phong-Lộc tục danh chợ 揭 (Cuộc).
q07_08_page_177-0008,CHỢ PHÙ CHÍNH 扶正
q07_08_page_177-0009,CHỢ ĐẠI-PHONG 大豐一
q07_08_page_177-0010,CHỢ THẠCH-XÁ-HẠ 石舍下市
q07_08_page_177-0011,CHỢ CHÍNH-HÒA 政和一
q07_08_page_177-0012,"Ở phường Chính-Hòa huyện Bố-Trạch, tục danh chợ Dinh phố xá trù mật."
q07_08_page_177-0013,Khi quốc-sơ có Trấn-thủ đồn dinh ở đây nên gọi
q07_08_page_177-0014,CHỢ HOÀN-LÃO 完老
q07_08_page_177-0015,"Ở thôn Hoàn Lão huyện Bố-Trạch, tục danh chợ Đồn."
q07_08_page_177-0016,CHỢ THANH-HÀ 清河
q07_08_page_177-0017,"Ở thôn Thanh-Hà huyện Bố-Trạch, chợ nhóm buồi xế, gần"
q07_08_page_177-0018,CHỢ LÝ-HÒA 里和
q07_08_page_177-0019,CHỢ THỔ NGÕA 土坻
q07_08_page_177-0020,CHỢ PHAN-LONG 暴龍一
q07_08_page_177_178-0001,"Ở thôn Phan-Long, huyện Bố-Chính tục danh chợ Đồn, gần phủ-lỵ Quảng-Trạch, phố xá trù mật, thương mãi tấu tập, làm một CHỢ XUÂN-KIỀU橋一"
q07_08_page_178-0001,"Ở xã Xuân-Kiều huyện Bố-Chính, 10 ngày có một lần nhóm trọn"
q07_08_page_178-0002,CHỢ BA-ĐỒN 匹也
q07_08_page_178-0003,"Ở xã Trung-Ái huyện Bố-Chính tục danh chơ Cống 槓市, chợ cũng đông đúc, nhưng so với chợ Phan-Long thì kém thua. Đời Lê có Trấn-thủ lãnh binh ba dinh đóng 1 đồn ở đây, 1 đồn ở Xuân-Kiều 1 đồn ở Phan-Long nên tục gọi là chợ Ba-Đồn."
q07_08_page_178-0004,CHỢ LŨ PHONG 歷豐
q07_08_page_178-0005,"Ở xã Lũ-Phong huyện Bình-Chính tục danh chợ Đăng 登市, 10 ngày nhóm 1 lần, quán xá trù mật, khi quốc-sơ bắc-phạt, Nguyễn Hữu-Tấn khiến Tống-Hữu-Đại ra chợ Lũy-Đăng đánh đuổi quân Đặng-Minh 鄧明 tức là chỗ này."
q07_08_page_178-0006,CHỢ LỘC-ĐIỀN 祿田
q07_08_page_178-0007,"Ở phường Lộc-Điền huyện Bố-Chính, tục danh chợ Điền."
q07_08_page_178-0008,CHỢ LỖ-CẢNG 魯港一
q07_08_page_178-0009,"Ở xã Lỗ-Cảng huyện Bình-Chính, tục danh chợ Cảng."
q07_08_page_178-0010,CHỢ TÚ-LOAN 秀一
q07_08_page_178-0011,Ở xã Tú-Loan huyện Bình-Chính.
q07_08_page_178-0012,CHỢ DI-LUÂN 彌綸
q07_08_page_178-0013,"Ở phường Di-Luân, huyện Bình-Chính, 10 ngày nhóm một lần."
q07_08_page_179-0001,NHÂN VẬT 人物
q07_08_page_179-0002,TRIỀU LÊ
q07_08_page_179-0003,NGUYỄN-TỬ-HOAN 阮子雕
q07_08_page_179-0004,Người huyện Bố-Chính.
q07_08_page_179-0005,"Xét Ô-Châu Cận-Lục chép: Tử-Hoan có tài-lược, hiến kế cho vua Thái-Tổ nhà Lê được xứng ý, vua trao cho chức Quân-su 軍師."
q07_08_page_179-0006,NGUYỄN-DANH-KHA 阮名寄
q07_08_page_179-0007,Người Lệ-Thủy.
q07_08_page_179-0008,"Ô-Châu Cận-Lục chép: Ông Khả ở rốt đời nhà Hồ, theo vua Lê Thái-Tổ đánh giặc Minh có công, được ban tước Trung-Lượng Đại-Phu 忠亮大夫."
q07_08_page_179-0009,"Con ông là Tri 知, tước Võ-Tiết Đại-Phu 武節大夫, tuổi già trí sỉ; cháu là Nguyễn-Đình-Tuấn 阮廷焦 do chức Xá-nhơn ty Bố-chính theo đánh Tây-Sơn có công, được trao chức Quả-cảm Tướng-quân 果敢將軍."
q07_08_page_179-0010,NGUYỄN-VĂN-TƯỜNG 阮文祥
q07_08_page_179-0011,"Người ở Bố-Chính, niên hiệu Hồng-Đức đời Lê (1470-1497) được phong Minh-nghĩa Công-thần 明義功臣, giữ việc nội-giám chầu gần bên vua, và giúp việc Cơ-mật, quyền quí hách dịch rung cả trong triều ngoài quận, tuổi già về hưu, khi mất được phong tước Bá."
q07_08_page_179-0012,NGUYỄN-DIỄN 阮行
q07_08_page_179-0013,Người ở Lệ-Thủy.
q07_08_page_179-0014,"Xét Ô-Châu Cận Lục chép: Ông Diễn do sinh viên trường Quốc-Tử, làm quan trải chức Tri-huyện Mộ Đức và Chương-Nghĩa thăng Tri-phủ Hoài Nhơn, lại dời ra Tri-phủ Thăng Hoa, có chính tích tốt được trao chức Hiến-sách phó-sứ Quảng-Nam."
q07_08_page_179-0015,"Ông kiêm thông võ nghệ làm tổng-binh Thiêm-sự, điệu dụng chức Tham-chính, sau đi đánh Chiêm-Thành bị chết, con ông là Thúc-Du thi đậu Nho-sinh, rề ông là Võ-Giáo làm Tri-huyện huyện Đơn-Điền."
q07_08_page_180-0001,HỒ-CỐNG 胡貢
q07_08_page_180-0002,"Người ở Bố-Chính, do sinh-viên trường Quốc-tử, làm đến Tri châu châu Văn-Lan, sau thăng Đô-quan đạo Lạng-Sơn."
q07_08_page_180-0003,TRẦN-ĐÌNH-HY 陳廷熙
q07_08_page_180-0004,"Người ở Lệ-Thủy, thi đậu Nho-sinh, niên hiệu Quang-Thiệu nhà Lê (1516-1526) ra làm Tri-huyện Hải-Lăng, chính tích liêm cần dân chúng mến thương."
q07_08_page_180-0005,TRẦN-THƯỜNG 陳瑞
q07_08_page_180-0006,"Người ở Lệ-Thủy, do sinh-viên trường Quốc-tử, làm Tri-châu châu Trịnh-Cao."
q07_08_page_180-0007,"Anh ông là Trần-Phác 陳璞, Trần-Khuê 陳珪 đều đậu hương-tiến (1) sung vào sinh-viên trường Quốc-Tử; người có văn học, học trò ở địa phương đều theo đến học tập."
q07_08_page_180-0008,HOÀNG VĨNH-TỘ 黃永祚
q07_08_page_180-0009,"Người ở Bố-Chính. Đời Lê khi đầu trung-hưng, theo việc chinh chiến có công, khi mất được tặng tước Hầu."
q07_08_page_180-0010,"Con ông là Vĩnh Dụ nối theo nghiệp ông, cầm binh đánh bắt bọn họ Mạc ở nơi Giao Thủy, rõ có quân công cũng được phong tước Hầu, còn bi-ký."
q07_08_page_180-0011,DƯƠNG-TRIỆT 楊澈
q07_08_page_180-0012,Người ở Lệ-Thủy.
q07_08_page_180-0013,"Con nhà lương thiện, thân thể mập lớn, có sức mạnh."
q07_08_page_180-0014,"Trong niên hiệu Hồng-Thuận đời Lê (1509-1515) lựa sung vào hạng Bỉnh-a-lực-sĩ Vệ Kiên-uy 堅威衛秉阿力士 túc trực có công, được trao chức Thống-lãnh Vệ Thần-võ 神武衛統領, niên hiệu Thống-Nguyên năm đầu (1527) ông về nhà, vừa có sự nhiễu loạn Dịch giả chú (1) Hương-Tiến = Đậu khoa thi hương rồi được địa phương tiến cử đề dự khoa thi hội, hoặc vào học trường Quốc-tử, tức như đời sau này là hạng Cử nhân."
q07_08_page_181-0001,"ở địa phương, ông chỉ vui theo điền viên, lấy điều trung nghĩa dạy dỗ con em đến 80 tuổi mới mất."
q07_08_page_181-0002,DƯƠNG-VĂN-AN 楊文安
q07_08_page_181-0003,"Người ở Lệ-Thủy, lưu ngụ ở Từ Liêm, thi đậu Tam-giáp Tiến sĩ khoa Đinh-Vị (1547) hiệu Vĩnh-Định nhà Mạc, làm quan đến Lại khoa Đô-thống-sự lần đến Lại-bộ Tả-thị-lang."
q07_08_page_181-0004,Có làm quyền Ô-Châu Cận-Lục truyền thế.
q07_08_page_181-0005,PHẠM-KHẮC-KHOAN 范克寬
q07_08_page_181-0006,"Người huyện Bố-Trạch, tánh người thích-thảng có tiết lớn làm Cai-tri-phủ-vụ bản châu, đánh giặc có công, niên hiệu Quảng Hòa (1541-1546) trao chức Thiêm-tổng-tri vệ Hải-Khương 海康衛僉總知, kịp khi có loạn Nghịch-Liên 逆瑾, ông bền giữ tấm lòng trung nghĩa không chịu theo ngụy."
q07_08_page_181-0007,"Niên hiệu Cảnh-Lịch (1548-1553) thăng Tham-tưởng dinh Thuận-Hóa 順化營參將, ông trở vềbản-đạo rủ đem anh em cùng nhau đánh quân giặc ở chân núi Nghịch-Tiết, binh lực kém, bịgiặc sát hại, tử đệ nhà ông tử trận hơn 20 người."
q07_08_page_181-0008,NGUYỄN ĐÌNH-TOAN 阮庭繼
q07_08_page_181-0009,"Người ở Lệ-Thủy, tổ phụ nhà ông trải đời có danh vọng, niên hiệu Đại-Chính đời Mạc (1533-1540) 2 lần thi đậu Hương-giải (1), học trò ông đông người thành danh."
q07_08_page_181-0010,"Khi ban đầu do Quốc-tử-giám thi chức Giảng-dụ, từ khi có loạn Chính-trung (?"
q07_08_page_181-0011,") ông giữ một lòng trung-nghĩa, sau được trao chức Tri-huyện Kỳ-Hoa, làm việc bình dị cận dân, người đều thương mến, trong niên hiệu Cảnh-Lịch (1548 1553) đổi làm Tri-huyện huyện Võ-Xương và huyện An-Việt, có chính tích rực rở."
q07_08_page_181-0012,HOÀNG-CÔNG-ĐÁN 黄公旦
q07_08_page_181-0013,"Người ở Lệ-Thủy, học hạnh văn-chương bay tiếng đến nơi Dịch giả chú (1) Hương giải = đậu đầu trong bảng thi Hương tức Cử nhân đầu cũng gọi là Thủ-khoa."
q07_08_page_182-0001,"trường-ốc, bạn bè phần nửa thiên hạ đều là người khoa-giáp tấn thân, thường có chí như chim bằng bay bổng trên biển bắc."
q07_08_page_182-0002,"Hai lần đậu Hương-giải sung vào sinh viên trường Quốc-tử, trong niên hiệu Đại-Chính (1533-1540) bọn giặc cướp phá phương-dân, ông không chịu theo quân ngụy."
q07_08_page_182-0003,"Niên hiệu Quang-Hòa thứ 5 (1545) trao chức Giảng-dụ, sau có loạn Chính-Trung (?"
q07_08_page_182-0004,") ông giữ một lòng trung nghĩa được trao chức Tri-huyện huyện Tư-Vinh làm việc cần cán, lại đổi qua Tri-huyện An-Dũng."
q07_08_page_182-0005,PHẠM-CƯ 范琚
q07_08_page_182-0006,"Người ở Lệ-Thủy, do sinh viên trường Quốc-tử, trong niên hiệu Vĩnh-Định (1547-1548) được trao chức Giảng-dụ, kịp khi địa phương nhiễu loạn, Phạm-Cư lui về điền viên tự lạc, không khi nào đi đến thành thị."
q07_08_page_182-0007,MAI-TRUNG 枚忠
q07_08_page_182-0008,"Người ở Lệ-Thủy, do tướng-thần ở bản huyện, sở trường về Võ-nghệ, người dũng cảm, đánh giặc có tài, gặp cuộc loạn Nghịch Liên, ông lánh ở địa phương Nghệ An, sau về bản-đạo làm Cai-tri 該知 bản huyện, đánh giặc có công, niên hiệu Quảng-Hòa (1541-1546) làm Kinh-lược Đồng-tri sở Thủ-ngự Minh-linh 明靈守禦所經略同知, rồi mất ở quan-sở."
q07_08_page_182-0009,"Ông tự giữ tánh nết khiêm nhường, ai cũng kính trọng."
q07_08_page_182-0010,PHẠM-PHI-DIỆU 范丕耀
q07_08_page_182-0011,"Người huyện Lệ-Thủy, cháu ông Tri-phủ Văn-Các, con ông Tri-huyện Văn-Thăng, văn học nhờ nơi gia-đình dạy dỗ, đậu Nho sinh rồi đậu Giải-nguyên thi Hương, vừa gặp cơn biến loạn, ông Diệu an-phận thủ tiết nhóm đông học trò dạy dỗ, có câu thơ tự thuật Bảng chiếm dưỡng ngô mai bạch tiết."
q07_08_page_182-0012,Khoa bảng giữ tròn mai tiết bạch.
q07_08_page_182-0013,"Lao tâm lậu bi thảo huyền nhân. (1) (1) Thảo huyền nhân = là người thảo ra kinh Thái-huyền, kinh này do Dương Hùng tự Tử-Vân người Thành Đô đời Tây-Hán thảo ra."
q07_08_page_182-0014,Lưu-Hướng nói: kinh này sợ người đời sau dùng bịt hủ tương Tâm thần đâu nhọc thảo kinh Huyền.
q07_08_page_183-0001,HOÀNG-THƯỢNG-XÁ 黄
q07_08_page_183-0002,"Người ở Phong-Lộc, có kinh-thuật văn-học, sớm đậu Hương tiến, thi hội trúng 3 trường, văn-sĩ ở địa phương đều kính trọng nhưng chưa kịp thành tựu mà mất sớm."
q07_08_page_183-0003,PHẠM-ĐẠI KHÁNG 范大抗
q07_08_page_183-0004,"Người Lệ-Thủy, đậu Tiến-sĩ khoa Nhâm-thìn đời nhà Mạc (1532) làm quan đến Giám-sát Ngự-sử, ông tử tiết theo khi họ Mạc"
q07_08_page_183-0005,LÊ-ĐA-NĂNG 黎多能
q07_08_page_183-0006,Người Lệ-Thủy. Đậu Đệ nhị giáp Tiến-sĩ Chế-khoa khoa At sửu hiệu Chính-Trị đời Lê (1565) làm quan đến Giám-sát Ngự-sử
q07_08_page_183-0007,BẢN-TRIỀU
q07_08_page_183-0008,NGUYỄN HỮU DẬT 阮有鎰
q07_08_page_183-0009,"Tiên nhân ở Thanh-Hóa, thân-phụ là Tham-tướng Nguyễn Triều-Văn 阮朝文 vào nam nhập tịch huyện Phong-Lộc."
q07_08_page_183-0010,"Ông Hữu Dật 16 tuổi bổ văn-chức, ít lâu dời qua chức Giám-chiến, hay lường biết địch-tình, nên mỗi khi xuất chiến thì đắc thắng. Đời vua Thái-Tôn năm Mậu-Tí nguyên niên (1648) trao chức Cai-cơ lãnh ký-lục dinh Bố-chính, lần thăng Đốc-chiến, phong tước Chiêu-Võ-Hầu 昭武候, cùng Nguyễn Hữu-Tấn 阮有進 đem binh ra bắc lấy 7 huyện ở Nghệ An, khi về cứ trấn lưu-đồn-đạo như trước, sau mất tặng Tả quân đô-đốc-phủ Chưởng-phủ-sự Chiêu-quận-công, thuy Cần-Tiết."
q07_08_page_183-0011,"Hữu-Dật có văn võ toàn tài, khi làm Tưởng hằng lập đại công, đánh đâu thì được thắng đấy, được người ta ỷ-trọng, sánh với Khồng Minh đời Hán và Lưu Bá Ôn đời Minh."
q07_08_page_183-0012,"Nhân dân Quảng-Bình truy niệm xưng là «Phật Bồ-Tát», lập đền ở Thạch-Xá phụng thờ."
q07_08_page_183-0013,"Năm Gia-Long 14 (1815) liệt vào Khai-quốc Công-thần Thượng-đẳng, tòng tự Thái-miếu."
q07_08_page_184-0001,NGUYỄN-HỮU-KINH 阮有鏡
q07_08_page_184-0002,"Con ông Nguyễn-Hữu-Dật, có tài làm tướng, ban đầu trao chức Cai-co, đem binh đánh Chiêm-Thành dẹp yên được."
q07_08_page_184-0003,"Thăng chức Chưởng-cơ, lãnh Trấn-thủ dinh Bình-Khương."
q07_08_page_184-0004,"Mùa xuân năm Mậu Dần đời vua Hiền-Tôn (1698) qua kinh lược Chân-Lập lấy đất Đông Phố đặt làm phủ Gia-Định, khi về lãnh trấn như cũ, sau Chân-Lạp phản nghịch, ông lại đem binh đánh dẹp yên cả, quân về đến Sầm Khê 本溪 bệnh mất, tặng chức Chưởng-Dinh, thụy Trung-Cần."
q07_08_page_184-0005,"Ở Nam Vang, Biên-Hòa và Định-Tường đều lập đền phụng sự."
q07_08_page_184-0006,"Năm Gia-Long thứ 4 (1805) liệt hàng Công thần thượng-đẳng, tòng tự Thái-miếu."
q07_08_page_184-0007,NGUYỄN CỬU-KIỀU喬
q07_08_page_184-0008,"Tiên nhơn người Thanh-Hóa, sau ông nhập tịch huyện Phong-Lộc; từ Đông-Đô vào Nam làm chức Cai-đội quản Mã-co-thuyền được vua chọn gả Công chúa, thăng Chưởng-cơ, ra làm Trấn-thủ Quảng-Bình, ít lâu được triệu về thăng Chưởng-dinh coi giữ Túc-vệ theo Nguyễn-Hữu-Tiến ra bắc lấy Nghệ An, giao chiến với địch quân bị thương mất, tặng Đô-đốc Nghĩa-quận-công, con cháu trải đời đều làm hiền-quan."
q07_08_page_184-0009,NGUYỄN CỬU DẬT 阮久逸
q07_08_page_184-0010,"Cháu tăng-tôn Nghĩa-quận-công Nguyễn-Cửu-Kiều, có tài tướng súy, đầu làm Tả-tiệp đội trưởng, mùa đông năm Quí-tỵ (1773) đời vua Duệ-Tôn, Tây-Sơn cướp lấy Quảng-Nam, Cửu-Dật theo quân đánh giặc hằng phá tặc-binh, lấy quân công thăng Tả quân Đại-đô đốc, trải hơn 10 trận đều thắng cả, tặc-chúng cả kinh, trong hàng quân sánh tài ông như Hàn-Kỳ Phạm-Trọng-Yêm đời Tống, mùa xuân năm Ất-Vị (1775) cỡi chiến-thuyền theo vua Duệ-Tôn vào Nam, bị gió chìm thuyền chết."
q07_08_page_184-0011,"Năm Minh-Mạng 21 (1840) truy phong Thăng Hoa quận-công, tòng tự Thái-miếu."
q07_08_page_184-0012,Năm Thiệu-Trị nguyên-niên cải phong Thăng-Bình Quận-công.
q07_08_page_184-0013,TRƯƠNG-PHƯỚC-PHÁN 張福奮
q07_08_page_184-0014,"Nguyên trước ở Thanh Hóa, sau theo vào nam nhập tịch huyện Phong-Lộc."
q07_08_page_184-0015,"Ông Phấn có võ lược, đầu làm Cai-cơ lần thăng Trấn thủ dinh Bố-chính, vừa có phản-tướng Nguyễn-Khắc-Liệt nhiễu loạn châu Nam-Bố-Chính, Phước-Phấn cùng Nguyễn-Cửu-Kiều đánh cho thua chạy, lấy hết được đất Bắc-Bố-Chính."
q07_08_page_184-0016,"Lại gặp Trịnh-binh đến xâm lăng, Phấn giữlũy Trường-Dục, Trịnh-binh đánh khắc nghiệt các quân kinh chạy 17 người, Phấn dục trống phất cờ đem một bộ đội của ông ác chiến cùng quân địch, quân địch lần lui, trang lũy bị khuyết hãm ông đốc quân điền lấp, quân địch ở xa bắn đạn đến như mưa, Phấn trương lọng ngồi ngay thẳng không động, người địch cho là thần, hiệu là Phấn-Có-Trì持."
q07_08_page_184_185-0001,"Con ông là Hùng 雄 dũng cảm thiện chiến đến đâu giặc đều tan rã, người Bắc rất sợ, hiệu là Hùng LÊ-CHÍNH-KỶ 黎正己"
q07_08_page_185-0001,"Người Phong-Phú, cha ông là Chính-Đại 正大 làm Kỷ-lục trấn Bình-Khương."
q07_08_page_185-0002,"Chính-Kỷ có tài văn học, đậu Hương-cống khoa Mậu Thân, bổ Hàn-lâm-viện, mất, tặng Đại-phu, Con ông là Chính-Lộ đầu niên hiệu Gia-Long bổ Lại-bộ Thiêm-sự, làm lần đến Lễ-bộ Tham-tri."
q07_08_page_185-0003,"TRẦN-NGỌC-QUÁN 陳玉環 (hay TRẦN-NGỌC-CÔN) Người Bình-Chính, văn-học rộng, ứng đối mẫn tiệp, ban đầu khởi gia làm Cai-đội, năm Gia-Long thứ 8 cải thọ Hàn-lâm-viện chuyền qua Lại-bộ Thiêm-sự, ra làm Cai-bộ dinh Quảng-Đức, thiên Hiệp-trấn Sơn-Nam-Thượng."
q07_08_page_185-0004,Con ông là Diệm làm quan đến Án-sát sứ tỉnh Vĩnh-Long.
q07_08_page_185-0005,ĐẶNG-ĐẠI LƯỢC 鄧大略
q07_08_page_185-0006,"Người Phú-Phong, có nết thanh bạch, triều vua Thế-Tôn (1738 1764) lấy văn-học được bổ Văn-chức-viện, làm đến Cai-bộ dinh Quảng-Nam, ông làm quan mà giữ thanh bần, ai cho lễ gì sơ sài thì ông nhận cho một đôi vật, còn lễ gì hơi hậu trọng thì ông từ khước ông nói trong nhà còn có dư đủ, chứ không phải là kiều tình."
q07_08_page_185-0007,"Chỗ ông nhận lấy, hay là cho lại đều không cầu-thả như thế."
q07_08_page_185-0008,ĐẶNG ĐẠI ĐỘ 鄧大度
q07_08_page_185-0009,"Con ông Đại-Lược, học rộng thi đậu Hương-tiến, làm quan đồng triều với ông cha, làm đến chức Ký-lục dinh Bình-Khương và dinh Trấn-Biên."
q07_08_page_185-0010,"Có khi có người cận thị (chầu bên vua) sai ra công cán, làm nhiều việc phi pháp, ông bắt giết, rồi tự đến kinh tạ tội."
q07_08_page_185-0011,"Vua hạ chiếu tha tội không xét hỏi đến, ít lâu thiên lên Tuần-vũ Gia-Định, mất tại quan sở."
q07_08_page_186-0001,LÊ-ĐA-UẦN 黎多蘊
q07_08_page_186-0002,"Người Lệ-Thủy, triều vua Duệ-Tôn (1765-1777) làm quan đến Ký-lục dinh Bình-Thuận, thiên qua Tham-mưu dinh Gia-Định, sau triệu về kinh rồi ra làm Ký-lục Quảng-Bình, thiên vào Cai-bộ Quảng Nam, Khâm-sai Tham-tán."
q07_08_page_186-0003,"Mùa xuân năm Giáp-Ngọ (1774) giặc cướp thành Quảng-Nam, Đa-Uần đem binh cự chiến bị tử trận."
q07_08_page_186-0004,"Con ông là Đa-Liên làm Cai-đội, đem quân Tam chi giao chiến với địch ở núi Liên-Sơn Quảng-Nam bị trận vong."
q07_08_page_186-0005,NGUYỄN-KỲ-KẾ 阮奇計
q07_08_page_186-0006,"Người huyện Lệ-Thủy, có tài làm lại."
q07_08_page_186-0007,"Khi đầu trung-hưng theo vua, làm chức Câu-kê 勾稽, đi tòng chinh đốc vận quân lương, lịch thăng đến Hộ-bộ Thượng-thơ."
q07_08_page_186-0008,"Khi mất tặng chức Tham-chính, cấp cho mộ-phu."
q07_08_page_186-0009,TRẦN-ĐẠI-LUẬT 陳大律
q07_08_page_186-0010,"Nguyên ông người Lệ-Thủy, vào ngụ Vĩnh Long, có tài lược văn võ, khi đầu trung-hưng, làm Hàn-lâm-viện Chế-cáo, lần xin cải thọ qua võ chức, đánh giặc có công, làm lên Vệ-úy các Vệ Ban-trực Phấn-uy. Đầu niên hiệu Gia-Long quản Ngũ-chiến-cơ rồi ra làm Trấn-thủ Sơn-Nam-Thượng, sau có bệnh xin hồi quán, mất, tặng"
q07_08_page_186-0011,BẠCH-DOAN-TRIỀU 白允朝
q07_08_page_186-0012,"Người Lệ-Thủy, có văn học nho nhã, đậu Giải-nguyên khoa Mậu Tý (1768) khi đầu khai quốc, được bổ Tri-huyện Đồng-Xuân có chính tích tốt, lại dân thương mến."
q07_08_page_186-0013,"Mùa xuân năm Canh-Ti (1780) Thế-TổCao-Hoàng-Đế tức vương-vị ở Gia-Định, ông dự có công dục-đái được thăng Lại bộ, khi quân Tây-sơn nam xâm, vua chạy ra nước ngoài, Doãn-Triều đang bệnh đi theo không được, rồi mất ở nửa đường, sau liệt từ vào miếu Trung-Tiết công-thần."
q07_08_page_186-0014,Năm Tự-Đức thứ tư (1851) truy tặng Lại-bộ Thượng-thơ.
q07_08_page_187-0001,VÕ-DANH-SỞ 武名楚
q07_08_page_187-0002,"Người ở Lệ-Thủy, kinh-học uần-súc, văn-chương hay, khi đầu trung-hưng làm Tả-dinh Tham-mưu, theo Châu-Văn-Tiếp tham tán quân-vụ, làm hịch bố cáo tội ác Tây-Sơn, Nguyễn-Văn-Nhạc lấy làm giận lắm."
q07_08_page_187-0003,"Năm Quí-Mão (1783) quân ta thất lợi, ông Sở, bị bắt giết, sau truy tặng Khâm-sai-tham-mưu, liệt tự vào miếu Hiền-Trung."
q07_08_page_187-0004,NGUYỄN-THÀNH-CHÀN 阮成軫
q07_08_page_187-0005,"Tiên-thời ông là người Phong-phú, lưu ngụ Gia-Định, khi đầu trung-hưng thường theo chinh phạt, đốc vận quân-lương, làm quan đến Hộ-bộ Tả-tham-tri, khi mất liệt tự vào miếu Trung-hưng công"
q07_08_page_187-0006,NGUYỄN-VĂN-MAN 阮文敏
q07_08_page_187-0007,"Người Lệ-Thủy, khi đầu trung-hưng có công ở Vọng-Các, làm quan đến Khâm-sai thuộc-nội Cai-cơ quản tiền-trực-vệ."
q07_08_page_187-0008,"Năm Kỷ Dậu (1789) đánh với quân địch ở Ba-Thắc bị trận vong, tặng Chưởng-cơ, liệt tự đền Hiền-trung và miếu Trung-hưng công-thần đầu niên hiệu Minh-Mạng truy tặng Tiền-phong-dinh Đô-thống phong Duy-tiên-hầu 維先候, tòng tự nơi Thế-miếu."
q07_08_page_187-0009,TRẦN-NGỌC-QUÁN 陳玉琯
q07_08_page_187-0010,"Người Bình-Chinh, khi đầu trung-hưng theo nhung-hàng chinh chiến, làm Phó-vệ-úy, cải thọ Công-bộ Thiêm-sự, phàm có kiến trúc cung điện, ông trù tính không sai một cái rui, một miếng ngói, làm đến Hiệp-trấn Sơn-Nam rồi mất."
q07_08_page_187-0011,NGUYỄN-VĂN-TUYÊN 阮文選
q07_08_page_187-0012,"Người Bình-Chính, con cháu công thần đời Lê trước, khi đầu trung-hưng theo nhung-hàng, làm quan đến Trấn-thủ Bắc-Ninh, sau mất được linh ứng, người làng có tật bệnh cầu đảo có nhiều hiệu nghiệm."
q07_08_page_187-0013,Con ông là Trác 琢 làm đến Lãnh-binh.
q07_08_page_188-0001,NGUYỄN-VĂN-NH 阮文素
q07_08_page_188-0002,"Người ở Phong-Phú, đầu niên hiệu Gia-Long ra làm quan lần đến tổng-đốc Hải-Dương, bệnh mất ở quan sở."
q07_08_page_188-0003,"Ông là người liêm, cần, từ, huệ, lại dân thương mến, hiệu là Phật sống 活佛."
q07_08_page_188-0004,HOÀNG-TÂN-CẦN 黃進謹
q07_08_page_188-0005,"Người Phong-Lộc, ông có tòng giá nơi Vọng-các, lại theo Đông-cung Cảnh qua Tây, khi về thiên chức Cai-đội, quản Mộc tượng-ty tri-đồ-gia trú tạo binh-khí, chuyền thăng Cai-cơ lần thăng Thuộc-nội Chưởng-cơ, rồi mất."
q07_08_page_188-0006,"Con ông là Hòa 和 thừa ấm bổ Ôn kỵ-Úy, lần thăng Phó-quản-cơ, khi đánh quân Tiêm-La bị tử trận."
q07_08_page_188-0007,"Con ông Hòa là Điều 調, năm Tự-Đức nguyên-niên được Ấm-hàm"
q07_08_page_188-0008,LÊ-CHÍNH-LỘ 黎正路
q07_08_page_188-0009,"Người Phong-Phú, ông tồlà Lê-Chính-Đại, triều vua Thế-Tôn (1738-1764) làm quan ký-lục dinh Bình-Khương."
q07_08_page_188-0010,"Cha là Lê-Chính-Kỷ triều vua Duệ-Tôn đậu đầu khoa Mậu Thân (1788) bổ Hàn-Lâm, lần đến chức ký-lục, tặng Đại-phu."
q07_08_page_188-0011,"Lê-Chính-Lộ con nhà văn học thế gia, gặp thế-biến cam tâm ần-dật, năm Tân-Dậu (1801) vua Thế-Tổ đánh Qui-Nhơn, ông Lộ đem tình hình quân Tây Sơn ở Phú-Xuân mật-biễu tâu bày."
q07_08_page_188-0012,"Mùa hạ năm Nhâm Tuất (1802) đại binh khắc phục Xuân-kinh, liền trao cho ông chức Lại bộ Thiêm-sự, lần thăng Lễ-bộ Hữu-tham-tri, sung Đề-điệu trường thi Nghệ An, lại sung Đề-điệu trường thi Gia-Định."
q07_08_page_188-0013,"Có 3 người con là Diệu, Thùy và Thản đều có văn-học nối được gia-thanh."
q07_08_page_188-0014,NGUYỄN-VĂN-HÓA 阮文化
q07_08_page_188-0015,"Người Bố-Trạch, có công ở Vọng-Các, trao chức Cai-đội, sau lấy quân công lần thăng Tượng-dinh Hữu-chiến-cơ thuộc-nội Cai-cơ."
q07_08_page_188-0016,VÕ ĐÌNH-PHƯƠNG 武庭芳
q07_08_page_188-0017,"Người Lệ-Thủy, thi đậu Hương-tiến, làm quan lần đến Ký-lục Quảng-Bình, theo Tiết-chế Nguyễn Hữu-Tấn ra đánh Nghệ An, khi mất tặng Thái-thường Tự-khanh; Cháu là Xuân-Nùng 春濃 có văn học làm đến Ký-lục Quảng-Nam."
q07_08_page_189-0001,LÊ-XUÂN-CHÍNH 黎春正
q07_08_page_189-0002,"Người Lệ-Thủy, khi đầu làm Văn-chức Lưu-đồn-dinh, Vua Hiền-Tôn nghe Chính có văn học, triệu bổ vào Văn-chức-viện, có thi làm bài phủ «Bán-phàm» (nửa cánh bườm) Vua cho đậu Giáp đệ, liền thăng Ký-lục Quảng-Bình, khi mất tặng Đại-lý-tự-khanh tham-nghị."
q07_08_page_189-0003,"Con ôn là Xuân-Hy 春曦, Xuân-Huyên 春暄 đều làm hiền-quan."
q07_08_page_189-0004,NGÔ-ĐÌNH-GIỚI 吳廷价
q07_08_page_189-0005,"Người Phong-Phú, có học-hạnh, đầu niên hiệu Gia-Long trao chức Ký-lục, làm đến Cần-chính-điện Đại-học-sĩ, sung Giáo-đạo Hoàng-đệ và Hoàng-tử, tuồi ngoài 70 còn nhưng lưu bảo vệ phụ tá khi mất tặng Tư-thiện đại-phu 資善大夫, Lễ-bộ Thượng-thơ 禮部"
q07_08_page_189-0006,NGUYÊN-NHÂN-LÝ 阮仁里
q07_08_page_189-0007,Người Bình-Chính.
q07_08_page_189-0008,"Khoa Kỷ-Mão niên hiệu Gia-Long (1819) đậu Hương-cống, đầu trao chức Tri-huyện Kim-Động, đứng đầu về hạng liêm-khiết cần-mẫn, kinh-lược-đại-sử Nguyễn-Văn-Hiếu đem tên ông tâu lên, vua trao chức Tri-phủ Thiên-Trường, liền thăng Hình-bộ Lang-trung."
q07_08_page_189-0009,LÊ-HUỆ 黎惠
q07_08_page_189-0010,"Người Minh-Chính, khoa Kỷ-Mão, niên hiệu Gia-Long (1819) đậu Hương-cống, bổ Tri-huyện Thụy-Anh, năm Minh-Mạng thứ 5 (1824) đến xã Trà Khúc đốc thuế, bắt được một tên cướp, rồi bọn cướp ào đến vây Huệ, Huệ đốc thuộc-binh chống đánh không lại quân cướp bắt được, Huệ mắng nhiếc không khuất phục nên bị giết chết, được tặng chức Đồng-tri-Phủ."
q07_08_page_189-0011,Năm Tự-Đức 11 (1858) liệt tự vào miếu trung-nghĩa.
q07_08_page_189-0012,ĐÀO-VĂN-CỬU 陶文玖
q07_08_page_189-0013,"Người Lệ-Thủy, có công Vọng-Các, làm đến chức Hộ lăng tiền vệ vệ-ủy khâm-sai thuộc nội chưởng-cơ."
q07_08_page_189-0014,"Năm Minh-Mạng thứ 2 (1821) tuổi già xin hưu, vua cho ăn lương bổng như khi ở Vọng-Các khi mất ở nhà, vua lại ban cho tiền gấm để cấp táng."
q07_08_page_190-0001,NGUYỄN-KHẮC-KHOAN 阮克寬
q07_08_page_190-0002,"Người Lệ-Thủy, tánh cứng thẳng, có văn-học, đầu niên hiệu Gia-Long bổ thọ Hàn-lâm-viện, ra làm Hiệp-trấn Sơn-Nam-thượng khi ấy ở Khoái-Châu có bọn trộm cướp dấy lên, Khoan đương ở kho Xích-Đằng nghe tin, liền về hiệp với Quản-phủ Lê-Đức-Kế đem binh chụp bắt, đến chỗ Điềm-Xá quân cướp ào dậy, Khoan lực chiến bị chết, sau có người tâu lên vua tặng cho Khoan chức Hữu-phó-đô"
q07_08_page_190-0003,VÕ-XUÂN-CẦN 武春
q07_08_page_190-0004,"Người Lệ-Thủy, đầu niên hiệu Gia-Long thọ Hàn-lâm-viện làm đến Hình-bộ Thượng-thơ, Hiệp-biện đại-học-sĩ, Bình-Phú tổng đốc, năm đầu Thiệu-Trị thăng Ngự-tiền Đại-thần, Đông-các Đại-học sĩ, quản lý Lại-bộ sự vụ, kiêm sung Hoàng-thân sư-bảo, quản lãnh Quốc-tử-giám, sung Sử-quán Tổng-tài."
q07_08_page_190-0005,"Năm Tự-Đức thứ 5 (1852) gia chức Thái-bảo, vua ban cho Ngự-chế thi-chương, thọ 81 tuổi mất ở nhà vườn, vua ngự đến cho gấm, đoạn, lụa, vải và tiền, khiến quan đến tế, vua sắc soạn cho «Thần-đạo-bia» đề chữ Tứ triều Nguyên lão = vị Nguyên-lão bốn triều."
q07_08_page_190-0006,"Năm thứ 11 (1858) liệt tự vào miếu NGUYỄN-ĐĂNG-TUÂN 阮登洵 tự TÍN-PHU 信夫 Người Lệ-Thủy, học hành đoan chính, năm đầu niên hiệu Gia-Long (1802) thọ chức Hàn-lâm-viện, năm đầu niên hiệu Minh-Mạng (1820) quản văn-thơ-phòng, lần thăng Cai-bộ Quảng-Nam, lại dời về Lễ-bộ Hữu-tham-tri, sung giáo-đạo hoàng-tử hoàng-đệ, sau có lịnh xin hưu. Đầu niên hiệu Thiệu-Trị (1841) đến kinh, thăng thự Hiệp biện Đại-học-sĩ, rồi cũng xin về hưu, được thiệt thọ."
q07_08_page_190-0007,"Ông mất ở nhà riêng, tặng Thiếu-sư, thụy là Văn-Chính."
q07_08_page_190-0008,"Vua ban dụ tử tế, và có ngự chế thi-văn chạm bi dựng đình nơi mộ-địa. Đầu năm Tự-Đức (1848) mạng quan dụ tế và có ngự chế thi đề khuyến tưởng."
q07_08_page_190-0009,"Con ông là 184 Đăng-Giai được tặng Thiếu-bảo, cháu là Đăng-Hành làm quan đến Bố chính."
q07_08_page_191-0001,HOÀNG-KIM-XÁN 黄金燦
q07_08_page_191-0002,"Người Phong-lộc, đầu niên hiệu Gia-Long khảo hạch được trúng-cách, bổ Tri-huyện Lệ-Thủy, trải đến Hình-bộ Thượng-thơ sung Nam-Định kinh-lược đại sứ, cải thọ Định-An Tổng-đốc mất ở quan-sở, tặng Hiệp-biện Đại-học-sĩ."
q07_08_page_191-0003,"Ông Xán tánh người hiếu hữu phầm tháo trong sạch, làm quan có chánh tích tốt, lại dân đều thương."
q07_08_page_191-0004,Năm Tự-Đức 11 (1858) liệt tự vào đền hiền-lương.
q07_08_page_191-0005,"Con trưởng ông là Thản 爐, được ấm thọ Viên-ngoai-lang, con thứ là Viêm 吏 lấy vợCông chúa, thọ chức tổng-đốc Nghệ An, cháu là Vỹ 煒 làm đến Hiệp-hiện Đại-học-sĩ, đều đồng triều và về hưu."
q07_08_page_191-0006,NGUYỄN-THO-TUẤN?
q07_08_page_191-0007,阮壽琰 (1)
q07_08_page_191-0008,"Người Phong-Lộc, đầu niên hiệu Gia-Long làm Cai-đội, lần đến Lãnh-binh Bình-Định, năm Minh-Mạng 14 tham tán quân-vụ ở Lạng Bình, giải vây cho Lạng Sơn, được tấn phong Gia-quan-nam 嘉觀男, khi mất tặng Chưởng-cơ."
q07_08_page_191-0009,VÕ-TRỌNG-BÌNH 武仲平
q07_08_page_191-0010,"Người Phong-Phú, năm Gia-Long 15 (1816) đậu Hương-tiến làm quan lần đến Phủ-doãn phủ Thừa-Thiên, vua xét ông người thanh cần 清勤 không nhũng nhiễu, thưởng cho một đại-hạng-tử kim khắc 4 chữ: 廉平勤幹 (liêm bình cần cán) thăng lên Tuần-vũ Hưng Yên, liền cải làm tổng-đốc Ninh-Thái, kinh-lược quân-vụ các đạo Ninh, Thái, Lạng, Bình, khi ấy có phỉ-đảng dấy lên cướp bóc rối loạn ở Bình-Xuyên, ông đánh dẹp có công được thăng Hiệp-biện đại-học-sĩ sung Hiệp-thống Bắc-Kỳ quân-vụ, năm 27 niên hiệu Tự-Đức (1874) ở Nghệ An có biến Trần-Tấn, Đặng-Như-Mai, ông cải lãnh tổng-đốc tỉnh ấy (Nghệ An), sau cải lãnh tổng-đốc Sơn-Hưng Tuyên (Sơn-Tây, Hưng-Hóa, Tuyên Quang), năm thứ 36 (1883) binh Pháp từ Hà-nội đến bức Tỉnh-thành. tỉnh ấy thất thủ, ông bị cách (1) Chữ 珑: cứu trong Tự-điền Khang-Hy không có chữ này."
q07_08_page_192-0001,về kinh.
q07_08_page_192-0002,"Năm Kiến-Phúc nguyên niên (1884) được phục chức Thương biện tỉnh vụ Nghệ An, liền thăng Thượng-thơ bộ Hộ, khi ấy ông xin trí-sự vì tuổi đã già, năm đầu niên hiệu Đồng-Khánh (1886) chuẩn cho ông lấy hàm Thượng-thơ hưu-trí, năm Thành-Thái thứ 10 (1898) ông mất tại nhà riêng, thọ 91 tuổi, được truy thọ Hiệp-tá đại-học-sĩ."
q07_08_page_192-0003,"Ông Bình có tánh cương (cứng rắn), giới, (tiết nghĩa), phác (chất phác), trực (ngay thẳng) đến đâu cũng có tiếng là liêm-thanh công bình, làm việc trải hơn 50 năm mà không ưa kiều cách xa hoa, người ta xưng ông là quan yên tĩnh."
q07_08_page_192-0004,LÊ-VĂN-NGHĨA 黎文義
q07_08_page_192-0005,"Người Lệ-Thủy, năm đầu hiệu Minh-Mạng trao chức Cai-đội làm đến Lãnh-binh tỉnh Bình-Thuận và tỉnh Biên-Hòa."
q07_08_page_192-0006,"Ông đánh giặc bị trúng nhằm đạn chết, tặng Chưởng-cơ, liệt tự vào Miếu tướng-sĩ trận-vong ở Biên-Hòa."
q07_08_page_192-0007,Năm TựĐức 11 (1858) liệt tự vào đền trung-nghỉa.
q07_08_page_192-0008,NGUYỄN-QUỐC-HOAN 阮國雕
q07_08_page_192-0009,"Người Bình-Chính, đậu Hương-cống khoa Tân-Tỵ (1821) niên hiệu Minh-Mạng, làm quan đến Tổng-đốc Ninh-Thái, có tiếng là thanh-bạch."
q07_08_page_192-0010,"Con lớn là Uyền 琬, con thứ là Thành 城 đậu Cử nhân đồng khoa, Thành sau đậu Tiến-sỹ."
q07_08_page_192-0011,NGUYỄN-ĐĂNG-GIAI 阮登楷
q07_08_page_192-0012,"Con Nguyễn-Đăng-Tuân, đậu Hương-cống khoa Kỷ Dậu (1) niên hiệu Minh-Mạng; có nhiều tài lược, làm đến tổng-đốc Ninh Thái, Sơn, Hưng, Tuyên."
q07_08_page_192-0013,"Ông làm quan trải mấy tỉnh lớn, trộm cướp yên lặng, huân vọng vẻ vang, đầu niên hiệu Tự-Đức về việc bang-giao quốc-kế, ông có công kiến ninh rất nhiều."
q07_08_page_192-0014,"Thăng đến Hiệp biện Đại-học sĩ, sung Hữu-kỳ Kinh-lược đại sứ, sau lãnh tổng-đốc Hà-Ninh, mất nơi quan-thứ, được tặng Thiếu-bảo."
q07_08_page_192-0015,"Năm 11 (1858) liệt tự vào đền hiền-lương. (1) Có lẽ khoa Ất Dậu mà in lầm là Kỷ Dậu, vì cứu trong niên thứ đời Minh-Mạng không có năm Kỷ Dậu."
q07_08_page_193-0001,LÊ-DÀN 黎黄
q07_08_page_193-0002,"Người huyện Minh-Chính, đậu Hương-cống khoa Đinh-Dậu (1837) niên hiệu Minh-Mạng, làm quan đến Bố-Chính Quảng-Ngãi Quảng-Nam, tánh người bình dị, làm quan thanh bạch, túi hoạn tiêu sơ, đến đâu đều có tiếng tốt cả, lại dân đều tín phục."
q07_08_page_193-0003,"Ông bệnh mất ở nơi quan xá, quan tổng-đốc Quảng-Nam đem việc tâu lên, vua cho truy thọ chức Tuần-Vũ."
q07_08_page_193-0004,LÊ-VĂN-HY 黎文僖
q07_08_page_193-0005,"Người Phong-Phú, đậu Hương-cống khoa Tân-Tỵ (1821) niên hiệu Minh-Mạng, thi hội dự trúng tam trường, làm quan đến chức Tư-nghiệp trường Quốc-tử-giám."
q07_08_page_193-0006,"Tánh ông thích thảng không chịu ràng buộc, có danh tiếng về thi tửu, khi già về hưu mất ở tư gia."
q07_08_page_193-0007,PHAM-PHI 范緋
q07_08_page_193-0008,"Người Lệ-Thủy. Đầu niên hiệu Minh-Mạng làm Đội trưởng trải lên Phó-vệ-úy, năm thứ 14 (1833) binh Tiêm-La đến xâm phạm các châu ở Cam-Lộ, Phi cùng Chính-vệ Lê-Văn-Thụy đem binh tấn tiễu gặp binh Tiêm ở châu Ba-Lan, 3 trận giao chiến đều hơn cả bắt được tướng nước Tiêm là Mang-Hùng-Khôn Xa-Mân ở trận tiền tiệp thơ lên tâu vua thưởng cho «quân công nhất cấp» 軍功一級, gia phong cho Thụy tước Thông-dung-nam 通勇男, phong cho Phi tước La-phong-nam 羅風男."
q07_08_page_193-0009,"Năm Thiệu-Trị thứ 3 (1843) thăng Chưởng vệ, niên hiệu Tự-Đức trí sĩ, rồi mất."
q07_08_page_193-0010,LÊ VĂN CƯ 黎文居
q07_08_page_193-0011,"Người huyện Phong-Phú, có khí tiết khảng khái, nguyên sơ đầu quân, lần thăng lên Cai-đội."
q07_08_page_193-0012,"Năm Minh-Mạng 16 (1835) Nghịch Khôi chiếm thành làm phản, Văn-Cư theo quân-thứ Phiên-An đào đường xà (đường như hình rắn đi cộng queo) để đánh quân giặc bị giặc bắt được nhưng chúng không nỡ giết."
q07_08_page_193_194-0001,"Cư lại bí mật mưu toan nội công, bị tiết lậu chúng đem ra giết, khi lâm tử Cư mắng quân giặc rằng: sau khi ta chết, bọn nghịch tặc chúng bay sớm muộn gì cũng bị xâu đầu tru lục cả, các Tướng đem sự trạng tâu lên, vua truy tặng cho Cư Phó-vệ-úy. Đồng thời cũng có thư Phó vệ-úy Trần-Văn-Du, Cai-đội Phạm-Văn-Trứ đều tử nạn, Du được truy tặng Phó vệ ủy, Trứ được truy tặng Quản-vệ, đều liệt tự vào đền trung-nghĩa."
q07_08_page_194-0001,NGUYỄN-HÀM-NINH 阮咸寧
q07_08_page_194-0002,"Người Bình-Chính, năm Minh-Mạng 12 (1831) lãnh Hương tiến, làm lần đến Án-sát Khánh-Hòa, vì có sự lầm ra ngoài tầu của người ngoại quốc, bị luận tội trích-thú 謫戌, lâu ngày được khai phục Hàn-lâm-viện Trước-tác, ông liền xin về nhà, rồi mất."
q07_08_page_194-0003,"Hàm Ninh có tiếng là người văn học, hay thơ, mà sởtrường về thơ ngũ ngôn, thi-tứ trầm hùng ức dương đủ cách."
q07_08_page_194-0004,Ông có làm tập Tĩnh Trai Thi Văn 靜齋詩文 truyền thế.
q07_08_page_194-0005,Em ông là Hàm-Nghi 咸宜 cũng
q07_08_page_194-0006,LƯU LƯỢNG 劉亮
q07_08_page_194-0007,"Người Bố-Trạch, đậu Hương-tiến năm Minh-Mạng 16 (1835) năm Tự-Đức nguyên niên (1848) thăng Án-sát tỉnh Thanh-Hóa, cải thọ Hồng-lô-tự-khanh, Biện-lý Hình-bộ, sung Phó-sử đi Yên-Kinh (Tàu) lần thăng Hộ-bộ Tả-thị-Lang, kiêm quản Thông-chính-ty ấn triện."
q07_08_page_194-0008,"Năm thứ 10 (1857) lãnh Tuần-Vũ Hưng-Yên, sau triệu về kinh vua hỏi tình trạng tai hại ở Bắc kỳ, ông tâu bài đành rành, ông lại xin khấu số gạo lưu tào 100.000 vuông giảm giá đong ra cho dãn ăn để cho thơ nạn đói, vua y cho, sau cải thọ Lại-bộ Tả-tham-tri sung Cơ-mật-viện sự vụ."
q07_08_page_194-0009,Ông mất tại quan sở.
q07_08_page_194-0010,"Ông sở trường ngâm vịnh, bình nhật có tiếng thi văn."
q07_08_page_194-0011,NGUYỄN-CỬU-TRƯỜNG 阮久長
q07_08_page_194-0012,"Khi trước là người Thanh-Hóa, thiên cư vào huyện Lệ-Thủy đầu sung cống, bổ vào Quốc-tử-giám, năm Minh-Mạng 19 (1838) đậu Nhị-giáp tiến-sĩ 二甲進士, làm quan trong nội-các lần thăng Bố chính-sử Hà-Nội, về kinh trao chức Lại-bộ Hữu-thị-lang sung biện các-vụ 閣務, kinh-diên giảng quan."
q07_08_page_194-0013,"Vua khen Cửu-Trường có tánh siêng năng cần thận khi vưng chỉ vua, thì ông thừa hành được tinh tường, nên vua đặc chuẩn cho ông ăn lương Nhị-phầm."
q07_08_page_194-0014,"Cửu-Trường lấy tài văn-học chầu hầu, trước sau ở Các hơn 10 năm, hằng được vua thương yêu hậu đãi."
q07_08_page_194-0015,Năm thứ 5 (1) được thọ Tuần-vũ Biên-Hòa khi bệ-từ (2) vua ngự cho bài thơ để tỏ sự sủng-ái.
q07_08_page_194-0016,Năm thứ 6 (3) bị có mục-tật.
q07_08_page_194-0017,Chuần cho về nghỉ rồi mất.
q07_08_page_195-0001,LÊ-ST 黎仕
q07_08_page_195-0002,"Người Phong-Lộc, ban đầu bổ Anh-danh, làm lần lên Phó Đề đốc Biên-Hòa, được triệu về thự chức Chưởng-vệ kiêm quản Kinh tượng các vệ, vừa có việc Nghịch-Trưng phạm-khuyết (tức là loạn Đoàn-Trưng), Lê-Sĩ đem binh bản bộ chận bắt đảng nghịch, có công ấy được thăng Thống-chế, phong Kiên-dũng-nam 堅勇男, và thưởng một bài vàng ghi 2 chữ «Tưởng-trung 獎池», một nhẫn vàng, một kim-tiền."
q07_08_page_195-0003,"Năm Tự-Đức 36 (1823) thọ chức Hữu-quân Đô-thống-phủ Đô-thống Chưởng-phủ-sự, đốc binh giữ Trấn-hải-thành Thuận-An; chiến dịch cửa Thuận, Lê-Sĩ cùng Thống-chế Lê-Chuần, Phó-phòng Lâm-Hoằng, Chưởng-vệ Nguyễn-Trung đều tử trận, niên hiệu Phúc Kiến có gia tặng."
q07_08_page_195-0004,PHẠM-XUÂN-QUÉ 范春桂
q07_08_page_195-0005,"Người Bình-Chính đậu Phó-bảng, làm đến Hình-bộ Thị-lang."
q07_08_page_195-0006,"Năm Tự-Đức 14 (1861) tán tương quân-vụ Nam-Kỳ, ông đến Bình Thuận điệu lương, bệnh mất; anh ông là Xuân-Lân 春鄰 đậu Cử nhân làm đến Viên-ngoại-Lang."
q07_08_page_195-0007,NGUYỄN-ĐĂNG-HÀNH 阮登珩
q07_08_page_195-0008,"Con ông Nguyễn-Đăng-Giai, thi đậu Đồng-tiến-sỹ khoa Mậu Thân (1848) niên hiệu Tự-Đức, làm quan đến Bố-chính-sử."
q07_08_page_195-0009,"Năm thứ 15 (1862) ra dẹp Bắc-phỉ bị trận vong, được gia tặng tuất. (1 và 3) Xét năm thứ 5 và thứ 6 đã biên trên, có lẽ là niên thứ hiệu Tự-Đức, mà sách biên sót 2 chữ Tự-Đức."
q07_08_page_195-0010,Vì kẽ theo niên hiệu Minh-Mạng là hiệu Thiệu-Trị rồi đến hiệu Tự-Đức.
q07_08_page_195-0011,"Mà ông Nguyễn Cửu Trường đậu Tiến sỹ năm Minh-Mạng 19, ra làm quan 2 lần ở nội các hơn 10 năm và làm Bố chính ở Hà Nội một thời kỳ."
q07_08_page_195-0012,"Vậy thì thông tính từ năm Minh-Mạng 19 (1839) đến năm Tự-Đức thứ 5 và thứ 6 (1853-1854) chỉ có 14, 15 năm. (2) Bệ từ = đến trước bệ vua bái mạng từ khứ."
q07_08_page_196-0001,BÙI-NHẬT-TIẾN 裴日進
q07_08_page_196-0002,"Người Bình-Chính, đầu bổ Quốc-tử-giám, làm quan đến Hình bộ Thị-Lang, ông người liêm khiết vô tư, ai cũng khen ngợi."
q07_08_page_196-0003,TRẦN-VĂN-HỆ 陳文係
q07_08_page_196-0004,"Người Minh-Chính, đậu Tiến-sĩ năm Tự-Đức thứ 4 (1851) làm quan đến Bố-chính-sứ Hà-Nội."
q07_08_page_196-0005,"Tánh người khiêm nhường hòa nhã đến đâu cũng đều cần thận chức vụ, sau có lịnh xin về."
q07_08_page_196-0006,"Năm thứ 31 (1878) tái khởi làm Thương-biện Tỉnh-vụ Quảng-Bình, rồi ông cũng xin về, mất năm Đồng-Khánh thứ 2 (1887)."
q07_08_page_196-0007,"LƯU-VĂN-BÌNH 劉文平 tự NHƯ HÀNH 如衡 Người Bố-Trạch, đậu Phó-bảng khoa Quí-Mão (1853) năm Tự-Đức thứ 6."
q07_08_page_196-0008,"Ông học nghiệp tinh-thuần, cả đời chỉ vui cùng văn chương sách vở."
q07_08_page_196-0009,"Khi bổ Tri-huyện Nghi-Xuân ông còn chăm việc giáo dục, tú sĩ trong hạt nguyện đến học cùng ông có vài trăm người."
q07_08_page_196-0010,"Khi thăng Tri-phủ Thuận-An làm việc bình dị cận dân, dân rất thương mến, sau phụng chỉ đổi về làm việc ở kinh, hạt dân ái mộ xin lưu lại đến hơn 6 năm, mới đổi bổ Hình-bộ Viên-ngoại-lang."
q07_08_page_196-0011,"Văn-Bình tự thủ tấm lòng thanh bạch ai cũng xưng tụng, 60 tuổi cáo bệnh xin về, mất ở nhà riêng."
q07_08_page_196-0012,"Sau con ông làm quan quí hiền, ông được tặng Hàn-lâm-viện Thị-độc học-sĩ."
q07_08_page_196-0013,"Con ông là Lưu Đức-Xưng đậu cử nhân hiện tại Hàn-lâm-viện Trực-học-sĩ, sung Toản-tụ, Cháu là Kiến, đậu Cử nhân làm Tri-huyện."
q07_08_page_196-0014,HÒ-VIÊM 胡炎
q07_08_page_196-0015,"Người Phong-phú, có dũng lực hơn người, hay giỏi võ nghệ làm quan đến Chưởng-vệ."
q07_08_page_196_197-0001,"Năm Tự-Đức 14 (1861) phải coi các hải phòng từ Quảng-Bình ra Bắc, gặp có thủy-phỉ cướp bóc các miền duyên hải, vua xét Hồ-Viêm người cần cán, lịch luyện thủy-trình khiến dời qua 2 hạt Nghệ An Thanh-Hóa quản lãnh binh thuyền chạy đến Quảng-Yên tìm nghĩ cơ nghi đánh dẹp thủy-phỉ (giặc biển) khi dẹp yên, được triệu về thăng Thủy-sư đề-đốc, lần thăng Thống-chế quyền chưởng Tả-quân, kiêm quản Hậu-quân, chưa được bao lâu TRẦN-VĂN-CHUẦN 陳文準"
q07_08_page_197-0001,"Người Minh-Chính, năm thứ 15 (1862) hiệu Tự-Đức đậu Tiến sỹ làm lần đến Án-sát-sứ Thanh-Hóa, sung Phó-sử qua Yên-kinh khi về trao chức Thị-giảng học-sĩ, Tham-biện các-vụ."
q07_08_page_197-0002,"Năm 33 (1880) lãnh tổng-đốc Nghệ An xin đặt các đồn Tiên-Kỳ, Anh-Mặc thuộc sơn phòng Nghệ-An, liền thự Thượng-thơ bộ Công quản lý thương-thuyền sự vụ, lại sung Phó khâm-sai Bắc-kỳ, sau vì việc ông tự về kinh không đợi chỉ vua, bị giáng chức, sau ông lại quyền lãnh tổng đốc Nghệ An, xin đặt đồn Quyết-Sơn, và đắp La-thành Nghệ An, mất ở quan thứ."
q07_08_page_197-0003,"Sau chuẩn thiệt-thọ Tổng-đốc, con là Văn-Cư 文居 đậu Tú-tài bổ Trị-huyện."
q07_08_page_197-0004,HÀ-VĂN-QUAN 何文關
q07_08_page_197-0005,"Người Phong-Lộc, đậu Phó-bảng năm Tự-Đức 18 (1865), làm quan đến Thị-độc học-sĩ, sung Phó-sứ qua Yên-kinh, về thăng Binh bộ hữu-thị-lang, sung chủ-khảo trường Nam-Định, lãnh Tổng-đốc Hải-Yên."
q07_08_page_197-0006,"Ông tận tâm phủ trấp cả hạt đều yên, được vua khen ngợi."
q07_08_page_197-0007,"Năm thứ 36 (1883) cùng Tuần-vũ Hải-Yên là Nguyễn-Văn-Phong 阮文風, Tuần-vũ Quảng-Yên là Hoàng-Vĩ 黃煒 bị người Pháp nghi bắt chở đi nơi khác."
q07_08_page_197_198-0001,"Năm Đồng-Khánh nguyên niên (1886) người Pháp giao lại đến kinh, chuần giảng Thị-lang, lãnh Lại-bộ Tả-tham tri, liền thăng thọ Hình-bộ Thượng-thơ, mất nơi quan-thự HIỂU-TỬ 孝子"
q07_08_page_198-0001,HOÀNG-NHẬT-TẺ 黄日宰
q07_08_page_198-0002,"Người Phong-Lộc, 15 tuổi đi cùng cha ra ruộng, qua đường núi có con cọp đến chận ông cha, Tề cầm gậy thẳng đến đánh cọp, vừa khi ấy có người anh của Tề là Giám chăn trâu ở đấy liền đến cứu, cọp bèn bỏ đi, cha của Tề được bảo toàn."
q07_08_page_198-0003,Việc này có tâu vua sắc cho Tề một tấm biển khắc chữ: «hiếu hạnh khả phong» (孝行可風) và thưởng cho áo ngân-sa; lại thưởng cho Giám 10
q07_08_page_198-0004,LÊ-THỊ-NỮ 女氏黎
q07_08_page_198-0005,Người Phong-Lộc.
q07_08_page_198-0006,"Thị Nữ 15 tuổi theo cha là Tảo vào núi Lệ Ký đốn củi, có con mãnh hồ tự trong rừng đột nhiên chạy đến chụp bắt ông cha."
q07_08_page_198-0007,"Thị Nữ hô hoán inh ỏi, kíp lấy cây củi đánh cọp bất cố, cọp chạy vào rừng, Thị-Nữ công cha về, người làng đến xem trước bụng và sau lưng của Tảo có những vết thương của cọp, trình quan khám nghiệm rồi tâu lên, vua sắc cho tấm biển vàng đề chữ «Hiếu hạnh khả phong» và quan địa phương có dựng phường (1) (1) Phường () = kiến trúc lên một chỗ như phường-môn đề nêu hiếu hạnh của người ấy cho trong làng xóm biết."
q07_08_page_199-0001,LIỆT-NỮ 烈女
q07_08_page_199-0002,NGUYỄN THỊ CỬU 阮氏久
q07_08_page_199-0003,"Ngườt xã Minh-lý huyện Phong-Lộc, 24 tuổi sinh 1 đứa con gái chồng chết, có kẻ muốn làm điều cưỡng gian, thị Cửu không chịu nhảy vào giếng, nhờ người ở xóm cứu lên khỏi chết."
q07_08_page_199-0004,"Tỉnh-thần đem việc tâu lên, năm Tự-Đức 18 (1865) (từ đây về sau cũng trong niên hiệu này) vua ban cấp tấm biển: Tiết nghỉa khả phong, và thưởng"
q07_08_page_199-0005,TRẦN THỊ BÀN 陳氏盤
q07_08_page_199-0006,"Người thôn Động-Hải huyện Phong-Lộc, 23 tuổi sinh 1 trai 1 gái, chồng chết, có kẻ muốn cưới, Thị Bàn không chịu, việc có tâu lên, được thưởng bạc lượng."
q07_08_page_199-0007,TRẦN THỊ CÔNG 陳氏工
q07_08_page_199-0008,"Người Lệ-Thủy, có phụ hạnh, chồng chết hơn 20 năm, tự thề không lấy chồng khác, ở vậy dạy dỗ 2 đứa con, có gia pháp đẳng thằng, trong chốn khuê môn nghiêm chỉnh, ai cũng kinh mộ tiết"
q07_08_page_199-0009,PHẠM THỊ-HỰU 范氏又
q07_08_page_199-0010,"Người Lệ-Thủy, hơn 20 tuổi chồng chết, chỉ sinh một gái."
q07_08_page_199-0011,"Thị giữ sương-cư, nhiều người trong thôn muốn cưới, thị từ chối lấy sự cô quả bần hàn, chỉ an phận mà thôi, không mặt mắt nào trở lấy chồng khác, thủ tiết trọn đến khi chết."
q07_08_page_199-0012,ĐOÀN THỊ CHUY 段氏錐
q07_08_page_199-0013,"Người xã Phú-Hòa, huyện Phong-Phú, 24 tuổi sinh được 1 gái chồng chết, người trong xã là Trương-Văn-Chàng ép cưới, thị lấy dao cắt tóc tự thề không cải giá."
q07_08_page_199-0014,"Việc thị tâu lên, được thưởng kim-tiền."
q07_08_page_200-0001,HOÀNG-THỊ-THỜI 黄氏辰
q07_08_page_200-0002,"Người phường Trung-Binh, huyện Phong-Lộc, 24 tuổi sương cư, người có tư sắc công hạnh, nhiều người muốn cưới, thị không bằng lòng, trong làng xóm đều kính trọng, giữ được trọn tiết cho đến khi bạc đầu."
q07_08_page_200-0003,"Việc thị tâu lên, được thưởng bạc lượng."
q07_08_page_200-0004,NGUYỄN-THỊ-VĨNH 阮氏永
q07_08_page_200-0005,"Người xã Đơn-Sa, huyện Quảng-Trạch, 21 tuổi sinh được 2 trai, chồng chết, trong xã mượn nhiều mai mối đến hỏi làm vợ, thị khộng bằng lòng, cởi bỏ đồ nữ trang, chỉ bận đồ rách, thường kêu khóc tự thề không có đổi lòng, cử giữ sương cư thủ tiết cho đến già, năm Thành-Thái 16 (1904) (từ đây về sau thuộc niên hiệu này) đem việc thị tâu lên, được thưởng tấm biển chạm chữ «Tiết hạnh khả phong» (sau đây cũng đều được thưởng biển «tiết hạnh khả phong» cả)."
q07_08_page_200-0006,NGUYỄN THỊ DIỆU 阮氏
q07_08_page_200-0007,"Người thôn Hòa-Minh huyện Quảng-Trạch (dưới đây đều người thôn huyện này) 19 tuồi sinh 1 trai, chồng bệnh chết, mãn tang phục, nhiều mai mối đến hỏi làm vợ, thị không ưug thuận, đến mả chồng khóc kề, cắt tóc thề nguyện ở vậy trọn đời không đổi chí."
q07_08_page_200-0008,"Việc tâu lên, được thưởng một tấm biển."
q07_08_page_200-0009,HOÀNG THỊ TỰ 黄氏自
q07_08_page_200-0010,"20 tuổi xuất giá, sinh được 1 gái, chồng chết, thị cư tang thủ chí không có biệt tình, thuở ấy có nhiều người thấy thị có nhan sắc muốn hỏi làm vợ, thị thề thủ chí hoàn tiết, tự nhảy xuống giếng toan tự tử, may có người làng cứu khỏi."
q07_08_page_200-0011,"Sau ấy người ta thấy thị có lòng trinh liệt, biết không thế ép được, nên không giám cậy mai mối nữa."
q07_08_page_200-0012,"Việc thị tâu lên, được thưởng tấm biển."
q07_08_page_200-0013,ĐẶNG THỊ DUYÊN 鄧氏緣
q07_08_page_200-0014,Người xã Cao-Lao huyện B.
q07_08_page_200-0015,"T. (đây về sau người thôn huyện này) 21 tuổi sinh 1 trai, chồng chết, ở vậy tự thủ, thề không đổi chí nhiều người muốn hỏi, thị cắt tóc tự thề, phụng sự mẹ chồng rất hiếu, bảo dưỡng con đến thành danh."
q07_08_page_200-0016,"Con là Nguyễn-Duy-Thâm đậu Thượng-hạng Học-sinh Tú-tài được cống cử vào hạng đại-học trong thôn thưởng cấp ruộng, đề nêu tiết hạnh của thị, việc tâu lên được thưởng tấm biển."
q07_08_page_201-0001,LƯU THỊ KHÁNH 劉氏慶
q07_08_page_201-0002,"24 tuổi lấy chồng sinh đặng 1 trai, chồng chết, thị sương-cu thủ tiết, thề chẳng đổi lòng, trong thôn thưởng cấp cho ruộng đề nêu tiết hạnh, việc tâu lên được thưởng tấm biển."
q07_08_page_201-0003,PHẠM-THI-LIỄU 范氏柳
q07_08_page_201-0004,"Người xã Văn-Phú, huyện Quảng-Trạch, con gái Tri-huyện Phạm-Quang, 20 tuổi nguyên Tuần-vũ Trần-Ngọc-Điền cưới làm kế thất, mới được 2 tháng hoài thai, Ngọc-Điền bị hạch tội phái ra Tam Tuyên rồi chết, thị sinh được 1 trai, ở tang nuôi con, mãn tang rồi nhiều người cậy mối qua lại để hỏi làm vợ, mà thị thường ngày khóc kề thề không đổi lòng, cứ giữ trọn tiết cho đến đầu bạc."
q07_08_page_201-0005,"Năm Thành-Thái 7, tâu lên được thưởng tấm biển."
q07_08_page_202-0001,THỔ SẢN 土產
q07_08_page_202-0002,絹-Quyến = lụa.
q07_08_page_202-0003,"Các huyện đều có, duy ở Phong-Lộc xã Võ-Xá tốt hơn."
q07_08_page_202-0004,布-Bố = Vải.
q07_08_page_202-0005,Các huyện đều có.
q07_08_page_202-0006,"藤枕-Đằng-chầm = gối mây, sản xuất huyện Bình-Chính."
q07_08_page_202-0007,"紅菱稻-Hồng-lăng-Đạo = tục danh lúa lăng, ngồng cao bông lớn, hột hơi dài, sắc gạo đỏ, nấu cơm trước mềm sau cứng tháng 5 gieo, tháng 7, 8 chín, ưa đất cao, ở Nam-Bắc-Kỳ đều có, lúa này vỏ dày, ít gạo, chỉ được mau chín nên người ưa trồng."
q07_08_page_202-0008,黄精-Hoàng-tinh = Sản xuất ở huyện LệThủy nhiều hơn có cống hiến.
q07_08_page_202-0009,"Bản-thảo tên là Hoàng-tinh-chi, là Mậu-kỷ-chi, là Thố hành, là Tiên-nhân-dư-lương, là Cứu-cùng-thảo, là Thể-bô, là Dã-sinh khương, là Trùug-lâu, là Kê-cách, là Long-hàm, là Thùy-châu."
q07_08_page_202-0010,"Do tinh của cỏ chi sinh ra, củ như củ gừng non mà sắc vàng."
q07_08_page_202-0011,"Người ta ngâm làm bột gọi là bột hoàng tinh, hay bổ tỉnh điền tủy, uống lâu ngày được trường sinh, cũng có nhiều chỗ trồng."
q07_08_page_202-0012,"黄豆醬-Hoàng-đậu-Tương = tương đậu nành, sản xuất ấp Tráng-Tiệp huyện Phong-Lộc, có cống hiến."
q07_08_page_202-0013,"桑椹酒-Tang-thậm-Tửu = Rượu dâu, sản xuất huyện Minh-Chính, do hột trái dâu dầm làm rượu, vị rất ngon, có cống hiến, cây giống cây dâu mà không phải thật dâu, không nên dùng 蟹紋布-Man-văn-Bố = Vải văn của mọi."
q07_08_page_202-0014,班竹-Ban-Trúc = Tre có vẻ văn ngoài da.
q07_08_page_203-0001,黃蠟-Hoàng-Lạp = Sáp ong.
q07_08_page_203-0002,蜂蜜-Phong-Mật = Mật ong.
q07_08_page_203-0003,慶-Chương = Cheo.
q07_08_page_203-0004,山猪-Sơn-Tru = Heo rừng.
q07_08_page_203-0005,羚羊-Linh-Dương = Con linh-dương.
q07_08_page_203-0006,"虎豹 – Hồ, Báo = Hùm, Beo."
q07_08_page_203-0007,象牙-Tượng-Nha = Ngà Voi.
q07_08_page_203-0008,孔雀-Không-Tước = Con Công.
q07_08_page_203-0009,"麋鹿-Mê, Lộc = Nai, Hưu."
q07_08_page_203-0010,降香-Giáng Hương = Cây Giáng-Hương.
q07_08_page_203-0011,犀角-Tê-Giác = Sừng tê.
q07_08_page_203-0012,速香-Tóc-Hương = Cây Tốc-Hương.
q07_08_page_203-0013,"Thành-Thang huyện Minh-Chính, lệ có thượng tiến."
q07_08_page_203-0014,"Phong-Lộc rất ngon, lệ có thượng tiến. đến giữa mùa Đông mùa Xuân ép nấu thành mật. ngả nguồn đều có hiếu. huyện Minh-Chính. (Mấy vật trên đây đều sản xuất các nguồn ở các huyện."
q07_08_page_203-0015,") 平參-Binh-Sâm = Tức nam Nhân-sâm, sản xuất ở núi 西瓜 Tây-Qua = Dưa Hấu, sản xuất phường Hữu-Cung, huyện 榔参-Lang-Sâm = Tục gọi sâm cau, những chỗ gần núi đều có, lá giống lá cau có sở dọc, người thổ-trước kêu là lang sâm."
q07_08_page_203-0016,"鳳油-Phụng-Du = Dầu phụng, sản xuất huyện Bố-Trạch 白蜜蔗蜜-Bạch-Mật Giá-Mật = Mật mía đường sản xuất ở các xã Trung-Ái, Phù-Sô huyện Bình-Chính dân trồng nhiều mía 橄欖燈-Cảm-lam-Đăng = Đèn dầu trám, sản xuất ở các 赭石-Chử-Thạch = Đá son, sản xuất nguồn son An-Náu 鐵木-Thiết-Mộc = Thứ gỗ cứng bền như sắt, theo Việt Năm Tự-Điền nói: đinh, lim, sến, táu gọi là thiết-mộc."
q07_08_page_203-0017,"黄心木-Hoàng-tâm-Mộc = Gỗ vàng tâm, có tên nữa gọi là Mộc-Lan 木蘭."
q07_08_page_203-0018,"Bản thảo nói: Nhánh lá đều thưa, hoa trong trắng ngoài tím, sở cây nhỏ mà vàng, cây lớn rộng hơn 3 thước, gỗ tế nhị dùng được bền lâu, người ta dùng làm khí cụ và thọ đường."
q07_08_page_203-0019,萬古木-Van-co-Mộc = Cây Gõ.
q07_08_page_203-0020,"鐵藤水藤-Thiết Đằng, Thủy-Đằng = Loại Mây. (Các thứ trên đây ở ngả nguồn các huyện đều có)."
q07_08_page_203-0021,鰍魚-Thu-Ngư = Cá Thu.
q07_08_page_203-0022,鯊魚-Sa-Ngu = Cá Nhám.
q07_08_page_203-0023,烏魚-Điều-Ngư = Cá Chim.
q07_08_page_203-0024,"烏賊魚-Ô-tặc-Ngư = Có tên nữa là 柔魚 Nhu-Ngư, tức 龍魚-Long-chich-Ngư = Dọc theo miền biển các huyện đều có."
q07_08_page_203-0025,"Mắm cá long-chích gọi là mắm hàm-hương, ngon hơn các 九孔决明-Cửu-Không-Quyết-Minh = Sản xuất ởTừ Úc huyện Bình-Chính, có một tên nữa gọi là 鯪魚 (phục-ngư) Khang Hy Tự-Điền dẫn sách Quảng-Chí nói: Phục-ngư không có vảy chỉ có vỏ xác đeo theo đá, có lỗ nhỏ len lộn, hoặc 7 lỗ hay 9 lỗ."
q07_08_page_203-0026,龜-Qui = Con Rùa.
q07_08_page_203-0027,髦一 Biếc = Con Ba-ba.
q07_08_page_203-0028,田蟹一 Điền-Giải = Con Cua đồng.
q07_08_page_203-0029,海蟹一 Hải-Giải = Con Cua biển. (Đều sản xuất trong sông biển các huyện).
q07_08_page_203_204-0001,石蟹-Thạch-Giải = Con Cua đá sản xuất khe Động-hồi châu Phong-Lộc.
q07_08_page_204-0001,虎蝦 – Hồ-Hà = Tôm Hùm.
q07_08_page_204-0002,Sản xuất ở sông Ròn h.
q07_08_page_204-0003,B.
q07_08_page_205-0001,"Quảng-Bình ra biển đánh cá được một con tôm lớn dài vài thước châu thân có vẻ rằn, râu vễnh ra cứng lớn và dài bằng thân mình của nó, gẫy mất hết một cái, người ấy đem bán ở chợ, ai cũng lấy. làm lạ, có người Tàu họ Tạ mua được, sắp đem nấu, vừa ở nhà bên có họ Dương bảo rằng: không nên nấu ăn, rồi họ Dương mua lại con tôm ấy đem thả xuống sông, tôm liền nhảy vọt ra biển."
q07_08_page_205-0002,"Sau họ Dương làm nghề thương mãi, ngày nọ đi thuyền ngoài biển gặp gió úp thuyền, họ Dương leo lên một tấm ván theo sóng trôi giạt vào bờ, khi ấy ngó lại thì ra con tôm mình thả ngày trước."
q07_08_page_205-0003,"HọDương khấn tạ, tôm liền lặn xuống sóng biển không thấy nữa."
q07_08_page_205-0004,Chính.
q07_08_page_205-0005,"牡蠣-Mẫu-Lệ = Con Hầu, sản xuất ở Từ-Úc huyện Bình 土碌-Thô-Châu = Son đất."
q07_08_page_205-0006,黄土-Hoàng-Thổ = Đất vàng. (2 thứ trên đây đều sản xuất 2 huyện Lệ-Thủy và Phong-Phú).
q07_08_page_205-0007,德魚-Đức-Ngư = Tục danh cả ông.
q07_08_page_205-0008,"Kiến-Văn-Lục của Lan Trì Võ-Nguyên-Hanh chép: Có người phú thương ở Quảng-Nam hay làm việc từ thiện, mỗi năm thường thuế ghe từ Gia-Định đến Thuận Hóa buôn bán, ngày nọ đáp theo ghe biển, bị say rượu nằm trong ghe, mà chủ ghe nọ là một tên bợm, nhân ban đêm xô người phú-thương xuống biển hụp lặn giữa ba đào, thoạt đụng nhằm con cá lớn, phú thương bèn vịn theo cái gáy con cá, con cá dương vậy vọt sóng bơi đi mau như tên bắn, đến nữa đêm thấy con cá nghiêng mình đứng nghỉ, anh ta trương mắt ngó thì hiện đến bờ biển Động-Hải bèn lội vào bờ, xây mặt ngó ra chỗ con cá khấn tạ, rồi tìm đường đi thấy trước có đồn binh, nhìn nhận ra là đồn Động-hải."
q07_08_page_205-0009,"Anh ta gõ cửa xin vào bày tỏ sự tình, người trong đồn thấy vậy thương hại cấp dưỡng cho ăn mặc."
q07_08_page_205-0010,"Ở đấy hơn 10 ngày, thì người chủ ghe cũng đến Động-Hải đậu ghe lên bờ, trông thấy phú thương cả kinh sợ xuống ghe trương bườm chạy mau, phú-thương kêu lính đồn đón bắt được, đem tra hỏi y phục tội liền."
q07_08_page_205_206-0001,蚶-hạp-Cam = Thồ-nhân gọi là sò huyết sản xuất ở biển Ròn.
q07_08_page_206-0001,"Phủ-Man Tạp Lục Lê-Quí-Đôn nói: Từ khi Nguyễn-Khắc-Liệt 阮克埒 trấn thủ, khiến thuyền qua Quảng-An giáp Khâm-Châu lượm sò này đem về thả ở cửa biển Di-Luân và đến chỗ này."
q07_08_page_206-0002,穀-Cốc = Lúa.
q07_08_page_206-0003,豆 Đậu.
q07_08_page_206-0004,"瓜 Qua = Dưa, bí."
q07_08_page_206-0005,菜 — Quả trái cây.
q07_08_page_206-0006,花-Hoa.
q07_08_page_206-0007,菜-Thề = Rau.
q07_08_page_206-0008,Mỗi nơi chỗ nào cũng có.
