id,sentence
q10_11_page_13-0001,ĐẠI-NAM NHẤT-THỐNG-CHÍ
q10_11_page_13-0002,(QUYỂN 10)
q10_11_page_13-0003,TỈNH PHÚ-YÊN
q10_11_page_13-0004,"Từ đông đến tây 70 dặm, từ nam đến bắc 173 dặm."
q10_11_page_13-0005,Từ tỉnh-lỵ xuống phía đông đến biển 16 dặm Tây đến động mán 54 dặm; nam đến đèo Đại-Lãnh giáp giới huyện Ninh-Hòa tỉnh Khánh-Hòa 123 dặm; bắc đến núi Cù-Mông giáp-giới huyện Tuy-Phước tỉnh Bình-Định 50 dặm.
q10_11_page_13-0006,Theo phía bắc đến kinh-đô 731 dặm.
q10_11_page_15-0001,KIẾN TRÍ DUYÊN CÁCH
q10_11_page_15-0002,(Kiến thiết để yên cũ hay thay đổi mới) Nguyên xưa là đất Việt-Thường.
q10_11_page_15-0003,"Đời nhà Tần (Trung-quốc) thuộc về Tượng-Quận, đời nhà Hán (T. Q.) thuộc quận Nhật-Nam (Từ Tần Hán về sau cương-vực không khảo-cứu được, nên đây tạm cử đại lược mà thôi)."
q10_11_page_15-0004,"Sau bị Lâm-Áp thôn tính, rồi bị Chiêm-Thành chiếm lấy làm đất Bà-Đài (tức nay là Xuân-Đài), Đà-Lãng (nay gọi Đà-Diễn)."
q10_11_page_15-0005,"Đời Lê-Thánh-Tôn, niên-hiệu Hồng-Đức thứ 6 (1475) đánh Chiêm-Thành mở đất đến đây, lấy núi Thạch-Bi làm giới hạn, nhưng từ núi Cù-Mông vào nam còn thuộc Man-lèo (mọi rợ)."
q10_11_page_15-0006,"Qua triều Nguyễn đời vua Gia-Dụ-Hoàng-Đế (Chúa Tiên nhà Nguyễn năm thứ 21 là năm Mậu-dần 1578), vua ủy ông Lương-Văn-Chánh làm Trấn-biên-quan, chiêu tập lưu-dân đến Cù-Mông, Bà-Đài, khần đất hoang ở Đà-Diễn."
q10_11_page_15-0007,"Năm thứ 54, Tân-hợi (1611), người Chiêm xâm lấn biên-cảnh, vua sai Chủ-sự là Văn-Phong (thiếu họ) dẹp yên, lấy đất ấy làm 2 huyện Đồng-Xuân và Tuy-Hòa, đặt phủ Phú-Yên thuộc dinh Quảng-Nam và dùng ông làm Lưu-thủ."
q10_11_page_15-0008,"Đời vua Hy-Tôn Hoàng-Đế (Nguyễn-Phúc-Nguyên) năm thứ 16 (Kỷ-tỵ, Lê-Đức-Long nguyên-niên, 1629) Văn-Phong phản-nghịch, vua sai Phó-tướng Nguyễn-Vinh đánh dẹp rồi lập dinh Trấn-biên, sau gọi là Phú-Yên-dinh, đặt quan Tuần-thủ; lại ở theo những chỗ duyên-biên gần biên đặt làm 38 thuộc (1)."
q10_11_page_15-0009,"Đời vua (1) Thuộc: lệ thuộc dưới chính quyền; một vùng rộng chia làm nhiều khu vực, cũng như thôn ấp vậy, mỗi thuộc có một Thuộc-Trưởng."
q10_11_page_16-0001,"Duệ-Tôn Hoàng-Đế (Nguyễn-Phúc-Thuần) năm thứ 9, Quý-tỵ (1773, năm Lê-Cảnh-Hưng 34 tức 1773), đất này bị Tây-Sơn chiếm cứ, đầu lúc trung-hưng mới thâu phục."
q10_11_page_16-0002,Qua năm Gia-Long thứ 7 (1808) đổi làm Trấn và đặt chức Trấn-thủ.
q10_11_page_16-0003,Năm Minh-Mạng thứ 7 (1826) lại đặt làm Phú-Yên-phủ đặt chức Tri-phủ.
q10_11_page_16-0004,Năm thứ 12 (1831) đổi làm Tuy-An-phủ thuộc vào Bình-Định.
q10_11_page_16-0005,"Năm thứ 13 (1832) phân hạt, thăng làm Phú-Yên-tỉnh, đặt 2 ty Bố-chính và Án-sát, thuộc Bình-Phú tổng-đốc thống-hạt."
q10_11_page_16-0006,"Năm Tự-Đức thứ 6 (1853) đổi làm Đạo, đặt 1 Quản-đạo, văn-thơ sở sách phải viết 3 chữ Bình-Định-tỉnh lên đầu."
q10_11_page_16-0007,"Năm thứ 12 (1859) đặt thêm chức Tuyên-phủ-sứ; năm thứ 16 (1863) giảm chức Tuyên-phủ, lại đặt Chính Phó quản-đạo (1 chánh, 1 phó)."
q10_11_page_16-0008,"Năm thứ 29 (1876) lại đặt làm tỉnh với 2 ty Bố, Án, cũng thống hạt như cũ (thống hạt Bình-Phú tổng-đốc)."
q10_11_page_16-0009,"Năm Thành-Thái 11 (1899) lại đặt chức Tri huyện huyện Đồng-Xuân, thuộc phủ Tuy-An, và thăng huyện Tuy-Hoa làm phủ."
q10_11_page_16-0010,"Sau lại cắt miền thượng-du của 2 phủ Tuy-An, Tuy-Hoa và huyện Đồng-Xuân đặt làm huyện Sơn-Hoa, đặt chức Tri huyện, thuộc vào phủ Tuy-Hoa."
q10_11_page_16-0011,Tỉnh này nay lãnh 2 phủ 2 huyện.
q10_11_page_16-0012,PHỦ TUY-AN
q10_11_page_16-0013,"Cách tỉnh 21 dặm Đông đến tây 35 dặm, nam đến bắc 43 dặm."
q10_11_page_16-0014,Từ phủ-lỵ xuống phía đông đến biển 10 dặm; tây đến địa-giới huyện Sơn-Hòa 25 dặm; nam đến địa-giới phủ Tuy-Hòa 30 dặm; bắc đến giáp-giới huyện Đồng-Xuân 13 dặm.
q10_11_page_16-0015,"Nguyên trước là phủ Phú-Yên, năm Minh-Mạng 12 (1831) đổi lại tên này (Tuy-An)."
q10_11_page_16-0016,"Năm thứ 13 (1832) chia ra từng hạt, đặt chức Tri-phủ kiêm-lý Đồng-Xuân thống hạt Tuy-Hòa (1)."
q10_11_page_16-0017,"Năm Tự-Đức thứ 6 (1853) đổi làm (1) Kiêm-lý: Nghĩa là huyện Đồng-Xuân không đặt viên Tri huyện-viên phủ Tuy-An phải kiêm-lý (kiêm-lý nghĩa như kiêm-trị) Thống hạt: nghĩa là huyện Tuy-Hòa tuy có viên Tri huyện, nhưng ở dưới quyền viên phủ Tuy-An thống quản."
q10_11_page_17-0001,"Đạo, do Đạo kiêm-lý phủ."
q10_11_page_17-0002,"Năm 29 đổi làm Tỉnh, lại đặt Tri-phủ thống hạt như cũ."
q10_11_page_17-0003,"Năm Thành-Thái 11 (1899) thăng huyện Tuy-Hòa làm phủ, và đặt Tri huyện huyện Đồng-Xuân, trích tổng Xuân-Sơn trong hạt chia đặt làm 2 tổng An-Sơn và An-Hải; trích tổng Xuân-Vinh chia đặt làm 2 tổng An-Vinh và An-Đức; lại trích 8 xã thôn ở huyện Sơn-Hòa đặt làm tổng An-Phú đều thuộc phủ quản-hạt Còn 2 tổng Xuân-Đài và Xuân-Sơn-thượng cải thuộc huyện Đồng-Xuân."
q10_11_page_17-0004,"Phủ Tuy-An nay thống hạt huyện Đồng-Xuân và lãnh 5 tổng, 69 xã, thôn, phường."
q10_11_page_17-0005,HUYỆN ĐỒNG-XUÂN
q10_11_page_17-0006,"Cách tỉnh 3 dặm. Từ đông đến tây 41 dặm, từ nam đến bắc 46 dặm."
q10_11_page_17-0007,Từ huyện-lỵ xuống phía đông giáp biển 1 dặm; lên phía tây đến đất Mọi 40 dặm; phía nam đến địa-giới phủ Tuy-An 11 dặm; bắc giáp-giới huyện Tuy-Phước tỉnh Bình-Định 35 dặm.
q10_11_page_17-0008,"Huyện này đặt ra từ thuở đầu khai-quốc (Vào năm Tân-hợi (1611) khi Văn-Phong đánh dẹp Chiêm-Thành, như đã nói trên)."
q10_11_page_17-0009,Năm Minh-Mạng thứ 7 (1826) huyện này thuộc phủ Tuy-An kiêm-lý.
q10_11_page_17-0010,Năm Tự-Đức thứ 6 (1853) do đạo (Phú-Yên) kiêm-lý.
q10_11_page_17-0011,"Năm Thành-Thái 11 (1899) triều đình lại đặt Tri huyện, trích lấy tổng Xuân-Đài của phủ Tuy-An chia đặt làm 2 tổng Xuân-Đài và Xuân-Bình, cùng tổng Xuân-Sơn-thượng cải tên làm tổng Xuân-Phong, lệ-thuộc vào huyện mà thuộc phủ Tuy-An thống hạt."
q10_11_page_17-0012,Năm thứ 12 (1900) trích lấy 6 thôn trong tổng Xuân-Phong của huyện hạt này tháp-nhập vào tổng Sơn-Xuân huyện Sơn-Hòa.
q10_11_page_17-0013,Huyện Đồng-Xuân nay lãnh 3 tổng.
q10_11_page_17-0014,"47 xã, thôn, phường, ấp."
q10_11_page_17-0015,PHỦ TUY-HOÀ
q10_11_page_17-0016,"Cách tỉnh 45 dặm, Từ đông đến tây 29 dặm, từ nam đến bắc 33 dặm."
q10_11_page_17-0017,Từ phủ-lỵ xuống phía đông đến biên 4 dặm; phía tây đến giới huyện Sơn-Hòa 25 dặm; phía nam đến giới phủ Ninh-Hoà tỉnh Bhánh-Hoà 25 dặm; phía bắc đến giới phủ Tuy-An 8 dặm.
q10_11_page_17-0018,"Thuở đầu khai-quốc, phủ này được đặt làm huyện (vào năm Tân-Hợi đã nói trên)."
q10_11_page_17-0019,"Năm Minh-Mạng thứ 7 (1826) thuộc phủ Tuy-An kiêm-lý, đến năm Tự-Đức thứ 6 do Đạo (Phú-Yên) kiêm lý."
q10_11_page_17-0020,"Năm Thành-Thái 11 (1899) triều-đình cải thăng làm phủ, đặt Tri-phủ thống bạt huyện Sơn-Hòa, lãnh coi 5 tổng (Hoà-Đa, Hoà-Bình Hoà-Mỹ, Hoà-Lạc, Hoà-Lộc)."
q10_11_page_17-0021,Năm thứ 12 (1900) trích lấy 12 xã thôn trong tổng Sơn-Tường của huyện Sơn-Hòa đặt làm tổng Hoà-Tường thuộc về phủ này.
q10_11_page_17-0022,Nay phủ Tuy-Hòa lãnh 6 tổng.
q10_11_page_17-0023,"109 xã, thôn, phường, ấp"
q10_11_page_18-0001,HUYỆN SƠN-HÒA
q10_11_page_18-0002,"Cách tỉnh 58 dặm. Từ đông đến tây 45 dặm, từ nam đến bắc 42 dặm."
q10_11_page_18-0003,Từ huyện-lỵ xuống phía đông đến giới phủ Tuy-An 15 dặm; phía tây đến đất Mán 30 dặm; phía nam đến giới phủ Tuy-Hòa 11 dặm rưỡi; phía bắc đến giới huyện Đồng-Xuân 30 dặm rưỡi.
q10_11_page_18-0004,"Nguyên trước là đất của Tuy-An, Tuy-Hòa và Đồng-Xuân."
q10_11_page_18-0005,"Năm Thành-Thái 11 (1899) chia cắt các tổng thượng-du của 3 phủ huyện đặt làm 4 tổng Sơn-Lạc, Sơn-Xuân, Sơn-Tường và Sơn-Bình đặt làm huyện này."
q10_11_page_18-0006,"Năm thứ 12 (1900) trích lấy 8 xã thôn trong huyện hạt này tháp-nhập phủ Tuy-An, và 12 xã thôn nữa tháp-nhập phủ Tuy-Hòa (có nói rõ ở trên)."
q10_11_page_18-0007,Còn phần đất dư lại thuộc 4 thôn trong tổng Sơn-Tường (sau khi đã trích nhập Tuy-An và Tuy-Hòa) và cắt các xã trong tổng Sơn-Bình cận với 4 thôn ấy hiệp làm một tổng (để y tên cũ là tổng Sơn-Tường).
q10_11_page_18-0008,"Nay huyện Sơn-Hòa lãnh 4 tổng, 43 xã thôn, phường, ấp."
q10_11_page_19-0001,HÌNH THẾ
q10_11_page_19-0002,"Phía tây chế ngự mán lèo, phía đông chận ngăn miền biển."
q10_11_page_19-0003,"Núi Đại-Lãnh đứng phía nam, núi Cù-Mông chế phía bắc."
q10_11_page_19-0004,"Núi có tiếng dựng nên hình thắng, thì có Thạch-Bi (núi Đà-Bia), Chủ-Sơn (Núi Chúa) và Vụ-Mã; sông có danh bao bọc yếu xung, thì có Đà-Diễn, Thạch-Bàn và Phú-Ngân."
q10_11_page_19-0005,"Lại còn hồ đầm xen lộn, cồn đảo ôm quanh, cửa biển đầu nguồn, khách buôn tụ tập."
q10_11_page_19-0006,"Đất tuy hẹp nhỏ, mà dân cư khá đông, sản vật dồi dào, ấy cũng là một yếu-xử bực trung vậy."
q10_11_page_20-0001,"Khí hậu Mùa xuân khí trời ôn hoà, mùa hạ nóng nực."
q10_11_page_20-0002,"Lúc thu đông giao tiếp thì mưa lụt nhiều, và khí trời lần mát, đến tiết đông-chí mới biết lạnh."
q10_11_page_20-0003,"Nói về mùa nông: ruộng cao, tháng 6, 7 gieo, tháng 11, 12 gặt; ruộng thấp tháng 4, 5 gieo, tháng 8, 9 gặt; hoặc tháng 11, 12 gieo, tháng 3, 4 sang năm mới gặt."
q10_11_page_20-0004,"Hoặc như mùa thu không mưa thì ruộng cao phải gieo sớm, ruộng thấp gieo muộn; hoặc mùa hạ không mưa thì ruộng thấp phải làm sớm, ruộng cao làm muộn."
q10_11_page_20-0005,"Có thể ngăn đáp nơi chân núi, hoặc làm xe nước tùy địa-thế để tưới ruộng."
q10_11_page_20-0006,"Nếu không được mùa lớn, thì cũng được trung bình."
q10_11_page_20-0007,Nhà nông thường xem theo mây sao trên trời để định kỳ-hạn trồng tỉa (có nói rõ trong Bình-Định-Chí).
q10_11_page_20-0008,"Ở nơi gần núi thường có ít nhiều khí độc lam-chương, làm cho người sinh bệnh."
q10_11_page_21-0001,PHONG TỤC
q10_11_page_21-0002,"Nghề nghiệp sinh nhai đủ 4 hạng dân (sĩ nông công thương), nhưng ít có người chuyên theo việc học; duy có việc làm nông thì hơi đắc lực."
q10_11_page_21-0003,"Tuy chỗ rừng núi hẻo lánh cũng có điền trang chút ít, chỗ nào cũng có hoa lợi không bỏ đất hoang."
q10_11_page_21-0004,Người buôn bán cũng khá nhiều.
q10_11_page_21-0005,Dân ở dọc miền núi thì gánh chở muối sắt để đổi chác với dân mọi.
q10_11_page_21-0006,Dân ở miền biển thì làm nhiều thuyền nan vận tải bán buôn.
q10_11_page_21-0007,Những sản-phẩm của các nghề thợ rất thô vụng.
q10_11_page_21-0008,"Dân-tục chất-phác thuần-hậu, việc ma chay cúng tế cũng giản-tiện, nhưng gặp việc cầu thần hay lễ tạ, thường bày ra cuộc hát xướng diễn kịch, thù tạc vãng-lai, lãng-phi rất nhiều."
q10_11_page_21-0009,"Con trai thì đầu đắt lược sừng, con gái hay đeo xuyến kiềng bằng bạc."
q10_11_page_21-0010,"Lệ cưới vợ thường hay gửi rễ, nên dân cư-ngụ thường ở xen lộn với dân chánh-quán."
q10_11_page_21-0011,"Ngoài ra tuế thời tiết-lễ đều giống như phong-tục Bình-Định, duy có phần mộ thì hay xây bằng vôi đá, là có khác hơn mà thôi."
q10_11_page_21-0012,"Nói về phong tục ở các động mọi thượng-du: thường năm về tháng Giêng họ giết trâu tế cầu cho được mùa, ấy gọi là «lễ Hoàn-trụ»."
q10_11_page_21-0013,"Tiết tháng chạp thì mỗi trại mọi đem l con heo, bội tại nhà người man-trưởng làm lễ, gọi là «lễ Tầy-đầu»."
q10_11_page_21-0014,Ấy là cổ-tục của mán lèo còn di lưu lại.
q10_11_page_22-0001,THÀNH TRÌ
q10_11_page_22-0002,TỈNH-THÀNH
q10_11_page_22-0003,Ở thôn Bình-Long huyện Đồng-Xuân.
q10_11_page_22-0004,"Thành rào bằng gai không có hảo, chu vi 2210 trượng."
q10_11_page_22-0005,"Nguyên trước ở lại 2 thôn Xuân-Đài, Long-Uyên thuộc phủ Tuy-An."
q10_11_page_22-0006,Năm Thành-Thái thứ 11 (1899) được dời đến đây (2 phủ thành sau đây cũng dời vào năm này).
q10_11_page_22-0007,PHỦ LỴ TUY-AN
q10_11_page_22-0008,"Ở trong tỉnh-thành cũ, thuộc thôn An-Thồ: Thành chu vi bằng đất, dài 66 trượng 6 thước, có bờ bào Nguyên trước ở thôn Hội-Phú."
q10_11_page_22-0009,PHỦ LỴ TUY-HÒA
q10_11_page_22-0010,"Ở thôn Năng-Tĩnh: Thành rào tre không bờ hảo (sau đây cũng vậy), chu vi 460 thước."
q10_11_page_22-0011,Huyện-lỵ cũ nguyên ở thôn Đông-Phước.
q10_11_page_22-0012,HUYỆN LỴ ĐỒNG-XUÁN
q10_11_page_22-0013,"Ở thôn Khoan-Hậu, chu-vi đài 410 thước."
q10_11_page_22-0014,"Thiết-lập từ năm Thành-Thái 11 (1899), (sau đây cũng vậy)."
q10_11_page_22-0015,HUYỆN LỴ SƠN-HÒA
q10_11_page_22-0016,"Ở thôn Củng-Sơn, chu vi dài 260 thước."
q10_11_page_23-0001,Học hiệu
q10_11_page_23-0002,TRƯỜNG TỈNH-HỌC
q10_11_page_23-0003,Ở thôn An-Thổ phủ Tuy-An.
q10_11_page_23-0004,"Nguyên trước ở thôn Long-Uyên, năm Thành-Thái 11 dời đến chỗ đây (1)."
q10_11_page_23-0005,TRƯỜNG HỌC PAÙ TUY-AN
q10_11_page_23-0006,"Ở thôn An-Thồ, nguyên trước ở thôn Hội-Phú."
q10_11_page_23-0007,TRƯỜNG HỌC HUYỆN ĐỒNG-XUÂN
q10_11_page_23-0008,"Ở thôn Khoan-Hậu, dựng năm Thành-Thái 11 (1899)."
q10_11_page_23-0009,TRUỞNG HỌC HUYỆN SƠN-HÒA
q10_11_page_23-0010,"Ở thôn Củng-Sơn, dựng năm Thành-Thái 11."
q10_11_page_23-0011,(1) Sau này được dòi ra Sông-Cầu nhưng không biết vào năm nào?
q10_11_page_24-0001,Niên-hiệu Gia-Long 18 (1819) nhân-số là 7651 người.
q10_11_page_24-0002,"Niên-hiệu Tự-Đức (1848-1883) có 7806 người, tiền thuế thâu hơn 9742 quan."
q10_11_page_24-0003,"Năm Thành-Thái thứ 10 (1898): 9368 người (chức-sắc miễn-sai lệ được miền thuế, sau đây cũng vậy) đồng niên tiền thuế hơn 11627 quan, bạc thuế 52 lượng."
q10_11_page_24-0004,"Năm thứ 11 (1899), khoản bạc sưu được ấn-định thì, hạng chính-nạp (2 hạng miễn-diêu và đinh-tráng) cộng 10810 người và tổng số bạc thuế 22996đ60; năm thứ 18 (1906) số đinh lên tới 12554 người, hạng miễn-diêu (1) 337 người, hạng chính-nạp(2) 12217 người, bạc sưu 27078 đồng và bạc công-ích 4884 đồng, hiệp cộng 31962 đồng."
q10_11_page_24-0005,"(1) Miền-diêu: khỏi nạp bạc công-ích, mà phải nạp thuế sưu (tức là thuế thân) (2) Chính-nạp: phải nạp bạc công-ích và thuế sưu, còn hạng chức-sắc (từ nhất-phầm cho đến cửu-phầm) và hạng miễn-sai (như tầng lý v v.) đều được miễn thuế."
q10_11_page_25-0001,"THUẾ RUỘNG ĐẤT Trong khoảng thời-gian từ Gia-Long đến Tự-Đức, nguyên số ruộng đất 27963 mẫu dư, trưng lúa 14.620 hộc, tiền 13.786 quan."
q10_11_page_25-0002,"Năm Thành-Thái thứ 10 (1898) số ruộng đất được 32.428 mẫu 7 sào dư, trưng lúa 14880 hộc dư, tiền 17.502 quan; năm thứ 11 (1899) cải định bạc thuế ruộng đất cộng 72.266 mẫu 7 sào, số bạc cộng 46."
q10_11_page_25-0003,"539đ 30; năm thứ 18 (1906) ruộng đất lên tới 136.832 mẫu, bạc thuế 83.588 đồng, lại phụ nạp 6% là 40U8 đồng, hiệp cộng bạc 87.596 đồng."
q10_11_page_26-0001,Núi sông
q10_11_page_26-0002,NÚI ĐẠI-LÃNH
q10_11_page_26-0003,Ở phía đông nam phủ Tuy-Hòa (các núi kể sau đây cũng đều ở địa hạt Tuy-Hòa).
q10_11_page_26-0004,"Núi này phân ranh giới tỉnh Phú-Yên và tỉnh Khánh-Hòa, có trạm Phú-Hòa ở đấy."
q10_11_page_26-0005,"Mạch núi từ núi Chúa chạy đến, phía đông giáp biển, phía nam có khe lớn."
q10_11_page_26-0006,"Triều Nguyễn, lúc đầu trung-hưng, đại quân đến cứu-viện Diên-Khánh, vua sai Tống-Viết-Phước giữ Đại-Lãnh tức là núi này."
q10_11_page_26-0007,Năm Minh-Mạng 17 (1836) vua sai thợ chạm hình núi này vào Tuyên-đỉnh.
q10_11_page_26-0008,Năm Tự-Đức thứ 6 (1853) được kê vào Tự-điền.
q10_11_page_26-0009,"Xét «Đường-Thư-Hoàn-Vương Truyện» chép: vua Lâm-Ấp chạy qua Đại-Phố, phía nam châu Đà-Lãng có núi Ngũ-Đồng-Trụ, xiên phía tây có nhiều đồi cao, sườn phía đông giáp biển, đây là đồng trụ của Mã-Viện trồng vậy."
q10_11_page_26-0010,"Theo đó thì Đại-Lãnh tức là núi Đồng-Trụ, nhưng xét theo truyện Mã-Viện thì Mã-Viện chưa từng đến đây."
q10_11_page_26-0011,Đó chẳng qua lời của hậu-nhân thêu dệt thêm vào.
q10_11_page_26-0012,NÚI NHỰ-PHI
q10_11_page_26-0013,"Ở phía nam phủ Tuy-Hòa, nửa núi thuộc địa-giới tỉnh Khánh-Hòa."
q10_11_page_26-0014,"Phía bắc núi này là núi Sầm-Dương, khi trước có đồn-thủ ở đấy."
q10_11_page_26-0015,"Triều Nguyễn lúc đầu trung-hưng, tướng Tây-Sơn là Trần-Quang-Diệu vây Diên-Khánh, đại quân đến cứu viện, Diệu do đường núi Nhự chạy về Qui-Nhơn, tức là núi này."
q10_11_page_26-0016,"Lại có núi Quán-Cương ở phía bắc, có đường trạm ngang qua; núi Húc-Viện ở phía nam, gần đấy có thành Hồ."
q10_11_page_27-0001,NÚI THẠCH-BI
q10_11_page_27-0002,"Ở phía đông-nam phủ. Năm thứ 6 đời vua Duệ-Tôn triều Nguyễn là năm Tân-Mão (1771) núi bị sét đánh, đá núi hóa trắng cả, ở xa trông thấy như đá vôi, vua sai các quan kỳ-đảo Trong núi nhiều thú rữ, nên người ta ít đến."
q10_11_page_27-0003,Xét sách «Thủy-Lục-Trình-Chí» của Trần.
q10_11_page_27-0004,"Công-Hiến có đoạn chép rằng: núi này có một chi chạy đến biên, chia hai dòng nước, cổ cây cũng phân rẽ, có 1 hòn đá lớn đầu quay hướng đông như bình người."
q10_11_page_27-0005,"Xưa vua Lê Thánh. Tôn đi đánh Chiêm-Thành ngang qua đấy, bùi ngùi than thở rằng: «từ lúc trời đất sơ-khai đã phân ranh giới, vì nghịch đạo trời, nên phải chịu họa trời», nhân đó vua khiến chạm chữ lên trên đá."
q10_11_page_27-0006,"Sách «Địa-Dư-Chí» của Lê-Quang-Định cũng nói: «vua Thánh-Tôn nam-chinh, mở đất đến đây, ở trên đỉnh núi có sai mài đá khắc chữ ghi việc chia ranh giới với Chiêm-Thành»."
q10_11_page_27-0007,"Nay bia vẫn còn, nhưng chữ bị sứt mẻ không nhận ra được."
q10_11_page_27-0008,NÚI CHÚA
q10_11_page_27-0009,"Ở Phía tây-nam phủ. Hình núi cao lớn đứng thẳng ngàn nhận, các núi trong phủ này đều phát mạch ở đây."
q10_11_page_27-0010,"Phía nam có núi Đồn-Tào, phía bắc giáp xứ Mọi."
q10_11_page_27-0011,"Lại có núi Cảnh-Thành ở phía đông-nam, núi Liên-Trì ở phía tây-bắc; bởi ở chân núi này có ao mọc sen, nên gọi tên núi như vậy."
q10_11_page_27-0012,NÚI BẢO (BỬU)-THÁP
q10_11_page_27-0013,"Ở thôn Bảo-Tháp phía đông phủ-lỵ, có tháp xưa nên gọi tên ấy."
q10_11_page_27-0014,"Lại có núi Cấm ở phía nam phủ, phía bắc liền với núi Vân-Hòa, phía nam liền với núi Lỗ-Trụ."
q10_11_page_28-0001,NÚI CỤC-KỊCH
q10_11_page_28-0002,"Ở phía nam phủ, có tên nữa là núi Gian-Nan, cũng là phân giới cho tỉnh Phú-Yên và tỉnh Khánh-Hòa; vì đường núi hiểm trở nên gọi tên ấy."
q10_11_page_28-0003,"Triều Nguyễn đầu lúc trung-hưng, đại quân cứu-viện Diên-Khánh, vua sai Đốc tướng Võ-Văn Lượng đóng đồn ở núi để triệt đường về của quân địch, tức là núi này."
q10_11_page_28-0004,Gần đấy có Hồ-Sơn là chỗ phát nguyên sông Thạch-Bàn.
q10_11_page_28-0005,NÚI THẠCH-THÀNH
q10_11_page_28-0006,"Ở phía tây-bắc huyện Sơn-Hòa, xưa có đồn trấn-thủ."
q10_11_page_28-0007,"Triều Nguyễn lúc đầu trung-hưng, đại quân cứu-viện Diên-Khánh, vua sai Đốc-tướng Mai-Tấn-Vạn chận giữ núi Thạch-Thành, tức là núi này."
q10_11_page_28-0008,"Phía nam có Phước-Sơn, xưa có đồn binh trấn giữ, ấy là chỗ phát-nguyên sông Đà."
q10_11_page_28-0009,NÚI CÙ-MÔNG
q10_11_page_28-0010,Ở phía bắc huyện Đồng-Xuân (các núi kể sau đây cũng ở huyện này).
q10_11_page_28-0011,"Nửa núi về phía bắc thuộc huyện giới Tuy-Phước tỉnh Bình-Định, trên núi có trạm Bình-Phú ở đấy."
q10_11_page_28-0012,"Phía tây có núi Nhuệ, phía đông có núi Hùng, phía bắc có núi Qui, phía nam có núi Giả (?)."
q10_11_page_28-0013,Núi đồi trùng điệp thế rất hiềm yếu.
q10_11_page_28-0014,"Năm Nhâm-dần (1782) đầu lúc trung-hưng, đại quân cứu-viện Qui-Nhơn Tả-quân Nguyễn-Hoàng-Đức đem binh đóng đồn ở Cù-Mông đánh giặc, tức là núi này."
q10_11_page_28-0015,"Lại có núi Phiếu cũng giáp giới tỉnh Bình-Định, có trại màn ở đấy."
q10_11_page_28-0016,"Lại có núi Phú-Cốc ở phía tây huyện, có tên nữa là núi Hồ, bình như con hồ núp; phía tây có núi Thủ-Huề và phía đông có núi Chung."
q10_11_page_29-0001,NÚI MÃ-VỤ
q10_11_page_29-0002,"Ở phía bắc huyện. Núi rất cao lớn, có sinh sản trà."
q10_11_page_29-0003,"Lại có núi An-Mỹ ở phía tây-nam huyện, nứt ra 2 hòn: 1 gọi là Đồn-Cương (hay gò Đồn), 1 gọi là Chung-Cương (hay gò Chuông)."
q10_11_page_29-0004,NÚI THẠCH- LẦNH
q10_11_page_29-0005,"Ở phía tây huyện, trước có đồn binh, và giao-dịch-trường (1)."
q10_11_page_29-0006,"Nguồn Hà-Duy ở đấy, là chỗ phát nguyên con sông La-Hai Triều Nguyễn lúc đầu trung-hưng, đại quân đánh Qui-Nhơn, Đông-cung Cảnh đem bộ-binh từ đồn bảo quân địch ở Hà-Nha đi qua núi này, các quan tùy tùng có vịnh câu thơ «Lãnh thọ lung giai khí."
q10_11_page_29-0007,Thời kinh Đế-tử xa». (Cây núi bao khí tốt.
q10_11_page_29-0008,"Xe Đông-Cung đi qua), tức là qua núi này vậy."
q10_11_page_29-0009,NÚI XUÂN-ĐÀI
q10_11_page_29-0010,"Ở phía nam huyện, từ Thạch-Lãnh chạy xuống núi gò liên tiếp, dân cư xen lộn."
q10_11_page_29-0011,"Dưới núi có khe, trên khe sinh sản cây xoài, thường hái quả đem cống hiến."
q10_11_page_29-0012,"Phía nam núi, trước kia có đồn binh trấn thủ, là chỗ đường trạm đi ngang qua."
q10_11_page_29-0013,"Đời vua Duệ-Tôn, năm Ất-vị (1775), Tống-Phước-Hiệp đi đánh Qui-Nhơn có đóng binh ở đấy."
q10_11_page_29-0014,"Gần đấy có núi Tầm-Hỷ, phía đông-nam nút ra 1 núi gọi là Hương-Phong."
q10_11_page_29-0015,NÚI PHÚ-KHÊ
q10_11_page_29-0016,"Ở phía bắc huyện, có trạm Phú-Khê ở đấy."
q10_11_page_29_30-0001,"Phía tây núi (1) Giao dịch trường: chỗ để người mình và người mọi mua bán đổi chác cùng nhau, ấy độ vài mươi dặm, có núi Thạch-Hãn, 2 bên đá núi đứng đối nhau, nên gọi tên ấy."
q10_11_page_30-0001,NÚI ÔN-TRÌ
q10_11_page_30-0002,"Ở phía tây phủ Tuy-An (các núi sau đây cũng đều ở địa hạt phủ này), thuộc xã Phú-Thành tiếp giáp núi nguồn Hà-Duy."
q10_11_page_30-0003,"Phía đông có phiến đá lớn, trong phiến đá có lỗ nước nóng chảy tràn ra, gọi là tửu-lò (lò rượu)."
q10_11_page_30-0004,"Ở bên có ao, vuông độ vài mẫu, gọi là «lò dầu», nắng lâu cũng không cạn."
q10_11_page_30-0005,"Lại có ngôi cổ-miếu, những năm đại-hạn, dân đến cầu mưa thấy ứng nghiệm ngay."
q10_11_page_30-0006,NÚI LƯƠNG-SƠN
q10_11_page_30-0007,"Ở phía nam phủ. Triều Nguyễn thuở đầu trung-hưng, công-thần Châu-Văn-Tiếp khởi nghĩa-kỳ tại đây."
q10_11_page_30-0008,"Gần đấy có núi Thạch-Tượng, lại có núi Vân-Hòa."
q10_11_page_30-0009,Ở phía tây-nam phủ là nơi nhà vườn của ông Châu-Văn-Tiếp.
q10_11_page_30-0010,"Phía nam phủ có núi Yêu-Mang, tiếp đến núi Bà."
q10_11_page_30-0011,"Phía đông có núi Thạch-Lâu, gần đấy lại có núi Phú-Sùng và núi Long-Sơn."
q10_11_page_30-0012,NÚI MỸ-THẮNG
q10_11_page_30-0013,Ở phía đông phủ. Phía nam giáp biển.
q10_11_page_30-0014,"Núi có nhiều dốc đá, trên dốc có ngôi chùa."
q10_11_page_30-0015,Gần đấy có núi Chóp-Vung.
q10_11_page_30-0016,GÒ AN-SƠN
q10_11_page_30-0017,Ở phía tây nam phủ Tuy-Hòa.
q10_11_page_30-0018,"Trên gò có khe, tên là Trọc-Khê (Khe đục)."
q10_11_page_30-0019,"Phía tây gần núi Thị-Độc, phía nam núi có khe tên là Tích-Lô-Khê (Khe Lô-Thiếc)."
q10_11_page_31-0001,ĐẢO BÀN-THAN
q10_11_page_31-0002,"Ở phía bắc huyện Đồng-Xuân, trong vùng biển Cù-Mông; chu-vi 200 trượng, nổi cao trên mặt nước hơn 9 trượng."
q10_11_page_31-0003,Các núi ở cửa biển Cù-Mông đều triều hướng về đây.
q10_11_page_31-0004,"Thuở đầu trung-hưng, Thế-Tổ Cao-Hoàng-Đế có đến ở đảo ấy, sau khi đại-định sai dựng đền Biểu-Trung trên đảo."
q10_11_page_31-0005,ĐẢO THAN
q10_11_page_31-0006,Hòn đảo nhỏ ở ngoài biên thuộc phủ Tuy-Hòa.
q10_11_page_31-0007,"Trên đảo có hòn đá lớn, khắc 1 chữ «Nan» (Nan có nghĩa là khó) không biết khắc từ đời nào."
q10_11_page_31-0008,GÀNH ĐẠI-BÀ
q10_11_page_31-0009,Ở phía đông huyện Đồng-Xuân.
q10_11_page_31-0010,"Phía nam có Lãnh-Úc (Vũng-Lãnh) phía bắc có Tích-Đà (Lạch-Tích), gần đấy có đảo Thanh-Châu, tục danh là Cù-Lao."
q10_11_page_31-0011,SÔNG ĐÀ-DIỄN
q10_11_page_31-0012,"Ở phía nam phủ Tuy-Hòa, có tên nữa là sông Đà-Lăng (tục gọi Đà-Rằng)."
q10_11_page_31-0013,"Phát nguyên trong động mọi, phía tây núi Phước, chảy xuống hướng đông làm sông Thạch-Hãn (sông này có nhiều hòn đá hình quái lạ cản ngang giữa sông nên gọi tên ấy)."
q10_11_page_31-0014,"Quanh qua hướng nam đến phía nam xã Thạch-Thành, thì có sông Hương-Sơn (đầu nguồn ở núi Bình-An) chảy ra phía đông-bắc độ 2 dặm rồi nhập với sông này; lại chuyển xuống phía đông đến thôn Bảo-Tháp, lại có sông Bảo-Tháp (đầu nguồn ở núi Phú-Cốc) nhập vào, rồi chảy xuống đông 16 dặm đổ ra cửa biển Đà-Diễn."
q10_11_page_31-0015,"Sông này rộng 133 trượng, giữa dòng có nhiều gò cát."
q10_11_page_32-0001,"Đầu niên-hiệu Gia-Long được liệt-kê vào Tự-điền, Xét «Hoàn-Vương-truyện» trong Đường-thư chép: «Vua Lâm-Ấp chạy vào nam đến châu Đà-Lãng», tức là chỗ này."
q10_11_page_32-0002,"Đầu lúc trung-hưng, Võ-Văn-Lượng chém tướng giặc là Đô-đốc Phụng ở đây"
q10_11_page_32-0003,SÔNG BÀN-THẠCH
q10_11_page_32-0004,"Ở phía nam phủ Tuy-Hòa, có 2 ngả nguồn: 1 nguồn phát ra từ núi Phố Chiêm chảy ra phía bắc hiệp với sông Dương, quanh phía đông núi Hấp-Hấp đến phía tây núi Ngọc-Lâm Uyên-Chánh, rồi chảy vô nam đến thôn Hội-An."
q10_11_page_32-0005,"1 nguồn từ núi Phú-Mỹ chảy xuống đông quanh ra bắc đến thôn Hội-An hiệp làm ngã ba sông Hội-An, lại chảy xuống đông 30 dặm phóng ra cửa biển Đà-Nung."
q10_11_page_32-0006,"Sông này có cá sấu thường làm hại dân, năm Minh-Mạng thứ 5 (1824) vua hạ chiếu khiến ai bắt được thì có cấp thưởng."
q10_11_page_32-0007,"Sách «Dư-Địa-Chi» của Nguyễn-Trãi chép: sông Phan-Định tiếp-giáp địa-giới phủ Hoài-Nhơn có 3 con sư-tử nước, hay lấy đuôi đánh vào ghe thuyền làm cho nổi sóng rầm rộ."
q10_11_page_32-0008,"Khi ông Lý-Thường-Kiệt đi đánh Chiêm-Thành đến sông này qua không được, bèn tâu xin phong cho 3 sư-tử làm «Hiệu-Thuận tam-thần» (3 thần qui-thuận) 3 sư-tử ấy nổi lên mặt sông nghe lời tuyên phong, rồi ông kéo quân qua không bị trở ngại chi nữa."
q10_11_page_32-0009,Sông Phan-Định nói trên nghi là con sông này.
q10_11_page_32-0010,SÔNG PHÚ-NGÂN
q10_11_page_32-0011,"Ở 2 xã Phú-Mỹ và Ngân-Sơn, phía nam phủ Tuy-An."
q10_11_page_32-0012,"Có một tên gọi sông An-Mỹ, và một tên nữa là sông Cây-Dừa."
q10_11_page_32-0013,"Sông này có 3 ngả nguồn: 1 từ trong động mọi chảy xuống đông vào huyện hạt; 1 từ phía bắc núi Vân-Trúc, và 1 từ phía đông-nam núi Thạch-Lãnh, đều đến phía tây phủ, hiệp làm sông La-Hai, chảy xuống đông đến xã Phú-Mỹ làm sông Phú-Ngân; có 1 ngọn khe từ phía tây-bắc An-Sơn nhập vào, lại chảy vào nam chia ra làm 3 sông: 1 sông chảy vào nam 9 dặm đến đầm Hà-Thanh, lại chảy 5 dặm nữa nhập vào vũng biển Phú-Sơn; 1 sông chảy xuống đông 9 dặm làm sông Sơn-Trà và một sông chảy xuống đông 9 dặm đến đầm Hà-Bá rồi 2 sông này đều chảy ra cửa biển Xuân-Đài."
q10_11_page_33-0001,SÔNG LONG-BÌNH
q10_11_page_33-0002,Ở phía bắc huyện Đồng-Xuân (những sông sau đây cũng thuộc huyện này) tục danh Sông-Cầu.
q10_11_page_33-0003,Phát nguyên từ núi Long-Bình chảy xuống đông 9 dặm vào cửa biển Vũng-Lâm.
q10_11_page_33-0004,VŨNG BIỂN CÙ-MÔNG
q10_11_page_33-0005,"Ở phía bắc huyện, phía đông núi Cù-Mông, chu vi 90 dặm."
q10_11_page_33-0006,"Bãi cát bao quanh, trong nhiều cồn đảo, có đền Biểu-Trung ở đấy."
q10_11_page_33-0007,"Lại có đầm Cù-mông ở thôn Diêm-Trường phía nam núi Cù-Mông, tục hiệu là Vũng-Múi."
q10_11_page_33-0008,VŨNG BIỂN VŨNG-LÂM
q10_11_page_33-0009,"Ở phía đông huyện Phía bắc có núi Động-Tranh, phía đông có đảo Yến."
q10_11_page_33-0010,"Lại có vùng biển Quán-Chùa ở phía đông Vũng-Lâm, trong có 1 đảo tên là Hòn-Giang."
q10_11_page_33-0011,VŨNG BIỂN XUÂN-ĐÀI
q10_11_page_33-0012,"Ở phía đông phủ Tuy-An, phía bắc giáp biển khoi."
q10_11_page_33-0013,"Gần đấy có Vũng-La, Vũng-Sứ, và Vũng-Trào có tên là đầm Phường-Câu, ở thôn Tiên-Châu."
q10_11_page_33-0014,VŨNG BIỂN PHÚ-SƠN
q10_11_page_33-0015,"Ở thôn Phú-Sơn phía đông phủ Tuy-An, chảy ra cửa biển Phú-Sơn, có một tên gọi là đầm Ô-Loan."
q10_11_page_34-0001,KHE BÀ-HÁI
q10_11_page_34-0002,"Ở chân núi Thạch-Bi, phía nam phủ Tuy-Hòa, chu-vì 120 trượng, bề ngang 13 trượng."
q10_11_page_34-0003,Bên hồ có đền Thiên-Y ở đấy.
q10_11_page_34-0004,"Hồ này phía bắc thông với sông Đà-Nùng rồi chảy ra biển, nước sâu, bùn trôi lộn vào cũng không đục."
q10_11_page_34-0005,"Ở trong có nhiều cá sấu, nhưng cá này không quấy bại gì."
q10_11_page_34-0006,VỰC CÔNG
q10_11_page_34-0007,"Ở thượng-lưu sông Đà-Diễn, trên vực có nhiều chim công, nên gọi tên ấy."
q10_11_page_34-0008,KHE THẠCH-BÀN
q10_11_page_34-0009,Ở phía nam huyện Đồng-Xuân.
q10_11_page_34-0010,"Bốn phía đều là núi, ở giữa có khe nước tuôn ra, chảy vào sông An-Mỹ."
q10_11_page_34-0011,ĐẦM ĐÔNG-AN
q10_11_page_34-0012,"Thuở trước gọi là rạch (hay lạch) Đông-An, niên-hiệu Minh-Mạng đổi tên là đầm Đông-An, lại có đầm Thanh-Tân đều ở huyện hạt Đồng-Xuân."
q10_11_page_34-0013,"Có đầm Yến-Sơn ở ngoài biên trước kia gọi là Chóp-Yến, trong niên-hiệu Minh-Mạng được đổi lại tên Yến-Sơn."
q10_11_page_34-0014,ĐẦM PHÚ-LONG
q10_11_page_34-0015,"Ở phía đông núi Long-Sơn huyện Đồng-Xuân, tục-danh"
q10_11_page_36-0001,CỔ TÍCH
q10_11_page_36-0002,THÀNH CŨ AN-NGHIỆP
q10_11_page_36-0003,"Ở xã An-Nghiệp phủ Tuy-Hòa, phía bắc sông Đà-Diễn, chu-vi 140 trượng."
q10_11_page_36-0004,"Tương truyền thành này do người Chiêm-Thành xây đắp, tục danh là thành Hồ."
q10_11_page_36-0005,"Thuở đầu khai-quốc (triều chúa Nguyễn) Lương-Văn-Chánh bạt phá thành này, nay nền cũ vẫn còn."
q10_11_page_36-0006,THÀNH CŨ CHIÊM-THÀNH
q10_11_page_36-0007,"Ở trên núi Bảo-Tháp, phía đông phủ Tuy-Hòa, cao 4 trượng, trông thế cao vót."
q10_11_page_36-0008,"Tương truyền Vương-Hậu Chiêm-Thành mất, chôn dưới tháp ấy."
q10_11_page_36-0009,Phía trước có sơn-từ Chúa-Thiết.
q10_11_page_37-0001,ĐÀN MIẾU
q10_11_page_37-0002,"VĂN MIẾU, KHẢI-MIẾU"
q10_11_page_37-0003,2 miếu này đều ở thôn Hội-Tín.
q10_11_page_37-0004,"Thuở trước ở xã Ngân-Sơn, năm Thành-Thái thứ 11 (1899) được dời đến đây."
q10_11_page_37-0005,Nguyên là văn-miếu của phủ Tuy-An.
q10_11_page_37-0006,"Lại có văn-miếu phủ Tuy-Hòa ở thôn Cầm-Sơn, do thân-sĩ trong hạt quyên tiền xây cất vào năm Thành-Thái thứ 15 (1903)."
q10_11_page_37-0007,"Văn-miếu huyện Đồng-Xuân, ở thôn Triều-Sơn nguyên trước ở thôn Bình-Thạnh do thân-hào trong hạt Đồng-Xuân hiệp với thân-hào phủ Tuy An xây cất vào năm Tự-Đức thứ 26 (1873)."
q10_11_page_37-0008,Năm Thành-Thái thứ 16 (1904) dời đến đây.
q10_11_page_37-0009,MIẾU HỘI-ĐỒNG VÀ MIẾU THÀNH-HOÀNG
q10_11_page_37-0010,2 miếu này đều ở thôn Long-Uyên phủ Tuy-An.
q10_11_page_37-0011,ĐÀN XÃ-TẮC
q10_11_page_37-0012,Ở thôn Long-Bình huyện Đồng-Xuân.
q10_11_page_37-0013,"Nguyên trước ở thôn Phú-Mỹ, năm Thành-Thái thứ 11 (1899) dời đến đây."
q10_11_page_37-0014,ĐÀN SƠN-XUYÊN
q10_11_page_37-0015,"Ở thôn Phước-Lý. Nguyên trước ở thôn Long-Uyên, năm Thành-Thái thứ 11 dời tới đây."
q10_11_page_37-0016,"ĐÀN NGHINH-XUÂN, ĐÀN LỆ-TẾ"
q10_11_page_37-0017,Đàn Nghinh-Xuân và đàn Lệ-Tế (tức đàn tế âm-hồn) đều ở thôn Long-Bình.
q10_11_page_37-0018,ĐỀN BIỂU-TRUNG.
q10_11_page_37_38-0001,Ở trên hòn đảo giữa vùng biển thuộc thôn Vĩnh-Cửu HUYỆN Đồng-Xuân.
q10_11_page_38-0001,Đền thờ các tướng sĩ trận-vong buổi đầu trung-hưng hơn 500 người.
q10_11_page_38-0002,"Nguyên gọi là «Cù-Mông công-thần miếu» dựng năm đầu Gia-Long (1802), năm Tự-Đức thứ 4 (1851) đổi lại tên này."
q10_11_page_38-0003,ĐỀN LƯƠNG QUẬN. CÔNG
q10_11_page_38-0004,Ở xã Phụng-Tường phủ Tuy-Hòa.
q10_11_page_38-0005,"Đền thờ «Tiền-trấn dinh Tham-tướng gia tặng Thượng-đẳng-thần Lương-Quận-công Văn-Chánh», gặp năm hạn-hán cầu đảo thường thấy có ứng hiện Triều Nguyễn thường gia phong-tặng."
q10_11_page_38-0006,ĐỀN THẦN THIÊN. Y
q10_11_page_38-0007,"Ở dưới núi Đại-Lãnh phía nam phủ Tuy-Hòa, phía là đường trạm; thờ «Thiên-Y-A-Na Diễn-Ngọc-Phi, gia tặng Thượng đẳng thần» thường có những hiện-tượng linh ứng."
q10_11_page_38-0008,Lại có đền khác ở phía bắc núi Linh.
q10_11_page_38-0009,"Từ, huyện Đồng-Xuân và một đền nữa ở phía nam núi Phú-Cốc Triều Nguyễn thường gia phong-tặng, sự tích có nói rõ trong «Khánh-Hòa-Tỉnh-Chí»."
q10_11_page_38-0010,ĐỀN THẦN SƯ-LOAN
q10_11_page_38-0011,Ở phía đông núi Thạch-Tượng phủ Tuy-Hòa: thờ thần Sư-Loan.
q10_11_page_38-0012,Tương truyền trước kia ngài làm chức Đội-trưởng thuộc đạo binh do Quận-công Lương-Văn-Chánh chỉ huy.
q10_11_page_38-0013,Đội trưởng mất tại nơi đây và trở nên hiền linh.
q10_11_page_38-0014,"Sau có Tướng-quân tên là Ngũ đi đánh giặc ngang qua đây, đóng quân nghỉ, ban đêm mộng thấy 1 ông già chống gậy đến, chỉ thị trận thế, ông Ngũ hỏi danh-hiệu thì ông tự xưng là «Sư-Loan tướng-quân»."
q10_11_page_38-0015,"Khi thức giấc dậy, ông Ngũ để tâm ghi nhờ, và đến khi đối địch, thấy trận thế bài bố y như trong giấc mộng."
q10_11_page_38-0016,"Sau thắng trận về, ông Ngũ lập đền thờ thường thấy có linh ứng."
q10_11_page_38-0017,Triều Nguyễn thường gia phong-tặng.
q10_11_page_39-0001,ĐỀN THẦN MINH-OAI
q10_11_page_39-0002,"Ở xã Ngân Sơn phủ Tuy-An, thờ «Minh-Oai Phương-Đường Phu-Nhân»."
q10_11_page_39-0003,"Tuơng truyền ngài là con gái vua Lê Thánh-Tôn, thường tỏ ra có linh ứng."
q10_11_page_39-0004,Triều Nguyễn thường gia phong-tặng.
q10_11_page_39-0005,ĐỀN THẦN THIẾT-BÀ
q10_11_page_39-0006,"Ở trên núi Bảo-Tháp phía đông phủ-lỵ Tuy-Hòa, thờ thần «Thượng-Đĩnh-Chúa Thiết Bà»."
q10_11_page_39-0007,Đền có linh-ứng và triều Nguyễn thường gia phong-tặng.
q10_11_page_40-0001,CHÙA CHIỀN
q10_11_page_40-0002,CHÙA BÁT-NHÃ
q10_11_page_40-0003,"Ở trên núi Long Sơn thuộc thôn Mỹ-An huyện Đồng-Xuân, không biết làm vào đời nào."
q10_11_page_40-0004,"Ở đây rừng cây sầm-uất, xa cách xóm làng, chùa chỉ vài gian, cảnh trí thâm-u tịch mịch."
q10_11_page_40-0005,Người thôn ấy là Nguyễn-Giác-Ngộ trụ-trì ở đấy (có nói rõ ở trong mục Nhân-Vật Chí).
q10_11_page_40-0006,CHÙA LINH-QUANG
q10_11_page_40-0007,"Ở trên núi Xuân-Đài huyện Đồng-Xuân, không biết làm vào đời nào."
q10_11_page_40-0008,"Niên-hiệu Thiệu-Trị thứ 2 (1842) thầy tu là Nguyễn-Quảng-Giác xây sửa lại, cảnh trí u-nhã, có bia ghi sự tích để tại chùa."
q10_11_page_40-0009,CHÙA KIM-CƯƠNG
q10_11_page_40-0010,"Ở phía đông phủ-lỵ Tuy-Hòa, phía nam núi Bảo-Tháp."
q10_11_page_40-0011,CHÙA HANG-ĐÁ
q10_11_page_40-0012,Ở phía đông xã Thuận-An huyện Đồng-Xuân.
q10_11_page_40-0013,"Có hòn núi đứng cô-quạnh, trên núi có hang đá, ngày xưa có dã-tăng (thầy chùa ở thôn-dã) trụ-trì ở đấy, nay đã bỏ."
q10_11_page_41-0001,QUAN TẤN
q10_11_page_41-0002,NGUỒN HÀ-DUY
q10_11_page_41-0003,"Ở xã Phú-Thành phía tây huyện Đồng-Xuân, trước có giao-dịch-trường và thủ-sở (1) ở đấy."
q10_11_page_41-0004,"Nước nguồn này từ trong hang núi chảy ra, qua thành cũ rồi phóng ra cửa biển Xuân-Đài."
q10_11_page_41-0005,Phía bắc có đồn Thạch-Lãnh ở xã Phước-Đức phía tây có đồn Kỳ.
q10_11_page_41-0006,"Lộ ở thôn Phú-Thành, phía nam có đồn Vân-Túc ở thôn Hà. Nguyên."
q10_11_page_41-0007,Thiết-lập năm Minh-Mạng thứ 3 (1822) (các cơ sở kể sau đây cũng thiết lập vào năm này).
q10_11_page_41-0008,"Khi trước có chức Tấn-thủ Thừa-biện, nay bãi bỏ."
q10_11_page_41-0009,NGUỒN THẠCH- THÀNH
q10_11_page_41-0010,"Ở xã Thạch-Thành phía tây phủ Tuy-Hòa (thuộc hạt Sơn-Hòa), trước có giao-dịch-trường và thủ-sở ở đấy."
q10_11_page_41-0011,Nước nguồn này từ sông Ba chảy qua phía nam phủ Tuy-Hòa rồi phóng ra cửa tấn Đà-Diễn.
q10_11_page_41-0012,"Trước có chức Tấn-thủ Thừa-biện, nay đã bãi bỏ."
q10_11_page_41-0013,CỬA TẤN CÙ-MÔNG
q10_11_page_41-0014,"Ở xã Vĩnh-Cửu phía bắc huyện Đồng-Xuân, rộng 380 trượng; khi nước lên sâu 1 trượng 5 thước, nước ròng sâu 1 trượng 2 thước."
q10_11_page_41-0015,"Trước có tấn-thủ, nay giảm bỏ, đặt làm sở Thương-chánh."
q10_11_page_41-0016,CỬA TẤN XUÂN-ĐÀI
q10_11_page_41-0017,Ở thôn Tiên-Châu phủ Tuy-An.
q10_11_page_41-0018,Trước kia tên là cửa (1) Thủ-sở: sở đồn canh giữ.
q10_11_page_42-0001,"Bà-Đài, đầu niên-hiệu Minh-Mạng, đổi lại tên này."
q10_11_page_42-0002,"Cửa tấn này rộng 50 trượng, khi nước lên sâu 1 trượng, nước ròng sâu 8 thước."
q10_11_page_42-0003,"Thuở đầu trung hưng, Thế-Tổ Cao-Hoàng-Đế đóng binh tại đây để ra đánh Qui-Nhơn."
q10_11_page_42-0004,"Các quan đi theo có phú thơ như sau «Duyệt nguyệt chu-sư bạc tiều-thành, Bà-Đài ngạn thượng thả hưu binh»."
q10_11_page_42-0005,(Trải tháng chu-sư đậu ở tiều-thành.
q10_11_page_42-0006,Lên bờ biển Bà-Đài để tạm nghỉ binh) Câu thơ này là đề kỷ-sự vậy.
q10_11_page_42-0007,"Cửa này khi trước có tấn thủ, nay giảm bỏ."
q10_11_page_42-0008,CỬA TẤN PHÚ-SƠN
q10_11_page_42-0009,Ở xã Thạnh-Lễ phía đông phủ Tuy-An.
q10_11_page_42-0010,"Nơi cửa biển có đảo Nhự-Hải (1), tục danh cửa tấn Mái-Nhà (1), đầu niên-hiệu Minh-Mạng được đổi lại tên này."
q10_11_page_42-0011,"Cửa tấn rộng 48 trượng, khi nước lên sâu 2 thước 2 tấc, nước ròng sâu 1 thước 5 tấc, khi trước có tấn-thủ ở đấy, nay đã giảm bỏ."
q10_11_page_42-0012,"Năm Minh-Mạng thứ 3 (1822) nước lụt xoi mở ra cảng mới, rộng 24 trượng, sâu 1 trượng 1 thước, cách cảng cũ hơn 1010 trượng."
q10_11_page_42-0013,CỬA TẤN ĐÀ-DIỄN
q10_11_page_42-0014,"Ở xã Phú-Câu phía đông phủ Tuy-Hòa, rộng hơn 15 trượng; khi nước lên sâu 5 thước, nước ròng sâu 4 thước 8 tấc."
q10_11_page_42-0015,"Thuở trước gọi là cửa Đà-Rằng, khi đầu khai-quốc được đổi lại tên này."
q10_11_page_42-0016,"Trước có đặt tấn-thủ, nay đã giảm bỏ, đặt làm sở (1) đây có lẽ là chữ gia mà viết lạc làm chữ nhự, chữ nôm thường dùng chữ gia làm chữ nha nên mới có tục danh là cửa tấn Mái-Nhà"
q10_11_page_43-0001,CỬA TẤN VŨNG-LÂM
q10_11_page_43-0002,"Ở thôn Tân-Thạnh huyện Đồng-Xuân, rộng 318 trượng."
q10_11_page_43-0003,"Khi nước lên sâu 1 trượng 5 thước, nước ròng sâu 1 trượng."
q10_11_page_43-0004,"Trong cửa tấn, dân-cư dựa theo núi ở bên bờ biển, khách buôn tụ tập, nhà cửa tốt đẹp hơn cả trong hạt."
q10_11_page_43-0005,"Thuở trước có đặt tấn-thủ, nay giảm bỏ, đặt sở Thương-chánh."
q10_11_page_43-0006,CỬA TẤN ĐÀ-NÙNG
q10_11_page_43-0007,"Ở xã Phú-Lạc phía đông-nam phủ Tuy-Hòa, rộng 28 trượng 8 thước; khi nước lên sâu 4 thước 4 tấc, nước ròng sâu 3 thước 5 tấc."
q10_11_page_43-0008,Thuở trước có tấn-thủ nay giảm bỏ.
q10_11_page_43-0009,"ĐồN PHƯỚC-SƠN Ở thôn Cung-Sơn huyện Sơn-Hòa, đặt năm Minh-Mạng thứ 5, nay giảm bỏ (Xét: phía tây đồn Phước-Sơn có 1 con đường thông đến đất mọi Nam-Bàn, đi 6 ngày đường đến địa giới 2 nước Thủy-Xá và Hồa-Xá)."
q10_11_page_44-0001,DỊCH TRẠM
q10_11_page_44-0002,TRẠM PHÚ-KHÊ
q10_11_page_44-0003,Ở thôn Bình-Thạnh huyện Đồng-Xuân.
q10_11_page_44-0004,"Phía bắc đến trạm Bình-Phú 24 dặm, phía nam đến trạm Phú-Thường 29 dặm."
q10_11_page_44-0005,Thiết lập hồi đầu niên-hiệu Gia-Long (các trạm kẻ sau đây cũng vậy)
q10_11_page_44-0006,TRẠM PHÚ-THƯỜNG
q10_11_page_44-0007,Ở thôn Khoan-Hậu huyện-lỵ Đồng-Xuân.
q10_11_page_44-0008,Phía nam đến trạm Phú-Tân 30 dặm.
q10_11_page_44-0009,TRẠM PHÚ-TÂN
q10_11_page_44-0010,Ở xã Phú-Tân phủ Tuy-An.
q10_11_page_44-0011,Phía nam đến trạm Phú-Vinh 30 dặm.
q10_11_page_44-0012,"Nguyên trước tên là Phú-Mỹ, năm Minh-Mạng thứ 3 (1822) đổi lại tên này."
q10_11_page_44-0013,TRẠM PHÚ-VINH
q10_11_page_44-0014,"Ở xã Phú-Vinh phủ Tuy-An, phía nam đến trạm Phú-Thạnh 30 dặm."
q10_11_page_44-0015,"Trước tên là Phú-Sung, năm Minh-Mạng thứ 3 đổi lại tên này."
q10_11_page_44-0016,TRẠM PHÚ-THẠNH
q10_11_page_44-0017,"Ở thôn Trường-Thạnh, phủ Tuy-Hòa, phía nam đến trạm Phú-Hòa 29 dặm."
q10_11_page_44-0018,"Trước tên là Phú-Đê, năm Minh-Mạng thứ 5 (1824) dời đến thôn Trường-Thạnh và đổi lại tên này."
q10_11_page_45-0001,TRẠM PHÚ-HÒA
q10_11_page_45-0002,"Ở trên Đại-Lãnh phía nam Phủ Tuy-Hòa, phía nam đến trạm Hòa-Mã 29 dặm."
q10_11_page_45-0003,(Sau đây là những trạm mới đời)
q10_11_page_45-0004,TRẠM PHÚ-HỘI
q10_11_page_45-0005,"Ở thôn tổng-Binh huyện Sơn-Hòa, phía đông đến trạm Phú-Sơn 22 dặm (Các trạm sau đây cũng đều thuộc Sơn-Hòa)."
q10_11_page_45-0006,TRẠM PHÚ-SƠN
q10_11_page_45-0007,"Ở thôn Phú-Sơn, phía đông đến trạm Phú-Xuân 18 dặm."
q10_11_page_45-0008,TRẠM PHÚ-XUÂN
q10_11_page_45-0009,"Ở thôn Xuân-Sơn, phía đông đến trạm Phú-Vân 13 dặm."
q10_11_page_45-0010,TRẠM PHÚ-VÂN
q10_11_page_45-0011,"Ở thôn Vân-Hòa, phía đông đến trạm Phú-Lương huyện Đồng-Xuân 25 dặm."
q10_11_page_45-0012,TRẠM PHÚ-LƯƠNG
q10_11_page_45-0013,"Ở thôn Trung-Lương huyện Đồng-Xuân, phía tây đến trạm Phú-Vân."
q10_11_page_46-0001,ĐƯỜNGG SÁ
q10_11_page_46-0002,ĐƯỜNGG THIÊN-LÝ
q10_11_page_46-0003,"Từ Tỉnh-thành ra phía bắc đi qua xã Bình-Thạnh thuộc huyện Đồng-Xuân, đến trạm Phú-Khê 26 dặm và từ đoạn Phú-Khê qua các thôn Thạch-Khê, Long-Thạnh đến trạm Bình-Phú ở núi Cù-Mông giáp giới tỉnh Bình-Định 24 dặm; Một đường từ Tỉnh-thành vào nam đi qua huyện lỵ Đồng-Xuân, đến trạm Phú-Thường 3 dặm, từ trạm Phú-Thường đến phủ-lỵ Tuy-An 24 dặm, lại từ phủ-lỵ đến trạm Phú-Tân 6 dặm; từ trạm Phú-Tân đến trạm Phú-Vinh giáp giới phủ Tuy-Hòa 30 dặm, từ phủ Tuy-Hòa đến trạm Phú-Thạnh 30 dặm, từ trạm Phú-Thạnh đến trạm Phú-Hòa giáp giới tỉnh Khánh-Hòa 30 dặm."
q10_11_page_46-0004,Từ nam chí bắc dài cả thảy 173 dặm.
q10_11_page_46-0005,CON ĐƯỜNGG QUAN-BÁO
q10_11_page_46-0006,"Từ phía nam huyện Đồng-Xuân vào đến phủ Tuy-An, hành trình ước nửa ngày."
q10_11_page_46-0007,"Từ phía bắc huyện-lỵ Đồng-Xuân ra đến Tỉnh-thành ước 1 giờ, ra đến núi Cù-Mông ước 1 ngày."
q10_11_page_46-0008,"Lại 1 đường từ phía đông huyện-lỵ Đồng-Xuân xuống đến cửa tấn Vũng-Lâm ước 1 giờ, từ phía tây huyện-lỵ Đồng-Xuân lên đến đất Mọi hành-trình ước 1 ngày rưỡi."
q10_11_page_46-0009,"Lại 1 đường từ huyện lên phía tây 20 dặm đến xã Phước-Đức, 2 dặm nữa đến xã Phú-Thành; lại 1 dặm nữa đến thôn Cự-Phú, 5 dặm nữa đến thôn Vân-Hòa, rồi từ đây lên phía tây thông đến địa-giới 2 nước Thủy-Xá và Hòa-Xá."
q10_11_page_46-0010,PHỦ TUY-AN
q10_11_page_46_47-0001,Một đường từ phủ-lỵ vào nam đến xã Hậu-Trạch phủ Tuy Hòa ước đi nửa ngày.
q10_11_page_47-0001,"Một đường từ phủ-lỵ ra bắc đi qua huyện Đồng-Xuân đến Tỉnh-thành, ước đi nửa ngày."
q10_11_page_47-0002,Một đường từ Phủ-lỵ xuống đông đến cửa biển Xuân-Đài đi 2 giờ.
q10_11_page_47-0003,Một đường từ Phủ-lỵ lên phía tây đến huyện-giới Sơn-Hòa ước 1 ngày.
q10_11_page_47-0004,PHỦ TUY-HÒA
q10_11_page_47-0005,"Một đường từ phủ-lỵ vào nam đến Đại-Lãnh giáp trạm Hà-Mã tỉnh Khánh-Hòa, hành trình ước 1 ngày."
q10_11_page_47-0006,Lại từ phủ-lỵ đến địa-giới phủ Tuy-An đi nửa ngày.
q10_11_page_47-0007,"Một đường từ phủ-lỵ xuống đông đến cửa biển Đà-Diễn, ước đi 1 giờ."
q10_11_page_47-0008,"Một đường từ phủ-lỵ lên phía tây, đến địa-giới huyện Sơn-Hòa ước đi 1 ngày."
q10_11_page_47-0009,HUYỆN SƠN-HÒA
q10_11_page_47-0010,"Một đường nhỏ từ thôn Củng-Sơn, lên phía tây 3 dặm, đến thôn Chí-Thần, lại 2 dặm đến phường Nhiều-Giang, 5 dặm nữa đến phường Hương Giang."
q10_11_page_47-0011,Rồi từ đấy đi vào nam thông đến làng Mọi tỉnh Khánh-Hòa.
q10_11_page_47-0012,ĐƯỜNGG ĐẠI-LỘ MỚI ĐẮP
q10_11_page_47-0013,"Một đường từ thôn An-Thổ phủ Tuy-An đến thôn Long-Uyên ước 100 dặm (1), Một đường từ thôn Củng-Sơn huyện Sơn-Hòa (những đường kể sau đây đều thuộc huyện này) đến xã Thạnh-Nghiệp giáp phủ Tuy-Hòa dài 100 dặm; 1 đường từ thôn Phú-Sơn đến thôn Hòa-Lộc giáp huyện hạt Đồng-Xuân dài 90 dặm; 1 đường từ thôn Củng-Sơn đến thôn tổng-Binh giáp huyện hạt Đồng-Xuân 100 dặm."
q10_11_page_47-0014,(1) Không đúng 100 dặm.
q10_11_page_47-0015,Đây biên sai.
q10_11_page_48-0001,BẾN ĐÒ
q10_11_page_48-0002,ĐÒ CÂY DỪA
q10_11_page_48-0003,"Ở thôn Mỹ-Tài, phủ Tuy-An."
q10_11_page_48-0004,ĐÒ CHỢ MAI
q10_11_page_48-0005,"Ở thôn Hà-Yến, phủ Tuy-An."
q10_11_page_48-0006,ĐÒ CÂY. XANH (?)
q10_11_page_48-0007,"Ở thôn Long-Uyên, phủ Tuy-An."
q10_11_page_48-0008,ĐÒ ĐÁ-CẢN
q10_11_page_48-0009,"Ở thôn Phú-Tân, phủ Tuy-An."
q10_11_page_48-0010,ĐÒ PHÚ-LỄ
q10_11_page_48-0011,"Ở thôn Phú-Lễ, phủ Tuy-Hòa."
q10_11_page_48-0012,ĐÒ NGỌC-LÃNG
q10_11_page_48-0013,"Ở thôn Ngọc-Lãng, phủ Tuy-Hòa."
q10_11_page_48-0014,ĐÒ TRƯỜNG-THẠNH
q10_11_page_48-0015,"Ở thôn Trường-Thạnh, phủ Tuy-Hòa."
q10_11_page_48-0016,ĐÒ HẢO-SƠN
q10_11_page_48-0017,"Ở thôn Hảo-Sơn, phủ Tuy-Hòa."
q10_11_page_50-0001,CẦU CỐNG
q10_11_page_50-0002,"(Theo đường cái quan có 27 sở cầu đá, xây trong niên-hiệu Minh-Mqng, và 36 sở cầu gỗ) (Thuộc phủ Tuy-An)"
q10_11_page_50-0003,CẦU NGÂN SƠN
q10_11_page_50-0004,"Ở địa-phận xã Ngân-Sơn, có 3 sở: 1 sở dài 45 thước, 1 sở dài 70 thước, 1 sở dài 28 thước."
q10_11_page_50-0005,CẦU PHÚ TÁN
q10_11_page_50-0006,"Ở địa phận thôn Phú-Tân, dài 11 thước."
q10_11_page_50-0007,CẦU PHÚ-THẠNH
q10_11_page_50-0008,"Ỏ' địa-phận thôn Phú-Thạnh, dài 36 thước."
q10_11_page_50-0009,CẦU PHÚ-PHONG
q10_11_page_50-0010,"Ở địa-phận thôn Phú-Phong, dài 15 thước."
q10_11_page_50-0011,CẦU PHÚ-LONG
q10_11_page_50-0012,"Ở địa-phận thôn Phú-Long, dài 18 thước."
q10_11_page_50-0013,CẦU PHÚ-ĐIỀM
q10_11_page_50-0014,"Ở địa-phận thôn Phú-Điềm, dài 14 thước."
q10_11_page_51-0001,CẦU HÒA ĐA
q10_11_page_51-0002,"Ở địa-phận thôn Hòa-Đa, dài 6 thước."
q10_11_page_51-0003,(Thuộc phủ Tuy-Hòa)
q10_11_page_51-0004,CẦU MỸ-KHÊ
q10_11_page_51-0005,"Ở xã Mỹ-Khê, có 5 số: 1 số dài 48 thước, 1 số dài 36 thước, 1 số dài 18 thước, 1 số dài 25 thước, 1 số dài 60 thước."
q10_11_page_51-0006,CẦU PHÚ-KHÊ
q10_11_page_51-0007,"Ở địa-phận thôn Phú-Khê, có 5 sở: 1 sở dài 50 thước, 1 sở dài 70 thước, 1 sở dài 11 thước, 1 sở dài 75 thước, 1 sở dài 10 thước."
q10_11_page_51-0008,CẦU ĐÔNG-MỸ
q10_11_page_51-0009,"Ở địa-phận thôn Đông-Mỹ, có 3 sở: 1 sở dài 20 thước, 1 sở dài 22 thước, 1 sở dài 23 thước."
q10_11_page_51-0010,CẦU PHÚ-LÁM
q10_11_page_51-0011,"Ở địa-phận thôn Phú-Lâm, có 4 sở: 1 sở dài 32 thước, 1 sở dài 16 thước, 1 sở dài 5 rưỡi thước, 1 sở dài 16 thước."
q10_11_page_51-0012,(Thuộc huyện Đồng-Xuân)
q10_11_page_51-0013,CẦU LONG-THANH
q10_11_page_51-0014,"Ở địa-phận thôn Long-Thạnh, có 2 sở: 1 sở dài 34 thước, 1 sở dài 30 thước."
q10_11_page_51-0015,CẦU THẠCH- KHÊ
q10_11_page_51-0016,"Ở địa-phận thôn Thạch-Khê, dài 50 thước"
q10_11_page_52-0001,CẦU CHÁNH-LỘC
q10_11_page_52-0002,"Ở địa-phận thôn Chánh-Lộc, dài 30 thước."
q10_11_page_52-0003,CẦU LONG-BÌNH
q10_11_page_52-0004,"Ở địa-phận thôn Long-Bình, có 4 sở: 1 sở dài 290 thước, 1 sở dài 50 thước, 1 sở cầu đá xây 6 lỗ cống dài 10 thước, 1 sở dài 230 thước."
q10_11_page_52-0005,CẦU KHOAN-HẬU
q10_11_page_52-0006,"Ở địa-phận thôn Khoan-Hậu, dài 30 thước."
q10_11_page_52-0007,CẦU TRIỀU-SON
q10_11_page_52-0008,"Ở địa-phận thôn Triều-Sơn, dài 38 thước."
q10_11_page_53-0001,ĐÊ ĐIỀU
q10_11_page_53-0002,ĐÊ NHỎ HỘ-THÀNH
q10_11_page_53-0003,"Ở phủ Tuy-An, phía sau bên trái Tỉnh-thành cũ, dài 292 trượng, rộng 1 trượng, cao 4 thước 5 tấc."
q10_11_page_53-0004,Đắp năm Minh-Mạng thứ 9 (1828).
q10_11_page_53-0005,ĐÊ TRIỀU-SƠN
q10_11_page_53-0006,"Ở thôn Triều-Sơn, huyện Đồng-Xuân."
q10_11_page_53-0007,"Đầu niên-hiệu Gia-Long, Cai-đội An đắp để ngăn nước mặn."
q10_11_page_53-0008,ĐÊ AN-MỸ
q10_11_page_53-0009,"Ở huyện Đồng-Xuân, tục-danh đập sông Cây-Dừa: mùa xuân, hạ đắp, mùa thu, đóng lỏ."
q10_11_page_53-0010,Chỗ đây có bến đò.
q10_11_page_53-0011,ĐÊ CAO-XÁ
q10_11_page_53-0012,"Ở xã Cao-Xá, phủ Tuy-An, dài 457 trượng."
q10_11_page_53-0013,Tương-truyền bà Thị-Trung người tỉnh Khánh-Hòa quyên tiền đắp bờ đê này và làm 6 sở cầu.
q10_11_page_53-0014,"Xét đây là 1 con đường đọc theo núi sát bên sông, rừng khe xen lộn, ở núi thì nhiều ác thú, ở sông thì có cá sấu, người đi qua phải kiêng đè."
q10_11_page_54-0001,Ở thôn Long-Uyên Ở thôn Định-Trung.
q10_11_page_54-0002,Ở thôn Xuân-Phú Ở thôn Ngâu-Sơn.
q10_11_page_54-0003,Ở tbòn Định-Phong Ở thôn Tân-Phú.
q10_11_page_54-0004,Ở thôn Mỹ-Thạnh Ở thôn Tuy-Dương.
q10_11_page_54-0005,CHỢ BÚA
q10_11_page_54-0006,"(Có 26 sở, đồng niên bqc thuế 984 đồng) (Thuộc phủ Tuy-An)"
q10_11_page_54-0007,CHỢ LONG-UYÊN
q10_11_page_54-0008,CHỢ BÀ-LIÊN
q10_11_page_54-0009,CHỢ DÃ
q10_11_page_54-0010,CHỢ PHIÊN-SỚM
q10_11_page_54-0011,CHỢ ĐÈO
q10_11_page_54-0012,CHỢ GÀNH
q10_11_page_54-0013,CHỢ PHIÊN-THỬ
q10_11_page_54-0014,CHỢ LÂM
q10_11_page_55-0001,CHỢ BÀU-SÚNG
q10_11_page_55-0002,Ở thòn Phú-Long.
q10_11_page_55-0003,CHỢ QUÁN-CAU
q10_11_page_55-0004,Ở thôn Phong-Phú. (Thuộc phủ Tuy-Hòa)
q10_11_page_55-0005,CHỢ DINH
q10_11_page_55-0006,Ở thôn Năng-Tĩnh.
q10_11_page_55-0007,CHỢ TRIỀU
q10_11_page_55-0008,Ở thôn Sơn-Triều
q10_11_page_55-0009,CHỢ VÀNH
q10_11_page_55-0010,Ở thôn Phước-Mỹ
q10_11_page_55-0011,CHỢ BÀN
q10_11_page_55-0012,Ở thôn Bàn-Nham
q10_11_page_55-0013,CHỢ MỸ
q10_11_page_55-0014,Ở thôn Mỹ-Thạnh.
q10_11_page_55-0015,CHỢ PHÚ
q10_11_page_55-0016,Ở thôn Phú-Lâm.
q10_11_page_55-0017,CHỢ VINH
q10_11_page_55_56-0001,Ở thôn Phú-Thứ. (Thuộc huyện Đồng-Xuân)
q10_11_page_56-0001,CHỢ SÔNG-CẦU
q10_11_page_56-0002,Ở thôn Long-Bình.
q10_11_page_56-0003,CHỢ GÒ-DUỐI
q10_11_page_56-0004,Ở thôn Tân-Thạnh.
q10_11_page_56-0005,CHỢ PHIÊN-THÀNH
q10_11_page_56-0006,Ở thôn Bình-Chánh.
q10_11_page_56-0007,CHỢ VŨNG-LÂM
q10_11_page_56-0008,Ở thôn Tân-Thạnh. (?)
q10_11_page_56-0009,CHỢ MỚI
q10_11_page_56-0010,Ở thôn Trung-Lương. (Thuộc huyện Sơn-Hòa)
q10_11_page_56-0011,CHỢ ĐỒN
q10_11_page_56-0012,Ở thòa Vân-Sơn.
q10_11_page_56-0013,CHỢ LÒ-TRE
q10_11_page_56-0014,Ở thôn Thạnh-Nghiệp.
q10_11_page_56-0015,CHỢ MỚI
q10_11_page_56-0016,Ở thôn Phong-Lạc.
q10_11_page_56-0017,CHỢ ĐỒN
q10_11_page_56-0018,Ở thôn Củng-Sơn.
q10_11_page_57-0001,NHÂN VẬT
q10_11_page_57-0002,LƯƠNG. VĂN-CHÁNH
q10_11_page_57-0003,"Ông người phủ Tuy-Hòa buổi đầu khai quốc, làm chức Đô-chỉ-huy-sứ thuộc Vệ Thiên-vũ, đi đánh Chiêm-Thành, phá Hồ-Thành, thăng chức «Phụ-quốc Thượng-tướng-quân Phù-nghĩa-hầu»."
q10_11_page_57-0004,"Sau được đổi qua chức Trấn-dinh, ông chiêu tập lưu-dân, khai khần đất hoang."
q10_11_page_57-0005,"Khi mất trở nên linh-ứng, được gia tặng «Phù-quốc Công-liệt Thượng-đẳng-thần»."
q10_11_page_57-0006,CHÂU-VĂN-TIẾP
q10_11_page_57-0007,"Nguyên trước ông là người huyện Phù-Mỹ (Bình-Định), sau đời vào Đồng-Xuân."
q10_11_page_57-0008,"Ông có tài lực xuất chúng, thuở Tây-Sơn nổi lên, dụ đỗ ông không theo, rồi rủ bọn mán thỏ dựng nghĩa-kỳ, nêu 4 chữ: «Lương-Sơn Tá Quốc», do đường thượng thẳng vào Gia-Định theo vua Thế Tồ."
q10_11_page_57-0009,Sau làm lần đến chức Đô-đốc-cơ Quận-công.
q10_11_page_57-0010,Khi đánh nhau với Tây-Sơn bị thua phải qua Tiêm xin viện binh.
q10_11_page_57-0011,"Lúc trở về giao chiến với quân địch, ông nhảy qua thuyền giặc, bị giặc đánh chết."
q10_11_page_57-0012,"Sau được tặng chức Quận-công, thờ chung ở Thế-miếu, gia phong «Lâm-Thao Quận-công»."
q10_11_page_57-0013,NGUYỄN-LONG
q10_11_page_57_58-0001,"Người huyện Đồng-Xuân (những nhân vật sau đây cũng đều ở Đồng-Xuân) có công ở Vọng-Các (1) và từng lập công chính (1) Vọng-Các là kinh-đô Tiêm-La, lúc ấy vua Gia-Long cùng bầy tôi chạy qua ở Vọng-Các, để chờ cơ-hội trở về khôi-phục giang-sơn, phạt được trao chức Thượng-đạo Tướng-quân, người ta gọi là Long-tướng-quân."
q10_11_page_58-0001,"Ông đóng giữ các chỗ hiềm yếu ở An-Sơn, chiêu tập quân nghĩa-dõng đánh giặc, được thăng Chưởng-cơ."
q10_11_page_58-0002,Khi tuổi già xin về hưu rồi mất tại nhà.
q10_11_page_58-0003,NGUYỄN-VĂN-LƯC
q10_11_page_58-0004,"Ông có công ở Vọng-Các, làm đến Võ-an-chi Cai-đội; đi tòng chinh bị tử trận, được tặng Cầm-y-vệ Cai-cơ."
q10_11_page_58-0005,"Em ông tên là Liêm, cũng có công ở Vọng-Các, làm Võ-an-chi Đội-trưởng, đi tòng chinh bị trận vong được tặng Cầm-y Cai-đội."
q10_11_page_58-0006,VÕ-VĂN-TÀI
q10_11_page_58-0007,"Ông có công ở Vọng-Các, làm đến chức Thuộc-nội Cai-cơ quản-ban Trực-tả-vệ Vệ-uý."
q10_11_page_58-0008,"Năm Tân-dậu (1801) theo ông Lê-Văn-Duyệt đánh giặc ở đồng Bình-Thạnh bị trận vong, được tặng Chưởng-cơ và được thờ theo 2 miếu Hiền-trung và Trung-hưng."
q10_11_page_58-0009,MAI-TẤN-VAN
q10_11_page_58-0010,"Có công ở Vọng-Các, thiên chức Đốc-chiến-cai-cơ."
q10_11_page_58-0011,"Ô g lập nhiều chiến công được thăng Chưởng-cơ, ra làm Trấn thủ Bình-Hòa, khi già xin chi cấp ngạch bồng ở Vọng-Các."
q10_11_page_58-0012,"Em ông có 2 người: Vĩnh và Vị cũng có công ở Vọng-Các; ông Vĩnh làm Chưởng-cơ, ông Vị làm Cai-đội."
q10_11_page_58-0013,NGUYỄN-VĂN-DƯƠNG
q10_11_page_58-0014,"Buồi đầu trung-hưng ông ở đội Thị-hậu, đến Thuận-Hóa dò thám quân địch có công, thăng lần đến Vệ-úy."
q10_11_page_58-0015,"Sau đánh giặc ở Thị-Nại bị trận vong, được tặng «Dương-vũ Công-thần Trấn-quốc Thượng-tường-quâu» và được thờ vào miều Trung-hưng Công-thần."
q10_11_page_59-0001,NGUYỄN VĂN-NGUYỆN
q10_11_page_59-0002,Xuất thân thế nào không khảo cứu được.
q10_11_page_59-0003,"Năm Gia-Long nguyên niên (1802) giữ đồn Thạch-Thành, có công kiềm chế trộm cườp, phủ-dụ nhân dân ở biên-giới."
q10_11_page_59-0004,"Năm thứ 3 (1804) ông kiêm giữ cửa tấn Đà-Diễn, năm thứ 4 (1805) về kinh bài kiến vua rồi trở về lãnh chức cũ."
q10_11_page_59-0005,"Sau ông mất, được tặng chức «Dương-võ công-thần Trấn-quốc Thượng-tướng-quân»."
q10_11_page_59-0006,"Lại có ông Nguyễn-Văn-Đăng, có công trong buổi đầu trung-hưng, làm đến chức Phó-vệ-uý, khi mất được tặng chức Chưởng cơ, thờ chung vào đền Trung-hưng Công-thần."
q10_11_page_59-0007,ĐÀO-TRÍ
q10_11_page_59-0008,"Ông thuở nhỏ ưa đọc sách, khi lớn lên đi đầu quân có công được thăng lần đến Chưởng-vệ."
q10_11_page_59-0009,"Đầu niên-hiệu Tự-Đức ra quyền tổng-đốc Nam-Nghĩa, có điều-trần quân-sự, được vua khen ngọi, liền trao cho chức Thống-chế Tham-tán Hải-An quân-vụ."
q10_11_page_59-0010,"Ông lập nhiều chiến công, được thự lện Đô-đốc Chưởng-phủ-sự, lãnh tổng-đốc Định-An."
q10_11_page_59-0011,"Sau đi đẹp giặc bị thua phải đoạt mất chức, nhưng được ở lại tùy phái hiệu lực."
q10_11_page_59-0012,Dần sau lại được khai phục chức Chưởng-vệ.
q10_11_page_59-0013,Đến tuổi già xin về hưu.
q10_11_page_59-0014,Khi-mất đã 80 tuổi. PHỤ LỤC: Hiếu-tử
q10_11_page_59-0015,NGUYỄN-VĂN-TỰU
q10_11_page_59-0016,"Người ở huyện Đồng-Xuân (mấy ông sau đây cũng ở huyện này), có tánh chí hiếu: cha mẹ mất, ông dựng lều ở bên mả đề tang 3 năm, đội đất đắp thành năm mộ."
q10_11_page_59-0017,"Việc ấy thấu đến vua, trong niên-hiệu Thiệu Trị, được ban cấp tấm biển đề chữ «Hiếu Thuận Khả-Phong» (Lòng thảo thuận đáng nêu làm phong hóa) và ban cho bạc và đoạn (một thứ hàng tốt)."
q10_11_page_59-0018,"Con ông tên là Thiệu cũng có hiếu hạnh được tâu lên, niên-hiệu Thiệu-Trị được vua ban cho tấm biển đề chữ: «Khắc Thiệu (1) Hiếu-Phong» (nối được gia-phong hiếu thảo)."
q10_11_page_60-0001,PHẠM-VĂN-THU
q10_11_page_60-0002,"Ông phụng sự cha mẹ chí hiếu: bà mẹ mất, cất lều ở bên mả 3 năm, đội đất đắp thành nấm mộ."
q10_11_page_60-0003,"Nơi ấy có nhiều cọp qua lại bên mả, ông Thu cứ tự nhiên làm việc không hề động tâm, mà cọp cũng không hề làm hại."
q10_11_page_60-0004,Năm Tự-Đức nguyên niên(1848) ông được tặng biển biểu dương đức hạnh.
q10_11_page_60-0005,TÔ-HỶ
q10_11_page_60-0006,Ông có tánh chí hiếu.
q10_11_page_60-0007,"Cha mẹ mất, cất lều ở nơi mộ 3 năm, vì ưu-tư lâu ngày thành bệnh, người ta khuyên ông về nhà, ông không chịu nghe theo."
q10_11_page_60-0008,Năm Tự-Đức thứ 11 (1858) được nêu thưởng.
q10_11_page_60-0009,NGUYỄN PHÁC
q10_11_page_60-0010,"Có tánh chí hiếu: Cha ông bị bệnh nặng, ông đốt hương khẩn vái xin đề ông chết thế cho cha."
q10_11_page_60-0011,"Khi cha mất ông làm lều ở nơi mộ, phụng sự như lúc còn sống."
q10_11_page_60_61-0001,"Lều ở gần núi, cọp (1) Chữ «thiệu» dùng trong câu này có hai nghĩa: Thiệu là tên ông Thiệu và nghĩa chữ «thiệu» là nối, thường qua lại, nhưng ông không hề trốn tránh."
q10_11_page_61-0001,Đến lúc mãn tang ông mới về nhà.
q10_11_page_61-0002,"Sau mẹ mất, ông cũng làm như vậy."
q10_11_page_61-0003,Năm Tự-Đức 19 (1866) được nêu thưởng.
q10_11_page_61-0004,LÊ-VĂN-TRẠCH
q10_11_page_61-0005,"Người phủ Tuy-Hòa, mẹ mất ông cất lều ở bên mộ hết 3 năm mới về nhà."
q10_11_page_61-0006,"Cha ông bị bệnh phong (2) không cử động được, ông hầu hạ suốt ngày đêm không hề trề nải."
q10_11_page_61-0007,Khi cha mất cũng cất lều ở bên mộ như khi mẹ mất.
q10_11_page_61-0008,Năm Tự-Đức thứ 9 được nêu thưởng.
q10_11_page_61-0009,"(2) Phong: bệnh đầu phong, hay bệnh điên cuồng."
q10_11_page_62-0001,THẦY CHÙA
q10_11_page_62-0002,NGUYỄN-GIÁC-NGỘ
q10_11_page_62-0003,"Tên là Pháp-Liễu, người huyện Đồng-Xuân."
q10_11_page_62-0004,"Từ khi 5 tuổi đã theo ở chùa Bát-Nhã Long-Sơn, giữ lòng trong sạch để tu luyện, đan vỏ cây làm áo, tịch cốc 40 năm."
q10_11_page_62-0005,"Niên-hiệu Minh-Mạng thứ 20 (1839) được triệu về kinh, vua ngợi khen về sự khồ-hạnh (1) của thầy và ban cho chức Tăng-Cang, lại hạ chiếu cho quan địa-phương sửa sang chùa lại."
q10_11_page_62-0006,"Năm Thiệu-Trị thứ 3 (1843), Thầy về kinh ở chùa Diệu-Đế, sau bị bệnh mà mất, thọ 70 tuổi."
q10_11_page_62-0007,NGUYỄN-BÌNH
q10_11_page_62-0008,"Thuở đầu ông đến tu ở chùa Kim-Cang, giữ được hạnh kiềm, cấm giới."
q10_11_page_62-0009,"Năm Minh-Mạng 21 (1840) đến kinh chúc thọ nhà vua, được ban cấp độ-diệp (tức là văn bằng) và giới-đao (cái dao đeo trong mình)."
q10_11_page_62-0010,"Trở về chùa, mất khi 60 tuổi (1) Khổ hạnh: Hạnh kiếm cực khổ."
q10_11_page_62-0011,"Trong các tôn-giáo trên thế giới như Phật-giáo, Bà-La-Môn-giáo, Cơ-Đốc-giáo đều có 1 phái tu theo khổ-hạnh."
q10_11_page_62-0012,"Nghĩa là chuyên giữ tâm-thân khác khổ, làm những việc người khác không làm dược, có khi quên cả sinh-mạng (Từ nguyên)"
q10_11_page_63-0001,THỔ SẢN
q10_11_page_63-0002,XOAI
q10_11_page_63-0003,"Sản xuất ở huyện Đồng-Xuân, ngon hơn các nơi, có lệ đem cống hiến."
q10_11_page_63-0004,SÁP VÀNG
q10_11_page_63-0005,"Sản xuất ở nguồn Thạch-Thành, trước kia có thuế."
q10_11_page_63-0006,MỰC LÀM BẰNG KHÓI
q10_11_page_63-0007,Sản-xuất ở phủ Tuy-An.
q10_11_page_63-0008,CHIẾU CÙ-DỤ
q10_11_page_63-0009,"Sản-xuất ở huyện Đồng-Xuân và phủ Tuy-Hòa, khi trước có thuế."
q10_11_page_63-0010,MẬT ONG
q10_11_page_63-0011,"Sản-xuất ở 2 nguồn Thạch-Thành và Hà-Duy, khi trước có thuế."
q10_11_page_63-0012,NGÀ VOI
q10_11_page_63-0013,"Sản-xuất ở nguồn Hà-Duy, khi trước có thuế."
q10_11_page_63-0014,HOA BÔNG GÒN
q10_11_page_63-0015,"Sản-xuất ở nguồn Thạch-Thành, khi trước có thuế."
q10_11_page_64-0001,TRẦU LÁ
q10_11_page_64-0002,Sản-xuất ở nguồn Thạch-Thành.
q10_11_page_64-0003,CÂY TÔ-HẠP-HƯƠNG
q10_11_page_64-0004,"Sản xuất ở huyện Đồng-Xuân, nhựa cây này dùng làm thuốc."
q10_11_page_64-0005,"Niên-hiệu Minh-Mạng 18, hình cây này được chạm vào Anh-đỉnh."
q10_11_page_64-0006,HỘT SA-NHƠN
q10_11_page_64-0007,Sản-xuất ở 2 nguồn Thạch-Thành và Hà-Duy.
q10_11_page_64-0008,Có thuế (các sản vật dưới đây cũng vậy).
q10_11_page_64-0009,CÂY GIÁNG-HƯƠNG
q10_11_page_64-0010,CÂY TRẦM. HƯƠNG
q10_11_page_64-0011,CÂY KỲ-NAM
q10_11_page_64-0012,CÂY TRÂM
q10_11_page_64-0013,CÂY CÀ-NÁ
q10_11_page_64-0014,CÂY GIỖI
q10_11_page_64-0015,CÂY XOẢI
q10_11_page_64-0016,MÂY NGỰA
q10_11_page_64-0017,MÂY RỒNG
q10_11_page_64-0018,(Mấy thứ trên đều sản xuất ở miền núi).
q10_11_page_64-0019,NGỰA
q10_11_page_64-0020,"Ở các huyện đều có, trong đường làng ngựa đi từng bầy người ta mua bán dùng để chuyên chở, đàn bà cũng cưỡi giỏi."
q10_11_page_65-0001,"TRÂU, DÊ, GÀ, CỌP, VOI, HEO, GẤU, CHỒN, Các vật trên này đều sẵn-xuất ở miền núi."
q10_11_page_65-0002,CON KỲ-NHÔNG (tắc-kè)
q10_11_page_65-0003,HẢI-SÂM
q10_11_page_65-0004,"Con Đồn-đột biển, có 2 loại đen và trắng."
q10_11_page_65-0005,"NGAO, SÒ, CÁ, RÙA, TRẠNH HAY BA-BA Các vật trên đều có ở miền biển các huyện."
q10_11_page_65-0006,HẾT
q10_11_page_66-0001,ĐẠI-NAM NHẤT-THỐNG-CHÍ
q10_11_page_66-0002,(QUYỂN 11)
q10_11_page_66-0003,TỈNH KHÁNH-HÒA
q10_11_page_66-0004,"Từ đông đến tây 59 dặm, từ nam đến bắc hơn 272 dặm."
q10_11_page_66-0005,Từ phía đông Tỉnh-thành đến biên 21 dặm; tây đến động Mán-rừng 38 dặm; nam đến địa-giới huyện An-Phước đạo Ninh-Thuận 117 dặm; bắc đến địa-giới phủ Tuy-Hòa tỉnh Phú-Yên 155 dặm; đông-nam đến địa-giới Ninh-Thuận 89 dặm; tây-nam đến xứ mán 71 dặm; đông-bắc đến biên 91 dặm; tây-bắc đến động Mán 97 dặm.
q10_11_page_66-0006,Từ tỉnh-lỵ đến Kinh-đô (Huế) 1011 dặm.
q10_11_page_68-0001,KIẾN TRÍ DUYÊN CÁCH
q10_11_page_68-0002,"(Kiến thiết y cũ hay đổi mới) Nguyên xưa là nước Nhật-Nam Khiếu-ngoại (Xét theo «Hán thơ» chép: phía nam nước Nhật-Nam có nước Hoàng-Chi và các mản Nhật-Nam khiếu-ngoại, đều xưng là nước «Khiếu-Ngoại»."
q10_11_page_68-0003,"Sách «Vân-Đài-Loại-Ngữ» của Lê-Quý-Đôn triều Lê dẫn sách Tống-Bạch-Ngữ nói «Mã-Viện đời Hán khi đi đánh Giao-Chỉ tiến vào phía nam hơn 400 dặm đến nước Lâm-Ấp, lại tiến vào phía nam hơn 200 dặm nữa đến nước Tây-Đồ-Di, tôi chỗ Tương-Châu lập giới-hạn, chia biên-cảnh cùng nước Tây-Đồ-Di»."
q10_11_page_68-0004,Sách ấy lại nói: Nước Tây-Đồ-Di sau bị Chiêm-Thành thôn tính).
q10_11_page_68-0005,Sau là đất của Chiêm-Thành.
q10_11_page_68-0006,"Đời Lê, niên-hiệu Hồng-Đức năm đầu (1470), vua Thánh-Tôn đi đánh Chiêm-Thành, phá thành Đồ-Bàn, bắt vua Chiêm; tướng nước Chiêm là Bô-Từ-Trì chạy đến Phan-Lung (Phan-Rang) chiếm cứ đất ấy tự xưng là Chiêm-Thành-vương, ngự trị dược một phần năm nước ấy."
q10_11_page_68-0007,"Vua Lê nhon đó sắc phong cho Trì, để y phụng nạp cống lễ."
q10_11_page_68-0008,"(Sách «Dư Địa Chí» của Nguyễn-Trãi chép: Lê Thánh Tôn đánh Chiêm-Thành, mở đất đến Thạch-Bi, còn 4 phủ ở Phan-Định trở vô nam vẫn là địa-giới của Chiêm."
q10_11_page_68-0009,"«Minh-Sử» chép: «Sứ thần của vua Chiêm nói: «Cổ lai đất đai của nước ấy có 27 xứ, 4 phủ 7 châu 22 huyện, mà An-Nam lấy đi, chỉ còn có 5 xứ, từ Bang-Đô-Lang đến Chân-I áp mà thôi»."
q10_11_page_68-0010,"Bang-Đô-Lang, Phan-Lung có lẽ là đất Phan-Rang, tức nay là 2 hạt An-Phước và Tuy-Hòa, còn 5 xứ nói trên tức là các xứ Phố-Hài, Phố-Châm, Phan-Rang, Phan-Thiết, và Phan-Lý (Phan-Rý), nay thuộc các hạt Ninh-Thuận, Bình-Thuận Triều Nguyễn, đời Thái-Tông Hiếu-Triết Hoàng-Đế, năm thứ 5 là năm Quý-Tỵ (1653), vua Chiêm là Bà-Tranh xâm phạm biên cảnh, Thái-Tông sai Cai-Cơ Hùng-Lộc đánh dẹp, người Chiêm đầu hàng."
q10_11_page_68-0011,"Nhân đó lấy đất từ sông Phan-Rang về hướng đông đến đầu địa-giới Phú-Yên đặt làm 2 phủ: Thái-Khương, Diên-Ninh và gồm 5 huyện là: Quảng-Phước, Tân-Định (2 huyện này thuộc phủ Thái-Khương), Phước-Điền, Vĩnh-Xương và Hoa-Châu (3 huyện này thuộc phủ Diên-Ninh)."
q10_11_page_68-0012,"Đời vua Anh-Tông Hiếu-Nghĩa Hoàng-Đế năm Canh-Ngọ là năm thứ 3 (1690), đổi phủ Thái-Khương làm phủ Bình-Khương."
q10_11_page_69-0001,"Năm Nhâm-Tuất là năm thứ 11 đời vua Thế-Tông Hiếu-Võ-Hoàng-Đế (1742) đổi phủ Diên-Ninh làm phủ Diên-Khánh, lại đặt dinh Bình-Khương, cho 2 phủ lệ thuộc vào."
q10_11_page_69-0002,"Đời vua Duệ-Tông Hiếu-Định Hoàng-Đế, năm Quý-tỵ là năm thứ 8 (1773), Tây-Sơn chiếm cứ."
q10_11_page_69-0003,"Năm Quý-Sửu (1793) Thế-Tổ Cao-Hoàng-Đế thu phục đất ấy rồi đặt chức Lưu-thủ, Cai-bộ và ký-lục; lại sai xây thành Diên-Khánh, và cho 1 vị đại thần trấn thủ."
q10_11_page_69-0004,Năm Gia-Long thứ 2 (1803) đổi dinh Bình.
q10_11_page_69-0005,"Khương làm dinh Bình-Hòa, phủ Bình-Khương làm phủ Bình-Hòa."
q10_11_page_69-0006,Năm thứ 7 (1808) lại đổi dinh Bình-Hòa làm trấn Bình-Hòa.
q10_11_page_69-0007,Năm Minh-Mạng thứ 12 (1831) đổi phủ Bình-Hòa làm phủ Ninh-Hòa.
q10_11_page_69-0008,"Năm thứ 13 (1832) mới phân hạt làm tỉnh Khánh-Hòa, đặt 2 ty Bố, Án đề thuộc vào Tuần-phủ Thuận-Khánh và sát-nhập huyện Hoa-Châu vào hạt Phúc-Điền."
q10_11_page_69-0009,"Năm Đồng-Khánh thứ 3 (1888) trích huyện An-Phước trong phủ Ninh-Thuận của tỉnh Bình-Thuận và 7 xã của huyện Tuy-Phong, 2 tổng của huyện Hòa-Đa cho lệ thuộc vào."
q10_11_page_69-0010,Năm Thành-Thái 13 (1901) đặt phủ Ninh-Thuận ra làm đạo (nói rõ trong Ninh-Thuận-đạo-chí).
q10_11_page_69-0011,"Nay lãnh 2 phủ, 4 huyện."
q10_11_page_69-0012,PHỦ DIÊN-KHÁNH
q10_11_page_69-0013,Ở phía đông-bắc Tỉnh-thành 4 dặm.
q10_11_page_69-0014,"Từ đông đến tây 57 dặm, từ nam đến bắc 163 dặm."
q10_11_page_69-0015,Đông đến biển 17 dặm; tây đến động Mán 40 dặm; nam đến địa-giới huyện An Phước đạo Ninh-Thuận 117 dặm; bắc đến địa-giới huyện Tân-Định phủ Ninh-hòa 46 dặm.
q10_11_page_69-0016,"Nguyên xưa là đất của Chiêm-Thành, đến triều Nguyễn mới đặt phủ Diên-Ninh, sau đổi lại tên này, lệ thuộc về dinh, đem 3 huyện Hoa-Châu, Phước-Điền và Vĩnh-Xương thuộc phủ Năm Minh-Mạng thứ 7 (1826) mới đặt chức Tri-phủ, năm thứ 13 (1832) lại nhập huyện Hoa-Châu vào huyện Phước-Điền thuộc phủ kiêm lý, thống hạt huyện Vĩnh-Xương."
q10_11_page_69-0017,Nay phủ Diên-Khánh lần 2 huyện.
q10_11_page_70-0001,HUYỆN PHƯỚC-ĐIỀN
q10_11_page_70-0002,"Thuộc phủ Diên-Khánh kiêm-lý. Từ đông đến tây 57 dặm, từ nam đến bắc 54 dặm Đông đến biển, tây đến động Mán, nam giáp giới huyện Vĩnh-Xương bắc giáp-giới huyện Tân-Định."
q10_11_page_70-0003,"Thuở đầu khai quốc mới đặt tên huyện, tiếp giáp với huyện Hoa-Châu, sau đem Hoa-Châu nhập vào huyện này, gồm có 6 tổng."
q10_11_page_70-0004,Năm Thành-Thái thứ 3 (1891) nhập 7 xã thôn của tổng Thượng Châu vào tổng Trung-Châu.
q10_11_page_70-0005,"Nay huyện này lãnh 5 tổng, 38 xã, tthôn."
q10_11_page_70-0006,HUYỆN VĨNH-XƯƠNG
q10_11_page_70-0007,Ở phía đông-nam phủ Diên-Khánh 11 dặm.
q10_11_page_70-0008,"Từ đông đến tây 42 dặm, từ nam đến bắc 116 dặm."
q10_11_page_70-0009,"Phía đông giáp biển, tây giáp động Mán, nam đến đạo Ninh-Thuận, bắc giáp giới huyện Phước-Điền."
q10_11_page_70-0010,"Nguyên xưa thuộc huyện Phước-Điền kiêm-nhiếp, năm Minh-Mạng 13 (1832) mới đặt chức Tri huyện, thuộc phủ thống hạt."
q10_11_page_70-0011,"Hiện lãnh 4 tổng, 45 xã, tthôn."
q10_11_page_70-0012,PHỦ NINH-HÔA
q10_11_page_70-0013,Ở phía tây-bắc Tỉnh-thành 75 dặm.
q10_11_page_70-0014,"Từ đông đến tây 52 dặm, từ nam đến bắc 113 dặm."
q10_11_page_71-0001,"Đông giáp biển, tây đến động Mán, nam giáp giới huyện Phước-Điền, bắc giáp giới phủ Tuy-Hòa tỉnh Phú-Yên."
q10_11_page_71-0002,"Thuở đầu triều Nguyễn khai thác, đây là phủ Thái."
q10_11_page_71-0003,"Khương sau cải làm phủ Bình-Hòa, thuộc Quản-đạo Bình-Hòa thống lãnh."
q10_11_page_71-0004,Năm Minh-Mạng nguyên niên (1820) giảm chức Quản-đạo đặt Tri huyện.
q10_11_page_71-0005,"Năm thứ 7 (1826) mới đặt Tri-phủ kiêm-lý huyện Quảng-Phước, thống hạt huyện Tân-Định."
q10_11_page_71-0006,"Năm thứ 12 (1831) đổi lại tên phủ này (Ninh-Hòa), và lãnh 2 huyện."
q10_11_page_71-0007,HUYỆN QUẢNG-PHƯỜC
q10_11_page_71-0008,"Thuộc phủ Ninh-Hòa kiêm-lý. Từ đông đến tây 52 dặm, từ nam đến bắc 97 dặm."
q10_11_page_71-0009,"Đông đến biên, tây đến động Mán, nam giáp giới huyện Tân-Định, bắc giáp giới phủ Tuy-Hòa tỉnh Phú-Yên."
q10_11_page_71-0010,Thuở đầu khai-quốc mới đặt tên huyện; trong niên-hiệu Gia-Long thuộc Quản-đạo dinh Bình-Hòa.
q10_11_page_71-0011,Năm Minh-Mạng nguyên niên giảm chức Quản-đạo cho thuộc huyện Tân-Định kiêm-nhiếp.
q10_11_page_71-0012,"Năm thứ 7 lại thuộc phủ Ninh-Hòa kiêm-lý, lãnh coi 4 tổng."
q10_11_page_71-0013,Đầu niên-hiệu Đồng-Khánh chia 2 tổng Phước-Hà và Phước-Tường làm 2 tổng nội ngoại (Phước Tường nội.
q10_11_page_71-0014,"Phước-Tường ngoại, Phước-Hà nội, Phước-Hà ngoại) Nay lãnh 6 tổng."
q10_11_page_71-0015,83 xã thôn.
q10_11_page_71-0016,HUYỆN TÂN-ĐỊNH
q10_11_page_71-0017,"Ở phía đông-nam phủ-lỵ Ninh-Hòa 21 dặm Từ đông đến tây 27 dặm, từ nam đến bắc 36 dặm Đông đến biển, tây đến động Mán, nam giáp-giới huyện Phước Điền, bắc giáp-giới huyện Quảng-Phước."
q10_11_page_71-0018,"Thuở đầu khai quốc mới đặt tên huyện, đầu niên-hiệu Gia-Long thuộc dinh Bình-Hòa."
q10_11_page_71-0019,Năm Minh-Mạng nguyên niên mới đặt Tri huyện kiêm-lý huyện Quảng-Phước.
q10_11_page_71-0020,Năm thứ 7 (1826) thuộc phủ Ninh-Hòa kiêm-lý.
q10_11_page_71-0021,"Năm thứ 13 (1832) được đặt Tri huyện riêng, thuộc phủ thống-hạt."
q10_11_page_71-0022,"Nay lãnh 3 tổng, 73 xã tthôn."
q10_11_page_71-0023,"DỊCH-GIẢ CHÚ: 1 - Kiêm-lý là viên Tri-phủ vừa làm việc phủ, vừa coi cả việc huyện, vì ở huyện không có viên Tri huyện."
q10_11_page_73-0001,"HÌNH THẾ Phía đông giáp biển, phía tây ngăn chặn Mán rừng; núi Đại-Lãnh trấn phía bắc, vũng Nha-Trang thông phía đông."
q10_11_page_73-0002,"Nhân địa-lợi làm thành quách, thật là hiềm yếu đồ sộ của thiên nhiên nói đến các việc công thủ điều tiện lợi cả."
q10_11_page_73-0003,"Danh-sơn thì có các núi Tam-Phong, Đại-Điền; đại-xuyên thì có các sông Vĩnh-An, Phú-Lộc (Vĩnh-An tức nay là Vĩnh-Phú); đường dốc lởm chởm, núi khe quanh co."
q10_11_page_73-0004,"Hơn nữa trong hiềm thì trên có các bảo Nha-Trang, Bình-Nguyên, chế ngự mán rừng; dưới có 2 tấn Cù-Huân đại tiểu, phòng ngừa giặc biển."
q10_11_page_74-0001,Khí hậu Mùa đông ít lạnh khí đất khô ráo.
q10_11_page_74-0002,"Dân ở theo triền núi, nhiều khí lam-chương, dễ sinh bệnh ôn-ngược (cảm ôn-khí rồi sinh chứng bệnh sốt rét; cả một vùng đều đau bệnh giống nhau gọi là ôn-ngược)."
q10_11_page_74-0003,"Lại vì núi gò ngăn trở, cho nên gió mùa cũng nhân đó mà khác biệt."
q10_11_page_74-0004,"Như ở Ninh-Hòa thường nhiều gió nam, mà ở Diên-Khánh thường nhiều gió đông; đầu mùa xuân đã có sấm rền, giữa mùa đông sấm đã lặng dứt."
q10_11_page_74-0005,Từ mùa hạ qua mùa thu thường có trận mưa; cuối thu đầu đông thì mưa lụt.
q10_11_page_74-0006,"Mùa nông thì tháng 10 cấy, tháng 3 gặt, tháng 7, 8 cấy thì tháng 12 gặt."
q10_11_page_74-0007,"Cuối mùa đông còn có sen nở, đó là do khí ấm xui nên."
q10_11_page_75-0001,PHONG TỤC
q10_11_page_75-0002,"Phong-tục thuần-hậu, tập-quán thành thực; kẻ sĩ chất phác mà quả quyết, người dân kiệm-ước mà thuần-hòa."
q10_11_page_75-0003,"Con trai hay dùng khăn vuông bịt đầu; con gái hay mặc sắc xanh, Chuyên chở hóa-vật ở đường nước thì dùng thuyền tre, ở đường độ thì dùng xe trâu."
q10_11_page_75-0004,"Gia-tư thường chuộng sắm nồi đồng; đồ uống, thường là nước lạnh."
q10_11_page_75-0005,"Dân miền biển chuyên nghề đánh cá, dân miền núi chuyên nghề nuôi tầm dệt cửi để sinh nhai."
q10_11_page_75-0006,"Kỹ-nghệ tầm thường, của cải không giàu có lắm."
q10_11_page_75-0007,"Các tiết-lễ Nguyên-đán, Đoan-dương và Tam-nguyên thì đại-lược giống các tỉnh khác."
q10_11_page_75-0008,"Cúng tiên-nhân, cầu phước-trạch, hay bầy ca xướng đồng bóng."
q10_11_page_75-0009,"Gặp việc hôn giá tang tế thì chu cấp cho nhau, nhưng cũng không xa xỉ lắm."
q10_11_page_75-0010,"Đến như miền thượng thì dân ở Động Hương, Động Nảy (?) thuần phác dễ cai trị, còn dân ở Cà-Tuân, Tham-Lợi thì tánh giảo quyệt khó bảo, nhà chức-trách địa-phương phải khôn khéo phủ dụ và ngăn ngừa."
q10_11_page_76-0001,THÀNH TRÌ
q10_11_page_76-0002,TỈNH-THÀNH
q10_11_page_76-0003,Ở địa-phận 2 xã Phú-Mỹ và Trường-Thạnh thuộc huyện Phước-Điền.
q10_11_page_76-0004,"Bốn mặt đắp đất chu-vi dài 336 trượng 4 thước, cao 8 thước 5 tấc; bảo rộng 4 trượng, sâu 8 thước."
q10_11_page_76-0005,"Thành mở 4 cửa, năm Thiệu-Trị thứ 7 (1847) mời xây gạch."
q10_11_page_76-0006,"Dinh sở cũ nguyên ở địa phận xã Phú-Đa, sau dời đến chỗ này, tức là chỗ thành cũ phủ Diên-Khánh vậy."
q10_11_page_76-0007,Xét: Phủ thành Diên-Khánh trước là Thủ-sở Nha-Trang.
q10_11_page_76-0008,"Năm Quí-sửu (1793) đại-binh tiến đánh Tây-Sơn ở Qui-Nhơn, khi trở về vua nghỉ chân ở Diên-Khánh, xem lựa địa-lợi, nhân chỗ bảo cũ đắp thành đất, mở 6 cửa, mỗi cửa đều có lầu (sau này lấp hết 2 cửa); 4 góc thành đều có núi đất Ngoài thành có hào, ngoài hào có xây lũy chắn ngang."
q10_11_page_76-0009,"Các cửa thành đều có xây cầu đi qua, trước thành sau trành đều có núi sông bảo vệ, thật là một nơi hiềm-trở vô cùng."
q10_11_page_76-0010,"Phía bắc sau lưng thành có con sông dài thuờng bị nước lụt xoi lở, năm Minh-Mạng thứ 4 (1823) có đắp bờ đê ngăn lụt và đào một con sông nhánh cho nước lưu tương"
q10_11_page_76-0011,PHỦ TRỊ DIÊN-KHÁNH
q10_11_page_76-0012,"Ở xã Phú-Ân huyện Phước-Điền, dựng năm Minh-Mạng 18 (1837): rào quanh bằng tre cây, chu vi hơn 16 trượng."
q10_11_page_76-0013,HUYỆN TRỊ VĨNH-XƯƠNG
q10_11_page_76-0014,"Ở địa-phận xã Vạn-Thạnh, trong niên-hiệu Đồng-Khánh mời dời đến đây: 4 mặt rào tre, chưa có hào bao quanh."
q10_11_page_76-0015,"Nguyên hồi năm Minh-Mạng thứ 13 (1832) huyện này đặt tại xã Vĩnh-Điềm tổng Xương-Hà, xung quanh rào tre, chu-vi dài 24 trượng."
q10_11_page_76-0016,Sau nhân việc biến cố nên chỗ cũ ấy bị tàn phá.
q10_11_page_77-0001,PHỦ TRỊ NINH-HÒA
q10_11_page_77-0002,Ở xã Phước-Đa huyện Quảng-Phước: 4 mặt rào tre dài 68 trượng.
q10_11_page_77-0003,"Nguyên thuở trước phủ-trị cũng ở chỗ này, năm Minh-Mạng 12 (1831) dời qua xã Vĩnh-Phú, đắp đất, chu-vi dài 52 trượng."
q10_11_page_77-0004,"Sau nhân biến cố dời qua xã Thạnh-Minh tổng Phước-Hà, rồi sau lại dời về chỗ cũ (Phước-Đa)."
q10_11_page_77-0005,HUYỆN TRỊ TÂN-ĐỊNH
q10_11_page_77-0006,"Ở xã Mỹ-Thạnh tổng Hiệp-Trung, dựng năm Minh-Mạng 13 (1832): chu-vi dài hơn 40 trượng, 4 mặt đắp đất rào tre (xã Mỹ-Thạnh nay đổi làm Mỹ-Hiệp)."
q10_11_page_78-0001,Học hiệu
q10_11_page_78-0002,TRƯỜNG HỌC TỈNH
q10_11_page_78-0003,"Thuở trước là trường học phủ Diên-Khánh, ở phía ngoài cửa tây Tỉnh-thành."
q10_11_page_78-0004,Năm Thiệu-Trị thứ nhất (1841) dời qua xã Phú-Ân ngoài quách cửa đông Tỉnh-thành.
q10_11_page_78-0005,Năm Minh-Mạng thứ 4 (1823) đặt chức Đốc-học Bình-Hòa và dùng nơi này làm trường học tỉnh.
q10_11_page_78-0006,Năm thứ 10 (1829) vì ít học trò nên bỏ trường học tỉnh và lại dùng làm trường học phủ đặt chức Giáo-thọ thay vào.
q10_11_page_78-0007,"Năm Tự-Đức 19 (1866) dời qua xã Phú-Mỹ, lại đặt chức Đốc-học, còn trường học phủ chưa đặt lại (Xã Phú-Mỹ nay đổi làm Phú-Khánh)."
q10_11_page_78-0008,TRƯỜNG HỌC PHỦ DIÊN-KHÁNH
q10_11_page_78-0009,"Trường này nguyên ở xã Phú-Ân, nay dùng làm trường học tỉnh."
q10_11_page_78-0010,TRƯỜNG HỌC PHỦ NINH-HÒA
q10_11_page_78-0011,Ở xã Vĩnh-Phú. Nguyên là nền cũ của Phủ-lỵ.
q10_11_page_78-0012,"Trường học phủ nguyên trước ở xã Bình-Thành huyện Tân-Định, đến năm Thiệu-Trị thứ 5 (1845) mới dời qua phía tây Phủ-lỵ thuộc xã Vĩnh-Phú."
q10_11_page_78-0013,"Sau nhơn khi biến cố tàn phá, phủ-lỵ đồi dời đến thôn Thạnh-Minh, rồi lại dời đến xã Phước-Đa."
q10_11_page_78-0014,"Còn trường học phủ lại vẫn lập tại nơi cũ, thuộc xã Vĩnh-Phú."
q10_11_page_78-0015,TRƯỜNG HỌC HUYỆN VĨNH. XƯƠNG
q10_11_page_78-0016,"Ở địa-phận xã Vạn-Thạnh phía tây huyện-trị Nguyên trước đặt trường ở xã Vĩnh-Điềm, sau vì việc biến cố bị tàn phá, nên trường học phải tùy tiện xê dịch chỗ khác."
q10_11_page_78-0017,"Mãi tới niên-hiệu Đồng-Khánh, mới dời về dựng ở nơi đây."
q10_11_page_79-0001,TRƯỜNG HỌC HUYỆN TÂN-ĐỊNH
q10_11_page_79-0002,"Nguyên trước ở xã Mỹ-Thạnh, làm năm Minh-Mạng 13 (1832)."
q10_11_page_79-0003,Qua năm Thiệu-Trị thứ 5 (1845) giảm bỏ.
q10_11_page_80-0001,HỘ KHẢU
q10_11_page_80-0002,"Trong niên-hiệu Gia-Long, số đình hơn 5.000 người, sang niên-hiệu Tự-Đức 8.563 người."
q10_11_page_80-0003,"Năm Thành-Thái thứ 10 (1898), nhân số lên tới 11.218 người, tiền thuế 17.764 quan, bạc thuế 69 lượng."
q10_11_page_80-0004,"Năm thứ 11 (1899) số bạc sưu mới định chính nạp (2 hạng miền diêu và đinh tráng) cộng 11.292 người, bạc 24.285 đ80."
q10_11_page_80-0005,"Năm thứ 18 (1906) các hạng nhân số hiện 11.436 người (Trừ ngoại số chức sắc và miễn sai, còn hạng miền diêu 262 người) hạng chính-nạp 11.174 người, bạc thuế 24.687 đ; lại thêm bạc Công-ích hơn 4.469 đồng, tổng cộng là 29.156 đồng."
q10_11_page_81-0001,THUẾ RUỘNG
q10_11_page_81-0002,"Theo ngạch cũ, số ruộng đất 12.593 mẫu, thuế lúa 6.539 hộc, thuế tiền 16.431 quan."
q10_11_page_81-0003,"Năm Thành-Thái thứ 10 (1898) điền thổ cộng 29.154 mẫu 6 sào lẻ, trung lúa 18.516 hộc lẻ, thuế tiền 17.909 quan lẻ."
q10_11_page_81-0004,"Năm thứ 11 (1899) theo số bạc thuế mời định thì số điền thổ cộng 30.828 mẫu 7 sào, bạc cộng 23 951đ 18."
q10_11_page_81-0005,"Năm thứ 18 (1906) số ruộng đất lên tới 31.259 mẫu (trong ấy ruộng 21.500 mẫu, đất 9.759 mẫu), bạc thuế 24."
q10_11_page_81-0006,"208đ lẻ, và thêm số thuế sáu phần trăm (6%) 1."
q10_11_page_81-0007,"710đ, tổng cộng là 25.918 đồng lẻ."
q10_11_page_82-0001,Núi sông
q10_11_page_82-0002,NÚI MÃ-CẢNH (núi Cô-Ngựa)
q10_11_page_82-0003,"Ở phía đông-bắc huyện Quảng-Phước 130 dặm, Phía đông gõi theo bờ biển, phía tây-bắc liên tiếp núi Đại-Lãnh, hình giống cổ ngựa nên gọi tên ấy."
q10_11_page_82-0004,Có đường trạm đi qua dưới chân núi.
q10_11_page_82-0005,NÚI TAM-RHONG
q10_11_page_82-0006,Ở phía tây-bắc huyện Quảng-Phước 47 dặm; là chỗ giáp giới 2 tỉnh Khánh-Hòa và Phú-Yên.
q10_11_page_82-0007,"Có 3 ngọn lên thẳng từng máy, tục danh là Ba-Non, là một trấn-sơn trong tỉnh."
q10_11_page_82-0008,Nhà nước khi có điền lễ lớn đều có ban lễ tế ở núi này.
q10_11_page_82-0009,NÚI BẢN
q10_11_page_82-0010,Ở phía bắc huyện Quảng-Phước 60 dặm.
q10_11_page_82-0011,"Thế núi cao lớn phía tây từ Đại-Lãnh đến, kéo dài vài mươi dặm; phía bắc tiếp núi Thạch-Bi; phía đông gối bờ biển, lại uốn quanh vào nam che kín vũng biển Vân-Phong; thuyền buôn thường đậu ở đây để tránh gió."
q10_11_page_82-0012,ĐẢO THUÝ-SƠN
q10_11_page_82-0013,"Ở phía đông huyện Quảng-Phước 26 dặm; phía nam vũng Vân-Phong, chu-vi 7.120 trượng."
q10_11_page_82-0014,"Từ Đại-Lãnh chạy đến, qua núi Cồ-Ngựa độ 5 dặm, đăng ngang bờ biển đột khỏi hòn thứ nhất là núi Vĩnh-An, qua phía nam có hòn thứ hai là núi Khải Lương; hòn thứ ba là Đại-Dự (Đảo lớn) chận ngang cửa biển Vân-Phong."
q10_11_page_83-0001,NÚI BỒ-ĐÀ
q10_11_page_83-0002,Ở phía bắc huyện Quảng-Phước 24 dặm.
q10_11_page_83-0003,"Mạch núi từ núi Tam-Phong rải xuống, rừng rú trùng điệp, đến đây đột khỏi 1 hòn cao, phía đông phía tây gò đống la liệt."
q10_11_page_83-0004,"Ở phía đông lại thêm một hòn nhỏ gọi là núi Phiên-Lê, tục danh Dốc-Thị, dựa theo bờ biển, cổ cây xanh tốt hiềm trở khó đi."
q10_11_page_83-0005,NÚI MỸ-NGỌC
q10_11_page_83-0006,Ở phía tây-bắc huyện Quảng-Phước 20 dặm.
q10_11_page_83-0007,"Bốn phía gò đống ngồn ngang, hình như chuỗi hạt lòng thòng, không xiết tả hình trạng được."
q10_11_page_83-0008,Phía đông có nui tên là Độc-Sơn (núi Một).
q10_11_page_83-0009,NÚI PHƯỚC-HÀ
q10_11_page_83-0010,Ở phía đông-nam huyện Quảng-Phước 5 dặm.
q10_11_page_83-0011,Núi này có nhiều thứ hoa-đằng (mây huê) cho nên cũng gọi là núi Hoa-Đằng.
q10_11_page_83-0012,"Sườn núi cao lớn, bao quanh vài mươi dặm, phía đông-bắc gối bờ biển, phía tây-nam chân ngăn cửa biển Nha-Phu."
q10_11_page_83-0013,NÚI TÂN. LÁP
q10_11_page_83-0014,Ở phía đông-bắc huyện Quảng-Phước 11 dặm.
q10_11_page_83-0015,"Có đầm bao quanh 3 mặt, tên là Trúc-Đim (Đầm Tre)."
q10_11_page_83-0016,"Vũng biển Vân-Phong ở gần phía đông, cho nên cũng gọi tên là núi Vân-Phong."
q10_11_page_83-0017,NÚI PHỦ-MỸ
q10_11_page_83-0018,"Ở phía tây-bắc huyện Quảng-Phước 103 dặm, tục danh núi Đồng-Cọ."
q10_11_page_83-0019,"Núi cao ngút trời, thường có máy mù bay ra, buồi chiều thường có mưa, nên có ngạn-ngữ: «Mưa Đồng-Cọ.»"
q10_11_page_84-0001,NÚI TÔ-HÀ
q10_11_page_84-0002,"Ở phía tây-bắc huyện Quảng-Phước 59 dặm, trước tên là Hoa-Sơn."
q10_11_page_84-0003,"Sông Tô phát nguyên ở đây cho nên có tên là núi Tô-Hà: gió nam thường từ núi này thôi lại, cho nên có ngạn-ngữ: «Gió Tô-Hà.»"
q10_11_page_84-0004,NỦI PHÚ-NHƯ
q10_11_page_84-0005,"Ở phía tây-bắc huyện Quảng-Phước 64 dặm, thuộc địa-phận xã Phú-Như, tục danh núi Tồ-Gà."
q10_11_page_84-0006,"Cây cối sầm uất, có nhiều cọp, người đi qua phải kiêng dè, nên tục có câu: «Cây Tồ-Gà»."
q10_11_page_84-0007,"Nay càng ngày càng được khai khẳn rộng rãi, dần dần trừ được nạn cọp."
q10_11_page_84-0008,NÚI ĐẠI ĐỒNG
q10_11_page_84-0009,Ở phía tây huyện Quảng-Phước 59 dặm.
q10_11_page_84-0010,"Chân núi có cánh đồng trống, vốn xưa là chiến-trường, oan-khí không tan, hóa làm ác-quỉ, người đi qua đấy chẳng dám đi một mình, nên tục ngạn có câu: «Ma Đại-Đồng»."
q10_11_page_84-0011,Nay nạn ma quỉ cũng lần tiêu diệt.
q10_11_page_84-0012,NÚI PHONG-YÊU (Eo-Gió)
q10_11_page_84-0013,Ở phía bắc huyện Quảng-Phước hơn 100 dặm.
q10_11_page_84-0014,"Hai bên lưng núi giáp nhau, ở giữa lũng xuống, gió bắc thĐi xuyên qua, nên gọi tên ấy."
q10_11_page_84-0015,NÚI THANH-HÀ
q10_11_page_84-0016,Ở phía nam huyện Quảng-Phước độ 6 dặm.
q10_11_page_84-0017,"Có đường quan đi ngang qua núi, nhưng nhiều đá nhỏ lớm chứm khó đi."
q10_11_page_84-0018,"Phía tây có đền Chúa-Ngọc, trên núi có đền Nghĩa-Phụ."
q10_11_page_85-0001,ĐẢO TRÀ. LA
q10_11_page_85-0002,"Ở phía đông-nam huyện Quảng-Phước, nằm dựa bờ biển, ở bên cạnh có Hòn-Hố và Hòn-Rồng."
q10_11_page_85-0003,ĐẢO VÂN-PHONG
q10_11_page_85-0004,Ở phía đông-bắc huyện Quảng-Phước 20 dặm.
q10_11_page_85-0005,"Tục danh Hòn-Khói. Buồi đầu nhà Nguyễn trung hưng vua Thế-Tổ đem quân đánh giặc, thủy-quân có tới đóng Hòn-Khói, tức là chỗ này."
q10_11_page_85-0006,Năm Minh-Mạng thứ 6 (1825) đổi lại tên là Vân-Phong.
q10_11_page_85-0007,NÚI DUC-MỸ
q10_11_page_85-0008,"Ở phía bắc huyện Tân-Định 20 dặm, bốn bên đều có dân cư."
q10_11_page_85-0009,Khi trước có đồn bảo Bình-Nguyên ở đấy.
q10_11_page_85-0010,NÚI-SẦM
q10_11_page_85-0011,"Ở phía đông huyện Tân-Định 14 dặm, rừng cây sầm uất, bốn phía đều ruộng bằng."
q10_11_page_85-0012,Phía đông có Cô-Sơn (núi đứng một mình).
q10_11_page_85-0013,NÚI ONG-NGUYÊN
q10_11_page_85-0014,Ở phía đông-nam huyện Tân-Định 34 đăm.
q10_11_page_85-0015,Rừng rú trùng điệp cây cổ sum sê; phía nam chỗ giáp đường trạm đi ngang qua gọi là núi tổng-Nộ; phía đông là núi Phước-Đồng và núi Tiên.
q10_11_page_85-0016,Ca liên tiếp nhau đến gần bờ biển.
q10_11_page_85-0017,Gò THẠCH-LỮY Ở phía nam huyện Tân-Định 29 dặm.
q10_11_page_85-0018,"Phía bắc gần xã Phong-Thạnh, phía nam gần xã Phú-Hữu."
q10_11_page_85-0019,"Ngày xưa nhân gò ấy có thể dựa núi giáp biển, người thô mán bèn đắp lũy để nương dựa cho vững chắc, do đó mói gọi tên ấy."
q10_11_page_85-0020,"Nơi đây đường đá lồi lồm, nẻo đi gồ ghề, 2 bên rừng rậm, lại nhiều ác-thú."
q10_11_page_86-0001,NÚI Xích-Thỏ (đất-đỏ) Ở phía tây-bắc huyện Tân-Định 24 dặm.
q10_11_page_86-0002,"Miền này đất đỏ, núi rừng trùng điệp, có nhiều loại: hồ, báo, tê, tượng, lên chỗ cao có thể trông thấy giữa mặt biển."
q10_11_page_86-0003,"Phía tây-bắc liên tiếp núi Tam-Phong, phía nam liên tiếp làng mọi Dẫn-Chế-Trang, phía đông tiếp giáp đồn Bình-Nguyên."
q10_11_page_86-0004,NÚI TÂN-THỦY
q10_11_page_86-0005,"Ở phía đông-nam huyện Tân-Định 70 dặm, thuộc địa-phận àng Tân-Thủy: Phía đông gối cửa biển Nha-Phu, phía tây có núi tên là Cốc-Sơn (núi Hang)."
q10_11_page_86-0006,NÚI XUÂN
q10_11_page_86-0007,Ở phía đông-nam huyện Tân-Định 18 dặm.
q10_11_page_86-0008,"Thế núi cao sn, cỏ cây xanh tốt, có đường trạm đi qua phía tây."
q10_11_page_86-0009,ĐẢO BỨT
q10_11_page_86-0010,"Ở ngoài vùng biển Nha-Phu, cách bờ độ 5, 6 dặm."
q10_11_page_86-0011,"Ở xa trông thấy nhọn đẹp như cây bút; phía nam có hòn Nghiên, phía bắc có hòn Mực, 3 hòn dăng ngang, hòn đứng giữa cao hơn."
q10_11_page_86-0012,NÚI ĐẠI-ĐIỀN
q10_11_page_86-0013,"Ở phía bắc huyện Phước-Điền 11 dặm, làm giới-hạn giữa 2 huyện Phước-Điền và Tân-Định."
q10_11_page_86-0014,"Thuở trước gọi là núi Đại-An, tục hiệu là núi Chúa."
q10_11_page_86-0015,"Hình thế cao lớn, bao quanh hơn 100 dặm."
q10_11_page_86-0016,"Tục truyền đáy là chỗ «Thiện-Phi-A-Diễn-Bà» hiền linh, thường có hào-quang phát hiện rực-rỡ."
q10_11_page_86-0017,Niên-hiệu Tự-Đức thứ 3 (1850) được liệt kê vào tự-điền.
q10_11_page_87-0001,NÚI THỊ
q10_11_page_87-0002,"Ở phía tây huyện Phước-Điền 2! dặm, thế núi cao vót, 4 phía đều là ruộng bằng."
q10_11_page_87-0003,"Ở chân núi có miếu Thái-Tử, trong miếu có một đôi giềy bằng đá, 1 bàn cờ đá và con cờ đá; sự tích của Thái-Tử có ghi chú ở mục cồ-tích sau đây."
q10_11_page_87-0004,"Núi này phía nam kề núi An-Lộc, lại có đường trạm đi ngang qua."
q10_11_page_87-0005,"Phía tây có đầm nước nóng vuông 1 mẫu, nước thường nóng, trong đầm có cỏ mọc từng lùm xanh tốt."
q10_11_page_87-0006,"Lại có hồ sen, nước thường nửa trong nửa đục, cũng là một việc lạ vậy."
q10_11_page_87-0007,NÚI BÀ
q10_11_page_87-0008,"Ở phía tây-nam huyện Phước-Điền hơn 40 dặm, còn có tên là Bích-Sơn (núi Vách); 4 phía đá đứng dăng như bức vách, bao quanh hơn 100 dặm, trông như bức thành."
q10_11_page_87-0009,"Trên núi có cái hang, thường có hào quang phát hiện; gần mé tây có 3 làng mọi là: Tà-Lai, Tà-Trung và Tà-Dật."
q10_11_page_87-0010,Phía đông núi này là chỗ phát nguyên của một chi sông Phú-Lộc.
q10_11_page_87-0011,NÚI CÙ-LAO
q10_11_page_87-0012,"Ở phía đông huyện Vĩnh-Xương 28 dặm; có 5 hòn lớn nhỏ liền nhau, ở phía hữu cửa biển Cù-Huân."
q10_11_page_87-0013,"Phía đông gối bờ biển, trên núi có tháp cỏ Thiên-Y, những danh-nhân hiền đạt nhiều người đề vịnh ở đấy (có chép rõ trong mục Đền Miếu sau đây)."
q10_11_page_87-0014,NÚI GIÁNG. HƯƠNG
q10_11_page_87-0015,"Ở phía đông-nam huyện Vĩnh-Xương 5 dặm, ũng cóc tên là núi Bộc-Bố."
q10_11_page_87-0016,"Đây là một dãy núi gò liên tiếp, cỏ cây xanh rậm, có nhiều ác-thú."
q10_11_page_87-0017,Phía tây có đường trạm đi ngang qua; phía tây đường trạm có làng mọi Liên-Sơn ở đấy.
q10_11_page_87-0018,Ngoài xa nữa là núi Diễn.
q10_11_page_88-0001,NÚI DIỄN
q10_11_page_88-0002,Ở phía nam huyện Vĩnh-Xương độ 5 dặm.
q10_11_page_88-0003,"Thuở xưa có nhiều hồ báo, người đi buôn bán phải tránh xa."
q10_11_page_88-0004,Năm Đinh-ty (1797) buồi đầu triều Nguyễn trung hưng.
q10_11_page_88-0005,Trấn thủ là Nguyễn-Văn Thành mật cầu với bà «Chúa Ngọc-Tiên-Nương» rằng: «Bà trừ được nạn cọp ở đây thì sẽ lập đền thờ phụng».
q10_11_page_88-0006,"Sau vài ngày quả bắt được con mãnh-hồ, hành khách qua lại được bình yên."
q10_11_page_88-0007,Ông Thành bèn lập đền Diễn-Sơn để thờ.
q10_11_page_88-0008,Núi Hoàng-Ngưu Ở phía đông-nam huyện Vĩnh-Xương 6 dặm.
q10_11_page_88-0009,"Thế núi chu vi hơn 100 dặm, cổ cây sầm uất, phía bắc gõi bờ biển phía nam ngó xuống Hạc-Giang."
q10_11_page_88-0010,NÚI YÊN ĐỒ
q10_11_page_88-0011,Ở phía nam huyện Vĩnh-Xương 50 dặm.
q10_11_page_88-0012,"Phía tây liền với thôn Diêm-Nại, bắc tiếp trạm Hòa-Du, đông gối bờ biển, ta hữu có gò cát."
q10_11_page_88-0013,"Thế núi rộng lớn, đỉnh đồi trùng điệp, rất nhiều hòn nhỏ, duy lấy ngọn núi này làm chủ."
q10_11_page_88-0014,"Núi này cũng gọi tên là núi An-Đỗ, vì thanh âm gần giống nhau vậy."
q10_11_page_88-0015,"(1) Bộc-Bố có chỗ gọi là Phi-Tuyền nghĩa là suối nước từ trên sườn núi chảy thẳng xuống hoặc là do chỗ cao chảy xéo xuống, thế nước chảy rầm rộ, bay ra những tia nho nhỏ, ở xa trông hình như cây lụa rủ xuống, nên gọi là bộc-bố."
q10_11_page_89-0001,KHỐ-SƠN (NÚI KHO)
q10_11_page_89-0002,"Ở phía đông huyện Vĩnh-Xương độ 2 dặm, phía đông-nam có nền kho cũ Phước-Sơn, nên gọi tên ấy."
q10_11_page_89-0003,Phía bắc gần sông Ngư-Trường.
q10_11_page_89-0004,Năm Ất-mão đầu lúc trung-bưng (1795) đại binh đánh phá tưởng Tây-Sơn là Trần-Quang-Diệu ở bảo Khố-Sơn tức là chỗ đáy.
q10_11_page_89-0005,Trên núi có đền Quan-Công và miếu Ngũ-Hành
q10_11_page_89-0006,NỦI TINH-TRUNG
q10_11_page_89-0007,"Ở phía đông huyện Vĩnh-Xương 10 dặm, trước kia tên là núi A-La, hình nhỏ mà tròn."
q10_11_page_89-0008,"Phía đông-bắc và tây đều gần sông, dân cư tụ tập, chuyên nghề làm cá."
q10_11_page_89-0009,"Trên đỉnh núi có đền Tinh-Trung, nhân đó mà đặt tên núi này."
q10_11_page_89-0010,NÚI CẢNH-LONG
q10_11_page_89-0011,"Ở phía đông-nam huyện Vĩnh-Xương 11 dặm và ở phía bắc cữa tấn nhỏ Cù-Huân; phía nam gần sông Ngư-Trường, phía đông giáp biển lớn."
q10_11_page_89-0012,NÚI HÒA-QUÁN
q10_11_page_89-0013,"Ở phía nam huyện Vĩnh-Xương 91 dặm, phía đông sông Tam-Độc, làm trấn cho cửa tấn Cam-Ranh (Cam-Linh)."
q10_11_page_89-0014,NÚI LỮ
q10_11_page_89-0015,Ở phía nam huyện Vĩnh-Xương 115 dặm.
q10_11_page_89-0016,"Thế núi sừng sợ cao lớn, phía tây có các dấy núi liên tiếp, đều là chỗ mán-lèo cư trú Phía đông gần đường trạm."
q10_11_page_89-0017,NÚI LƯQNG-TRIỀU
q10_11_page_89-0018,Ở phía tây-nam huyện Vĩnh-Xương 25 dặm.
q10_11_page_89-0019,"Có nhiều núi non liên tiếp, phía tây có làng Mán ở đấy."
q10_11_page_90-0001,NÚI HIỆP-MỸ
q10_11_page_90-0002,Ở phía tây-nam huyện Vĩnh-Xương 111 dặm.
q10_11_page_90-0003,"Trước kia tên là núi An-Mỹ, năm Tự-Đức thứ 5 (1852) đổi lại tên này, vì là giới hạn của núi ở giữa 2 hộ Khánh-Hiệp và Khánh-Mỹ."
q10_11_page_90-0004,"Thế núi quanh co, đi xuống đông chia làm núi Phong-Lãnh và núi Hòa-Quân, gối trên cửa biển lớn Cam-ranh."
q10_11_page_90-0005,Có bãi cát kéo dài vài mươi dặm.
q10_11_page_90-0006,NÚI THANH-BỨC
q10_11_page_90-0007,Ở phía đông-nam huyện Vĩnh-Xương 88 dặm.
q10_11_page_90-0008,"Trước kia tên là núi Đông-An, năm Tự-Đức 15 (1862) đổi lại tên này."
q10_11_page_90-0009,"Mạch núi từ núi Hoàng-Ngưu trải qua một đầy bãi cát, nối liền bờ biển rồi chạy xiên về phía nam, đột khỏi lên một ngọn núi cao che kin cửa biển Cam-ranh."
q10_11_page_90-0010,"Quanh núi bày ra những động cát trùng điệp, có 1 cái hồ ở dưới chân núi, nước rất trong mà phẳng lặng tục danh là Tương-Tri."
q10_11_page_90-0011,"Phía tây núi này nứt ra 1 núi nhỏ che cửa tấn gọi là Hòn-Lang (Lang-Dữ); phía nam nứt ra 1 núi nhỏ che cửa biển gọi là Hòn-Tranh (Tranh-Dữ), ở đây có dân cư."
q10_11_page_90-0012,"Phía đông-nam cũng nứt ra 1 núi gọi là Hòn-Khô (Khô-dữ), ở phía bắc có cửa biển nhỏ, ngoài cửa biển ấy có các đảo nhỏ là hòn Trong, hòn Ngoài (Nội Dữ, Ngoài Dữ)"
q10_11_page_90-0013,NÚI DỤ-LÂM
q10_11_page_90-0014,Ở phía nam huyện Vĩnh-Xương 53 dặm.
q10_11_page_90-0015,"Phía đông đưa bãi cát, phía tây liền với các núi, ngàn đồi muôn hốc không biết đầu là bờ cổi."
q10_11_page_90-0016,"Năm Ất-Mão đầu lúc trung hưng (1795), tướng Tây-Sơn là Lê-Trung bị đánh bại lui về đóng giữ ở Dụ-Lâm, tức là chỗ này."
q10_11_page_91-0001,NÚI NGỌC-HỘI
q10_11_page_91-0002,"Ở phía đông-bắc huyện Vĩnh-Xương độ 2 dặm Núi này đột xuất giữa bình-địa, bốn phía đều là ruộng nương."
q10_11_page_91-0003,NÚI VẠN-XƯƠNG
q10_11_page_91-0004,Ở phía tây-nam huyện Vĩnh-Xương 32 dặm.
q10_11_page_91-0005,"Phía tây có các dãy núi đứng dăng hàng, cây cối sum sê, phía đông gần sông Ngư-Trường."
q10_11_page_91-0006,NÚI PHONG-LÃNH
q10_11_page_91-0007,"Ở phía đông-nam huyện Vĩnh-Xương 163 dặm, giáp giời huyện An-Phước đạo Ninh-Thuận."
q10_11_page_91-0008,"Phía đông gõi bãi cát, có dầm Vũng-Găng, phía nam tiếp giáp mỏ cát đảo Nhĩ."
q10_11_page_91-0009,ĐẢO BỒNG-NGUYÊN
q10_11_page_91-0010,"Ở phía đông-nam huyện Vĩnh-Xương hơn 20 dặm, đứng đăng giữa biển, có thôn Trí-Nguyên ở đấy."
q10_11_page_91-0011,"Phía đông có đảo Tâm, đảo Môn và đảo Ba-La (đảo Mít) liên lạc với nhau."
q10_11_page_91-0012,ĐẢO ĐÀM-MÔNG
q10_11_page_91-0013,Ở phía đông huyện Vĩnh-Xương hơn 10 dặm.
q10_11_page_91-0014,"Phía bắc đảo Bồng-Nguyên, đứng ngang giữa biên, cách bờ chừng 4 dặm, chu vi dài hơn 60 dặm, có thôn dân Bích-Đàm ở đấy."
q10_11_page_91-0015,ĐẢO NỘI ĐẢO NGOẠI
q10_11_page_91-0016,"Ở ngoài cửa biển Cam-Ranh phỏng 6, 7 dặm, chu-vi rộng 6 dặm, có sản-xuất nhiều yến-sào."
q10_11_page_91-0017,SÔNG TÔ-HÀ
q10_11_page_91-0018,Ở phía bắc huyện Quảng-Phước 58 dặm.
q10_11_page_91-0019,"Nguồn sóng phát xuất ở các động mán, phía tây núi Tô-Hà, qua núi Phú-Mỹ chảy về đông-nam 40 dặm đến thôn Bình-An."
q10_11_page_91-0020,"Noi đây giữa sông có cồn cát, nên sông chia làm 2 lạch tả hữu song song, chảy độ 3 dặm rồi hiệp lại làm một, chảy xuống đông 10 dặm, và ra vũng biển Vân-Phong."
q10_11_page_91-0021,"Xét các nguồn sông tỉnh Khánh-Hòa không cách xa cửa sông lắm, mà nước cũng không sâu lắm, có sông đến mùa hạ thì khô cạn, nên từ đầu nguồn cho đến cửa sông dài vắn không nhứt định."
q10_11_page_91-0022,"Chỉ có sông Vĩnh-Phú ở Tân-Định, sông Phú-Lộc ở Vĩnh-Xương và sông này (Tô-Hà) thì đầu nguồn có hơi xa mà thôi."
q10_11_page_92-0001,SÔNG BÌNH-SƠN
q10_11_page_92-0002,Ở phía bắc huyện Quảng-Phước 43 dặm.
q10_11_page_92-0003,Đầu nguồn từ núi Thị-Đó chảy xuống hướng đông 3 dặm chia làm 2 chi: 1 chi chảy về hướng nam độ 3 dặm nhập vào sông Đồng.
q10_11_page_92-0004,Tào rồi chảy ra biên.
q10_11_page_92-0005,1 chi chảy về đông-nam độ 2 dặm rồi chảy vào 2 cửa tấn Đại Tiêu vũng biển Vân-Phong (Núi Thị-Đó và sông Đồng-Tào là núi sông nhỏ nên không chép vào đây).
q10_11_page_92-0006,SÔNG AN-LƯƠNG
q10_11_page_92-0007,Ở phía bắc huyện Quảng-Phước 36 dặm.
q10_11_page_92-0008,"Đầu nguồn từ trong đồng ruộng thôn Tân-Mỹ, chảy xuống đông độ 4 dặm qua thôn An-Lương chia làm 2 chi: 1 chi chảy qua đông-nam độ 1 dặm, 1 chi chảy qua đông-bắc độ 2 dặm, rồi đều chảy ra biên."
q10_11_page_92-0009,Nếu nắng lâu thì sông đều khô cạn.
q10_11_page_92-0010,SÔNG NGỌC-SƠN
q10_11_page_92-0011,Ở phía nam huyện Quảng-Phước 10 dặm.
q10_11_page_92-0012,"Nguồn bắt đầu từ khe Lũy, qua sông Mỹ-Lợi, chảy xuống đông 40 dặm, qua thôn Tam-Ích, chuyển về hướng nam độ 2 dặm, rồi ra biên."
q10_11_page_92-0013,"Lại có 1 chi từ thôn Kiều-Lâm chảy xuống đông lại chia lâm 2 chi: 1 chi chảy quanh 8 dậm rồi thông tới sông Hà-Sâm, 1 chi chảy vào phía nam độ 4 dặm hiệp với sông Tam-chí, rồi đều chảy ra biên Nha-Phu."
q10_11_page_93-0001,SÒNG MỸ-LỢI
q10_11_page_93-0002,Ở phía đông-nam huyện Tân-Định.
q10_11_page_93-0003,"Phát nguyên từ khe Lũy chảy xuống đông hơn 40 dặm đến thôn Mỹ-Động, chuyển về hướng nam chảy ngang qua thôn Tam-Ích huyện Quảng-Phước làm sông Ngọc-Sơn."
q10_11_page_93-0004,Có một chi chảy ra phía bắc 8 dặm đến thôn Hà-Sầm rồi chảy ra biển Nha-Phu.
q10_11_page_93-0005,SÔNG VĨNH-PHÚ
q10_11_page_93-0006,"Ở phía bắc huyện Tân-Định 2 dặm, thuở trước tên là sông Vĩnh-An."
q10_11_page_93-0007,"Phát nguyên từ 4 chỗ: 1 chỗ từ núi Lam-Sơn chảy qua đông-nam 11 dặm đến xã Hương-Cam; 1 nguồn từ trong Hương-Động chảy qua đông-nam 5 dặm cũng đến xã Hương-Cam, tại nơi đây 2 sông hiệp lại chảy xuống đông 23 dặm đến thôn Vĩnh-Phú; 1 nguồn từ núi Thạch-Bàn chảy về phía nam 33 dặm đến thôn Vĩnh-Phú; 1 nguồn từ núi Đồng-Hương chảy về phía nam 22 dặm cũng đến thôn Vĩnh-Phú."
q10_11_page_93-0008,"Tại thôn Vĩnh-Phú đây, 4 nguồn hiệp làm một thành sông Vĩnh-Phú, rồi từ đấy chảy đi 4 dặm lại chia làm 2 chi: 1 chi chảy qua đông-nam 7 dặm thông với sông Hà-Sầm, chảy ra cửa biển Nha-Phu; 1 chi chảy qua đông-bắc 4 dặm đến xã Bằng-An, lại chuyên vào nam 5 dặm cũng chảy ra cửa Nha-Phu."
q10_11_page_93-0009,"Phần sông ở xã Bằng-An, có 1 chi riêng, từ thôn Tiên-Kiều chảy vô phía nam 10 dặm, đến xã này nhập lại."
q10_11_page_93-0010,SÔNG PHÚ. LÒC
q10_11_page_93-0011,"Ở phía bắc huyện Vĩnh-Xương, phía nam huyện Phước-Điền."
q10_11_page_93-0012,"Phát nguyên từ 3 chỗ: 1 chỗ từ nguồn Đồng-Nảy, tục danh Sông-Cầu, chảy qua đông-nam 21 dặm, đến thôn Kiền-Sơn; 1 chỗ từ trong độ g mán nguồn Nha-Trang chảy qua 6 thác 28 dặm cũng đến thôn Kiền-Sơn, cùng Sông-Cầu hiệp lại chảy xuống đông 21 dặm đến xã Xuân-Mỹ; 1 chỗ từ núi Bà chảy về đông-nam 27 dặm, qua tỉnh-thành, đến Xã Phú-Lộc, hiệp với sông trên gọi là sông Phú-Lộc, rồi chảy xuống phía đông 10 dặm đến thôn Hồi-Xuân xã Xuân-Lạc lại chia làm 2 chi: 1 chi chảy ra đông-bắc 12 dặm rồi phóng ra cửa biển Cù-Huân nhỏ; 1 chi chảy vô nam 11 dặm đến thôn Ngọc-Hội lại chia làm 2 chi: 1 chi chảy 2 dặm rồi phóng ra cửa biển Cù-Huân lớn; 1 chi chảy vô phía nam đến huyện Vĩnh-Xương hiệp với sông Ngư-Trường chảy 19 dặm và phóng ra cửa biển Cù-Huân nhỏ."
q10_11_page_94-0001,SÒNG TAM-ĐỘC (hay Ba-Ngòi) Ở phía nam huyện Vĩnh-Xương 85 dặm.
q10_11_page_94-0002,"Phát nguyên từ trong các động Mán Bồng-Lam, Bạch-Cân, chảy xuống đông-nam chia làm 3 chi: 1 chi theo thôn Thượng-Nguyên chảy xuống đông-nam 11 dặm; 1 chi theo thôn Diêm-Nại chảy xuống đông-nam 4 dặm; 1 chi theo thôn Nhược-Đồ chảy xuống đông-nam 4 dặm, rồi có Du-Khê (khe Dầu) từ thôn Hiệp-Mỹ đến nhập lại, chảy ra đầm Thủy-Triều, chuyển qua hướng đông chảy đến thôn Thạnh-Đức phóng ra cửa biển Cam-Ranh."
q10_11_page_94-0003,HẠC-GIANG (Sông-Cạn) Ở phía nam huyện Vĩnh-Xương 96 dặm.
q10_11_page_94-0004,"Sông này do các mương ngòi từ các đồng trong ruộng chảy dồn lại, chứ không có đầu nguồn, tùy theo thủy-triều ở biển khi lên khi ròng, và bề sâu chỉ độ 1 thước, nên mới đặt tên như vậy."
q10_11_page_95-0001,ĐẦM KHE
q10_11_page_95-0002,"Phụ lục các Hồ, Vũng."
q10_11_page_95-0003,(Năm Thành-Thái 18 (1906) định thuế đầm 1480 đồng) Ở phía tây-bắc huyện Quảng-Phước.
q10_11_page_95-0004,"Khe này từ trong núi cao hố sâu, cuốn cuộn chảy ra, nước xói vào đá rất mạnh."
q10_11_page_95-0005,"Nguyên ủy rất xa, từ khe Giang thuộc địa-phận, mán mọi thuận dòng chảy xuống đến khe Khế, rồi chảy ra cảng Chử-Châu."
q10_11_page_95-0006,KHE BALAMÁT (Suối Mit)
q10_11_page_95-0007,Ở phía nam huyện Tân-Định.
q10_11_page_95-0008,"Ngược dòng lên thì đến núi Phú-Hòa, thuận dòng xuống thì đến cửa cảng Nê-Khê (Suối-Bùn)."
q10_11_page_95-0009,KHE AN-THANH
q10_11_page_95-0010,Ở Xã An-Thạnh phía tây huyện Tân-Định.
q10_11_page_95-0011,"Đọc theo bờ khe, có giống cây trâm, lá rụng xuống khe, uống nước khe ấy hay phát chứng sốt rét."
q10_11_page_95-0012,ĐẦM ĐẠI-MẠO (hay đầm Đồi-Mồi)
q10_11_page_95-0013,Ở phía đông huyện Quảng-Phước gần bờ biển.
q10_11_page_95-0014,Gần bờ đầm có hòn đảo có rất nhiều con đồi-mồi.
q10_11_page_96-0001,ĐẦM Ô-SÔ
q10_11_page_96-0002,"Ở phía đông bắc huyện Quảng-Phước 30 dặm, rộng 10 dặm, trong có đảo Trụ."
q10_11_page_96-0003,ĐẦM THỦY-TRIỀU
q10_11_page_96-0004,Ở phía nam huyện Vĩnh-Xương 43 dặm.
q10_11_page_96-0005,"4 phía là bãi cát, dồn nước sông Ba-Ngòi chảy ra cửa biển Cam-Ranh."
q10_11_page_96-0006,ĐẦM VŨNG-GĂNG
q10_11_page_96-0007,"Ở tột phía nam huyện Vĩnh-Xương, cách huyện 113 dặm, chu vi hơn 20 dặm."
q10_11_page_96-0008,6 TRÁC SÒNG CRÀ
q10_11_page_96-0009,"Ở phía tây huyện Tân-Định, là một sông nhánh của sông Phú-Lộc."
q10_11_page_96-0010,"Chỗ sông này phát nguyên có 6 cái thác: 1 - thác Thọ, 2 - thác Đan, 3 - thác Sơn, 4 - thác Mang, 5 - thác Cang-Thở, 6 - thác Lương đều từ nguồn Nha-Trang chảy đến."
q10_11_page_96-0011,5 THÁC SÔNG CHÂU
q10_11_page_96-0012,Ở phía nam huyện Phước-Điền phía nam giáp huyện Vĩnh-Xương là 1 sông nhánh của sông Phú-Lộc.
q10_11_page_96-0013,"Chỗ sông này phát nguyên có 5 thác: 1- thác Dinh-Bà, 2- thác Phủ-Loan, 3- thác Mã, 4- thác Cương, 5- thác Tham-Dự."
q10_11_page_96-0014,Sông Châu tục gọi là Sông-Cầu.
q10_11_page_96-0015,VŨNG NHA-TRANG
q10_11_page_96-0016,"Ở phía đông-nam huyện Quảng-Phước 21 dặm, rộng phỏng hơn 200 dặm."
q10_11_page_96-0017,Có cồn đảo làm binh-phong che phía ngoài 88 ghe thuyền đến đậu được yên ồn.
q10_11_page_96-0018,Trên bờ trước kia có pháo đài Ninh-Hải.
q10_11_page_97-0001,VŨNG VÁN-PHONG
q10_11_page_97-0002,"Ở phía đông-bắc huyện Quảng-Phước 21 dặm, chư vì hơn 200 dặm."
q10_11_page_97-0003,"Từ Đại-Lãnh vào nam có các khe suối dọc theo triền núi đều chảy vào vùng này, 3 mặt đều có những hòn đảo bao quanh: phía nam là đảo My, đảo Kê (hòn gà), đảo Lăng, đảo Lý (hòn gáy); phía bắc là đảo Điệp (hòn bướm), đảo Ô (hòn qua), đảo Khô, đảo Độc (có độc); phía đông là đảo Xích (hòn đỏ) (Đây tức là vùng biển Hòn-Khôi)."
q10_11_page_97-0004,VŨNG NHA-PHU
q10_11_page_97-0005,"Ở phía đông huyện Quảng-Phước 36 dặm, bao quanh hơn 70 dặm."
q10_11_page_97-0006,"Trong vùng có những hòn đảo đứng lô nhớ như: đảo Trân-Thị, đảo Tiên, đảo Thạch và đảo Cù."
q10_11_page_97-0007,"VŨNG Cam-Ranh Ở phía đông-nam huyện Vĩnh-Xương 88 dặm, chu vĩ 79 dặm."
q10_11_page_97-0008,Trong vũng có mầm đá nằm dưới nước.
q10_11_page_97-0009,AO PHÚ HỘI
q10_11_page_97-0010,Ở phía đông huyện Quảng-Phước.
q10_11_page_97-0011,"Khi nước lên, nước rộng thông với nước mặn."
q10_11_page_97-0012,AO TRUNG-GIANG
q10_11_page_97-0013,Ở phía tây huyện Quảng-Phước.
q10_11_page_97-0014,"Tương truyền có người trong huyện tên là Giám, đào ao này để nuôi cá tôm, cho nên tục danh là ao Cha-Giám"
q10_11_page_98-0001,KHE: NGẠC-NGƯ (Cá sấu)
q10_11_page_98-0002,"Ở trong vùng cát đá khoảng đường rừng thuộc xã Tân-Ar-đông, huyện Quảng Phước."
q10_11_page_98-0003,Nơi đây suốt bốn mùa nước không bề cạn.
q10_11_page_98-0004,"Ngày xưa thường có cá sấu, nhưng nay lại nhiều nạn hồ."
q10_11_page_98-0005,CỔ TÍCH
q10_11_page_99-0001,THÁP CỔ THIÊN-Y
q10_11_page_99-0002,"Ở trên đỉnh núi Cù-Lao huyện Vĩnh-Xương; có 2 cái tháp: tháp phía tâ cao 6 trượng, thờ tượng đá thần «Thiên-Y-A-Diễn-Bá»; tháp phía hữu cao 2 trượng thờ «Bác-Hải-Thái-Tử»."
q10_11_page_99-0003,"Tục truyền Thiên-Y là một nàng Tiên, nguyên sơ giáng xuống núi Đại-Điền."
q10_11_page_99-0004,"Thuở ấy có hai vợ chồng ông già ở trên núi, trồng dưa để sinh sống."
q10_11_page_99-0005,"Khi dưa chín, thường bị kẻ lén hái, ông lấy làm lạ đề ý rình."
q10_11_page_99-0006,"Một đêm nọ ông thấy 1 cô gái, độ 13, 14 tuổi, theo bóng cây lần lần đi đến, cầm dưa vần chơi ở đười bóng trăng."
q10_11_page_99-0007,"Ông đón lại gạn hỏi, thì ra chính có này đã hái trộm dưa từ trước, nhưng ông thấy có ta còn thơ ấu, yếu ở bèn đem về để nuôi."
q10_11_page_99-0008,"Có này thái độ u-nhàn, rõ ra một người của trời sinh, nên 2 ông bị rất thương yêu."
q10_11_page_99-0009,"Ngày nọ mưa lụt bống tràn đến, có ta sực nhờ phong cảnh cũ ở Tam-Thần-Sơn (1), có liền kiếm cây hoa, chất mảnh đá, đắp làm núi giả đề chơi."
q10_11_page_99-0010,"Ông lão thấy chơi như vậy, nổi giận la rầy."
q10_11_page_99-0011,"Trong lúc bị la rầy bực tức, thì vừa hay có cây già-nam trôi theo nước lụt đến đó, có ta bèn biến hình nhập vào thân cây ấy, rồi cây ấy trôi theo nước lụt táp giật vào bờ biển phương Bắc (2)."
q10_11_page_99_100-0001,"Người phương ấy thấy cây (1) Sử-ký chép: Tam-thần-sơn là Bồng-Lai Phương-Trượng và Doanh-Châu ở giữa biển Bột-Hải, chỗ của các Tiên-ở (2) Phương Bắc là chỉ nước Trung-Hoa, vì Trung-Hoa ở về phía bắc nước Việt-Nam, thơm lạ, rủ nhau toan khuân về nhà nhưng nặng quá không nhắc lên nổi."
q10_11_page_100-0001,"Lúc bấy giờ có vị thái-tử trong nước nghe nói bèn đến bờ biển xem, rồi xuống vớt cây nâng lên tay, đem về đề ở nơi điện-các."
q10_11_page_100-0002,"Thái-tử khi ấy vừa 20 tuổi, chưa có vợ, thường ngày đến vỗ về thân cây, trong lòng bồi hồi vơ vần."
q10_11_page_100-0003,Có khi chợt thấy dưới bóng trăng lờ mờ mường tượng như có người đi thoáng đến thái-tử lấy làm lạ.
q10_11_page_100-0004,"Đêm nọ sau khi mọi người đều yên giấc, thái-tử trở qua chỗ cũ rình xem thì cũng lại thấy như đêm trước, chàng vội rượt theo thì thấy rõ ràng là một cô gái đẹp."
q10_11_page_100-0005,"Nàng hoảng hốt muốn chạy trốn, nhưng bị thái-tử giữ lại gạn hỏi, không thoát thân được, cô đành phải bày tỏ tông tích."
q10_11_page_100-0006,"Thái-tử nửa sợ nửa mừng, tâu lên vua cha."
q10_11_page_100-0007,"Vua khiến bỏi được quê tốt, bèn cho cùng nhau kết thôn."
q10_11_page_100-0008,"Vợ chồng ăn ở với nhau được ít lâu, sinh được một trai đặt tên là Tri, và một gái đặt tên là Quí."
q10_11_page_100-0009,"Một hòm, bà nhờ chỗ cũ ở Thần sơn, bèn đắt con trai con gái nhập vào cây già-nam-hương vượt biển qua phương Nam, thẳng đến cửa tấn Cù-Huân rồi tìm về chỗ cũ tại triền núi Đại-Điền."
q10_11_page_100-0010,"Khi ấy 2 ông bà lão kia (người trồng dưa trước) đã mất rồi, bà bèn lập đền tại chỗ ấy đề phụng tự."
q10_11_page_100-0011,"Thấy dân ở vùng này khở dại thật thà không biết việc sinh nhai và phòng hoạn nạn, bà bèn dạy sơ lược cho những phép tắc và bày cho cách làm ăn."
q10_11_page_100-0012,"Bà lại cho đục đá ở núi Cù-Lao làm tượng truyền thần, rồi đương lúc ban ngày Bà phi thăng đi mất."
q10_11_page_100-0013,"Sau khi Bà về Nam, thái tử ở Bắc hải không biết Bà đi đâu, bèn sai người đáp thuyền đi tìm."
q10_11_page_100-0014,"Khi bọn này đến Cù-Huân, thì giờ đọng hách dịch hà hiếp dân sở tại và không kính trọng Thần-tượng."
q10_11_page_100-0015,"Liền đó thình linh nổi trận cuồng phong làm cho chiếc thuyền chở bọn đó bị lật úp xuống; hóa làm một cụm, đá to."
q10_11_page_101-0001,Từ đấy về sau bà càng hiền linh.
q10_11_page_101-0002,Có khi Bà cưỡi voi trắng đi đạo trên đỉnh núi.
q10_11_page_101-0003,"Mỗi lúc Bà xuất hiện, nghe trong núi có 3 tiếng nỗ vang như súng lớn; hoặc có khi Bà hiện hình như cây lụa bay giữa không-trung; lại có khi Bà cưỡi cá sẩu qua lại trong vùng đảo Yên núi Cù."
q10_11_page_101-0004,"Dân địa-phương ngưỡng-vọng cho là Thần, có cầu khần việc gì thường được ứng nghiệm, bèn xây 2 cái tháp trên núi Cú."
q10_11_page_101-0005,"Lao: tháp phía tả thờ Chúa-Tiên (Thần-Thiên-Y), tháp phía hữu thờ Thái-Tử, phía sau tháp dựng đền nhỏ thờ 2 người con của Bà."
q10_11_page_101-0006,"Phía tả tháp, lại xây 1 đền nhỏ nữa để thờ 2 ông bà trồng dưa, trước tháp có bia đá khắc chữ trùng-văn lối chữ khoa-đầu, tức là lối chữ như hình con sâu nước, không ai biều nghĩa được."
q10_11_page_101-0007,"Hoa quả trong vườn ai đến hái ăn đều được, nhưng không thể đem ra ngoài."
q10_11_page_101-0008,Mỗi khi gặp ngày tuần tiết thì các loài thú vật trên rừng và cá tôm dưới biển đều đến châu hầu trước đền.
q10_11_page_101-0009,Người Chiêm-Thành tôn hiệu là A. Na-Diễn-Bà Chúa-Ngọc-Thánh-Phi.
q10_11_page_101-0010,Triều Nguyễn ngay buổi đầu đã phong-tặng: «Hồng-Nhân-Phồ-Tế-Linh-Ứng-Thượng-Đằng-Thần» và cắt dân làng Cù-Lao 3 người sung làm Từ-phu.
q10_11_page_101-0011,"Những danh nhân quá bộ đến đây, có nhiều người dựng bia, đề thơ đề ký niệm danh thắng như: Nguyên Hiệp-biện lãnh Thượng-thơ Phan-Thanh-Giản, Khánh-Hòa Bố-chánh Nguyễn Quỳnh, Thuận-Khánh Tuần-phủ Nguyễn-Thạnh, Bình-Thuận Bố-Chánh Trần-Điền, sung Điền-Nông-sứ Phan-Trung, đều có lập bi ký; Hình-bộ Thượng-thơ sung chính-sứ Lê-Tuấn, Lễ-bộ Tham-tri Nguyễn-Văn-Tường, Khánh-Hòa Đốc-học Đinh-Nho-Quang đều có thơ đề vinh."
q10_11_page_102-0001,PHẾ LŨY CHIÊM. THÀNH
q10_11_page_102-0002,"Ở xã Phú-Thạnh phía bắc huyện Vĩnh-Xương Xưa có 1 đoạn lũy cũ, niên hiệu Minh-Mạng 17 (1836) bị san bằng, đấu cũ nay vẫn còn."
q10_11_page_102-0003,LỰC-ĐỒN
q10_11_page_102-0004,"Ở phía đông huyện Vĩnh-Xương, gần phía nam núi kho, chu vi 36 trượng 4 tấc, cao 7 thước 5 tấc, không biết đắp thuở nào."
q10_11_page_102-0005,Khi đầu khai-quốc có tu sửa lại để phòng ngư cửa biển Cù-Huân lớn và cửa Cù-Huân nhỏ.
q10_11_page_103-0001,TỪ MIẾU
q10_11_page_103-0002,"ĐÀN XÃ-TẮC Ở ngoài cửa tây Tỉnh-thành, dựng năm Minh-Mạng 13 (1832)."
q10_11_page_103-0003,ĐÀN TIÊN-NÔNG
q10_11_page_103-0004,"Ở địa-phận xã Phú-Ân, ngoài cửa đông Tỉnh-thành, xây năm Minh-Mạng 13 (1832), có 3 mẫu tịch-điên (1)"
q10_11_page_103-0005,ĐÀN SƠN-XUYÊN
q10_11_page_103-0006,"Ở ngoài cửa tây Tỉnh-thành, xây năm Tự-Đức thứ 5 (1852)."
q10_11_page_103-0007,VĂN-MIẾU
q10_11_page_103-0008,"Ở xã Phú-Lộc, phía tây bắc tỉnh thành, dựng năm Gia-Long thứ 2 (1803), trùng tu năm Tự-Đức thứ 2 (1849)."
q10_11_page_103-0009,MIẾU HỘI ĐỒNG
q10_11_page_103-0010,"Ở xã Phú-Lộc, dựng năm Gia-Long 15 (1816), năm Tự-Đức thứ 2 (1849) trùng tu lợp ngói."
q10_11_page_103-0011,MIẾU THÀNH-HOÀNG
q10_11_page_103-0012,"Cũng ở xã Phú-Lộc, dựng năm Thiệu Trị thứ 5 (1845)."
q10_11_page_103-0013,(1) Tịch-điên: ruộng nhà vua tự cày cấy để lấy hoa-lợi cung vào tế tự.
q10_11_page_103-0014,Còn đây là ruộng công cất dân làm để lấy hoa-lợi tế đàn Tiên-Nông
q10_11_page_104-0001,ĐỀN TINH-TRUNG
q10_11_page_104-0002,"Ở trên núi A. La, thên Mỹ-Thạnh, huyện Vĩnh-Xương, thờ các vị Công-thần trung-hưng hoặc trận vong hoặc binh chết 350 người."
q10_11_page_104-0003,"Đền này dựng năm Ất-Mão lúc đầu trung-hưng, trùng tu năm Tự-Đức thứ 5 (1852)."
q10_11_page_104-0004,ĐỀN NÚI CỎ-NGỰA
q10_11_page_104-0005,"Ở huyện Tân-Định, thờ thần Chúa Vàng, Chúa Thiết (sắt)"
q10_11_page_104-0006,ĐỀN AN-LƯƠNG
q10_11_page_104-0007,"Ở thôn An-Lương huyện Quảng-Phước, thờ 4 vị Chúa-Ngọc Thái Giám, Thủy-Long và Thành-Hoàng."
q10_11_page_104-0008,ĐỀN QUÁ-QUAN
q10_11_page_104-0009,"Ở xã Đắc-Lọc huyện Phước-Điền, thờ thần Thiên-Y Tiên-Nữ, mặt trước giáp đường quan."
q10_11_page_104-0010,"Thuở xưa cống-sứ nước Chân Lạp đi ngang qua đấy có vào bái yết, nên nhân đó gọi tên đền"
q10_11_page_105-0001,TỰ QUÁN
q10_11_page_105-0002,CHÙA KIM-SON
q10_11_page_105-0003,"Ở thôn Ngọc-Toản huyện Vĩnh-Xương, xưa gọi chùa Kim-Sơn, không biết dựng từ đời nào."
q10_11_page_105-0004,"Triều Nguyễn, vua Thế-Tông Hoàng-Đế (1739-1764) đổi tên là Quy-Tôn-Tự ban cho tấm biển, phía tả khắc 4 chữ: «Canh-thân niên tạo» (làm năm Canh-thân (1740)."
q10_11_page_105-0005,Phía hữu khắc 8 chữ: «Quốc-chủ Từ-Tế Đạo-nhân ngự đề.»
q10_11_page_105-0006,"Năm Thiệu-Trị thứ 5 (1845) vua sắc hạ chùa này nên theo hiệu cũ, nhung tấm biển xưa vẫn được lưu lại vì mục-đích bảo tồn thắng tích, chỉ làm riêng tấm biển đề chữ «Kim-Sơn-Tự» treo ngoài cửa chùa."
q10_11_page_105-0007,CHÙA LINH-SƠN
q10_11_page_105-0008,"Ở xã Xuân-Sơn huyện Vĩnh-Xương, nguyên tên là Liên-Hoa-Tự, không biết làm từ đời nào."
q10_11_page_105-0009,"Triều Nguyễn, vua Thế-Tông Hoàng-Đế, năm Giáp-dần (1) có ngự chế câu đối liền Phụng thùy cái hậu, khê nhiều oanh tiền, Diên-Ninh cảnh thượng hữu Linh-Sơn, khánh tụng vương-đồ ức tải."
q10_11_page_105-0010,"Sư cố tả quảng, đàm ngung hữu dực Quảng-Phước đường trung quang tồ-đạo, tăng buy Phật-nhật vạn xuân."
q10_11_page_105-0011,"(Phụng (1) che mặt hậu, khe bọc mặt tiền, đất Diên-Ninh trên có núi Linh, chúc tụng hoàng gia ức tuồi."
q10_11_page_105-0012,"(1) Đời vua Thế-Tông có năm Bính-dần, mậu-dần, canh-dần, chở không có năm Giáp-dần."
q10_11_page_105-0013,"(1 và 2) Phụng và sư có lẽ là núi Phụng, núi sư-Tử"
q10_11_page_107-0001,QUAN TẤN
q10_11_page_107-0002,"Phụ lục: ĐỒN, BẢO"
q10_11_page_107-0003,BẢO BÌNH-NGUYÊN
q10_11_page_107-0004,"Ở địa-phận xã Dục-Mỹ, về phía tây-bắc huyện Tân-Định, không biết đắp đời nào."
q10_11_page_107-0005,"Trước kia tên là bảo Kỳ-Vĩ, năm Minh-Mạng nguyên niên (1820) đổi lại tên này và đặt viên Thủ-ngự lãnh quân-định đóng giữ đề chế ngự các man lèo Động-Hương Động-Nảy."
q10_11_page_107-0006,"Ở bên bảo có giao-dịch-trường, các dân mản dùng voi ngựa chở hóa vật đến mậu dịch với dân ta, mỗi năm 1, 2 lần."
q10_11_page_107-0007,"Về sau bảo này được đổi làm chỗ phối lưu (đày) quân sĩ, nay đã triệt bỏ."
q10_11_page_107-0008,BẢO BÌNH-AN
q10_11_page_107-0009,"Ở phía tây huyện Tân-Định 20 dặm, gần phía bắc Châu-giang."
q10_11_page_107-0010,"Trước tên là bảo Bình-Hòa, năm Minh-Mạng nguyên niên (1820) đổi tên là bảo Bình-An, nay đã triệt hạ."
q10_11_page_107-0011,BẢO LÂM-MỘC
q10_11_page_107-0012,"Ở phía tây huyện Vĩnh-Xương 28 dặm, giáp 2 trại mán Tham-Lợi và Tham-Tuân, phía nam có bảo Diêm-Nại."
q10_11_page_107-0013,"Thuở xưa cả hai bảo này đều đề chế ngự các mán, nay đã hủy bỏ."
q10_11_page_107-0014,NGUỒN ĐÔNG-HƯƠNG
q10_11_page_107-0015,"Nguồn nước này từ huyện Quảng-Phước chảy tới, đến phía 3 Bảo: thành đất nhỏ tây huyện Tân-Định cách huyện 28 dặm, hiệp với nguồn Động-Nảy chảy vào sông Vĩnh-Phước."
q10_11_page_107-0016,"Tại 2 đầu nguồn có 7 buôn mọi, năm Minh-Mạng nguyên niên (1820) Triều-Đình mộ 2 đội Giao-Lâm và Bình-Lâm đóng giữ tại sở Lạp-trường, để phòng ngự các-mán."
q10_11_page_107-0017,"Năm Minh-Mạng thứ 8 (1827) 2 đội binh ấy được giao cho bảo Bình-nguyên quản nhiếp, sau này đã bãi bỏ."
q10_11_page_108-0001,"Xét: Lạp-Trường nguyên đặt ở xã Xuân-Hòa huyện Tân-Định, mỗi năm dân mán đem hoàng-lạp (sáp vàng) đến trường đem nạp, quan ở tỉnh đến kiểm nhận, nay đã bãi sản-thuế ấy nhưng trường cũ vẫn còn."
q10_11_page_108-0002,NGUỒN NHA-TRANG
q10_11_page_108-0003,"Ở phía tây huyện Phước-Điền 27 dặm, có 54 buôn mọi, mỗi năm 4 quí đem nạp thuế trầu."
q10_11_page_108-0004,Lại có mán Hạ-Đê thường năm nạp thuế thân cũng như dân ta.
q10_11_page_108-0005,CỬA TẤN NHA-PHU
q10_11_page_108-0006,"Ở phía đông huyện Quảng-Phước 41 dặm, rộng 1800 trượng, sâu 5 trượng."
q10_11_page_108-0007,Phía tây có mỏ Điệp.
q10_11_page_108-0008,Thạch (Đá chống) phía hữu có mỏ Tiên-Kê.
q10_11_page_108-0009,Xưa có đặt Tấn-thủ Ở thôn Hà-Sâm để tuần phòng ngoài biển và phòng giúp các thuyền tàu ra vào cửa cảng Nay đã triệt bỏ.
q10_11_page_108-0010,ĐỒN GIÁP-KHÂU
q10_11_page_108-0011,Ở địa-phận xã Xuân-Lạc tổng Xương-Hà phía bắc huyện Vĩnh-Xương.
q10_11_page_108-0012,"Mỗi bên tả và hữu bờ sông Phú-Lộc đều đặt 1 đồn đất, mỗi đồn chu vi dài 7 trượng 5 thước, cao 7 thước dày 8 thước, đề chuẩn bị lâm thời phòng giữ."
q10_11_page_108-0013,Nay đã bãi bỏ.
q10_11_page_108-0014,CỬA TẤN CAM-RANH
q10_11_page_108-0015,"Ở phía đông huyện Vĩnh-Xương 88 dặm, rộng 400 trượng, sâu 50 trượng."
q10_11_page_108-0016,"Phía tả có Lang-chủy (mồ-cau), phía hữu có Lang Dự (đảo-cau), ngoài có đảo Tranh, chu vi dài 19 dặm, có dân cư thôn Bình-Ba ở đấy."
q10_11_page_108-0017,"Thuở xưa có đặt 1 chức Thủ-ngự và 1 chức Hiệp-thủ, nay bãi bỏ"
q10_11_page_109-0001,CỬA TẤN NHỎ CÙ-HUÂN
q10_11_page_109-0002,"Ở phía đông-bắc huyện Vĩnh-Xương 29 dặm, rộng trên 1900 trượng, khi nước lên sâu 6 thước, nước ròng sâu 4 thước."
q10_11_page_109-0003,"Ngoài có các đảo Bồng-Nguyên và Ba-Lai, các đảo dăng quanh, ghe buồm tụ tập; khi gió bắc thổi mạnh thì núp dựa phía trước núi khi gió tây-nam mạnh thì núp dựa phía sau núi."
q10_11_page_109-0004,Tại đảo Bồng-Nguyên dân-cư phố xá liên lạc cùng thôn Trường-Tây gần đó.
q10_11_page_109-0005,Thôn Trường-Tây ở phía bắc núi Cảnh-Long quay lưng vào núi trở mặt ra biển.
q10_11_page_109-0006,"Mùa thu, đông gió cát tung hay không ở được, thì dời ở qua Bồng-Nguyên; đến mùa xuân, hạ hết gió, thì trở về Trường-Tây."
q10_11_page_109-0007,CỬA TẤN LỚN CÙ-HUÂN
q10_11_page_109-0008,Ở phía đông huyện Vĩnh-Xương 19 dặm.
q10_11_page_109-0009,"Cửa tấn rộng 19 trượng, sâu 8 thước 5 tấc."
q10_11_page_109-0010,"Phía bắc có 1 núi đá, phía nam có bãi cát dài, phía đông có Xích-dự (hòn Đỏ), -dự (hòn Quạ)."
q10_11_page_109-0011,Thuở trước có thủ-sở với 1 chức Thủ-ngự và 1 Hiệp-thủ ở đấy.
q10_11_page_109-0012,"Nay bãi bỏ. (Dịch giả chú: Cửa tấn này rộng 19 trượng, mà sách chép là cửa tấn lớn Cù-Huân, còn cửa tấn trên rộng hơn 190 trượng mà chép là cửa tấn nhỏ Cù-Huân, không biết vì lẽ gì? hay viết lạc chăng?)"
q10_11_page_109-0013,CỬA TẤN NHỎ VÂN-PHONG (hòn Khói)
q10_11_page_109-0014,"Ở phía đông-bắc huyện Quảng-Phước 25 dặm, rộng 514 trượng, sâu 3 trượng."
q10_11_page_109-0015,"Ngoài cửa tấn xiên về phía đông có cồn đá Ngoạ-Ngưu (Trâu Nằm), nằm dăng ra bốn phía ở dưới mặt nước."
q10_11_page_111-0001,DỊCH TRẠM
q10_11_page_111-0002,TRẠM PHÚ-HÒA
q10_11_page_111-0003,"Ở trên núi Đại-Lãnh, là chỗ giao-giới tỉnh Phú-Yên và tỉnh Khánh-Hòa, nên gọi tên ấy."
q10_11_page_111-0004,"Phía nam đến trạm Hòa-Mã 19 dặm, dựng vào đầu niên hiệu Gia-Long có 60 người phủ trạm."
q10_11_page_111-0005,Sang năm thứ 9 (1810) thêm đủ 100 người.
q10_11_page_111-0006,TRẠM HÒA-MÃ
q10_11_page_111-0007,"Ở Xã Tân-Phước huyện Quảng-Phước, phía nam đến trạm Hòa-Lãng 27 dặm."
q10_11_page_111-0008,TRẠM HÒA-LÃNG
q10_11_page_111-0009,"Ở xã Trung-Dông huyện Quảng Phước, phía nam đến trạm Hòa-Hoàng 30 dặm."
q10_11_page_111-0010,TRẠM HÒA-HOÀNG
q10_11_page_111-0011,"Ở thôn Tân-Ngọc, phía nam đến trạm Hòa-Mỹ 17 dặm"
q10_11_page_111-0012,TRẠM HÒA-MỸ
q10_11_page_111-0013,"Ở xã Hiệp-Mỹ huyện Tân-Định, nay dời đến xã Vĩnh-Phú, phía nam đến trạm Hòa-Cát 34 dặm."
q10_11_page_111-0014,TRẠM HÒA-CÁT
q10_11_page_111-0015,"Ở thôn Cát-Lợi huyện Tân-Định, phía nam đến trạm Hòa-Thạnh 31 dặm, lại từ đó vào phía nam đến trạm Nha-Trang 35 dặm."
q10_11_page_112-0001,TRẠM NHA-TRANG
q10_11_page_112-0002,"Ở thôn Xương-Huân huyện Vĩnh-Xương, phía tây đến trạm Hòa-Thạnh 20 dặm, phía bắc đến trạm Hòa-cát 35 dặm."
q10_11_page_112-0003,Trạm này mới đặt gần tòa Sứ.
q10_11_page_112-0004,TRẠM HÒA-THẠNH
q10_11_page_112-0005,"Ở thôn Phú-Khanh huyện Phước-Điền, phía nam đến trạm Hòa-Tân 30 dặm lẻ, phía đông đến trạm Nha-Trang 20 dặm."
q10_11_page_112-0006,TRẠM HÒA-TÂN
q10_11_page_112-0007,"Ở xã Lập-Định huyện Vĩnh-Xương, phía nam đến trạm Hòa-Du 27 dặm."
q10_11_page_112-0008,TRẠM HÒA-DU
q10_11_page_112-0009,"Ở thôn Thủy-Triều huyện Vĩnh-Xương, phía nam đến trạm Hòa-Quân 24 dặm."
q10_11_page_112-0010,TRẠM HÒA-QUÂN
q10_11_page_112-0011,"Ở thôn Khánh-Cam huyện Vĩnh-Xương, phía nam đến trạm Thuận-Lai 43 dặm."
q10_11_page_112-0012,"Trạm Thuận-Lai nguyên tiếp giáp phủ Ninh-Thuận địa-giới tỉnh Bình-Thuận, nay phủ đổi thành đạo, tên trạm đổi làm trạm Ninh-Lai."
q10_11_page_112-0013,"Khi trước từ trạm Hòa-Quân đến trạm Hòa-Thuận 24 dặm, lại từ trạm Hòa-Thuận đến trạm Thuận-Lai 19 dặm."
q10_11_page_112-0014,"Niên hiệu Minh-Mạng, dân ở Hòa-Thuận xiêu tán cả, 2 trạm Hòa-Quân và trạm Thuận-Lai được gồm làm một, nên số dặm dài hơn các trạm khác."
q10_11_page_113-0001,ĐƯỜNGG SÁ
q10_11_page_113-0002,ĐƯỜNGG QUAN-BÁO (1)
q10_11_page_113-0003,"Một con đường từ phía bắc giáp trạm Phú-Hòa tỉnh Phú-Yên đến trạm Nha-Trang phía bắc Tỉnh-thành 155 dặm, lại từ trạm Nha-Trang qua phía nam Tỉnh-thành đến trạm Ninh-Lai đạo Ninh-Thuận 137 dặm, cộng 292 dặm (Như từ trạm Hòa-Cát phía bắc Tỉnh-thành đi thẳng đến trạm Hòa-Thạnh, mà không đi quẹo đến trạm Nha-Trang, thì lộ trình bớt được 20 dặm)."
q10_11_page_113-0004,Kể lộ trình phỏng 5 ngày đường (do trải qua 11 trạm).
q10_11_page_113-0005,ĐƯỜNGG NHỎ
q10_11_page_113-0006,"(Bề ngang 3 thước, các đường sau đây đều vậy cả) Một đường từ phía đông Tỉnh-thành đi qua Thủy-vệ, đến cửa lớn Cù-Huân dài 20 dặm, từ phía đông-nam Thủy-vệ đến cửa nhỏ Cù-Huân dài 3 dặm rưỡi."
q10_11_page_113-0007,Một đường từ phía tây Tỉnh-thành đi qua tổng Vĩnh-Phước đến địa-đầu các làng mọi Hạ-Đê dài 38 dặm (có chỗ nói dài 40 dặm).
q10_11_page_113-0008,"Một đường từ phía tây phủ lỵ Diên-Khánh đến Tỉnh-thành dài 3 dặm, phía đông đến giáp ranh giới huyện Vĩnh-Xương hơn 3 dặm, lại từ phía đông suốt đến cửa tấn lớn Cù-Huân 15 dặm, phía bắc phủ đến ranh giới huyện Tân-Định dài hơn 13 dặm."
q10_11_page_113-0009,"Một đường từ phía tây huyện lỵ Vĩnh-Xương đến đầu ranh giới huyện Phước-Điền dài 3 dặm, từ phía đông huyện lỵ đến cửa tấn Cù-Huân 12 dặm."
q10_11_page_113-0010,"Một đường từ phía đông-bắc phủ lỵ Ninh-Hòa đến cửa tấn Hòn-Khói dài 30 dặm lẻ, Một đường từ phía đông huyện lỵ Tân-Định đến cửa tấn Nha-Phu dài 12 dặm; phía tây đến bảo Bình-Nguyên dài hơn 4 dặm."
q10_11_page_113-0011,(1) Đường thông báo quan hệ trong] tỉnh hạt
q10_11_page_114-0001,NĂM CON ĐƯỜNGG LỚN MỚI ĐẮP
q10_11_page_114-0002,"(Rộng trên dưới 1 trượng, do người Pháp đắp từ năm Thành-Thái thứ 6 (1894) về sau)."
q10_11_page_114-0003,Một đường từ xã Trường-thạnh phía tây Tỉnh-thành thẳng đến xứ Đồng-Trăng thuộc xã Lễ-Thạnh dài uốc 15 dặm.
q10_11_page_114-0004,Một đường từ tòa Sứ dọc theo bờ biển vô nam thẳng đến thôn Trường-Tây dài ước 7 dặm rưỡi.
q10_11_page_114-0005,Một đường từ thôn Phương-Câu phía tây tòa Sứ thẳng đến thôn Trường-Đông dài 10 dặm.
q10_11_page_114-0006,Một đường từ phía bắc tòa Sứ qua thôn Cù-Lao thẳng đến địa đầu huyện Tân-Định dài 10 dặm.
q10_11_page_114-0007,Một đường từ xã Mỹ-Hiệp lên phía tây đến Suối-Chinh hơn 50 dặm.
q10_11_page_114-0008,ĐƯỜNGG BIỂN
q10_11_page_114-0009,Từ Hòn-Chong thuộc phần biển đạo Ninh-Thuận chạy thuyền ra phía bắc qua các cửa tấn Cam-Ranh.
q10_11_page_114-0010,"Cù-Huân, Nha-Phu, Hòn Khói đến cửa tấn Đà-Nung tỉnh Phú-Yên, nói theo mực độ thuận tiện thì đi ước 3 ngày đêm (trong hải-trình ấy từ Hòn-Chong qua Cam-Ranh đến Cù-Huân phỏng 1 ngày đêm, từ Cù-Huân đến Nha-Phu phỏng 1 ngày đêm, từ Nha-Phu đến Đà-Nung phỏng 1 ngày đêm)."
q10_11_page_115-0001,CẦU ĐẬP
q10_11_page_115-0002,"(Đường sông toàn hạt đều cạn hẹp, hoặc có chỗ gác cầu, có chỗ lội qua, lúc mưa lụt thì dân sự tùy tiện tạm dùng ghe thuyền qua lại, chứ không có sẵn những bến đò nhất định, nên không cần biên chép)."
q10_11_page_115-0003,CẦU THƯƠNG-TÂN
q10_11_page_115-0004,"Ở địa-phận thôn Ninh-Lễ huyện Tân-Định, cầu này vì thuyền buôn đậu nhiều ở đấy, nên gọi tên ấy (Thương-tân là bến buôn): Cầu lát ván gỗ dài 84 thước, bề ngang 8 thước (theo thước của nhà nước."
q10_11_page_115-0005,Những cầu sau đây cũng kể theo thước này)
q10_11_page_115-0006,CẦU PHÚ HỮU
q10_11_page_115-0007,"Ở xã Phú-Hữu, huyện Tân-Định, dài 38 thước, ngang 13 thước, tục danh cầu-Rọ (?)."
q10_11_page_115-0008,CẦU PHƯỚC-THẠNH
q10_11_page_115-0009,"Ở xã Phước-Thạnh huyện Phước-Điền, tục danh cầu Sông-Cạn; dài 69 thước, bề ngang 8 thước 5 Tấc."
q10_11_page_115-0010,"Thuở trước tên là cầu An-Thạnh, sau đổi tên Phước-Thạnh."
q10_11_page_115-0011,CẦU TRƯỜNG THẠNH
q10_11_page_115-0012,"Ở xã Trường-Thạnh huyện Phước-Điền, tục gọi cầu Sông-Dứa, dài 70 thước, bề ngang 10 thước."
q10_11_page_115-0013,Thuở trước gọi là cầu Trường-Lộc.
q10_11_page_116-0001,CẦU VĨNH-CHÂU
q10_11_page_116-0002,"Ở xã Vĩnh-Châu huyện Vĩnh-Xương, dài 50 thước, ngang 7 thước."
q10_11_page_116-0003,CẦU TAM-KHÊ
q10_11_page_116-0004,"Ở địa-phận 2 thôn Khánh-Cam và Nhược-Đồ: cầu thứ nhất dài 77 thước, cầu thứ 2 dài 113 thước, cầu thứ 3 dài 224 thước."
q10_11_page_116-0005,"Bản cũ chép: cầu thứ 1 dài 14 trượng 5 thước, cầu thứ 2 dài 25 trượng, cầu thứ 3 dài 33 trượng"
q10_11_page_116-0006,CẦU SẮT (3 sở)
q10_11_page_116-0007,"Làm từ năm Thành-Thái thứ 10 (1898) đều ở địa-phận huyện Vĩnh-Xương: Một cầu ở thôn Trường-Tây, tục danh cầu Lỗ-Nước, dài 19 thước, ngang 13 thước."
q10_11_page_116-0008,"Một cầu ở thôn Cư-Thạnh trước gọi là Cầu Rồng, dài 65 thước, ngang 11 thước."
q10_11_page_116-0009,"Một cầu ở thôn Khánh-Thành, tục danh cầu Suối-Đá, dài 43 thước, ngang 10 thước, đều do người Pháp làm."
q10_11_page_116-0010,CẦU CHÁNH-ĐÒ
q10_11_page_116-0011,"Ở chỗ giáp giới 2 huyện Quảng-Phước và Tân-Định, tục danh cầu Chợ-Dinh, trước bị gây hư đổi làm bến đò, nay tu bỏ lại, dài 187 thước, ngang 5 thước 7 tấc."
q10_11_page_116-0012,CẦU HIỀN-LƯƠNG
q10_11_page_116-0013,"Ở xã Hiền-Lương huyện Quảng-Phước, xưa gọi là cầu An-Lương, dài 15 trượng."
q10_11_page_116-0014,"Xét: đường quan ở huyện Quảng-Phước, trước kia đi theo đường bãi biển, có cầu Võ-lương tục danh cầu Bàu-Dự dài 7 trượng; cầu Vĩnh-Phú tục danh cầu Kho dài 9 trượng 5 thước, cầu Điền-giang dài 12 trượng; cầu Xuân-mỹ tục danh cầu Voi dài 3 trượng 5 tấc; cầu Tiền-Đạo dài 5 trượng 5 thước, lúc gần đây đường quan được đổi chiều, đi theo xã Đa-Phước qua thôn Ngọc-Sơn đến xã Hiền-Lương, nên mấy cầu trên đáy hư gầy không tu bồ lại."
q10_11_page_117-0001,CẦU THUẬN. MỸ
q10_11_page_117-0002,"Ở xã Thuận-Mỹ huyện Tân-Định, tục danh cầu Lam, dài 48 thước, ngang 9 thước."
q10_11_page_117-0003,CẦU VẠN-THUÂN
q10_11_page_117-0004,"Ở xã Vạn-Thuận huyện Tân-Định, trước kia gọi cầu Hòa-Thuận, dài 38 thước, ngang 13 thước."
q10_11_page_117-0005,CẦU LƯƠNG-SƠN
q10_11_page_117-0006,"Ở thôn Lương-Sơn huyện Tân Định, tục danh cầu Cây-Sung, dài 20 thước, ngang 6 thước (Từ đây trở xuống là các cầu theo đường nháuh)."
q10_11_page_117-0007,CẦU BỈNH-HÒA
q10_11_page_117-0008,"Ở 2 xã Bình-Thành và Xuân-Hòa huyện Tân-Định, tục danh cầu Trường-Sáp, dài 150 trượng, ngang 7 thước."
q10_11_page_117-0009,CẦU DỤC-MỸ
q10_11_page_117-0010,"Ở xã Dục-Mỹ huyện Tân Định, tục danh Cầu Đá, dài 50 thước bề ngang 6 thước."
q10_11_page_117-0011,CẦU TÂN. XUÂN
q10_11_page_117-0012,"Ở xã Tân-Xuân huyện Tân-Định, tục danh cầu Suối-Lim, dài 34 thước."
q10_11_page_118-0001,CẦU MINH-LƯƠNG
q10_11_page_118-0002,"Ở xã Minh-Lương huyện Phước-Điền, tục danh cầu Thị-Hương, dài 6 trượng 5 thước."
q10_11_page_118-0003,CẦU PHÚ-NGHĨA
q10_11_page_118-0004,"Ở xã Phú-Nghĩa huyện Quảng-Phước, tục danh cầu môi, dài 7 trượng lẻ, ngang 5 thước."
q10_11_page_118-0005,CẦU GIẰNG-XAY
q10_11_page_118-0006,"Ở xã Tân-Xuân huyện Tân-Định, dài 96 thước, ngang 9 thước."
q10_11_page_118-0007,CẦU SUỐI-CHÌNH
q10_11_page_118-0008,"Ở địa-phận xứ Mọi dài hơn 50 thước; cầu này ở trên đường lớn mới đắp, do chỗ Suối."
q10_11_page_118-0009,"Chình xuống hướng đông, đến huyện lỵ Tân-Định."
q10_11_page_118-0010,CẦU PHÚ-LỘC
q10_11_page_118-0011,"Ở xã Phú-Lộc huyện Vĩnh-Xương, dài 18 trượng, ngang 7 thước."
q10_11_page_119-0001,ĐÊ ĐIỀU
q10_11_page_119-0002,ĐÊ
q10_11_page_119-0003,"Xét các sông trong toàn hạt phần nhiều cạn hẹp, đầu nguồn không xa lắm, thế nước dễ rút, không đến nỗi xoi phá, nước mặn cũng không tràn lên, nên không phải phí công đắp đê để ngăn cản."
q10_11_page_119-0004,"Duy ở đường quan có 9 chỗ đáp đá, xây đá làm cầu cho thông đường nước; công việc này thực hiện trong niên-hiệu Minh-Mạng (trong 9 chỗ ấy có 2 cống bình thủy (1), 1 song-thủy-quan (2), 6 đơn-thủy-quan (3))."
q10_11_page_119-0005,"Sau lại xây thêm 3 chỗ cống-đá: 1 chỗ ở xã Cư-Thạnh huyện Vĩnh-Xương, tục danh cầu Kinh, dài 19 thước, ngang 13 thước; 1 chỗ ở thôn Cát-Lợi huyện Tân-Định, dài 10 thước ngang 8 thước; 1 chỗ cũng ở thôn Cát-Lợi, dài 8 thước, ngang 7 thước."
q10_11_page_119-0006,(1) Bình-thủy-đậu cống nước chảy bình thường khỏi ngăn cản.
q10_11_page_119-0007,"(2) song-thủy-quan: Cống có 2 cái cửa nơi cửa làm cái bửng kéo lên sập xuống, khi muốn nước chảy ra thì kéo bửng lên, khi muốn giữ nước lại thì sập bửng xuống."
q10_11_page_119-0008,"(3) Đơn thủy-quan: cống có 1 cái cửa, cũng dùng như trên."
q10_11_page_120-0001,CHỢ BÚA
q10_11_page_120-0002,(Đồng niên số thuế là 1572 đồng)
q10_11_page_120-0003,CHỢ THANH-MINH
q10_11_page_120-0004,"Ở xã Thanh-Minh huyện Phước-Điền (các chợ kê dưới đây đều thuộc huyện này), phố xá trù-mật."
q10_11_page_120-0005,CHỢ PHƯỚC-THẠNH
q10_11_page_120-0006,"Ở xã Phước-Thạnh, trước tên là chợ Đại-An, người buôn bán tụ tập đông hơn các chợ trong huyện hạt."
q10_11_page_120-0007,CHỢ PHÚ-LỘC
q10_11_page_120-0008,Ở xã Phú-Lộc.
q10_11_page_120-0009,CHỢ VÕ-CẠNH
q10_11_page_120-0010,"Ở xã Võ-Cạnh, giao dịch tầm thường, buôn bán không mấy chút."
q10_11_page_120-0011,CHỢ VĨNH-ĐIỀN
q10_11_page_120-0012,"Ở xã Vĩnh Điền huyện Vĩnh-Xương, tục danh chợ Dinh; có nhiều phố người Thanh (Trung-Hoa), ghe thuyền xe cộ, tấp nập, hóa vật đầy đủ."
q10_11_page_120-0013,CHỢ XƯƠNG-HUÂN
q10_11_page_120-0014,"Thời Pháp-thuộc, tòa Sứ lập ở địa-phận thôn Xương Huân, nên chỗ này thành nơi nhân vật đô hội, hàng hóa buôn bán đủ thứ."
q10_11_page_121-0001,CHỢ THỦY-TRIỀU
q10_11_page_121-0002,"Ở thôn Thủy-Triều, gần biển, nhân dân tụ hội thưa thớt."
q10_11_page_121-0003,CHỢ PHƯỚC-KHÁNH
q10_11_page_121-0004,"Ở 2 xã Tân-Phước và Hội-Khánh huyện Quảng-Phước, phố xá trù-mật, hàng hóa đầy đủ."
q10_11_page_121-0005,CHỢ TÂN-MỸ
q10_11_page_121-0006,"Ở thôn Tân-Mỹ huyện Quảng-Phước, người thương mãi các nơi tụ đến, buôn bán đủ thứ, là nơi phồn thạnh hơn trong hạt"
q10_11_page_121-0007,CHỢ PHÚ-NGHĨA
q10_11_page_121-0008,"Ở xã Phú-Nghĩa huyện Quảng-Phước, phố xá thưa thời, gần đây có chợ Bạch-Hà và chợ Bình-Tây."
q10_11_page_121-0009,CHỢ MỸ-HIỆP
q10_11_page_121-0010,"Ở xã Mỹ-Hiệp Tân-Định, xe thuyền tụ tập, buôn bán phồn thịnh, thành nơi đô-hội thứ nhất trong tỉnh hạt."
q10_11_page_121-0011,CHỢ THẠNH-MỸ
q10_11_page_121-0012,"Ở xã Thạnh-Mỹ, cũng tên là Chợ-Dinh."
q10_11_page_121-0013,"Triều nhà Nguyễn-có đặt 3 dinh Trấn-thủ, Cai-bộ và ký-lục ở đấy."
q10_11_page_121-0014,CHỢ XUÂN-HÒA
q10_11_page_121-0015,"Ở xã Xuân-Hòa, có nhiều phố buôn của người Thanh"
q10_11_page_123-0001,NHÂN VẬT
q10_11_page_123-0002,"NGUYỄN-THOAN (hay Chuyên) Người huyện Phước-Điền, có công theo vua ở Vọng-Các, làm lần đến Cai-Cơ rồi được đổi qua chức Lưu-thủ trấn Bình-Khương."
q10_11_page_123-0003,"Khi mất được tặng Chưởng-cơ, và thờ chung vào đền Hiền-trung và miếu Trung-hưng Công-thần."
q10_11_page_123-0004,TRẦN-VĂN-NĂNG
q10_11_page_123-0005,"Người huyện Tân-Định, Lúc đầu trung-hưng theo vua đánh dẹp có công, làm lần lên chức Thần-sách-dinh-Đô-thống-chế lãnh Chấn-Võ-quân Phó-tướng."
q10_11_page_123-0006,"Đầu niên hiệu Minh-Mạng lãnh chức phó tổng-trấn Gia-Định, năm thứ 13 (1832) thăng Tiền-quân-Đô-thống chưởng-phủ sự và phong tước Lương-tài-hầu."
q10_11_page_123-0007,"Khi giặc Khôi khỏi biến, ông lãnh ấn Bình-khấu-tướng-quân đi chinh-tiễu,; vừa có binh Tiêm-La (Thái-Lan) đến xâm lăng, ông đánh đuổi binh Tiêm thu phục Hà-Tiên, rồi tiến binh lấy thành Nam-Vang."
q10_11_page_123-0008,"Lúc trở về đến tỉnh Bình-Định mắc bệnh mà mất, được vua tặng chức Thái-phó, phong Tân-thành Quận-công, liệt thờ vào đền Hiền-lương."
q10_11_page_123-0009,NGUYỄN-XUÂN-THỤC
q10_11_page_123-0010,"Người huyện Quảng-Phước. Thuở đầu trung-hưng, ông đi chinh chiến có công, đầu niên hiệu Gia-Long ra làm Hiệp-trấn Thanh-Hóa."
q10_11_page_123-0011,"Đầu niên hiệu Minh-Mạng, vua triệu về, chuyển sang chức Hộ-bộ Tham-tri, kiêm lãnh 2 tào Hộ, Công Gia-Định."
q10_11_page_123-0012,"Sau lại triệu về và thăng Binh-bộ Thượng-thơ, rồi đổi qua Lễ-bộ Thượng-thơ; sau bị lâm bệnh mất, Năm Tự-Đức 12 (1859) được liệt thờ vào đền Hiền-lương."
q10_11_page_124-0001,NGUYỄN. VĂN-HÁN
q10_11_page_124-0002,"Người huyện Phước-Điền, Đầu lúc trung-hưng theo vua chinh phạt có công, năm Nhâm-tuất (1802) bị trận vong, được tặng Chính-vệ-úy, liệt thờ vào đền Bảo-trung"
q10_11_page_124-0003,PHẠM-VĂN-CHỚ
q10_11_page_124-0004,Người huyện Quảng-Phước. Thuở đầu trung-hưng đi chinh phạt có công làm lần đến Cai-Cơ.
q10_11_page_124-0005,"Năm Tân-dậu (1801) mất ở thành Qui-Nhơn, được tặng chức Chưởng-Cơ, và liệt thờ vào đền Chiêu-trung."
q10_11_page_124-0006,NGUYỄN-VĂN-CỔNG
q10_11_page_124-0007,"Người huyện Quảng-Phước. Thuở đầu trung-hưng lập được nhiều chiến công, khi mất được tặng Chưởng-Cơ, liệt thờ vào miếu Công-thần."
q10_11_page_124-0008,TRẦN-VĂN-THUẬN
q10_11_page_124-0009,Người huyện Tân-Định. Làm quan đến chức Phó-Vệ-Úy.
q10_11_page_124-0010,"Năm Kỷ-vị (1799) tòng chinh tại Qui-Nhơn bị trận vong; được tặng Chính-vệ-úy, liệt thờ vào đền Hiền-trung."
q10_11_page_125-0001,LIỆT NỮ
q10_11_page_125-0002,PHAN-THỊ-ĐỐC
q10_11_page_125-0003,"Người huyện Tân-Định, vợ Lê-Minh-Thức."
q10_11_page_125-0004,"Khi chồng chết bà thủ tiết phụng sự cha mẹ chồng bà mẹ muốn cho bà cải giá, bà đốt hương vái chồng rồi hớt tóc, thề không lấy chồng."
q10_11_page_125-0005,Niên hiệu Minh-Mạng 12 (1831) được vua ban thưởng.
q10_11_page_125-0006,HUỲNH. THỊ-NGHĨA
q10_11_page_125-0007,"Người huyện Quảng-Phước, đi cùng chồng vào núi hái củi, người chồng bị cọp vồ, bà lấy dao củi chém cọp cứu chồng."
q10_11_page_125-0008,Năm Thiệu-Trị thứ 4 (1841) được ban thưởng.
q10_11_page_126-0001,THỔ SẢN
q10_11_page_126-0002,KỲ-NAM
q10_11_page_126-0003,"Sản xuất ở địa-phận rừng Man, người xã Tân-Đinh và An-Thành đi tìm hái Năm nào hái không đủ số, thì cho nạp thứ trầm hương thay vào."
q10_11_page_126-0004,"Xét: sách «Tạp-lục» của Lê-Quý-Đôn (tức Lê-Quý-Đôn) nói: Thứ kỳ-nam sản xuất ở 2 phủ Bình-Khương, Diên-Khánh là tốt nhất; sản xuất ở Phú-Yên, Qui-Nhơn là hạng nhì, thứ ấy là do lóng cây chử (cây Gió) kết thành."
q10_11_page_126-0005,"Cây Gió có 3 loại: Gió-lưỡi-trâu và Gió-cam thì làm trầm hương, Gió-bầu làm kỳ-nam, Khi người ta thấy lá cây Gió đã vàng vá nhỏ thân cây có nhiều u biểu thì biết cây ấy đã có hương nên chặt mà lấy."
q10_11_page_126-0006,"Hồi triều Nguyễn khai quốc, triều đình đặt các đội ở miền núi, thường năm đến tháng 2 đi tìm lấy, tháng 6 về, tìm lấy được nhiều ít không nhất định."
q10_11_page_126-0007,Thứ nào sắc bạch-lạp (sáp trắng) là thứ thượng hạng; sắc áp-đầu-lục (màu xanh đầu vịt) là hạng thứ; sắc thanh-lạp (sáp xanh) là hạng 3; sắc hồ-ban (vằn cọp) là hạng chót.
q10_11_page_126-0008,"Lại thứ nào chất nhu nhuyễn như phấn đọng lại là thượng hạng, thứ nào cứng chắc là hạng thường."
q10_11_page_126-0009,"Ngạn-ngữ có câu: «nhất bạch nhi thanh tam hoàng tứ hắc» (sắc trắng là hạng nhất, xanh là hạng nhì, vàng là hạng ba, đen là hạng tư)."
q10_11_page_126-0010,"Muốn phân biệt trầm kỳ khác nhau, nên lấy hình chất và khí vị mà phân biệt: loại trầm thì chất nặng, vị đắng, loại kỳ thì chất nhẹ mà mềm, và đủ các vị cay, chua, ngọt, đắng; khói trầm thì bay vòng quanh rồi tan rã; khói kỳ-nam thì bay thẳng lên mà dài."
q10_11_page_126-0011,"Dược-tánh của trầm, kỳ: trầm dùng giáng-khí (đem khí hạ xuống), kỳ dùng trị các chứng trúng phong-dàm."
q10_11_page_126-0012,"Khi dùng, mài với nước cho người bệnh uống, hoặc đốt xông hương khí vào mũi, thì sống lại liền."
q10_11_page_126-0013,Còn các chứng đau bụng hay trong ruột đầy tức thì ngậm vào miệng cho tiêu hóa rồi nuốt lần thì sẽ lành ngay; nó lại xua đuổi khí tà độc và ô-uế.
q10_11_page_126-0014,"Cất giữ nên dùng ống thiếc, không nên bao gói bằng giấy, cũng không nên phơi nhiều, sợ bị khô rồi mất sức."
q10_11_page_126-0015,"Muốn thử xem tốt xấu, thì lấy lá chuối gói kín đem phơi giữa mặt trời đến chiều mở ra, thấy có nước dầu ướt dầm dề là thứ tốt."
q10_11_page_127-0001,TRẦM HƯƠNG (Đã chú ở trên) Sản xuất ở làng Cà.
q10_11_page_127-0002,Tuân thuộc xứ Mán do nhựa cây kết thành dùng làm thuốc trị hết thảy những tà-khí.
q10_11_page_127-0003,CÂY GIÁNG-HƯƠNG
q10_11_page_127-0004,"Sản xuất các địa-phận mọi mán, chất cây cứng chắc, tươi nhuận, sắc đỏ den, trừ được tà-khí."
q10_11_page_127-0005,"CÂY NAM (tục danh gỗ sao) Sản xuất ở các huyện Quảng-Phước, và Tân-Định, thớ cây có vẫn tròn, trắng trắng đen đen như sao."
q10_11_page_127-0006,CÂY HOA ĐẮNG (mây hoa)
q10_11_page_127-0007,"Sản xuất ở huyện Quảng-Phước trong lóng (đốt) mây có hoa sắc đen, lóng vắn mà nhặt, dùng làm gậy và ghế ngồi."
q10_11_page_127-0008,"Ô MỘC (cây mun) Sản xuất ở núi Phước-Điền, sắc cây đen, có thể giải chất độc; người ta thường dùng làm đũa và đồ dùng."
q10_11_page_128-0001,"XÍCH MỘC (gỗ son cứng, có tên là hồng mộc) Sản xuất ở các xứ mán sắc cây đỏ, gỗ chắc."
q10_11_page_128-0002,SÁP VÀNG
q10_11_page_128-0003,"Sản xuất ở miền thượng-du, thuở xưa có thuế; thường năm vào tháng chạp người thượng đệ nạp, quan địa phương đến tại sở làm sáp kiếm nhận; nay thuế ấy đã bãi bỏ."
q10_11_page_128-0004,"THƯƠNG DIỆP (Cũng tên là bối diệp tục danh lá Buôn) Sản xuất ở huyện Tân-Định, dùng đan nệm, chiếu; sống lá bền đẻo, dùng làm cán cung."
q10_11_page_128-0005,SỪNG TÊ.
q10_11_page_128-0006,LÔNG CHIM TRĨ.
q10_11_page_128-0007,NHUNG NAI.
q10_11_page_128-0008,CON CÔNG.
q10_11_page_128-0009,MẬT ONG.
q10_11_page_128-0010,(Các vật trên đây đều ở các miền núi) TỔ YẾN.
q10_11_page_128-0011,ĐỒN ĐỘT BIÊN
q10_11_page_129-0001,CON ĐỒI-MỒI
q10_11_page_129-0002,ÔC TƯỢNG
q10_11_page_129-0003,Các sản vật trên đây tại các miền biển đều có.
q10_11_page_129-0004,ĐÁ SAN HÒ
q10_11_page_129-0005,"Sản xuất ở thôn Lệ-Cam, huyện Quảng-Phước."
q10_11_page_129-0006,DẦU RÁI.
q10_11_page_129-0007,NHỰA CÂY TRÁM.
q10_11_page_129-0008,VỎ CÂY GAI (chỉ gai)
q10_11_page_129-0009,"TRẦU NGUỒNG đều sản xuất ở miền thượng, trước có thuế."
q10_11_page_129-0010,HỘT BO-BO.
q10_11_page_129-0011,HỘT SA-NHÂN
q10_11_page_129-0012,HỘT MÃ-TIỀN
q10_11_page_129-0013,"Các thứ trên đây đều sản xuất ở miền núi các huyện, và đều có thể dùng làm vị thuốc, trong đó có vị mã tiền-lử có độc)"
q10_11_page_129-0014,SÒ SA
q10_11_page_129-0015,Sản xuất ở 2 huyện Phước-Điền và Tân-Định.
