id,sentence
q12_page_9-0001,ĐẠI-NAM
q12_page_9-0002,NHẤT-THỐNG-CHÍ
q12_page_9-0003,QUYỂN 12
q12_page_9-0004,TỈNH BÌNH-THUẬN
q12_page_9-0005,"Phụ lục: ĐẠO NINH-THUẬN Tỉnh này từ đông đến tây cách 333 dặm, từ nam đến bắc cách 55 dặm, từ phía đông tỉnh-thành (chỗ thành cũ phủ Hàm-Thuận) đến giáp đạo Ninh-Thuận 162 dặm."
q12_page_9-0006,Phía tây giáp giới tỉnh Biên-Hòa 171 dặm; nam đến biển 5 dặm; bắc đến Sơn-động 50 dặm; lại từ Sơn-động trải qua các xứ Mọi đến cực-giới phía bắc hơn 50 dặm.
q12_page_9-0007,Đông-bắc đi tới Kinh-đô Huế 1410 dặm.
q12_page_9-0008,"Lại xét: Tỉnh-thành cũ ở huyện Hòa-Đa, phía đông đến đạo Ninh-Thuận 81 dặm; tây giáp giới tỉnh Biên-Hòa 285 dặm; nam đến biển 27 dặm; bắc đến Sơn-động 28 dặm; đông-nam đến phần biển Ninh-Thuận 113 dặm lẻ; tây-nam đến phần biển tỉnh Biên-Hòa 262 dặm; đông bắc đến cực-giới động Mọi 205 dặm; tây bắc đến động Mọi giáp huyện Mọi thuộc đạo Ninh-Thuận hơn 100 dặm."
q12_page_9-0009,Tỉnh-thành mới cách tỉnh thành cũ về phía tây-nam 130 dặm.
q12_page_10-0001,PHÂN DÃ
q12_page_10-0002,"Theo thiên-văn: thuộc phần-dã (khu-vực) sao Dực, sao Chẩn; vị-thứ sao Thuần-Vĩ."
q12_page_11-0001,KIẾN TRÍ DUYÊN CÁCH
q12_page_11-0002,"(Kiến thiết; Theo cũ; Hoặc đổi mới) Đất đây nguyên xưa là nước Nhật-Nam ở Khiếu-ngoại (ngoài biên) sau là đất của Chiêm-Thành Vua Thánh-Tôn nhà Lê (1460-1497) bình định Chiêm-Thành rồi trao cho họ coi giữ khu đất biên giới phía nam, để nạp cống hiến."
q12_page_11-0003,Đời vua Thái-Tôn Hiếu-Triết Hoàng-Đế (1648 - 1686) mở đất đến sông Phan-Lang (tức Phan-Rang) còn từ sông về phía tây vẫn thuộc nước Chiêm-Thành.
q12_page_11-0004,"Đời vua Hiền-Tôn Hiếu-Minh Hoàng-Đế, năm Nhâm-thân là năm thứ nhất (1692) vua Chiêm-Thành là Bà-Tranh phản nghịch, vua sai Chưởng-cơ Nguyễn-Hữu-Kính đánh phá bắt được Bà-Tranh đem về, đổi tên đất làm trấn Thuận-Thành."
q12_page_11-0005,Năm Đinh-sửu (1697) đặt làm phủ Bình-Thuận lấy đất phía tây Phan-Rang chia làm 2 huyện là An-Phước và Hòa-Đa cho thuộc vào phủ.
q12_page_11-0006,"Lại đặt dinh Bình-Thuận và đặt các đạo Phan-Rang, Phan-Thiết, Ma-Ly, và Phố-Hài, mỗi đạo có đặt một quan văn và một quan võ đều thống thuộc về dinh, còn phủ huyện thì không đặt quan chức."
q12_page_11-0007,"Năm Quý-tỵ là năm thứ 8 (1773) đời vua Duệ-Tôn Hiếu-Định Hoàng-Đế, đất này bị Tây Sơn chiếm lấy."
q12_page_11-0008,"Đến đời Thế-Tổ Cao-Hoàng-Đế (vua Gia-Long) mới thâu phục được rồi để y tên cũ là dinh Bình-Thuận, đặt chức Lưu-thủ, Cai-bộ và Ký-lục; còn trấn Thuận-Thành thì lệ thuộc như cũ."
q12_page_11-0009,Năm Gia-Long thứ 7 (1808) đổi dinh làm trấn.
q12_page_11-0010,Năm thứ 9 (1810) đổi chức Lưu-thủ làm Trấn-thủ.
q12_page_11-0011,"Năm Minh-Mạng thứ 4 (1823) đổi làm phủ Bình-Thuận, đặt chức Tri-phủ kiêm-lý huyện An-Phước mà giảm bỏ đạo Phan-Rang."
q12_page_11-0012,"Năm thứ 6 (1825) dời phủ-lỵ đến đạo Phan-Thiết, kiêm-lý cả huyện Hòa-Đa (còn An-Phước thì đặt riêng làm huyện), giảm 3 đạo Phan-Thiết, Ma-Ly và Phố-Hài."
q12_page_11-0013,"Năm thứ 8 (1827) đổi chức Cai-bộ, Ký-lục làm Hiệp-trấn, Tham-trấn."
q12_page_11_12-0001,"Năm thứ 13 (1832) giảm bỏ danh hiệu trấn Thuận-Thành, chia đặt ra làm 2 phủ Ninh-Thuận và Hàm-Thuận, đặt thêm 2 huyện là Tuy-Phong và Tuy-Định (từ địa giới Khánh-Hòa đến sông Ma-Bố là HUYỆN An-Phước; từ sông Ma-Bố đến sông Duồng là huyện Tuy-Phong đều thuộc vào phủ Ninh-Thuận; từ sông Duồng đến sông Phố-Hài làm huyện Hòa-Đa; từ sông Phố-Hài đến biên giới Biên Hòa làm huyện Tuy-Định đều thuộc về phủ Hàm-Thuận)."
q12_page_12-0001,"Lại cải PHỦ Bình-Thuận làm tỉnh Bình-Thuận, mới đặt Thuận-Khánh Tuần phủ, lại đặt 2 ty Bố-chánh, An-sát, dùng viên Tuần-phủ lãnh việc Năm Tự-Đức thứ 7 (1854) cải huyện Tuy-Định làm huyện Tuy-Lý."
q12_page_12-0002,"Năm Đồng-Khánh thứ 3 (1888) trích phủ Ninh-Thuận cho thuộc vào tỉnh Khánh-Hòa, lấy 7 xã thôn trong tổng Phú-Quí của huyện Tuy-Phong (Phú-Quí, Từ-Sơn, Từ-Thiện, Sơn-Hải, Nho-Lâm, Thạnh-Đức và Lạc-Nghiệp) và 2 tổng Tú-Trà, Ninh-Gia của HUYỆN Hòa-Đa cho tháp-nhập phủ Ninh-Thuận quản trị (còn huyện Tuy-Phong nguyên thuộc phủ Ninh-Thuận thì lệ thuộc về phủ Hàm Thuận, do tỉnh Bình-Thuận quản trị)."
q12_page_12-0003,"Năm Thành-Thái thứ 12 (1900) mới đặt Tuy-Lý thổ-huyện, năm 16 (1904) triệt bãi, đem TỔNG Nông-Tang của huyện ấy tháp-nhập vào huyện Tánh-Linh (Huyện Tánh-Linh nguyên thuộc Đồng-Nai-Thượng-tỉnh, năm ấy mới trích nhập tỉnh Bình-Thuận)."
q12_page_12-0004,Năm thứ 17 (1905) lại trích PHỦ Di-Dinh nguyên thuộc Đồng-Nai-Thượng-tỉnh cho lệ nhập tỉnh Bình-Thuận.
q12_page_12-0005,Nay lãnh 2 phủ (Hàm-Thuận và Di-Dinh) và 5 huyện.
q12_page_12-0006,PHỦ HÀM-THUẬN
q12_page_12-0007,"Từ phía đông đến phía tây 278 dặm, nam đến bắc 45 dặm."
q12_page_13-0001,Từ phủ-lỵ xuống phía đông đến huyện giới Tuy-Phong 120 dặm tây đến huyện giới Phước Bình tỉnh Biên-Hòa 158 dặm; nam đến biển 5 dặm; bắc đến động Mọi hơn 40 dặm.
q12_page_13-0002,"Phủ này nguyên trước là phủ hạt Bình-Thuận gồm cả địa hạt huyện Hòa-Đa và 3 đạo Phố-Hài, Phan-Thiết và Ma-Ly."
q12_page_13-0003,"Nhưng lúc ấy các phủ huyện chưa đặt viên Tri-phủ và Tri huyện, chỉ đặt 1 chức quan văn và 1 quan võ quản trị mà thôi."
q12_page_13-0004,"Năm Minh-Mạng thứ4 (1823) mới đặt chức Tri-phủ rồi năm thứ 6 dời phủ Bình-Thuận đến đạo Phố-Hài, cho Tri-phủ kiêm-lý cả huyện Hòa-Đa."
q12_page_13-0005,"Năm thứ 13 (1832) đổi làm phủ Hàm-Thuận, vẫn cho kiêm-lý như trước, nhưng trích lấy lại đất huyện Tuy-Phong, từ Lại Khê vào nam, đặt thêm làm HUYỆN Tuy-Định (năm Tự-Đức thứ 7 (1854) đổi Tuy-Định làm Tuy-Lý) để thuộc về phủ thống hạt."
q12_page_13-0006,Năm Tự-Đức 19 (1866) đồi sang kiêm-lý huyện Tuy-Lý mà cũng thống hạt huyện Hòa-Đa như trước Năm Đồng-Khánh thứ 3 (1888) trích huyện Tuy-Phong (nguyên thuộc phủ Ninh-Thuận) cho lệ thuộc vào phủ này quản hạt.
q12_page_13-0007,Năm Thành-Thái 13 (1901) cắt 2 tổng trong huyện Tuy-Lý (nói rõ sau đây) đặt làm huyện Tánh-Linh để thuộc vào phủ.
q12_page_13-0008,Nay lãnh 4 huyện.
q12_page_13-0009,HUYỆN TUY-LÝ
q12_page_13-0010,Từ đông đến tây 155 dặm; từ nam đến bắc 45 dặm.
q12_page_13-0011,Từ huyện lỵ xuống đông đến địa giới huyện Hòa-Đa 9 dặm; tây đến địa đầu tỉnh Biên-Hòa 146 dặm; nam đến biển 5 dặm; bắc đến xứ Mán 40 dặm.
q12_page_13-0012,"Nguyên xưa là đất đạo Phan-Thiết và đạo Ma-Ly, năm Minh-Mạng thứ 13 (1832) mới đặt làm huyện Tuy-Định, thuộc phủ Hàm-Thuận kiêm-lý."
q12_page_13-0013,"Năm Tự-Đức thứ 7 (1854) đổi lại tên này, đặt chức Tri huyện, lãnh coi 7 tổng 86 thôn phường."
q12_page_13-0014,Năm thứ 9 (1856) giảm viên Tri huyện để cho phủ kiêm lý.
q12_page_13-0015,"Năm Thành-Thái 12 (1900) trích 2 tổng Khánh-Nhơn và Trừ-Tích, tháp nhập tỉnh Biên-Hòa."
q12_page_13-0016,Năm thứ 13 (1901) lại trích 2 tổng Cam-Thang và Ngân-Chử cho thuộc huyện Tánh-Linh.
q12_page_13_14-0001,Gần đây lại trích tổng Nông-Tang cho tháp-nhập huyện Tánh-Linh.
q12_page_14-0001,Hiện lãnh coi 2 tổng (Lại-An và Đức-Thắng); 66 xã thôn.
q12_page_14-0002,HUYỆN HÒA-ĐA
q12_page_14-0003,"Từ đông đến tây 116 dặm, từ nam đến bắc 54 dặm."
q12_page_14-0004,Từ huyện lỵ xuống phía đông đến biển giáp-giới huyện Tuy-Phong 14 dặm tây đến địa giới huyện Tuy-Lý 102 dặm; nam đến biển 18 dặm bắc đến động Mán 36 dặm.
q12_page_14-0005,"Nguyên trước là đất Phan-Lang, đến triều Nguyễn mới đặt tên huyện nhưng vẫn thuộc vào dinh."
q12_page_14-0006,"Năm Minh-Mạng thứ 4 (1823) mới đặt viên Tri huyện, năm thứ 6 (1825) lại cho thuộc phủ Bình-Thuận kiêm-lý."
q12_page_14-0007,"Năm thứ 13 (1832) chia đặt PHỦ Ninh-Thuận, lấy từ sông Duồng trở về phía tây, đến sông Phố-Hài cho thuộc huyện Hòa-Đa, do phủ Hàm-Thuận kiêm-lý."
q12_page_14-0008,"Năm thứ 19 (1838) lại đặt Tri huyện do phủ thống hạt, lãnh coi 12 tổng cả Kinh lẫn Thồ gồm 280 xã, thôn, phường sách, lân, hộ, ấp, lý."
q12_page_14-0009,"Xét: thuộc huyện có 12 trồng, trong số ấy có 8 tổng Mán có thuế nguyên trước thuộc trấn Thuận-Thành, năm Minh-Mạng 13 (1832) mới đổi cho thuộc huyện này."
q12_page_14-0010,"Trong ấy tổng Ninh-Gia có 12 sách TỔNG Bố-Tuân 16 sách, tổng Tú-Trà 20 sách, tổng Dinh-Văn 17 sách TỔNG Trà-Nang 17 sách, tổng Di-Trang 19 sách, tổng Tinh-Túc 9 sách, tổng Đăng-Gia 17 sách; cộng 127 sách."
q12_page_14-0011,Năm đầu Đồng-Khánh (1886) đặt thêm thổ huyện (huyện thuộc về Thổ Mán) trích 2 TỔNG Ninh-Hà và Tuân-Giáo cho thuộc vào.
q12_page_14-0012,"Năm thứ 3 (1888) lại trích 2 tổng Tú-Trà và Ninh-Gia cho vào phủ Ninh-Thuận, còn các xã thôn Long-Sơn, Thạch-Long và Khánh-Thiện thuộc tổng Vĩnh-An thì cắt cho về phủ Hàm-Thuận kiêm-lý."
q12_page_14-0013,"Năm Thành-Thái 13 (1901) đặt phủ Di-Dinh, đến năm 17 (1905) lại trích thôn Thạnh-An cho vào phủ Hàm-Thuận kiêm-lý."
q12_page_14-0014,Nay hiện lãnh 2 tổng; 68 xã thôn.
q12_page_14-0015,HUYỆN THỔ HÒA-ĐA
q12_page_14-0016,"Từ đông đến tây phỏng 150 dặm, từ nam đến bắc địa thế bát ngát không rõ số dặm là bao nhiêu."
q12_page_14-0017,"Theo bản cũ chép: đất chỗ tiếp giáp 2 huyện Hòa-Đa và Tuy-Phong, năm đầu Đồng-Khánh trích 2 tổng Ninh-Hà, Tuân-Giáo trong huyện Hòa-Đa, và 2 TỔNG Tuy-Tĩnh, La-Bá trong huyện Tuy-Phong, đặt làm huyện Thổ Hòa-Đa; năm Thành-Thái thứ 17 (1905) lại trích 2 tổng Cai-Gia và Trà-Nang cho lệ thuộc vào."
q12_page_14-0018,"Nay hiện lãnh 6 tổng đều là dân Thổ và trại Mán, lại dùng Tù-trưởng xứ ấy làm viên huyện."
q12_page_14-0019,Các lại-lệ cũng đều dùng người thổ làm cả.
q12_page_14-0020,"Hiện có 50 xã, thôn, ấp, hộ"
q12_page_15-0001,HUYỆN TUY-PHONG
q12_page_15-0002,"Từ đông đến tây 67 dặm, từ nam đến bắc 33 dặm, Từ huyện lỵ xuống đông đến địa giới huyện An-Phước 51 dặm; phía tây đến giới huyện Hòa-Đa 16 dặm; phía nam đến biển 8 dặm và phía bắc đến động Mán 25 dặm."
q12_page_15-0003,"Bản cũ chép: đất từ Phan-Rang lên phía tây, khi đầu triều Nguyễn đặt làm huyện An-Phước, đến năm Minh-Mạng 13 (1832) mới chia đất từ sông Ma-Bố về phía tây đặt làm huyện này thuộc phủ Ninh-Thuận thống hạt, lãnh coi 5 tổng, 60 xã, thôn, lý sách."
q12_page_15-0004,Năm đầu Đồng-Khánh (1886) trích 2 tổng Truy-T1nh và La-Bá cho thuộc vào Hòa-Đa.
q12_page_15-0005,"Thổ huyện; năm thứ 3 (1888) lại trích PHỦ Ninh-Thuận cho thuộc về tỉnh Khánh-Hòa, cắt lấy 7 xã thôn tổng Phú-Quí (thuộc huyện này) cho nhập vào phủ Ninh-Thuận (sau cải phủ làm đạo, 7 xã thôn ấy do đạo Ninh-Thuận quản trị)."
q12_page_15-0006,Nay hiện lãnh 2 tổng.
q12_page_15-0007,HUYỆN TÁNH-LINH
q12_page_15-0008,"Từ đông đến tây hơn 50 dặm, từ nam đến bắc hơn 30 dặm."
q12_page_15-0009,Đông tiếp giáp huyện Tuy-Lý và Hòa-Đa huyện-Thổ; tây tiếp tỉnh Biên-Hòa; nam tiếp huyện Tuy-Lý; bắc đến sơn động.
q12_page_15-0010,"Huyện này nguyên trước là đất huyện Tuy-Lý thuộc phủ Hàm-Thuận, năm Thành-Thái 13 (1901) trích 2 tổng Cam-Thang Ngân-Chử của HUYỆN Tuy-Lý đặt làm huyện này để thuộc vào tỉnh Đồng-Nai-Thượng."
q12_page_15-0011,"Năm Thành-Thái 16 (1904), lại lấy tổng Nông-Tang của thổ-huyện Tuy-Lý, tháp nhập huyện hạt, và cho đổi sang phủ Hàm-Thuận thống hạt."
q12_page_15-0012,Nay lãnh 3 tổng: 17 thôn sách.
q12_page_16-0001,DI-DINH THỔ-PHỦ
q12_page_16-0002,"Phủ này nguyên trước là vùng Mọi hoang ở phía tây-bắc tỉnh hạt (Bình-Thuận), đi 3 ngày đường mới đến."
q12_page_16-0003,"Đất này ban đầu do huyện Tuy-Phong kiêm hạt, năm Thành-Thái 13 (1901) mới đặt phủ, thuộc về tỉnh Đồng-Nai-Thượng, quan lại đều dùng người Tù trưởng xứ ấy."
q12_page_16-0004,"Năm thứ 17 (1905), triệt bỏ tỉnh Thượng lại qui về tỉnh Bình-Thuận quản hạt, quan lại cũng dùng người Mán-thổ, thành hào chưa xây đắp."
q12_page_16-0005,"Xét: đám mọi hoang ở đây có 20 sách: 1-Phí-Bà, 2 - Băng-Dựng, 3 - Giang-Trang, 4-Phi-Chân, 5 Phi-Lộ, 6-Băng-Trang, 7-Tam-Bạch, 8-Thầm-Luật, 9-Bàn-Tấu, 10-La-Miên, 11-Năm-Lôn, 12--Giang-Tre, 13-Băng-Bí-Thủy, 14 Băng-Bí-Hỏa, 15-Lưu-Miên, 16-Băng-Trinh, 17 - Năng-Duy, 18 Phí-Cố, 17-Chân-Dựng, 20 - Phi-Chinh."
q12_page_16-0006,Đất này ở miền thượng-du các tổng Dinh-Văn và Dinh-Trà thuộc hạng dân Mọi có thuế.
q12_page_16-0007,"Phía tây có sông Dã-Dương, sông này không sâu mà rộng ở trong có nhiều cá sấu."
q12_page_16-0008,"Phía nam sông thì dân Mọi có thuế và dân Kinh thỉnh thoảng có qua lại buôn bán, phía bắc sông ít có người đến."
q12_page_16-0009,"Năm Tự-Đức 19 (1866) có phái người đến thăm xét, thì bọn mọi sợ trốn không dám dẫn đường nên phải trở về và số dặm chưa cứu rõ là bao nhiêu."
q12_page_16-0010,"Nay phủ ấy nhận định điền thổ và ngân-thuế do tòa Sứ biệt nạp, ngạch số chưa rõ."
q12_page_17-0001,HÌNH THẾ
q12_page_17-0002,"Tỉnh này phía đông tiếp Ninh-Thuận, tây giáp Biên-Hòa dài hơn 400 dặm; bắc dọc theo núi; nam dựa theo biển đất tuy hẹp mà hiềm trở, đủ để nương dựa."
q12_page_17-0003,"Những núi có danh là núi Diên-Chủy, Hương-Ấn và Hỏa-Diệm."
q12_page_17-0004,"Những sông lớn là sông Kỳ-Xuyên, Phố-Hài và Phan-Thiết."
q12_page_17-0005,"Đường bộ đi ngang qua núi Ô-Cam, đường bề phải đi qua sông Long-Vĩnh, đều là chỗ ách tắc hiềm yếu."
q12_page_17-0006,"Phía tây-bắc có núi Thị-Linh, La-Thô, lại là con đường Mán-Lèo thường qua lại."
q12_page_17-0007,"Ngày xưa đã có ý lo nghĩ sâu xa, nên đều đặt đồn phòng-thủ để chế ngự."
q12_page_17-0008,"Còn nói về ghe thuyền luôn luôn bán cá mắm, qua lại tụ tập, và dân cư trù mật, phố xá liên lạc, thì ở Phan-Thiết là chỗ đô hội đệ nhất."
q12_page_18-0001,KHÍ HẬU
q12_page_18-0002,"Khí trời như nung nấu, khí đất càng khô ráo."
q12_page_18-0003,"Mùa hạ, thu mưa nhiều, mùa đông, xuân tạnh nhiều, nên thường ít lúc lạnh."
q12_page_18-0004,"Từ tháng 3, 4 về sau nhiều gió nam, tháng 8, 9 về sau nhiều gió đông có gió lên thì thường tốc nhà cửa tung cát bụi mù trời."
q12_page_18-0005,"Lại vì đất ấy sát liền bờ biển, khí thấp nhiệt đùn lên, dễ sinh ra chứng chướng-ngược (sốt rét)."
q12_page_18-0006,"Tháng 9 thường nhiều gió dữ, ngạn-ngữ có câu: «Tháng chín nhịn buôn» là nói vì có gió ấy."
q12_page_18-0007,"Còn như mùa màng thì: mùa xuân, nắng hạn đất khô, khó lòng cày cấy; đến cuối mùa hạ sang đầu mùa thu có mưa nhuần thì mới bắt đầu gieo trồng rồi cuối mùa đông thu hoạch."
q12_page_18-0008,"Trong cả năm chỉ làm một mùa, nên lúa thóc không đầy đủ lắm."
q12_page_18-0009,Cũng bởi địa lợi đã bị thiên thời hạn chế vậy.
q12_page_19-0001,PHONG TỤC
q12_page_19-0002,"Tập tục chất phác, ít chuyên về nghề sĩ."
q12_page_19-0003,"Còn như cày ruộng dệt cửi, hái củi, buôn bán là nghề nghiệp thường; dân Kinh và dân Thổ ở chung lộn nên sự ưa muốn khác nhau."
q12_page_19-0004,Các công kỹ nghệ không tinh xảo lắm.
q12_page_19-0005,Chở nặng đi xa thường dùng xe trâu.
q12_page_19-0006,"Dân buôn bán ở dọc bờ biển hay tranh mối lợi, nên càng ngày sinh ra thói bạc bẽo dối trá."
q12_page_19-0007,Các tuần tiết tuế thời và việc vãng lai hiếu hỉ đại lược giống như các tỉnh.
q12_page_19-0008,"Duy có tục ưa hát xướng hí-kịch, thậm chí tật bệnh thì cầu thần tế nhương; sau khi chết đến lúc mãn tang cũng đặt tiệc hát, bảo là trả nợ quỉ thần."
q12_page_19-0009,"Đến như thổ dân thì tập tánh quê mùa vụng về, chỉ chuyên việc nông, không có nghề chi khác."
q12_page_19-0010,"Ngày tiết lễ và việc tang tế có hai tục lệ: 1-tục nhà chùa «ni tục», 2-tục Chiêm-thành «Chiêm-tục»; Theo ni tục thì: cứ 3 năm một lần thay đổi tháng để làm tiết lễ, như các năm Tý, Sửu, Dần thì làm vào tháng 3; các năm Mẹo, Thìn, Tỵ làm lễ vào tháng 4; các năm Ngọ, Mùi, Thân lễ vào tháng 5; và các năm Dậu, Tuất, Hợi thì lễ vào tháng 6, cứ thế luân chuyền mãi khi chết thì dùng thổ-táng (chôn dưới đất)."
q12_page_19-0011,"Theo Chiêm-tục thì: hàng năm lấy tháng 10 tức là tháng giêng ta làm tiết nhật; đến kỳđó thì đều sắm cỗ bàn để cúng tiên tồ, hội họp bè bạn làm vui, chết thì dùng hỏa-táng."
q12_page_19_20-0001,"Nhưng chúng đều ưa chuộng quỉ thần, khi đau không uống thuốc chỉ dùng sự cầu đảo và gội nước lạnh (đọc chú vào nước trong, rồi thấm vào đầu người bệnh) để trừ bệnh và như vậy nhiều khi cũng kiến hiệu, Lại cũng có khi lấy thuật phù chú để ếm người (có sự thù oán người nào thì làm phù chú để ẽm), mà cũng có người bị bệnh đến chết."
q12_page_20-0001,"Việc hôn thú thì con gái đi cưới con trai, sinh ra con trai con gái đều theo hệ thuộc bên mẹ, vì cho rằng con gái mới là bên nội, con trai là bên ngoại."
q12_page_20-0002,"Duy có 3 xã thôn Xuân-Hội, Xuân Quang và Tuân-Giáo thì con trai dùng theo y phục của ta, con gái dùng theo y phục của Thổ (nhóm người này gọi là Kinh-cựu Thổ dân»."
q12_page_20-0003,(Thổ-dân nhiễm theo phong hóa miền kinh đã lâu).
q12_page_20-0004,"Việc hôn thú tang tế đại lược như phong tục của ta, còn các Mán khác thì nương dựa miền núi, gác sàn mà ở."
q12_page_20-0005,"Đồ dùng ưa chuộng thau và đồng, ăn không dùng muỗm đũa, không biết văn-tự, thắt nút dây để làm tin."
q12_page_20-0006,"Ở chung chạ với nhau, mà không hề trộm cắp của nhau."
q12_page_20-0007,Tuy là dân Mường Mán mà còn có phong tục trung-tín vậy.
q12_page_21-0001,THÀNH TRÌ
q12_page_21-0002,TỈNH THÀNH
q12_page_21-0003,"Ở địa phận thôn Phú-Tài huyện Tuy-Lý, tức là chỗ thành cũ phủ Hàm-Thuận."
q12_page_21-0004,Đầu niên hiệu Gia-Long ở huyện Hòa-Đa.
q12_page_21-0005,Năm Minh-Mạng thứ 18 (1837) dời đến địa phận 2 thôn Đông-An và Hòa-An.
q12_page_21-0006,"Năm Tự-Đức thứ 12 (1859) dời qua xã Xuân-An, đắp thành đất, chu vi hơn 250 trượng, ngoài có 4 cửa đều xây nhân thành ((1), hào rộng 4 trượng, phía trước tiếp sông Xuân-An."
q12_page_21-0007,"Nhân bên kia bờ sông có hòn núi Bôn mới đặt đồn xích-phồ, đắp 2 thành đất ở trước và ở sau."
q12_page_21-0008,"Năm Thành-Thái thứ 5 (1893), lại dời về chỗ cũ Hòa-An."
q12_page_21-0009,"Năm thứ 10 (1898) dời đổi phủ lỵ Hàm-Thuận đi nơi khác, rồi nhơn phủ-thành sửa chữa thêm vào, chu vi dài 75 trượng, xây gạch, mở 4 cửa: tiền, hậu, tả, hữu, không đào ao và hào."
q12_page_21-0010,"Còn thành cũ ở Hòa-An đã hủy bỏ, mà dấu cũ vẫn còn."
q12_page_21-0011,PHỦ THÀNH HÀM THUẬN
q12_page_21-0012,Ở địa phận thôn Phú-Tài.
q12_page_21-0013,"Bao quanh rào tre, chưa có hào-lũy."
q12_page_21-0014,Nguyên thành cũ ở thôn Xuân-An huyện Hòa-Đa.
q12_page_21-0015,"Năm Minh-Mạng thứ 19 (1838) dời đến thôn Phú-Tài huyện Tuy-Lý, đắp thành đất chu vi 75 trượng Năm Thành-Thái thứ 10 (1898) dời tỉnh thành đến đây rồi xây gạch lại, nên mới dời phủ-lỵ đến chỗ hiện nay."
q12_page_21-0016,(1) Nhân-Thành: lớp thành khuất khúc ở ngoài để che kín của thành
q12_page_22-0001,THỔ PHỦ DI-DINH
q12_page_22-0002,Ở miền thượng-du thuộc sách Dinh-Văn.
q12_page_22-0003,"Thuở trước lệ thuộc tỉnh Đồng-Nai thượng, năm Thành-Thái 17 (1905) lại đem lệ thuộc vào tỉnh Bình-Thuận, quan cai-trị thì dùng thổ-tù."
q12_page_22-0004,"Lỵ sở không có hào lũy, cũng chưa có trường học."
q12_page_22-0005,HUYỆN TRỊ HÒA-ĐA
q12_page_22-0006,"Ở thôn Xuân-Hội, bao quanh rào tre, chu vi 50 trượng."
q12_page_22-0007,"Dựng năm Minh-Mạng thứ 13 (1832), qua năm Tự-Đức thứ 14 (1861) dời đến thôn Đông-An, năm thứ 20 (1867) lại đem về chỗ cũ, tức huyện lỵ ngày nay (Xuân-Hội)."
q12_page_22-0008,HUYỆN TRỊ TUY-PHONG
q12_page_22-0009,Ở địa phận thôn Long-Hương.
q12_page_22-0010,"Lỵ sở cũ nguyên ở thôn Thái Hòa dựng năm Minh-Mạng thứ 13 (1832), qua năm thứ 16 (1835) dời đến địa phận xã Vĩnh-Giang; 4 mặt rào tre, chu vi 42 trượng."
q12_page_22-0011,"Năm đầu Thành-Thái (1889) dời đến đây, nhưng cũng rào"
q12_page_22-0012,HUYỆN TRỊ THỔ HUYỆN HÒA-ĐA
q12_page_22-0013,"Ở thôn Hựu-An. Bốn mặt rào tre, chưa có xây đắp hào lũy."
q12_page_22-0014,"Quan-lại đều dùng người Thổ, nhà học cũng chưa kiến thiết."
q12_page_22-0015,HUYỆN TRỊ TÁNH-LINH
q12_page_22-0016,"Ở thôn Tánh-Linh. Bốn mặt rào tre, không có hào lũy."
q12_page_22-0017,"Quan lại đều dùng người Thổ, nhà học cũng chưa kiến thiết."
q12_page_23-0001,HỌC HIỆU
q12_page_23-0002,TRƯỜNG HỌC TỈNH
q12_page_23-0003,"Ở địa phận thôn Xuân-An, phía tây tỉnh thành cũ."
q12_page_23-0004,"Năm Thiệu-Trị thứ nhất (1841) bắt đầu đặt chức Đốc-học, lấy trường học phủ Hàm-Thuận làm Học-chính-đường."
q12_page_23-0005,Đầu niên hiệu Tự-Đức dựng trường mới tại đây.
q12_page_23-0006,TRƯỜNG HỌC PHỦ HÀM-THUẬN
q12_page_23-0007,"Ở địa phận thôn Phú-Tài, phía đông phủ-trị cũ, Trường dựng từ năm Minh-Mạng thứ 13 (1832), đến năm Thiệu-Trị thứ nhất (1841) cải đặt làm trường Tỉnh-học."
q12_page_23-0008,"Sau lại dựng riêng trường Tỉnh học ở thôn Xuân-An, còn Phủ-học giảm bỏ."
q12_page_23-0009,TRƯỜNG HỌC HUYỆN HÒA-ĐA
q12_page_23-0010,"Ở địa phận thôn Thụy-Giang, phía tây huyện-trị."
q12_page_23-0011,"Năm Thiệu-Trị thứ nhất (1841) bắt đầu lập ở thôn An-Hòa, qua năm thứ 5"
q12_page_23-0012,TRƯỜNG HỌC HUYỆN TUY-PHONG
q12_page_23-0013,Ở địa phận xã Vĩnh-Giang.
q12_page_23-0014,Dựng năm Minh-Mạng 16 (1835).
q12_page_23-0015,"Năm Thành-Thái thứ nhất (1889) dời đổi huyện-trị qua xã Long Hương, còn học-xá huyện vẫn ở tại chỗ huyện lỵ cũ."
q12_page_24-0001,HỘ KHẨU
q12_page_24-0002,Lúc đầu niên hiệu Gia-Long số đinh hơn 9200 người.
q12_page_24-0003,Sang niên hiệu Minh-Mạng hơn 12000 người.
q12_page_24-0004,Năm Thành-Thái thứ 10 (1898) hạng chính-nạp (miễn-diêu và tráng-đinh) 3474 người (trừ ngoại phủ Ninh-Thuận có sổ riêng.
q12_page_24-0005,"Sau đây cũng vậy), tiền thuế hơn 4516 quan."
q12_page_24-0006,"Năm thứ 11 (1899) 5692 người, mới định bạc sưu là 12."
q12_page_24-0007,"243đ, 40. Năm thứ 18 (1906) 11.773 người, bạc sưu 21.174 đồng, bạc công-ích 11."
q12_page_24-0008,"592đ, hiệp cộng 32.766 đ."
q12_page_24-0009,ĐIỀN PHÚ
q12_page_24-0010,"Trong niên hiệu Minh-Mạng, ruộng đất cộng 39.724 mẫu dư lúa thuế 32.044 hộc, tiền thuế 38500 quan, bạc thuế 685 lượng."
q12_page_24-0011,"Năm Thành-Thái thứ 10 (1898) ruộng đất cộng 27375 mẫu dư, lúa thuế 18.191 hộc lẻ, tiền thuế 13.023 quan lẻ."
q12_page_24-0012,"Năm thứ 11 (1899) ruộng đất cộng 35.689 mẫu, bạc thuế mới định là cộng 27."
q12_page_24-0013,"7254, 50. Năm thứ 18 (1906) ruộng đất cộng 41.181 mẫu, bạc thuế 42.446 đồng (trừ ngoại đạo Ninh-Thuận biệt nạp, và phủ Di-Dinh do Tòa Sứ biệt thâu); lại phụ nạp bạc sáu phần trăm là 1620 đ lẻ, tổng cộng 44.066 đồng lẻ."
q12_page_25-0001,SƠN XUYÊN
q12_page_25-0002,(Những núi ở huyện Tuy-Phong)
q12_page_25-0003,NÚI DIÊN-CHỦY
q12_page_25-0004,Ở phía đông-nam huyện 53 dặm.
q12_page_25-0005,"Hình núi có 9 khúc, đều gối ngang bờ biển, giống như bàn tay."
q12_page_25-0006,"Chỗ này nước biển chia hai ngả, 1 ngả vào nam, 1 ngả ra bắc."
q12_page_25-0007,"Thế nước chảy mạnh đáng sợ, ghe thuyền qua đây phải dè chừng."
q12_page_25-0008,Phía đông có 1 vũng tên là đầm Vĩnh-Diên.
q12_page_25-0009,"Khi gió nam thổi mạnh, ghe thuyền đậu ở đây được yên ổn Năm Tự-Đức thứ 3 (1850) có ghi vào Tự-điền (điền lễ tế tự)."
q12_page_25-0010,NÚI CHÀ-BANG
q12_page_25-0011,"Ở phía đông huyện 43 dặm, phía bắc núi Diên-Chủy, phía nam trạm Thuận-Lãng."
q12_page_25-0012,"Đỉnh giữa cao trội lên, 2 đỉnh tả hữu đứng 2 bên như mũi gươm."
q12_page_25-0013,NÚI Ô-CAM
q12_page_25-0014,Ở bờ biển phía đông bắc huyện 40 dặm.
q12_page_25-0015,Hình núi chót vót rất hiềm yếu.
q12_page_25-0016,"Thuở đầu nhà Nguyễn khai quốc, viên Chưởng-cơ là Tống-Phước-Hòa chống cự với Tây Sơn có đóng binh ở đấy, nay có đường trạm đi qua ở trên."
q12_page_25-0017,Phía tả núi này có đền thờ Cố-Hỷ phu-nhân rất linh ứng.
q12_page_26-0001,NÚI PHÚ-ĐIỀN
q12_page_26-0002,"Ở phía bắc huyện 17 dặm, chạy dài qua phía tây làm núi Thuận-Long, cách phía bắc huyện 23 dặm."
q12_page_26-0003,Lại chạy qua phía tây bắc làm núi Tân-Chỉnh cách phía bắc huyện 25 dặm.
q12_page_26-0004,NÚI LA-BÁ
q12_page_26-0005,Ở phía bắc huyện 21 dặm.
q12_page_26-0006,Phía tây núi này có núi Cô.
q12_page_26-0007,NÚI CÔ
q12_page_26-0008,"Ở phía đông-bắc huyện 42 dặm, về địa phận tổng La-Bá."
q12_page_26-0009,NÚI TRÀ-BÔN
q12_page_26-0010,"Ở phía bắc huyện 25 dặm, gần tổng Mán La-Bá, là chỗ phát nguyên sông Long-Vĩnh."
q12_page_26-0011,Từ núi ra phía bắc làm giới hạn huyện Hòa-Đa.
q12_page_26-0012,NÚI LƯƠNG-GIANG
q12_page_26-0013,"Ở phía tây-bắc huyện 18 dặm, là chỗ phát nguyên sông Lương-Giang, phía bắc tiếp giáp huyện thổ Hòa-Đa."
q12_page_26-0014,NÚI HÚC-LAM
q12_page_26-0015,"Ở địa phận sông Tuy-Tĩnh, phía tây bắc huyện, phía đông nam núi Điện."
q12_page_26-0016,Phía bắc núi này làm giới hạn cho huyện thổ Hòa-Đa Núi Điện ở phía đông núi Châu-Đế.
q12_page_26-0017,NÚI CHÂU-ĐẾ
q12_page_26-0018,"Ở phía tây bắc huyện 90 dặm, phía hữu Hỏa-Diệm-Sơn."
q12_page_26-0019,Phía bắc núi tiếp giáp huyện Hòa-Đa.
q12_page_26-0020,NÚI XÍCH-SA
q12_page_26-0021,"Ở phía tây huyện, gần phía đông núi Than, sỏi sạn trên núi sắc đỏ như lửa, nên gọi tên ấy (Xích sa là sỏi đỏ)."
q12_page_27-0001,NÚI HOẢ-DIỆM
q12_page_27-0002,Ở phía tâybắc huyện; phía bắc giáp giới huyện Hòa-Đa.
q12_page_27-0003,"Liền một dãy núi có hơn 10 ngọn, mùa hạ nắng dữ, đá vỡ phát hoả cháy lan trên núi, ánh sáng rực trời, trông như một thành lửa đỏ vậy."
q12_page_27-0004,Dưới núi này đột khởi ra núi Xích-Sa.
q12_page_27-0005,NÚI THAN
q12_page_27-0006,"Ở phía tây huyện hơn 20 dặm, tiếp cận địa giới huyện Hòa-Đa."
q12_page_27-0007,Núi này hiềm trở cao dốc khó lên.
q12_page_27-0008,RỪNG MA-BỐ
q12_page_27-0009,"Ở phía tây-nam sông Ma-Bố, dài độ 3 dặm, 2 bên sầm uất."
q12_page_27-0010,RỪNG HOÀNG-ĐỘC
q12_page_27-0011,"Ở phía tây-bắc huyện. Ngày xưa dân ở trấn Thuận-Thành thường chăn trâu bò ở đấy, nhơn đó mà gọi tên rừng Hoàng Độc (bò nghé)."
q12_page_27-0012,"Gần đấy có rừng Thạch-Bàn, đường sỏi rất dài hành khách đi qua không xiết mỏi mệt khát nước, nên thường gọi là rừng Đọa-Quăng."
q12_page_27-0013,RỪNG VỰC-LỮ (1)
q12_page_27-0014,"Dài độ 3, 4 dặm, gần đường trạm, cỏ cây rậm rạp; có nhiều"
q12_page_27-0015,RỪNG TÂN LÂM
q12_page_27-0016,"Ở phía đông-nam Cô-Sơn; rừng dài 10 dặm, đường đá gồ ghề, trong có 1 cái giếng, nước ngọt nhạt uống được."
q12_page_27-0017,(1) Rừng Vực-Lữ hay Vực-Lở.
q12_page_28-0001,ĐẢO THUẬN-TĨNH
q12_page_28-0002,"Giữa biển đông đột khởi 1 hòn đảo, tiếp thẳng bờ biển Phan Lý."
q12_page_28-0003,"Đảo dài 150 dặm, bốn bên đều bãi cát."
q12_page_28-0004,"Dân ở bao quanh có 11 thôn, dùng người thổ-hào quản lãnh, thường năm phải biệt nạp thuế vải."
q12_page_28-0005,NÚI VẬT-THĂNG
q12_page_28-0006,"Ở phía nam huyện, phía tây trấn Long-Vĩnh, phía đông vũng La-Hàn."
q12_page_28-0007,"Hình núi cao ngất, phía nam gõi bờ biển, phía tả có chùa đá Phan-Vương."
q12_page_28-0008,Tương truyền Phan-Vương đến đây tĩnh dưỡng rắc gạo ở núi này để cầu trời cho được sống lâu.
q12_page_28-0009,(Những núi thuộc huyện Hòa-Đa)
q12_page_28-0010,NÚI KỲ-LA
q12_page_28-0011,Ở phía đông-bắc huyện hơn 10 dặm.
q12_page_28-0012,Núi này theo từ núi Hoả Diệm chạy dài quanh co làm chỗ phát nguyên cho sông Điền
q12_page_28-0013,NÚI DƯƠNG-LUẬT
q12_page_28-0014,"Ở phía tây bắc huyện, có Mán-lèo ở dưới núi."
q12_page_28-0015,NÚI TỐ-LÝ
q12_page_28-0016,"Ở phía nam huyện 8 dặm, phía tây trạm Thuận Động."
q12_page_28-0017,Lại phía tây có núi Tăng-Phú cách huyện 14 dặm.
q12_page_28-0018,"Lại ngoài phía tây nữa là núi Mã-Lăng, cách huyện 30 dặm."
q12_page_28-0019,NÚI THIỀN-CỐC
q12_page_28-0020,Ở phía tây-nam huyện 34 dặm.
q12_page_28-0021,Mạch núi theo từ núi Mã-Lăng
q12_page_28-0022,NÚI BA-MANG
q12_page_28_29-0001,"Ở bờ biển phía tây-nam huyện 53 dặm, có dốc đá đứng dăng la-liệt tây là núi Tà Bông bờ biển, gọi là Lễ-Sơn và Ích-Sơn núi này là núi Lô-Tô, giáp huyện Tuy-Lý."
q12_page_29-0001,1 chi sông Phố-Hài
q12_page_29-0002,NÚI THẠCH BÀN
q12_page_29-0003,"Ở phía tây huyện 67 dặm, phía tây-nam núi Ba-Mang."
q12_page_29-0004,Nơi đây
q12_page_29-0005,NÚI LONG-SƠN
q12_page_29-0006,"Ở phía tây bắc huyện, gần phía bắc trạm Thuận-Cương. Phía"
q12_page_29-0007,NÚI LAM-TRẠNG
q12_page_29-0008,"Ở phía tây huyện, gần phía nam trạm Thuận-Cương gối thẳng"
q12_page_29-0009,NÚI VỊ-NÊ
q12_page_29-0010,Ở phía tây-nam huyện 74 dặm.
q12_page_29-0011,"Một dãy gò sỏi giáp ngang bờ biển, có 1 hòn núi đột khởi cái ghềnh đá, tục xưng là Vị Chủy (mỏm Vị)."
q12_page_29-0012,"Phía nam mỏm ấy có vũng nước, ghe thuyền đến đậu tránh gió."
q12_page_29-0013,"Phía đông-nam mọc lên đảo Cô, ở giữa biển, tục danh hòn Lao."
q12_page_29-0014,NÚI TÀ-BÔNG
q12_page_29-0015,"Ở phía tây huyện 70 dặm, phía bắc núi Vị Nê."
q12_page_29-0016,Phía tây có 2 núi
q12_page_29-0017,NÚI ĐÀI
q12_page_29-0018,"Ở phía tây núi Tà Bông, cách huyện 72 dặm."
q12_page_29-0019,Lại ở phía tây
q12_page_29-0020,NÚI LÔ-TÔ
q12_page_29-0021,"Ở phía tây núi Đài, cách huyện 77 dặm là chỗ phát nguyên cho"
q12_page_29-0022,NÚI THỊ-ĐẶNG
q12_page_29-0023,"Ở phía tây huyện 80 dặm, giáp giới huyện Tuy-Lý."
q12_page_29-0024,"Giữa đồng cát mọc lên 1 núi, cây cỏ xanh tốt."
q12_page_30-0001,NÚI CÀ-TUNG
q12_page_30-0002,"Ở phía tây huyện 70 dặm, phía bắc núi Tà-Bông."
q12_page_30-0003,"Nửa núi này thuộc về địa giới huyện Tuy-Lý, có dòng khe thông đến sông Phố"
q12_page_30-0004,NÚI TÀ-CÚ
q12_page_30-0005,Ở phía tây-bắc núi Cà-Tung.
q12_page_30-0006,Phía tây núi này là núi Thạch-Khê núi La-Thô.
q12_page_30-0007,NÚI TIÊN-TỈNH
q12_page_30-0008,"Ở phía tây núi La-Thô, giáp giới huyện Tuy-Lý."
q12_page_30-0009,NÚI HƯƠNG-ẤN
q12_page_30-0010,"Ở phía tây-bắc huyện 34 dặm, phía tả bờ sông Lũy."
q12_page_30-0011,"Hình núi đứng cao, cỏ cây sầm uất."
q12_page_30-0012,"Triền núi có 2 cấp án bằng đá, cấp thứ 1 thờ thần Dương-Tu, cấp thứ 2 thờ Dương Phu-nhân Dưới 2 cấp lại có hang đá như hình bàn chân, tục truyền đó là dấu chân của phu-nhân."
q12_page_30-0013,Phía trước có cái bồn đá rộng lớn bao vây hình như cái đập ngăn cá.
q12_page_30-0014,"Dưới chỗ ấy có đầm sâu, hang đá tục truyền đó là chỗ của Phu Nhân nuôi cá."
q12_page_30-0015,"Phía hữu trái núi có một vùng đá, cao 4 trượng vuông 4 thước, hình như cái lán voi."
q12_page_30-0016,"Gặp năm nắng hạn, cầu mưa nơi ấy thường được linh ứng."
q12_page_30-0017,GÒ XÍCH-THỔ (Đất Đỏ)
q12_page_30-0018,"Ở phía tây-nam huyện. Nguyên có 1 dãy động cát từ thôn Lương-Sơn chạy đến, qua phía trước tỉnh thành cũ, đến đây đột khỏi 1 gò đất sắc đỏ, phàm những ghe buồm đi biển, qua các chỗ Vị-Nê và La-Hàn đều trông thấy cả."
q12_page_30-0019,"Dưới núi có giếng tên là giếng Long-Hạm, nước trong và ngọt."
q12_page_30-0020,Năm Tự-Đức thứ 12 (1859) dựng đồn ở đấy gọi là đồn Xích-Thổ.
q12_page_30_31-0001,"Sau này triệt bãi, chùa Bàn-Thạch."
q12_page_31-0001,Ba-Mang và Thiền-Cốc Ở phía tây bắc huyện 54 dặm đột khởi cao ngất nồi cao hình như nắp vung đậy nồi.
q12_page_31-0002,NÚI TỈNH-HÀM
q12_page_31-0003,Ở phía đông huyện 63 dặm.
q12_page_31-0004,"Về phía bắc, núi đá lớn la liệt, có"
q12_page_31-0005,NÚI PHIÊN-LÊ
q12_page_31-0006,"Ở phía tây-nam huyện 65 dặm; phía nam sát biển, sinh nhiều cây ồi, nên gọi là Phiên-Lê (Phiên-Lê là cây ổi)."
q12_page_31-0007,Thuở trước có đài Hỏa-Phong ở đấy.
q12_page_31-0008,"Phía bắc có những núi: Tăng-Phú, Mã-Lăng"
q12_page_31-0009,NÚI TĂNG-PHÚ
q12_page_31-0010,"Ở phía tây-nam huyện 14 dặm, gần phía tây núi Tố-Lý."
q12_page_31-0011,NÚI MÃ-LĂNG
q12_page_31-0012,"Ở phía tây-nam huyện 30 dặm, gần phía bắc núi Phiên-Lê."
q12_page_31-0013,NÚI LỄ
q12_page_31-0014,(Những núi thuộc huyện Tuy-Lý)
q12_page_31-0015,NÚI CÂU-NHĨ
q12_page_31-0016,Ở phía tây huyện 35 dặm.
q12_page_31-0017,"Bốn phía rừng rậm, giữa có 1 núi"
q12_page_31-0018,NÚI OA-CÁI (1)
q12_page_31-0019,Ở phía tây huyện 36 dặm.
q12_page_31-0020,"Bốn phía đều là rừng rú, ở giữa (1) Chữ oa là cái nồi, chữ cái là cái nắp đậy trên cái nồi, tức là cái vung."
q12_page_31-0021,"Chữ Tự-điền Khang-Hy âm là qua, mà người mình thường đọc là oa."
q12_page_32-0001,NÚI ĐÀN-LINH
q12_page_32-0002,Ở phía tây bắc huyện 21 dặm.
q12_page_32-0003,"Phía đông núi này cây rừng xanh tốt, dốc đá gồ ghề, đi qua miền thượng Phố-Hài."
q12_page_32-0004,"Năm đầu niên hiệu Minh-Mạng, giặc Mọi Cam-Lỗ thường tụ tập ở đấy."
q12_page_32-0005,NÚI DƯƠNG
q12_page_32-0006,"Ở phía bắc huyện 20 dặm, gần phía tây-nam núi Đàn-Linh."
q12_page_32-0007,"Ngày xưa người Thuận-Thành thường lập đền thờ Phố-Châm Dương Thần, nhơn đó đặt làm tên núi."
q12_page_32-0008,NÚI MỸ
q12_page_32-0009,"Ở phía đông bắc huyện, làm đầu nguồn phía tả của sông Phố-Hài"
q12_page_32-0010,NÚI LONG-THẠNH
q12_page_32-0011,"Ở phía đông bắc huyện, làm đầu nguồn phía hữu của Phố-Hài."
q12_page_32-0012,NÚI PHỐ-CHÂM
q12_page_32-0013,"Cũng gọi tên là núi Phố-Chiêm, ở tột cõi phía tây huyện hơn 100 dặm."
q12_page_32-0014,"Phía dưới núi là khu đất bằng, ngày xưa dân Mọi Ba Vô-Đê thuộc Thuận-Thành ở đó."
q12_page_32-0015,"Năm Đinh-tỵ (1797) đầu thời Nguyễn trung-hưng giặc mọi tụ tập cướp bóc, quan quân đến đánh phá, rồi dân chúng tản cư đến các chỗ Bàu-Tọa, Thị-Linh thành ra đất ấy phải bỏ hoang."
q12_page_32-0016,NÚI TÀ CÚ
q12_page_32-0017,"Ở phía tây huyện 48 dặm, có dòng khe chảy quanh ở dưới thông đến sông Ma-Lý."
q12_page_32-0018,NÚI CẨM-KÊ 2
q12_page_32-0019,Ở phía tây huyện 52 dặm.
q12_page_32-0020,"Phía nam sát biển, có những hòn đá lớn nằm ngang ra bờ biển."
q12_page_32-0021,Ở ngoài có hòn đảo tên là Kê-Dữ
q12_page_33-0001,NÚI THẦN-MẪU
q12_page_33-0002,"Ở phía tây huyện lỵ 152 dặm, giáp giới tỉnh Biên-Hòa."
q12_page_33-0003,Phía tây-nam có động cát giáp biển.
q12_page_33-0004,ĐẢO THIÊN-Y
q12_page_33-0005,"Ở ngoài cửa tấn La-Di, phía tây-nam huyện, tục gọi Hòn Bà."
q12_page_33-0006,"Đảo ấy chu vi hơn 200 trượng; từ mặt nước đến trên đỉnh hơn 30 trượng, cây cổ thọ sum sê."
q12_page_33-0007,"Trên đỉnh núi có một chỗ bằng phẳng ước độ 2 trượng 4 thước, có ngôi đền đồ thờ tượng đá A-DIỄN-BA."
q12_page_33-0008,NÚI CHÀ-CỐ (hay Chà-Có)
q12_page_33-0009,"Ở về Ma-Ly thượng-đạo, phía tây-bắc huyện."
q12_page_33-0010,"Núi có 5 ngọn dưới có 5 dòng khe; 1 khe là suối nước nóng, còn 4 khe hiệp lại làm đầu nguồn sông Ma-Ly."
q12_page_33-0011,RỪNG ĐẠI-KHÊ
q12_page_33-0012,"Ở phía nam huyện, dài độ 6 dặm, cây cối chen lộn, có nhiều"
q12_page_33-0013,RỪNG LA-MÃNG
q12_page_33-0014,"Ở phía tây-nam huyện. Hai bên toàn là tre, dưới rừng có nhiều ruộng hoang, bụi rậm."
q12_page_33-0015,"THẠCH-KỲ (Ghềnh-Đá) Ở phía nam huyện, có đường trạm đi ngang qua."
q12_page_33-0016,"Nơi đây đá lớn gồ ghề, khi nước hải-triều tràn lên sát bờ, rất khó qua lại."
q12_page_34-0001,(Những sông thuộc huyện Tuy-Phong)
q12_page_34-0002,SÔNG CHIÊU-QUÂN
q12_page_34-0003,"Ở phía đông bắc huyện, 5 dặm."
q12_page_34-0004,"Sông này phát nguyên từ núi La-Bá, chảy xuống đông-nam 14 dặm, qua địa giới huyện An-Phước đạo Ninh-Thuận, đến xã Cao-Hậu lại quặt chảy xuống đông 2 dặm hiệp với sông Long-Vĩnh rồi chảy ra biển."
q12_page_34-0005,Nay gọi tên là sông Châu Quân Nửa sông này thuộc đạo Ninh-Thuận.
q12_page_34-0006,SÔNG LƯƠNG
q12_page_34-0007,Ở phía tây huyện 22 dặm.
q12_page_34-0008,"Có 2 nguồn: 1 nguồn theo núi Lương chảy qua đông-nam 5 dặm, đến khe Tà-Bộ thôn Mỹ Hiệp; 1 nguồn theo sông La-Khê huyện."
q12_page_34-0009,"Hòa-Đa, chảy qua đông-bắc 6 dặm đến thôn Mỹ-Hiệp rồi hiệp lưu chảy ra cửa Duồng."
q12_page_34-0010,"Thuở đầu nhà Nguyễn trung-hưng, Tôn-thất-Hội có đánh phá giặc ở đây"
q12_page_34-0011,SÔNG DUỒNG
q12_page_34-0012,Ở phía nam huyện 30 dặm.
q12_page_34-0013,"Đầu nguồn từ trong động Mán chảy xuống phía đông, đến cửa Duồng rồi ra biển."
q12_page_34-0014,SÔNG VĨNH-HẢO
q12_page_34-0015,Ở phía đông huyện 21 dặm.
q12_page_34-0016,"Đầu nguồn ở núi La-Bá, chảy xuống đông-nam 5 dặm, rồi ra biển."
q12_page_34-0017,SÔNG KỲ-LA
q12_page_34-0018,Ở phía đông bắc huyện 14 dặm.
q12_page_34-0019,"Phát nguyên từ núi Kỳ-La chảy ra đông-bắc 15 dặm, rồi vào sông Lương."
q12_page_34-0020,SÔNG LONG-VĨNH
q12_page_34-0021,"Ở phía đông huyện 12 dặm Phát nguyên từ núi La-Bá chảy xuống đông-nam, lại có 1 chi theo sông Lương chảy đến hiệp lưu rồi chảy qua 50 dặm, rót vào sông Long-Vĩnh."
q12_page_35-0001,SÔNG ĐẠI-ĐỊNH
q12_page_35-0002,"Ở phía bắc huyện Phát nguyên từ trong sơn-động, chảy xuống đông đến thôn Đại-Định độ 8 dặm, rồi nhập với sông Ma-Bố ở Ninh-Thuận, chảy ra biển."
q12_page_35-0003,SÔNG MA-BỐ
q12_page_35-0004,Ở phía đông bắc huyện hơn 70 dặm.
q12_page_35-0005,"Phía tây sông này trước thuộc huyện Tuy-Phong, nay thuộc về đạo Ninh-Thuận (có nói rõ trong Xuyên-chí đạo Ninh-Thuận)."
q12_page_35-0006,(Những sông thuộc huyện Hòa-Đa)
q12_page_35-0007,SÔNG THƯƠNG
q12_page_35-0008,"Ở phía đông huyện, rộng 23 trượng, sâu 1 thước."
q12_page_35-0009,"Lúc mưa lụt ghe thuyền đi được, còn ngày thường thì lội ngang qua."
q12_page_35-0010,"Trên tiếp sông Lương, dưới hiệp sông Kỳ-Xuyên, thuở trước có nhiều cây xoài, nên cũng gọi là Mông-Giang (mông là cây xoài)."
q12_page_35-0011,SÔNG LƯƠNG
q12_page_35-0012,"Ở phía đông bắc huyện, nước sâu 2 thước."
q12_page_35-0013,"Đầu nguồn từ sông Lũy chảy xuống, hiệp với sông Thương."
q12_page_35-0014,"Thuở xưa quan binh đi dẹp Mọi, thường vận lương theo sông này, nên gọi tên ấy."
q12_page_35-0015,SÔNG LIÊM-CÔNG
q12_page_35-0016,Ở phía nam huyện độ 1 dặm.
q12_page_35-0017,"Đầu nguồn từ núi Dụ-Phong chảy xuống đông-nam 19 dặm, đến thôn Thủy-Tú nhập vào sông Kỳ-Xuyên."
q12_page_36-0001,SÔNG LŨY
q12_page_36-0002,Ở phía tây bắc huyện 39 dặm.
q12_page_36-0003,"Có 2 đầu nguồn: 1 nguồn từ động Mán phía tây chảy đến; 1 nguồn từ động Mán phía bắc chảy lại, đến chỗ lũy cũ Phan-Vương thì hiệp lưu, rồi nhập vào sông Kỳ Xuyên."
q12_page_36-0004,"Thuở đầu nhà Nguyễn trung-hưng, Tôn-thất-Hội đóng binh ở đây, nhơn có câu thơ rằng Thiên tuấn câu cừ lâm thủy thứ."
q12_page_36-0005,TỈNH trần trại sách trĩ sơn điên.
q12_page_36-0006,(Trời mở mương ngòi liền bến nước.
q12_page_36-0007,Sao dăng dinh trại ngất đầu non).
q12_page_36-0008,SÔNG PHAN-LÝ (Phan-Ri)
q12_page_36-0009,"Ở phía tây-nam huyện Đầu nguồn phát xuất trong động Mán Bố-Tuân, chảy qua đông-nam độ 3 dặm qua lũy cũ Phan-Vương làm sông Lũy."
q12_page_36-0010,Lại chảy xuống đông đến thôn Mã-Lâu 28 dặm và đến thôn Thương-Thủy làm sông Thương.
q12_page_36-0011,Lại chảy 17 dặm nữa đến thôn Liêm-Công làm sông Liêm-Công.
q12_page_36-0012,"Nơi đây có 1 chi từ thôn Nghi-Trang chảy qua đông-nam 20 dặm nhập lại, chảy 4 dặm nữa đến xã Kỳ-Xuyên làm sông Kỳ-Xuyên."
q12_page_36-0013,"Lại có 1 chi từ núi Kỳ-La chảy vào nam 23 dặm, đến xã Thanh-Tu nhập lại rồi chảy độ 3 dặm nữa thì ra cửa biển Phan-Ri."
q12_page_36-0014,SÔNG-ĐIỀN
q12_page_36-0015,"Ở phía tây huyện. Rộng 7 trượng, sâu 1 thước."
q12_page_36-0016,Đầu nguồn từ trong buôn Mọi Ma-Lỗ chảy đến sông Hà-La.
q12_page_36-0017,SÔNG MA-LỖ
q12_page_36-0018,"Ở phía tây huyện; rộng 5 trượng, sâu 1 thước."
q12_page_36-0019,"Đầu nguồn từ trong buôn Mọi Tà-Lung, Bối-Kinh, Ma-Lỗ chảy xuống sông Hà-La."
q12_page_37-0001,(Những sông thuộc huyện Tuy-Lý)
q12_page_37-0002,SÔNG PHỐ-HÀI
q12_page_37-0003,Ở phía đông bắc huyện độ 1 dặm.
q12_page_37-0004,"Có 2 nguồn: 1 nguồn từ núi Mỹ chảy qua đông-nam 14 dặm đến thôn Trần-Hưng, lại chảy xuống đông 30 dặm đến thôn Phú-Long; 1 nguồn từ núi Long-Thạnh chảy qua tây-nam đến thôn Thiện-Mỹ, lại qua cầu Sơn-Thủy đến thôn Tân-Lũy hiệp lại rồi chảy vào cửa biển Phố-Hài."
q12_page_37-0005,"Xét theo Cựu chí: sông Phố-Hài có 2 chi: 1 chi từ trong buôn Mọi chảy qua đông bắc 31 dặm đến xã Kim-Ngọc; 1 chi từ núi Cà-Tung chảy xuống đông cũng đến xã Kim-Ngọc hiệp lại, rồi chảy xuống đông độ 8 dặm thì ra biển."
q12_page_37-0006,"So Cựu-chí với ngày nay không phù hợp, hoặc giả đường sông có di-dịch chăng?"
q12_page_37-0007,SÔNG TÂN PHÚ
q12_page_37-0008,Ở phía tây huyện độ 1 dặm.
q12_page_37-0009,"Nguồn sông từ trong ruộng xã Tân-Xuân chảy đến thôn Tân Phú, rồi nhập vào sông Phố"
q12_page_37-0010,SÔNG VĨNH-HÒA
q12_page_37-0011,"Sông này là 1 chi nhỏ ở thôn Vĩnh-Hòa, rộng 5 trượng, sâu 1 thước."
q12_page_37-0012,"Lúc nắng hạn thì khô cạn, người ta cũng gọi là sông"
q12_page_37-0013,SÔNG PHAN-THIẾT
q12_page_37-0014,Ở phía tây huyện 8 dặm.
q12_page_37-0015,"Có 1 chi từ núi Đài chảy xuống đông 13 dặm, và 1 chi từ trong động Mán chảy xuống đông-nam 11 dặm đến thôn Phú-Hội, lại chuyền qua phía nam chảy 9 dặm đến xã Phú-Tài, rồi 2 chi hiệp lại chảy 27 dặm nữa đến thôn Đức-Thắng."
q12_page_37-0016,"Lại có 1 chi nữa từ Bình-Tân chảy xuống đông-nam 6 dặm đến phía tây cầu Minh-Lâm thì nhập lại, rồi hiệp-lưu (1) chảy độ 3 dặm đến thôn Đức-Thắng, lại chảy xuống đông độ 2 dặm đến cầu Đức-Thắng thì chuyền qua phía nam chảy 2 dặm nữa rồi ra biên"
q12_page_38-0001,SÔNG-LAU (?)
q12_page_38-0002,"Ở miền thượng Phố-Hài, rộng 7 trượng."
q12_page_38-0003,Nguồn sông từ núi Nha-Tốt ở miền Mọi chảy xuống sông Phố-Hài.
q12_page_38-0004,SÔNG-LIỄU
q12_page_38-0005,"Ở miền thượng Phố-Hài, rộng 5, 6 trượng, lúc nắng nước cạn lúc thường nước sâu không hơn 1 thước."
q12_page_38-0006,SÔNG MA-THẠCH (Đá-mài)
q12_page_38-0007,"Ở miền thượng Phố-Hài, rộng 6 thước."
q12_page_38-0008,Đầu nguồn từ núi Dương chảy xuống sông Phan-Thiết.
q12_page_38-0009,SÔNG TÀ-MÔN
q12_page_38-0010,"Ở miền thượng Ma-Ly, rộng 8 trượng."
q12_page_38-0011,Lúc nắng nước cạn lúc mưa nước chảy xuống sông Ma-Ly.
q12_page_38-0012,SÔNG THỊ LÃNH
q12_page_38-0013,"Ở miền thượng Ma-Ly, rộng 3 trượng, nước thường chảy không (1) Theo nguyên văn chép: «Chi sông từBình-Tân chảy xuống đông nam đến phía tây cầu Minh-Lâm nhập lại, rồi chảy 3 dặm đến thôn Đức-Thắng»."
q12_page_38-0014,"Vậy không rõ nhập lại với sông nào, hiệp-lưu với sông nào?"
q12_page_38-0015,"Nếu nói nhập với 2 chi sông trên (1 chi từ núi Đài, 1 chi từ động Mán) thì 2 chi trên đã chảy đến thôn Đức-Thắng rồi, sao đây còn nói hiệp-lưu 3 dậm mới đến thôn Đức-Thắng?"
q12_page_38_39-0001,"Nếu nói hiệp-lưu với nước cău Minh-Lâm không phải hiệp-lưu với 2 chỉ trên, vậy thì 2 chi trên có hiệp-lưu với chi nấy đểchảy ra biển không? cạn, sâu hoặc có chỗ 1 thước, có chỗ 2, 3 thước."
q12_page_39-0001,"Đầu nguồn từ phía đông sông Ông-Sơn ở trong động Mán, có dân Mọi ở đấy và có ruộng-nương xen lộn."
q12_page_39-0002,SÔNG MA-LY
q12_page_39-0003,Ở phía tây-nam huyện 55 dặm.
q12_page_39-0004,"Có 2 nguồn: 1 nguồn từ núi Tiên-Tỉnh chảy xuống đông-nam 27 dặm, đến 2 thôn Hiệp-Nghĩa và Phong-Điền; 1 nguồn từ núi Tà-Cú chảy vô nam 19 dặm đến bến Cây-Cốc, rồi 2 chi hiệp lại chảy vào nam 21 dặm, rót ra cửa tấn Ma-Ly."
q12_page_39-0005,SÔNG LA-DI
q12_page_39-0006,Ở phía tây huyện 70 dặm.
q12_page_39-0007,"Đầu nguồn từ trong động Mọi và từ các khe ở núi Chà-Cố chảy đến xứ Bồn-Bồn, thì hiệp lại rồi chảy vào nam 29 dặm, đề chảy ra cửa biển La-Di."
q12_page_39-0008,SÔNG PHÙ-MY
q12_page_39-0009,Ở phía tây huyện 186 dặm.
q12_page_39-0010,Đầu nguồn từ trong động Mọi chảy vào nam 60 dặm đến núi Phù-My thì chia ra làm 2 chi 1 chi từ trong rừng Sát chảy xuống đông 7 dặm; 1 chi từ núi Thắng-Hải chảy vào nam 4 dặm qua thôn Phù-My thì hiệp-lưu rồi chảy ra 2 cửa biển Phù-My thượng và Phù-My hạ.
q12_page_39-0011,"Hai núi Phù-My và Thắng-Hải thấp mà bằng, ở cực giới phía tây huyện, cách huyện hơn 140 dặm, gần giáp giới tỉnh Biên-Hòa, nên không liệt kê trong các «Sơn-chí»."
q12_page_39-0012,"Từ núi Phù-My trở lên, sông hẹp mà cạn sau mùa hạ nhiều chỗ khô hẳn, nên trong bản đồ địa-dư cũng không nói đến."
q12_page_39-0013,Xét: núi Thắng-Hải ngày xưa tên là Phước-Hải.
q12_page_39-0014,SÔNG PHỐ-CHIÊM
q12_page_39-0015,"Sông này tức là sông Phố-Châm, thuở trước thuộc về huyện Tuy-Lý, nay thuộc huyện Tánh-Linh."
q12_page_39-0016,"Sông ở phía bắc huyện hơn 10 dặm, đầu nguồn từ núi Bì-Khái chảy ra, rộng hơn 27 trượng sâu độ 3 thước; phân làm 2 chi: 1 chi chảy vào nam đến tỉnh Biên-Hòa làm sông La-Nha; 1 chi chảy ra bắc làm sông Dã-Dương đến núi Ngập-Ngập làm sông Bàn-Thạch ở tỉnh Phú Yên."
q12_page_40-0001,SÔNG ÔI (hay sông đi)
q12_page_40-0002,Ở phía tây huyện Tánh-Linh.
q12_page_40-0003,"Đầu nguồn từ sông Phố-Châm chia ra một lạch chảy xuống đông đến sông Môn, hiệp-lưu với 2 khe Dạ-Diễn và Dạ-Nhung rồi chảy vài dặm thì đều rút vào sông La-Di đề chảy ra biển."
q12_page_41-0001,KHE ĐẦM
q12_page_41-0002,(Phụ lục: HỒ VŨNG) (Thuộc huyện Tuy-Phong)
q12_page_41-0003,KHE TẦM-LA
q12_page_41-0004,"Khe này đầu nguồn từ núi Cà-Đà, chảy vào vùng đồng ruộng thuộc xã Đồng-Giao."
q12_page_41-0005,KHE TÀ-BỘ
q12_page_41-0006,"Ở phía đông huyện, rộng 1 trượng."
q12_page_41-0007,"Mùa thu, đông mưa lụt nước chảy tràn động cát Cam-Đường, rồi phóng ra cửa Duồng."
q12_page_41-0008,VŨNG LA-HÀN
q12_page_41-0009,"Ở phía bắc cửa tấn Long-Vĩnh, sâu 2 trượng."
q12_page_41-0010,"Trước tên là La-Càn, năm Minh-Mạng thứ 6 (1825) đổi lại tên này (tục thường gọi là La-Gàng)."
q12_page_41-0011,(Thuộc huyện Hòa-Đa)
q12_page_41-0012,HỒ BẠCH
q12_page_41-0013,Ở phía tây-nam huyện 45 dặm.
q12_page_41-0014,"Phía tây 3 động núi cát có 2 cái hồ: hồ ở trên chu vi hơn 8 dặm, sâu độ 14, 15 thước; hồ ở dưới chu-vi hơn 12 dặm, sâu 8 trượng 6 thước, nước thanh-đạm bốn mùa không lên xuống, phía đông bắc đều là động cát, phía tây-nam đều là rừng-rú."
q12_page_41-0015,Nơi bờ hồ có đền Chúa-Động Phu-Nhân rất linh-ứng.
q12_page_41-0016,"Phía nam có ao Thạch-Thuyền, vì có đá lớn hình như chiếc thuyền, nên gọi tên ấy."
q12_page_41-0017,"Gần đấy có Mi-Trì và Liên Trì, thanh cảnh đáng yêu (Ba-động có nói rõ trong «Từ-miếu-chí»"
q12_page_42-0001,VŨNG DIÊN
q12_page_42-0002,"Ở phía nam huyện, trong vũng có nhiều loại cá tôm."
q12_page_42-0003,"Minh-Mạng năm thứ nhất (1820) có thuế, qua năm thứ 16 (1835)"
q12_page_42-0004,VŨNG VỊ-NÊ
q12_page_42-0005,"Ở phía nam huyện, phía bắc cửa tấn Phố-Hài."
q12_page_42-0006,"Nơi đây nước sâu 2 trượng, gặp khi gió thổi mạnh, ghe thuyền đến đậu nghỉ được yên ổn."
q12_page_42-0007,(Thuộc về huyện Tuy-Lý)
q12_page_42-0008,ĐẦM DỊCH
q12_page_42-0009,"Ở phía tây huyện, rộng hơn 50 trượng, miệng đầm rộng 2 trượng, thông với Biển-Hồ, sâu 5 thước, 2 bên đều là rừng rậm."
q12_page_42-0010,"Gần đấy có ao sen cũng rộng 50 trượng, sâu 5 thước."
q12_page_42-0011,"Bốn phía đều là rừng rú, ở giữa hoa sen thường mọc lên."
q12_page_42-0012,HỒ QUÁN-CHÙA
q12_page_42-0013,"Ở phía tây huyện. Chu-vi 6, 7 dặm, miệng hồ rộng ro trượng khi nước lên sâu 3 thước, nước ròng không quá 1 thước, thường có cá sấu."
q12_page_42-0014,"Mùa xuân, hạ nước rút, cát lấp ngăn không thông ra biển được."
q12_page_42-0015,"Qua thu, đông nước lụt xoi cát chảy ra biển."
q12_page_42-0016,"Thuở trước có quán xá chùa am ở đấy, nên gọi tên ấy, nay hoang phế."
q12_page_43-0001,ĐẠI KHÊ
q12_page_43-0002,"Ở phía nam huyện. Có 2 nguồn: 1 nguồn ở Trừng-Tầu, 1 nguồn ở Hoan-Tầu (1), hiệp-lưu rồi chảy ra biển."
q12_page_43-0003,HỒ PHƯỚC-LỘC
q12_page_43-0004,"phía đông-nam huyện, gần biển, rộng hơn 10 trượng."
q12_page_43-0005,"Khi nước lên sâu 5 thước, nước ròng sâu 1 thước 5 tấc."
q12_page_43-0006,HỒ-ĐĂNG
q12_page_43-0007,"Ở phía tây huyện hơn 100 dặm, gần phía đông núi Khế rộng 27 trượng."
q12_page_43-0008,"Nước mặn, thường có cá sấu."
q12_page_43-0009,HỒ XA-LA
q12_page_43-0010,"Ở phía tây huyện, rộng 1 dặm, dài 5 dặm, nước sâu 5 thước."
q12_page_43-0011,"Tục danh hồ Lão-Phương, tương truyền hồ có cá sấu."
q12_page_43-0012,KHE MÔ-HÔ
q12_page_43-0013,"Ở miền thượng Phố-Hài, phía tây-bắc huyện Tuy-Lý, gần Thổ huyện của dân Mọi."
q12_page_43-0014,Phía trên khe này có khe Kiều.
q12_page_43-0015,KHE DO-TÁ
q12_page_43-0016,"Ở phía bắc huyện, phía tây sông Tam-Kỳ, rộng 2 trượng, khi nắng nước cạn."
q12_page_43-0017,Gần đấy có khe Mán và khe Đá.
q12_page_43-0018,KHE MÔN
q12_page_43-0019,Ở phía bắc huyện thuộc về đất Mọi.
q12_page_43-0020,Khe rộng 5 trượng chảy xuống sông đi rồi thông ra cửa tấn La-Di.
q12_page_43-0021,"(1) Tầu: Chằm rộng lớn, ao hồ rộng lớn (Từ-Nguyên)."
q12_page_44-0001,"KHE A-LA và KHE DU (hay Dầu) Đều ở phía tây-bắc huyện, tiếp liền động Mán."
q12_page_44-0002,"Nước sâu 1 thước, lúc nắng cạn khô."
q12_page_44-0003,KHE BỒNG-TỈNH
q12_page_44-0004,"Ở phía bắc huyện, gần động Mán, rộng 2 trượng, sâu 2 thước."
q12_page_44-0005,"Nước không khi nào cạn khô, vị thanh đạm, uống được."
q12_page_44-0006,KHE THUYẾT-LUẬT
q12_page_44-0007,"Ở phía bắc huyện, về miền thượng Ma-Ly, rộng 2 trượng."
q12_page_44-0008,"Đầu nguồn từ trong sơn-động chảy xuống, nhập vào khe Xích-Thủy (nước đỏ)."
q12_page_44-0009,KHE TÀ-LAO
q12_page_44-0010,"Ở phía tây-bắc huyện, thuộc về miền thượng Ma-Ly."
q12_page_44-0011,Gần phía tây có khe Nại và khe Hạt.
q12_page_44-0012,"Gần phía động có khe Cát, đầm Kê (gà) đầm Nô, đầm Lận (hay đầm Lớn), đều theo trong động Mán thuộc HUYỆN Thở chảy đến."
q12_page_44-0013,KHE NƯỚC NÓNG
q12_page_44-0014,"Ở miền thượng Ma-Ly, phía tây bắc huyện, rộng 1 trượng sâu 5 tấc, nước khe thường nóng."
q12_page_44-0015,"Đầu nguồn từ trong sơn-động HUYỆN Tánh-Linh chảy xuống ruộng hoang, phía tả có khe An-Khê Lâm-Khê và Đằng-Khê."
q12_page_45-0001,CỔ TÍCH
q12_page_45-0002,THÀNH CŨ VUA CHIÊM
q12_page_45-0003,"Ở xã Vĩnh-An huyện Hòa-Đa, phía tây-nam tỉnh thành cũ cách độ 10 dặm."
q12_page_45-0004,"Nguyên xưa là chỗ vua Chiêm-Thành đóng, trước thành có 1 khoảnh Khôi trì (ao tro), dấu cũ nay vẫn còn."
q12_page_45-0005,TRẤN CŨ THUẬN-THÀNH
q12_page_45-0006,"Ở phía tây bắc huyện Hòa-Đa, là chỗ ở của Phan-Vương (tức vua Chiêm-Thành)."
q12_page_45-0007,"Xét: đời vua Thánh-Tôn nhà Lê (1460-1497) đã bình-định Chiêm-Thành, mở đất đến núi Thạch-Bi, sau con cháu vua Chiêm còn chiếm cứ một khoảnh đất từ Phan-Rang lên phía tây, nhân đó vua phong cho ở đất ấy khiến nạp cống-lễ."
q12_page_45-0008,"Đời triều Nguyễn Chiêm-Thành phản nghịch, vua Hiền-Tôn Hoàng-Đế (Nguyễn-Phúc Chu, 1691 1724) dẹp yên, rồi chia đất ấy để cho quốc vương Chiêm-Thành và bộ lạc ở, đổi tên Thuận-Thành trấn ra làm Thuận-Thành phong cho con cháu vua Chiêm, bắt 3 năm một lần cống hiến."
q12_page_45-0009,"Đến lúc Tây-Sơn chiếm cứ Thuận Thành, viên Chưởng-cơ là Tá (không rõ họ gì), đầu hàng Tây Sơn, đem bảo-vật truyền-quốc của Chiêm-Thành nạp cho Tây-Sơn."
q12_page_45-0010,"Năm mậu thân (1788), Thế-Tổ Cao-Hoàng Đế khôi phục Gia-Định, thường khuyến dụ Tá mà Tá không dám ra mặt."
q12_page_45-0011,"Năm giáp-dần (1794) Tù-trưởng Nguyễn-Văn-Hào đem quan binh bắt Tá, Tá bị giết, vua bèn tước bỏ Thuận-Thành vương-hiệu lại phong cho Hào làm Chưởng-cơ, lãnh chức Chính-trấn Thuận Thành-trấn, Nguyên-Văn-Chấn làm Phó-trấn, chiêu tập dân về ở thường năm cung nạp tô thuế, lệ thuộc vào dinh Bình-Thuận."
q12_page_45-0012,"Sau ông Hào mất, Chấn được làm Chính-trấn."
q12_page_45-0013,"Chấn mất, vua trao cho Vĩnh làm Trấn-thủ, Vĩnh mất, thì Thừa được kế nhiệm chức ấy."
q12_page_45-0014,"Năm Minh-Mạng thứ 14 (1833) Thừa đem thổ dân tình nguyện xin «cải thổ qui lưu» (1), vua hạ chiếu trao cho Thừa chức Quản-cơ theo làm công-vụ ở tỉnh, đốc trưng thuế-lệ thổ dân các tổng và 103 buôn Mọi ở Chà-Mương."
q12_page_45-0015,Năm Minh-Mạng thứ 15 (1884) Thừa thông đồng với giặc Mán đề phản nghịch rồi bị tru lục.
q12_page_45_46-0001,"Từ đấy những thổ-dân phải đem chia ra để cho lệ thuộc vào các huyện, rồi Chiêm Thành cũng bị đoạn tuyệt."
q12_page_46-0001,Nay di tích trấn cũ vẫn còn.
q12_page_46-0002,THÁP CỔ CHIÊM-THÀNH
q12_page_46-0003,"Có 5 chỗ tháp cổ đều do vua Chiêm xây dựng: 1) tháp Đắc Nhân; 2) tháp Hậu-Sinh; 3) tháp Bỉnh-Nghĩa; (đều ở địa giới huyện An-Phước, nay thuộc đạo Ninh-Thuận); 4) tháp Tuy-Tịnh ở địa giới huyện Tuy-Phong; 5) tháp Bảo-Sơn ở địa giới huyện Tuy-Lý."
q12_page_46-0004,LŨY CŨ CỔ-TỈNH
q12_page_46-0005,Ở huyện Tuy-Lý dài 645 trượng.
q12_page_46-0006,"Nguyên vì lúc xưa có bọn giặc Mọi Dương-Bao-Lai, Điệp-Mã-Lăng (?) dấy loạn, Viên Lưu thủ Cường-uy-hầu đắp lũy này để tiễu bình giặc ấy, nay di-tích vẫn còn (Cường-uy-hầu người đời nào, tên họ gì, không khảo «Cải thồ qui lưu»: đổi chế độ Thổ quan ra chế độ Lưu-quan."
q12_page_46-0007,"Theo quan-chế: các miền thượng-du như Miên Mèo v v thì những quan lại do người bản-thổ thế tập, gọi là Thổ-quan; còn ở trung-châu thì những quan lại do chánh-phủ trung ương bổ dụng, gọi là Lưu-quan."
q12_page_46_47-0001,"Lúc bây giờ Thổ dân Thuận-Thành tình nguyện "" cải thồ qui lưu» là không dùng chế độ thế tập nữa (tham khảo Từ-Nguyên về mục Lưu-quan Tho-quan), tướng vịnh bài thi như sau «Bạc hải duyên nhai tháp chiến phong «Vương-sư đình trú chỉnh binh dung."
q12_page_47-0001,«Chinh trần điềm xuất sơn đầu bạch «Thoán hoả xuy lai thủy diện hồng.
q12_page_47-0002,«Ngoã giải tự tha băng hội thế «Phong lai trì ngã tước bình công.
q12_page_47-0003,«Phàm tài vị học hô phong kế «Si toạ Châu-Lang hồ-trướng trung».
q12_page_47-0004,"(Biển, ghềnh la liệt những binh phong."
q12_page_47-0005,Đồn trú quân vua vũ lực hùng.
q12_page_47-0006,"Bụi ngút, đầu non phơi điềm trắng."
q12_page_47-0007,"Lửa đun, mặt nước rực màu hồng."
q12_page_47-0008,Ngói tan thế địch tiêu ma hẳn.
q12_page_47-0009,Gió đến binh ta tiễu diệt xong.
q12_page_47-0010,Diệu kế hô-phong tài học kém.
q12_page_47-0011,Châu-Lang trướng hồ luống ngồi trông).
q12_page_47-0012,((1) Ngói tan là nói vận nước rả rời như ngói tan bở cầu phong để hoà công Tào Tháo.
q12_page_47-0013,TRẠM CŨ PHAN-THIẾT
q12_page_47-0014,"Ở huyện Tuy-Lý. Thuở trước có lỵ-sở của đạo (đạo Phan-Thiết) ở đây, nên đặt nhà trạm này: phía đông có kho-trạm, phía tây đềulà dân cư, phía nam đều là ruộng nương, nay đã bỏ."
q12_page_47-0015,"Đầu lúc nhà Nguyễn trung-hưng, đại-binh đến đồn trú ở đây, có viên"
q12_page_47-0016,CHÙA ĐÁ PHAN-VƯƠNG
q12_page_47-0017,"Ở phía tả núi Vật-Thăng, xưa Phan-Vương cầu thọ ở chùa này."
q12_page_47-0018,"(2) Châu-Lang là Châu-Du ở nước Ngô đời Tam Quốc, nhờ Khổng-Minh"
q12_page_48-0001,LŨY CŨ Ô-CAM
q12_page_48-0002,"Ở huyện Tuy-Phong. Tống Phước-Hoà triều Nguyễn đồn binh ở đấy, xây đá làm lũy, nay vẫn còn."
q12_page_48-0003,GIẾNG BỎ CỦA PHAN-VƯƠNG
q12_page_48-0004,Ở phía nam thôn Tăng-Phú huyện Hòa-Đa.
q12_page_48-0005,"Tục truyền Phan Vương Bà-Tranh thường đến xem hải-triều (thủy triều ở biển), nên đào giếng ở đấy, để uống cho đỡ khát, xưa kêu là Vương-Tỉnh (Giếng vua)."
q12_page_49-0001,TỪ MIẾU
q12_page_49-0002,ĐÀN XÃ-TẮC
q12_page_49-0003,"Ở địa phận thôn Thủy-Tú, phía tây tỉnh thành cũ."
q12_page_49-0004,Xây năm. Minh-Mạng 14 (1833).
q12_page_49-0005,ĐÀN TIÊN-NÔNG
q12_page_49-0006,Ở địa phận thôn Đông-An.
q12_page_49-0007,Xây năm Minh-Mạng 14.
q12_page_49-0008,ĐÀN SƠN-XUYÊN
q12_page_49-0009,Ở ngoài quách phía tây tỉnh thành cũ.
q12_page_49-0010,Xây năm Tự-Đức thứ 3 (1855).
q12_page_49-0011,Qui chế mấy đàn trên đây cũng giống như ở các tỉnh.
q12_page_49-0012,VĂN-MIẾU
q12_page_49-0013,"Ở tại 2 thôn Bình-Thủy và Lạc-Nghiệp, phía tây tỉnh thành cũ dựng năm Minh-Mạng thứ 7 (1826)."
q12_page_49-0014,Các phủ huyện thì chưa có văn
q12_page_49-0015,MIẾU HỘI-ĐỒNG
q12_page_49-0016,Ở địa phận thôn Thủy-Tú.
q12_page_49-0017,Nguyên trước ở phía nam Kỳ-Xuyên năm Minh-Mạng thứ 8 (1827) dời đến đây.
q12_page_50-0001,MIẾU CHIÊM-VƯƠNG
q12_page_50-0002,"Ở địa phận thôn Xuân-Hội, phía tây tỉnh thành cũ."
q12_page_50-0003,Dựng năm Minh-Mạng 14 (1833). thờ Quốc-vương Chiêm-Thành.
q12_page_50-0004,MIẾU THÀNH-HOÀNG
q12_page_50-0005,Ở địa phận xã Long-Lễ phía đông-nam tỉnh-thành cũ.
q12_page_50-0006,Dựng năm Thiệu-Trị thứ 2 (1842).
q12_page_50-0007,"Tỉnh thành nay đã dời chỗ khác, mà các đàn miếu trên đây đều còn ở chỗ cũ."
q12_page_50-0008,"ĐỀN THIÊN-Y Ở thôn Bình-Thủy huyện Hòa-Đa, thờ tượng đá thần Thiên-Y A-Na-Diễn-Bà."
q12_page_50-0009,"Sau đền có 5 hòn đá: 1 hòn dài 1 thước 9 tấc, tròn 1 thước 8 tấc; 1 hòn dài 1 thước 2 tấc, tròn 1 thước 9 tấc; 1 hòn dài 7 tấc, tròn 1 thước 2 tấc; 1 hòn dài 6 thước, tròn 1 thước 8 tấc 1 hòn dài 5 tấc, tròn 1 thước 8 tấc."
q12_page_50-0010,"Tương truyền 5 hòn đá ấy nguyên là chất cây giáng-hương, không biết nơi nào bay đến, người Thổ muốn lấy dùng mà không được, lâu năm cây thành ra đá."
q12_page_50-0011,"Lại có í phiến đá xanh có 2 chữ Thiên-Y, người Thổ thấy có linh dị bèn lập đền thờ."
q12_page_50-0012,"Đầu niên hiệu Gia-Long đặt 1 người làm Tự-thừa coi việc phụng sự, đó là chuần theo lời xin của viên Chính-trấn Nguyễn"
q12_page_50-0013,MIẾU THẦN-NÔNG
q12_page_50-0014,Ở thôn Bình-Thủy huyện Hòa-Đa.
q12_page_50-0015,"Miếu thờ 3 vị: Viêm Đế Hoàng-Đế và Hậu-Tắc, tục danh miếu «Thần-Nông."
q12_page_50-0016,"Chính-trấn Thuận Thành trấn là Nguyễn-Văn-Chấn xin đặt 1 Tự-thừa, vua chuần cho."
q12_page_50-0017,ĐỀN NAM-HẢI
q12_page_50-0018,"Ở thôn Thạch-Long huyện Hòa-Đa, phía tây núi Vị-Nê."
q12_page_50-0019,"Lúc đầu buổi loạn ly, có người qua đây vịnh rằng «Tòng từ nhất thốc lẫm thần uy «Chính khí chu lưu cập viễn thùy."
q12_page_50-0020,«Tích tuyết tằng tằng ngưng nghĩa nhận «Man đài điềm điềm họa chinh y.
q12_page_50-0021,«Dĩ kinh ức tải tàn biên hậu «Phục kiến tam phân liệt bức kỳ.
q12_page_50-0022,«Vãn bối tự tàm vô trí dõng «Chỉ tương trung phẫn ký thần tri».
q12_page_50-0023,"(Đền hoang phế, Thần-uy lẫm lẫm Chính-khí thông muôn dặm non sông."
q12_page_51-0001,"Mảnh chinh-y điềm đóng móc meo Sử sách cũ gương treo thiên tải Cõi bờ nay trở lại tam-phân Kém trí dũng xét thân tự hồ Lòng phẫn trung mong tỏ chứng minh). không dám phạm đến nhà Nguyễn trung-hưng khoảng năm Ất Mão (1795), vua ngự đến ban cho 2 cây lọng."
q12_page_51-0002,"Sau đền có động cát, thuở trước đặt phong-hoa-đài ĐỀN QUAN-CÔNG."
q12_page_51-0003,"Ở huyện Tuy-Lý, thờ đức Quan-Công."
q12_page_51-0004,Thuở trước đương Gươm trung-nghĩa chập chồng tuyết đọng
q12_page_51-0005,ĐỀN DƯƠNG-TU
q12_page_51-0006,"Ở thôn Thắng-Hải huyện Tuy-Lý, có tượng đá."
q12_page_51-0007,"Nơi đây có 100 con trâu, không thêm mà cũng không bớt; tánh trâu thuần hậu chẳng giống như trâu núi."
q12_page_51-0008,"Tục truyền là trâu thần, phường săn"
q12_page_52-0001,ĐỀN THIÊN-HẬU
q12_page_52-0002,Ở ngoài quách tỉnh thành cũ.
q12_page_52-0003,"Trước đền gần sông, phía bắc sông có gò cát đỏ, làm tiền-án cho đền."
q12_page_52-0004,"Tương truyền Thần đền này là người huyện Tiêu-Điền tỉnh Phúc Kiến bên Tàu, họ Lâm thuộc vềphái Cửu-Mục-Công và là con gái thứ hai của Ôn-Công 8 tuổi học đạo tiên, 12 tuổi luyện đơn đã thành, hô phong hoán võ (kêu gió gọi mưa) được ứng nghiệm; đời Tống (960 - 1276) có người đi biển, gặp nạn gió, thuyền gần bị úp, thốt nhiên ở không trung hiện ra 1 người tự nói: «ta là con gái Ôn-Công, giáng xuống để bảo hộ cho các người đây»."
q12_page_52-0005,"Rồi trong khoảnh khắc gió lặng thuyền được vô sự, việc ấy tâu lên, vua nhà Tống phong làm Phu-nhân, triều nhà Minh phong làm Thiên-Phi, triều nhà Thanh phong làm Thiên Hậu Thánh Mẫu."
q12_page_52-0006,"Những khách buôn thường sùng phụng, đền thờ rất tráng lệ."
q12_page_52-0007,ĐỀN CỐ-HỶ PHU-NHÂN
q12_page_52-0008,"Ở núi Ô-Cam. Cầu mưa, cầu khỏi bệnh rất linh ứng, sự tích"
q12_page_52-0009,ĐỀN TÀI CÔNG-LAN
q12_page_52-0010,Ở thôn Thiện-Mỹ huyện Tuy-Lý.
q12_page_52-0011,"Thuở đầu trung-hưng có tên Tài-Công-Lan khởi bính ở núi Chà Ná, lấy tiền đồng kết làm áo giáp, mặc áo giáp ấy ra trận, đánh đến đâu địch đều tan rã."
q12_page_52-0012,"Sau bị quân giặc giết chết, hiền linh ở đấy, nên dân sở tại lập đền thờ."
q12_page_52-0013,Vua sắc phong làm «Dõng-Liệt Trung-đẳng-thần».
q12_page_52-0014,ĐỀN CA-HOẠCH-BÁT
q12_page_52-0015,"Ở huyện Hòa-Đa. Ca-hoach-Bát là một tên Mọi, trước làm Đầu mục ở sách La-Uyền."
q12_page_52-0016,"Năm Minh-Mạng thứ 15 (1834) quan binh tiến đánh thồ phỉ, y thành tâm hưởng ứng, tự dẫn quan-binh, bắt chém các nghịch-tù."
q12_page_52-0017,"Khi quan binh kéo về, đư đảng thổ phỉ là Tuân-Lý đánh úp bắt được Ca-Hạch-Bát, dụ dỗ trăm cách mà Bát không chịu theo, lại còn lớn tiếng nạt rằng: «Ta làm tôi thiên-vương, há có lẽ nào đi theo nghịch-đảng của mầy?» rồi đập đầu vào cây mà chết."
q12_page_52-0018,"Việc này được tâu lên; vua sắc dựng đền thờ, ban cho tế lễ và có ngự-chế bài thơ truy điệu, chạm vào đá"
q12_page_53-0001,ĐỀN CHÚA ĐỘNG PHU-NHÂN
q12_page_53-0002,"Ở phía tây-nam huyện Hòa-Đa 36 dặm, thuộc địa phận thôn Bình-Nhân."
q12_page_53-0003,Nơi đây có 3 động cát trắng: động thứ nhất cao 12 trượng; động thứ hai cao 10 trượng; động thứ ba cao 7 trượng 5 thước.
q12_page_53-0004,"Động cát nồi cao, gió cuốn cũng không tăng giảm, dày xéo cũng không thấp bằng, thật là linh dị."
q12_page_53-0005,"Ở phía tây động có 2 cái hồ, phía nam hồ có đền thờ Chúa-động phủ nhân, cầu mưa hay cầu cho khỏi bệnh, thường được linh ứng."
q12_page_54-0001,TỰ QUÁN (Chùa quán)
q12_page_54-0002,CHÙA BỬU SƠN
q12_page_54-0003,Ở gần bờ biển phía nam huyện Tuy-Lý; 3 thôn Thiện-Chánh An-Hải và Xuân-Hòa cùng phụng sự chùa này.
q12_page_54-0004,"Chùa ở trên đỉnh núi, phía sau có 2 ngôi tháp, nên tục danh Chùa-Tháp."
q12_page_54-0005,"Thuở đầu Nguyễn trung-hưng, vua Cao-Hoàng (triều Nguyễn) đến viếng, mới đặt cho tên là Bửu-Sơn-Tự, ban cấp tiền, và sai làm tấm biển."
q12_page_54-0006,Nay trong chùa có biển khắc chữ: «Ngự tử Bửu-Sơn-Tự».
q12_page_55-0001,QUẢN TẤN (1)
q12_page_55-0002,BẢO ĐÀN-LINH
q12_page_55-0003,"Ở phía tây bắc huyện Tuy-Lý 36 dặm, thuộc miền thượng Phố-Hài."
q12_page_55-0004,"Năm Minh-Mạng thứ 4 (1823) giặc Mọi Cam-Lỗ đốt phá bảo, Trấn-thần là Nguyễn-Văn-Vĩnh sau khi đánh dẹp yên, bèn đắp bảo này rồi mới trở về."
q12_page_55-0005,"Gần đấy có sở thủ-ngự Đàn-Lâm, nay đều bỏ."
q12_page_55-0006,BẢO THỊ-LINH
q12_page_55-0007,"Ở cực giới phía tây bắc huyện Tuy-Lý, dưới núi Phố-Chiêm."
q12_page_55-0008,"Chỗ này bốn mặt đều núi, khoảng giữa đất bằng ước hơn ngàn mẫu dân cư 2 thôn Tân-An và Tánh-Linh ở đấy."
q12_page_55-0009,"Năm Tự-Đức thứ 10 (1857), ông Phan-Trung tụ tập nghĩa-binh đóng đồn ở đây."
q12_page_55-0010,HAI BẢO Ở THÀNH CŨ
q12_page_55-0011,"Ở về 2 thôn Đông-An và Thụy-Giang, huyện Hòa-Đa."
q12_page_55-0012,"Nguyên trước là tỉnh-lỵ, năm Tự-Đức thứ 13 (1860) bỏ tỉnh-lỵ dùng làm đồn bảo."
q12_page_55-0013,"Bảo trước chu-vi 330 trượng, bảo sau chu-vi 110 trượng đều có hào."
q12_page_55-0014,CỬA TẤN CÀ-NÁ
q12_page_55-0015,Ở phía đông-nam huyện Hòa-Đa 34 dặm.
q12_page_55-0016,"Cửa rộng 9 trượng (1) Quan là cửa ải, Tần là cửa biển có quân binh phòng thủ."
q12_page_56-0001,"Khi nước lên sâu 1 trượng, nước xuống sâu 5 thước."
q12_page_56-0002,"Trước kia có quân xích-hậu canh giữ, nay bỏ."
q12_page_56-0003,Phía đông cửa tấn thuộc về đạo Ninh-Thuận.
q12_page_56-0004,CỬA TẤN VŨNG-DÂM
q12_page_56-0005,Ở phía đông-nam huyện Tuy-Phong 20 dặm.
q12_page_56-0006,Cửa rộng 9 trượng 5 thước.
q12_page_56-0007,"Khi nước lên sâu 7 thước, nước xuống sâu 5 thước."
q12_page_56-0008,Thuở trước có quân xích-hậu canh giữ.
q12_page_56-0009,CỬA BIỂN LONG-VĨNH
q12_page_56-0010,Ở phía đông-nam huyện 4 dặm.
q12_page_56-0011,Cửa rộng 2 trượng 5 thước.
q12_page_56-0012,"Nước lên sâu 4 thước, nước xuống sâu 2 thước."
q12_page_56-0013,"Thuở trước có lính xích-hậu canh giữ, nay bỏ."
q12_page_56-0014,CỬA TẤN PHAN-RÍ
q12_page_56-0015,Ở phía nam huyện Hòa-Đa 17 dặm.
q12_page_56-0016,Nguyên trước rộng 5 trượng.
q12_page_56-0017,"Năm Tự-Đức thứ 5 (1852) nước lụt tràn, cát trôi lở rộng đến 75 trượng."
q12_page_56-0018,"Khi nước lên sâu 7 thước, nước xuống sâu 3 thước."
q12_page_56-0019,"Phía bắc cửa tấn có đặt sở Thủ-ngự, 2 bên có dân cư trù mật, làm nghề đánh cá, mắm cá rất nhiều, thường chở đi các nơi bán."
q12_page_56-0020,Trên cửa tấn thông với sông Kỳ-Xuyên.
q12_page_56-0021,"Năm Quí-Sửu (1793) đầu lúc nhà Nguyễn trung-hưng, Tôn-thất-Hội đem bộ binh đánh bảo Phan-Rí Đô-đốc Tây-Sơn là Hồ-Văn-Chư lui về giữ sông Mai."
q12_page_56-0022,"Nương, quân nhà Nguyễn đuổi theo, quân Tây Sơn bèn theo đường thượng Tham-Lô chạy trốn."
q12_page_56-0023,Quân Nguyễn lại thu phục Bình-Thuận.
q12_page_56-0024,CỬA TẤN PHỐ-HÀI
q12_page_56-0025,Ở phía đông huyện Tuy-Lý độ 1 dặm.
q12_page_56-0026,Cửa rộng 16 trượng 5 thước.
q12_page_56-0027,"Khi nước lên sâu 5 thước, nước rồng sâu 3 thước Trước kia có đặt sở thủ-ngự, nay giảm bỏ."
q12_page_57-0001,CỬA TẤN PHÙ-MY
q12_page_57-0002,Ở phía tây huyện Tuy-Lý 127 dặm.
q12_page_57-0003,"Cửa rộng 20 trượng, có 2 cửa: cửa thượng và cửa hạ, đều đặt chỗ phòng thủ."
q12_page_57-0004,CỬA TẤN LA-DI
q12_page_57-0005,Ở phía tây huyện Tuy-Lý 90 dặm.
q12_page_57-0006,"Rộng 20 trượng, khi nước lên sâu 1 trượng."
q12_page_57-0007,"Thuở trước có lính xích-hậu canh giữ, nay"
q12_page_57-0008,CỬA BIỂN PHAN-THIẾT
q12_page_57-0009,"Ở phía nam huyện Tuy Lý 8 dặm, rộng 21 dặm, nước lên sâu 1 trượng."
q12_page_57-0010,"Về phía tây nguyên trước là chỗ đạo-trị, triều Nguyễn lúc đầu trung-hưng thường đồn binh ở đấy."
q12_page_57-0011,"Ngoài cửa tấn có đảo Cô, tục danh là hòn Cù-lao."
q12_page_57-0012,CỬA TẤN MA-LY
q12_page_57-0013,Ở phía tây-nam huyện Tuy-Lý 50 dặm.
q12_page_57-0014,Phía bắc có cửa Thiền Môn (cửa cạn).
q12_page_57-0015,"Thuở xưa có đặt đạo-trị và có lính xích-hậu canh giữ, nay giảm bỏ."
q12_page_57-0016,"Triều Nguyễn thuở đầu trung-hưng có đồn binh ở đấy, viên quan tòng-chinh có vịnh câu «Phong táp sơn yêu truyền pháo hưởng.»"
q12_page_57-0017,«Triều phiên hải giốc-trợ bẽ thanh.»
q12_page_57-0018,"(Chiều gió thổi cuộn ở sườn núi, đưa đầy tiếng súng được nghe xa."
q12_page_57-0019,"Luồng sóng rầm rộ ở góc biên, giúp cho tiếng thêm vang dội.)"
q12_page_57-0020,Tức là nơi đây vậy.
q12_page_57-0021,"Ngoài cửa tấn có ghềnh đá, gọi là mỏ Ma-Ly; phía bắc có đầm tên là đầm Ma-Ly."
q12_page_58-0001,PHÙ-TRƯỜNG (1) SƠN ĐẦU
q12_page_58-0002,"Phù-trường có 7 sở, mới đặt trong niên hiệu Minh-Mạng đề trưng thâu thuế lệ, nay bãi bỏ."
q12_page_58-0003,ĐẦM CÁ NGOÀI BIỂN
q12_page_58-0004,"Có 7 sở: 1-Ma-Ly, 2-Phan-Phố, 3-Vị-Nê, 4-Phan Duồng, 5-La-Hàn, 6-Long-Vĩnh, 7-Văn-Phan, đều mới đặt năm Minh-Mạng 18 (1837) đề trưng thâu thuế đầm."
q12_page_58-0005,(1) Phù-trường: trường sở để các làng Mọi đến nạp thuế trấu.
q12_page_59-0001,21 dặm đường thông thẳng đến tổng Mọi La-Bá thành cũ đến trạm Thuận-Động 6275 trượng.
q12_page_59-0002,"31 dặm, lại có đường trẽ thông đến Phù-Trường hơn 23 dặm."
q12_page_59-0003,DỊCH TRẠM
q12_page_59-0004,TRẠM THUẬN-HẢO
q12_page_59-0005,Ở thôn Vĩnh-Hảo huyện Tuy-Phong.
q12_page_59-0006,Phía đông đến trạm Ninh.
q12_page_59-0007,Lãng đạo Ninh-Thuận 25 dặm; phía tây đến trạm Thuận-Võng hơn
q12_page_59-0008,TRẠM THUẬN-VÕNG
q12_page_59-0009,Ở xã Cao-Hậu huyện Tuy-Phong.
q12_page_59-0010,Phía tây đến trạm Thuận-Phú 23 dặm.
q12_page_59-0011,Quãng giữa 2 trạm Thuận-Hảo và Thuận-Võng có một con TRẠM THUẬN-PHÚ.
q12_page_59-0012,Ở thôn Minh-Phú huyện Hòa-Đa: phía tây đến trạm Thuận-Đông 26 dặm.
q12_page_59-0013,"Từ trạm này đến chỗ tỉnh thành cũ 335 trượng, từ tỉnh"
q12_page_59-0014,TRẠM THUẬN-ĐỘNG
q12_page_59-0015,Ở thôn Bình-Nhân huyện Hòa-Đa.
q12_page_59-0016,Phía tây đến trạm Thuận-Cang
q12_page_59-0017,TRẠM THUẬN-CANG
q12_page_59-0018,Ở thôn Long-Cang huyện Hòa-Đa.
q12_page_59_60-0001,Phía tây đến trạm Thuận-Tỉnh TRẠM THUẬN-TỈNH.
q12_page_60-0001,Ở thôn Lạc-Nghiệp huyện Hòa-Đa.
q12_page_60-0002,Phía tây đến trạm Thuận Phiên hơn 28 dặm.
q12_page_60-0003,Năm Thành-Thái thứ 9 (1897) triệt bỏ.
q12_page_60-0004,TRẠM THUẬN-PHIÊN
q12_page_60-0005,Ở thôn Phú-Tài huyện Tuy-Lý.
q12_page_60-0006,Phía tây đến trạm Thuận-Lý 25 dặm.
q12_page_60-0007,TRẠM THUẬN-LÝ.
q12_page_60-0008,Ở xã Toàn-Thạnh huyện Tuy-Lý.
q12_page_60-0009,"Phía tây đến trạm Thuận Lâm 26 dặm, trước tên là trạm Thuận-Nguyên."
q12_page_60-0010,TRẠM THUẬN-TRÌNH
q12_page_60-0011,Ở phía nam thôn Tân-Hoàng huyện Tuy-Lý.
q12_page_60-0012,Phía tây đến trạm Thuận-Phước 25 dặm.
q12_page_60-0013,"Năm Thành-Thái 17 (1905) triệt bỏ 2 trạm Thuận-Lý và Thuận-Trình, đổi đặt 3 trạm Thuận-Trâm, Thuận-Nhị và Thuận-Trì, thông với trạm Thuận-Phiên, số dặm chưa rõ."
q12_page_60-0014,TRẠM THUẬN-PHƯỚC.
q12_page_60-0015,Ở phường Phước-Lộc huyện Tuy-Lý.
q12_page_60-0016,"Phía tây đến trạm Thuận Phương 32 dặm, trước tên là trạm Thuận-Dung."
q12_page_60-0017,TRẠM THUẬN-PHƯƠNG.
q12_page_60-0018,Ở thôn Phước-Lộc huyện Tuy-Lý.
q12_page_60-0019,Phía tây đến trạm Thuận Biên 25 dặm.
q12_page_60-0020,TRẠM THUẬN-BIÊN.
q12_page_60-0021,Trạm này nguyên trước thuộc tỉnh Bình-Thuận.
q12_page_60-0022,"Trong niên hiệu Tự-Đức cho thuộc tỉnh Biên-Hòa, đổi tên là trạm Mộc-Xuyên."
q12_page_61-0001,"Năm Thành-Thái 13 (1901) từ trạm Thuận-Phương vào nam đến trạm Mộc-Xuyên quá xa cách, nên ở quãng giữa hai trạm ấy đặt thêm trạm Bang-Hiền, chia phủ trạm Thuận-Phương qua ở đấy, để chuyển đệ"
q12_page_61-0002,TRẠM THUẬN-LONG
q12_page_61-0003,"Ở huyện Tuy-Lý, đặt năm Thành-Thái thứ 9 (1897)."
q12_page_61-0004,Trạm này với trạm sau (Thuận-Lương) đều thông đến trạm Thuận-Phú số dặm chưa rõ (các trạm sau đây cũng vậy).
q12_page_61-0005,TRẠM THUẬN-LƯƠNG
q12_page_61-0006,"Ở huyện Hòa-Đa, đặt năm Thành-Thái thứ 9."
q12_page_61-0007,TRẠM THUẬN-HÒA
q12_page_61-0008,"Ở huyện Tuy-Lý, đặt năm Thành-Thái thứ 12 (1900)."
q12_page_61-0009,Trạm này với trạm sau (Thuận-Liên) thông đến trạm Thuận-Lương.
q12_page_61-0010,TRẠM THUẬN-LIÊN
q12_page_61-0011,"Trạm này nguyên thuộc huyện Hòa-Đa, nay thuộc phủ Hàm-Thuận, đặt năm Thành-Thái thứ 12 (1900)."
q12_page_61-0012,TRẠM GIANG-MÂU
q12_page_61-0013,"Trạm này trước thuộc huyện Tuy-Lý, nay thuộc địa phận HUYỆN Tánh-Linh, chuyên việc đệ văn thơ và các đồ công dụng từ trạm Suối-Chình đến đồn Di-Rinh; đặt năm Thành-Thái thứ"
q12_page_61-0014,TRẠM SUỐI-CHÌNH
q12_page_61-0015,"Ở phía tây-bắc huyện Tuy-Lý, chuyên đệ văn-thơ và các đồ công dụng qua huyện Tánh-Linh và trụ sở Lục-lộ."
q12_page_61-0016,Mới đặt năm Thành-Thái thứ 13.
q12_page_62-0001,LÝ LỘ (Đường sá)
q12_page_62-0002,ĐƯỜNG QUAN-BÁO
q12_page_62-0003,"Một đường từ trạm Ninh-Lãng giáp đạo Ninh-Thuận, đi qua 13 trạm đến giáp trạm Thuận-Biên tỉnh Biên-Hòa, dài 348 dặm."
q12_page_62-0004,TIỂU-LÔ
q12_page_62-0005,"Một đường từ phía nam tỉnh-thành cũ qua đồn Đất Đỏ và bảo Tiền bảo Hậu, thông trạm Thuận-Phú đến cửa tấn Phan-Rí, dài 15 dặm."
q12_page_62-0006,"Một đường từ phía nam tỉnh-thành cũ, chạy uốn cộng dài dặc lên phía tây đến động Mọi, dài 39 dặm."
q12_page_62-0007,ĐƯỜNG DỌC CHÂN NÚI
q12_page_62-0008,"Một đường từ tỉnh Khánh-Hòa qua núi Ba-Tiêu chạy vô thượng-du đạo Ninh-Thuận, xuyên qua các núi Thám-Lý, Tà-Trú, thông đến xứ Giao-Loan tỉnh Biên-Hòa, dài 446 dặm."
q12_page_62-0009,ĐƯỜNG THEO BỜ BIỂN
q12_page_62-0010,"Một đường rộng hẹp không đều, sạn đá lẫn lộn."
q12_page_62-0011,"Phía đông giáp từ cửa tấn Ma-Văn Phan-Rang, ngang qua sông Long-Vĩnh và các sông Duồng, Kỳ-Xuyên, Phố-Hài, Phan-Thiết, Ma-Ly, La-Di và Phù-My (hoặc bắc cầu hoặc chở đò, cho đến giáp trạm Mộc-Xuyên tỉnh Biên-Hòa, dài 446 dặm (đi đường bộ đến 9 ngày rưỡi)."
q12_page_63-0001,TIỂU-LỘ
q12_page_63-0002,"Một đường từ trạm Thuận-Hảo thuộc huyện hạt Tuy-Phong ra phía bắc, đến dưới núi Trà-Bôn xứ Lũy-Tràm (thuộc đường núi) dài 2830 trượng, tính thành 5 dặm lẻ 130 trượng."
q12_page_63-0003,TIỂU-LỘ
q12_page_63-0004,"Một đường từ trạm Thuận-Võng huyện giới Tuy-Phong ra phía bắc, qua tổng Tuy-Tĩnh, thông đến đường núi xứ Cổ-Tháp dài 2400 trượng dư, tính thành 4 dặm lẻ 240 trượng; còn bề ngang hoặc 2, 3 thước không đều."
q12_page_63-0005,TIỂU LỘ THEO BỜ BIỂN
q12_page_63-0006,"1 đường từ cửa tấn Phan-Rang, qua 2 cửa tấn Long-Vĩnh, La Hàn, lên phía tây đến cửa sông Duồng huyện Hòa-Đa, dài 108 dặm (hành-trình 2 ngày rưỡi)."
q12_page_63-0007,TIỂU LỘ
q12_page_63-0008,"1 đường từ huyện lỵ Hòa-Đa vào nam, đến trạm Thuận Phú qua bến đò Thanh-Tu, đến cửa tấn Phan-Rí, dài 7 dặm, bề ngang 5, 6 thước."
q12_page_63-0009,"Lại từ huyện lỵ ra phía bắc, đi qua tỉnh-thành cũ đến động Mán, dài 48 dặm; bề ngang 2, 3 thước hoặc 4, 5 thước không đều."
q12_page_63-0010,"Lại có tiều lộ từ trạm Thuận-Phú, ra phía bắc, qua sông Phan-Rí đến thôn Trường-Loan thông qua sơn-động xứ Ca Tang, dài 4622 trượng; tỉnh thành 8 dặm lẻ 202 trượng."
q12_page_63-0011,"Lại từ trạm Thuận-Đông huyện Hòa-Đa, đi về phía tây-bắc, qua sông Lũy đến địa đầu tổng Bố-Tuân thuộc về xứ Mán, dài 6542 trượng, tính thành 12 dặm lẻ 62 trượng."
q12_page_63-0012,"Lại 1 đường từ núi Đài-Sơn phía đông trạm Thuận-Tỉnh huyện Hòa-Đa, đi về phía bắc, qua núi Tà Cù, thông đến đường núi thuộc xứ Chà-La-Căn dài 5732 trượng tính thành 10 dặm lẻ 332 trượng."
q12_page_64-0001,TIỂU-LỘ
q12_page_64-0002,"Một đường từ phía nam tỉnh thành đến tấn Phan-Thiết, dài 5 dặm (nay đắp thêm thành đại lộ)."
q12_page_64-0003,"Một đường từ phía bắc tỉnh thành đến giáp đất Mán dài 46 dặm; một đường từ phía bắc trạm Thuận-Phiên qua tỉnh-thành lại chuyển hướng đông bắc qua các thôn Hội-Nhơn, Mỹ-Sơn, thông đến trạm Giang-Mâu thuộc sơn-động, dài 4605 trượng; tính thành 8 dặm lẻ 285 trượng."
q12_page_64-0004,"Một đường từ bờ phía tây sông Phan-Thiết qua cầu Đức-Thắng đến trạm Thuận-Lý, lại đi về phía bắc qua cầu Minh-Lâm thông đến sơn-động thuộc xứ Cà-Dương dài 6900 trượng, tính thành 12 dặm lẻ 420 trượng."
q12_page_64-0005,"Một đường từ bờ phía tây sông Ma-Ly qua phía bắc trạm Thuận-Trình đến sơn-động thuộc xứ Ba-Đoá-Thượng dài 9687 trượng, tính thành 17 dặm lẻ 425 trượng."
q12_page_64-0006,"Một đường từ bờ phía tây sông Phù-My qua trạm Thuận-Phương, đi về tây bắc đến thôn Thuận-Nhơn chia làm ba ngả: 1 ngả thông đến Đằng-Sơn dài 3710 trượng, tính thành 6 dặm lẻ 470 trượng; 1 ngả thông đến xứ Giao-Loan (địa đầu tỉnh Biên-Hòa) dài 4517 trượng, tính thành 8 dặm lẻ 197 trượng 1 ngả thông đến trạm Mộc-Xuyên dài 3640 trượng, tính thành 6 dặm lẻ 400 trượng."
q12_page_64-0007,MỘT ĐƯỜNG BIỂN ĐI THUYỀN
q12_page_64-0008,Từ phía đông giáp cửa tấn Phan-Rang đạo Ninh-Thuận chạy lên phía tây đến cửa Duồng thuộc hải-phần huyện Hòa-Đa phỏng 1 ngày đêm; từ cửa Duồng chạy lên tây đến vũng Vị-Nê thuộc hải-phận huyện Tuy-Lý phỏng 1 ngày 3 giờ; từ phía tây bắc vũng Vị-Nê (ngay trạm Thuận-Tỉnh trên đường lục lộ) chạy lên phía tây đến ngoài núi Thần-Mẫu giáp giới tỉnh Biên-Hòa phỏng 1 ngày đêm (đây là đều lấy theo mực độ đi thuyền có gió).
q12_page_64-0009,ĐÒ LONG-VĨNH
q12_page_64-0010,Ở xã Long-Hương huyện Tuy-Phong.
q12_page_65-0001,ĐÒ PHAN-RÍ
q12_page_65-0002,Ở xã Hải-Tân huyện Hòa-Đa qua cửa tấn Phan-Rí.
q12_page_65-0003,ĐÒ KỲ-XUYÊN
q12_page_65-0004,Ở thôn Long-Lễ huyện Hòa-Đa
q12_page_65-0005,ĐÒ PHỐ-HÀI
q12_page_65-0006,"Ở thôn An-Hải, huyện Tuy-Lý."
q12_page_65-0007,ĐÒ PHAN-THIẾT
q12_page_65-0008,"Ở thôn Minh-Long huyệu Tuy Lý, qua cửa tấn thuộc thôn Đức"
q12_page_65-0009,ĐÒ LA-DI
q12_page_65-0010,"Ở phường Phước-Lộc huyện Tuy-Lý, nay có cầu."
q12_page_65-0011,ĐÒ MA-LY
q12_page_65-0012,Ở xã Tam-Tân huyện Tuy Lý.
q12_page_65-0013,ĐÒ PHÙ-MI
q12_page_65-0014,"Ở hộ Hàm-Thặng huyện Tuy-Lý, phía tả là thôn Thắng-Hải."
q12_page_66-0001,KIỀU LƯƠNG (Cầu đập)
q12_page_66-0002,CẦU PHÚ-MỸ
q12_page_66-0003,"Ở thôn Phú-Mỹ huyện Tuy-Phong (sau đây cũng thuộc huyện này), dài 33 trượng, gác trên sông Vĩnh"
q12_page_66-0004,CẦU VĨNH HẢO
q12_page_66-0005,"Ở thôn Vĩnh-Hảo huyện Tuy-Phong, dài 25 trượng 5 thước."
q12_page_66-0006,CẦU THANH-TU
q12_page_66-0007,"Ở xã Thanh-Tu huyện Hòa-Đa (sau đây cũng ở huyện này), gần phía bắc có miếu Thành Hoàng."
q12_page_66-0008,CẦU THANH-PHƯỚC
q12_page_66-0009,"Ở thôn Thanh-Phước, dài 6 trượng."
q12_page_66-0010,CẦU KỲ XUYÊN
q12_page_66-0011,"Ở huyện Hòa-Đa, bắc qua sông Kỳ-Xuyên, có 16 nhịp dài hơn 30 trượng, làm năm Minh-Mạng thứ 6, nay đã hư."
q12_page_66-0012,CẦU LIÊM CÔNG
q12_page_66_67-0001,"Ở xã Liêm-Công huyện Hòa-Đa, tục danh cầu sông Cạn, dài 53 trượng, phía tây gần chợ dân thôn Tân Phú để làm cầu này, dài 20 trượng làm cầu này, dài 41 trượng trượng."
q12_page_67-0001,"15 trượng cho 20 người dân phường ấy để làm cầu này, dài 42 trượng trượng, 1 sở dài 44 trượng."
q12_page_67-0002,CẦU TÂN PHÚ
q12_page_67-0003,Ở huyện Tuy Lý (sau đây cũng thuộc huyện này).
q12_page_67-0004,"Năm Kỷ-Vị (1799) thuở đầu trung-hưng, vua tha bắt lính và thuế cho 19 người"
q12_page_67-0005,CẦU ĐỨC-THẮNG
q12_page_67-0006,"Ở gần núi Đức-Thắng. Năm Giáp-Dần (1794) thuở đầu trung hưng, vua tha bắt lính và thuế cho 100 dân thôn Đức-Thắng đề"
q12_page_67-0007,CẦU SƠN-THỦY
q12_page_67-0008,"Ở thôn Sơn-Thủy, tục danh cầu Quan."
q12_page_67-0009,"Thuở đầu trung-hưng tha bắt lính và thuế cho 54 người dân thôn ấy để làm cầu này, dài 29"
q12_page_67-0010,CẦU ĐÔNG-THÁI
q12_page_67-0011,"Ở thôn Hiệp-Nghĩa, dài 12 trượng."
q12_page_67-0012,Phía tây có cầu Tây-Phái dài
q12_page_67-0013,CẦU LA-GIANG
q12_page_67-0014,Ở phường Phước-Lộc. Thuở đầu trung-hưng tha bắt lính và thuế
q12_page_67-0015,CẦU TÂN-QUÍ
q12_page_67-0016,"Ở xã Tân-Quí, cộng 3 sở: 1 sở dài 11 trượng, I sở dài 14"
q12_page_68-0001,CẦU QUÁN-CƯ
q12_page_68-0002,"Ở thôn Quán-Cư, tục danh cầu Di-Môn, dài 12 trượng 5 thước lại có một cầu dài 8 trượng."
q12_page_68-0003,CẦU PHÙ-MI
q12_page_68-0004,"Ở sông Phù-Mi, có 3 cầu gần nhau, 1 cầu dài 60 trượng, 2 cầu ở phía tây đều dài 12 trượng."
q12_page_68-0005,CẦU PHƯỚC-THẮNG
q12_page_68-0006,"Ở hộ Phước-Thắng, gần phía tây cầu Phù-Mi, dài 30 trượng."
q12_page_68-0007,CẦU CỦ-HỮU บ
q12_page_68-0008,"Gần ấp Trúc Khê, dài hơn 2 trượng."
q12_page_69-0001,ĐÊ ĐIỀU
q12_page_69-0002,BỜ ĐẬP ĐỒNG-MỚI (hay Đồng-Mãi)
q12_page_69-0003,"Ở thôn Mã-Lăng, phía tây-bắc huyện Hòa-Đa."
q12_page_69-0004,"Tương truyền đập này là của Chiêm-Thành đấp, năm Tự-Đức Ig (1866) trùng tu."
q12_page_70-0001,THỊ ĐIỂM (Chợ-quán) (Năm Thành-Thái 18 (1906) thuế chợ thu được 123 đồng bạc) (Những chợ phố ở huyện Tuy-Phong)
q12_page_70-0002,CHỢ LONG-HƯƠNG
q12_page_70-0003,"Ở xã Long-Hương, tục danh chợ Long-Sông."
q12_page_70-0004,CHỢ VĨNH-GIANG
q12_page_70-0005,"Ở thôn Vĩnh-Hảo, sớm chiều đều nhóm, tục danh chợ Trại."
q12_page_70-0006,CHỢ BÌNH-THẠNH
q12_page_70-0007,"Ở xã Bình-Thạnh, cũng gọi là chợ La-Gòng, hàng quán cũng"
q12_page_70-0008,ĐIẾM VĨNH HẢO
q12_page_70-0009,"Ở gần đầm Vĩnh-Dân, phía nam có giếng, nước lạt uống được."
q12_page_70-0010,ĐIỂM MỘC-BÀI
q12_page_70_71-0001,"Tục danh Quán-Lạp, ở bên có một cái giếng, thuở xưa có quyên tiền của làm ra quán ấy, để tế-độ cho người qua lại, đền có cái giếng chiều, phố xá trù mật."
q12_page_71-0001,"Ở xã Cam Hải, thường nhóm buổi sớm thành qua chỗ khác, thì chợ nhóm họp thưa thớt của huyện quân giặc đầu độc xuống giếng, nên thổ-nhân phải nêu yết đề"
q12_page_71-0002,ĐIẾM QUÁN LƯƠNG
q12_page_71-0003,"Ở a tổng Vĩnh-An, xưa có người tu theo phái Khất-thực"
q12_page_71-0004,ĐIẾM ĐA-THỤ (Cây-đa)
q12_page_71-0005,"Ở bên cạnh có cây đa lớn, dưới cây đa có đền xưa, trước"
q12_page_71-0006,CHỢ NGÂN-GIANG
q12_page_71-0007,Ở địa phận 2 xã Ngân-Giang và Thụy Giang; chợ nhóm buổi (Những chợ quán ở huyện Hòa-Đa)
q12_page_71-0008,CHỢ CAM-HẢI
q12_page_71-0009,CHỢ TĂNG-LONG
q12_page_71-0010,"Ở xã Phú Đức, tục danh chợ Dinh, phố xá trù mật."
q12_page_71-0011,CHỢ LIÊM-CÔNG
q12_page_71-0012,"Ở xã Liêm-Công, gần đấy có Văn-miếu; từ sau khi dời tỉnh"
q12_page_71-0013,SỞ PHỐ BÌNH-THỦY
q12_page_71_72-0001,"Ở thôn Bình-Thủy, tục danh Quán-Chà, gần đấy có văn-chỉ (Những chợquán ở huyện Tuy-Lý)"
q12_page_72-0001,CHỢ ĐỨC-THẮNG
q12_page_72-0002,"Ở xã Đức-Thắng, gần đấy có cầu Đức-Thắng."
q12_page_72-0003,CHỢ PHỐ-HÀI
q12_page_72-0004,"Ở xã Mỹ-Thiện, khi trước đạo-lỵ ở đấy; có đường thủy, lục giảo thông, hàng hóa tích tụ đầy đủ, nhưng hiện nay đã thưa vắng."
q12_page_72-0005,CHỢ TÂN-HỘI
q12_page_72-0006,Ở thôn Tân-Hội; phố xá trù mật.
q12_page_72-0007,CHỢ LONG-KHÊ
q12_page_72-0008,"Ở thôn Long-Khê, chợ nhóm buổi chiều, hàng hóa thưa thớt."
q12_page_72-0009,CHỢ TÚ-LONG
q12_page_72-0010,"Ở xã Tú-Long, tục danh chợ Đội-Thiều."
q12_page_72-0011,ĐIỂM QUÁN-DŨNG
q12_page_72-0012,Sau điếm có 2 hòn núi.
q12_page_72-0013,Điếm này cũng có tên là điếm Song
q12_page_73-0001,NHÂN VẬT
q12_page_73-0002,NGUYỄN-ĐĂNG-HỰU
q12_page_73-0003,"Người huyện Hòa-Đa (mấy người sau đây cũng ở huyện này) có học thuật, biết binh pháp."
q12_page_73-0004,"Thuở đầu nhà Nguyễn trung-hưng tòng chinh có công, làm đến Bình-bộ Thượng-thơ, về hưu."
q12_page_73-0005,"Đầu niên hiệu Minh-Mạng, Tri-phủ Bình-Thuận là Tô-Trân đến yết kiến hỏi về phương thuật trị dân."
q12_page_73-0006,"Ông đáp rằng: «Ai ngưu giả tiên bác kỳ sắt, ái dân giả tiên trị kỳ lại: (thương con trâu, trước hết phải bắt rận cho nó; thương người dân, trước hết phải trừng trị những lại thuộc tham ô»."
q12_page_73-0007,Lời nói ấy người đời cho là danh-ngôn.
q12_page_73-0008,Khi 80 tuổi ông đến kinh chúc-khánh rồi mất; được tặng Hiệp-biện Đại-học-sĩ.
q12_page_73-0009,VÕ-VĂN-LÂN
q12_page_73-0010,"Thuở đầu Nguyễn trung-hưng, vì có công ở Vọng-Các, làm đến Trấn-thủ Bình-Thuận-dinh, rồi mất ở công-thự."
q12_page_73-0011,"Con là Trân, tập ấm chức Phụng-ân-úy."
q12_page_73-0012,NGUYỄN-VĂN-TẠI
q12_page_73-0013,"Thuở đầu Nguyễn trung-hưng, tòng chinh có công; khi mất được tặng Chưởng-cơ, thờ vào đền Biều-trung."
q12_page_73-0014,PHAN-TẤN-TUẤN
q12_page_73-0015,"Người huyện Tuy-Lý. Lúc đầu bồ vào Hàn-lâm-viện, tòng chinh có công."
q12_page_73-0016,"Trong niên hiệu Gia-Long, thăng Tham-hiệp tỉnh Nghệ-An, rồi mất ở công-thự."
q12_page_74-0001,BÙI-TĂNG-HUY
q12_page_74-0002,"Người huyện Hòa-Đa, đậu cử nhân khoa kỷ-mão (1819)."
q12_page_74-0003,"Niên hiệu Gia-Long, làm đến chức Bố-chính tỉnh Cao Bằng."
q12_page_74-0004,"Năm Minh-Mạng 14 (1833) bọn Nghịch-Vân vây thành, ngoại-viện bị ngăn trở, ông cùng An-sát Phạm-Đình-Trạc, Lãnh-binh Phạm-Văn-Lưu tuẫn tiết chung một ngày."
q12_page_74-0005,"Vua tặng cho chức Tham-tri, rồi sai dựng đền Tam-trung phụng tự."
q12_page_75-0001,"Ở các huyện đều có, khi trước có thuế."
q12_page_75-0002,"Các núi đều có, đồng-niên nạp thuế 604 cân đồng-niên nạp 1 cân 8 lượng."
q12_page_75-0003,Sản xuất ở các làng Mọi.
q12_page_75-0004,Lệ cũ đồng-niên nạp 170 cân.
q12_page_75-0005,THỔ SẢN
q12_page_75-0006,BẠCH-BỐ (vải trắng)
q12_page_75-0007,THỤC-THIẾT (Sắt già)
q12_page_75-0008,"HOÀNG-LẠP (Sáp ong-vàng) Khi trước có xưởng làm sáp, dân ở tổng Nam-Thổ đệ nạp đồng"
q12_page_75-0009,KỲ-NAM
q12_page_75-0010,Xưa có hộ Thái-Hương (người hái những cây có hương vị)
q12_page_75-0011,TRẦM HƯƠNG
q12_page_75-0012,PHẤT SA (Tục danh lo-sa)
q12_page_76-0001,"Ở huyện Tuy-Lý, ngon hơn."
q12_page_76-0002,Sản xuất miền núi Hòa-Đa Sản xuất miền núi Tuy-Lý có nhiều.
q12_page_76-0003,"(San-hô) giã nhỏ thoa lên chỗ sưng, thấy có hiệu ngay."
q12_page_76-0004,"Sản xuất ở huyện Hòa-Đa và Tuy-Phong nhỏ thoa lên, thì thấy có hiệu ngay."
q12_page_76-0005,LONG NHÃN
q12_page_76-0006,"MÃNH-HỎA-DU (Dầu rái) CẢM-LÃM-CHI (Nhựa cây trám) 2 thứ trên này ở miền núi các huyện đều có, thường năm có CẨM-VĂN-MỘC (Cây Cầm-văn) Ô-MỘC (Cây mun)"
q12_page_76-0007,SAN-HÔ THẢO (Cỏ San-hô)
q12_page_76-0008,"Cỏ San-hô sinh ở bên đường, cây như Long-cốt (Xương-rồng) lá hình như dây-gân; chỗ đất có cỏ độc tên là cây «Tầm-dã», bị gai nó đâm vào da người, lần lần sưng phù rồi lở lói, thì lấy cỏ này BẠCH TẨM (Cây nấm-trắng) BỒN-BỒN THẢO (Cây bồn-bồn) Lá như lá cải; chỗ đất có thứ rắn độc lớn bằng ngón tay út trên lưng có sọc rằn, tục danh rắn còng-nưa (?) người bị rắn ấy cắn, nọc độc phát lên mê mà chết, phải gấp lấy lá cây này dã Ở 2 cửa Phan-Rang và Phan Rí ngon hơn."
q12_page_76-0009,"Ở núi cát các huyện đều có, dùng làm thuốc."
q12_page_77-0001,Sản xuất ở huyện Hòa-Đa.
q12_page_77-0002,"Sản xuất ở Hòa-Đa Ở các núi đều có biết chữ nào là đúng, nhưng người ta thường gọi là «diêm-tiêu»."
q12_page_77-0003,THỦY-HÀM (Mắm nước)
q12_page_77-0004,NGƯ-HÀM (Mầm cái) THUẬN-SÂM (Sâm Bình-Thuận)
q12_page_77-0005,DIÊM-TIÊU (1)
q12_page_77-0006,MA-BÌ (Vỏ cây gai)
q12_page_77-0007,ĐẠI-MẠO (con đồi mồi)
q12_page_77-0008,XA-CỪ (Ốc xa-cừ)
q12_page_77-0009,HẢI-HẠC-NGƯ
q12_page_77_78-0001,"TỴ-MỤC-NGƯ (cá lờn-bơn) ((1) Chữ «Tiêu» tra trong Tự-điển không có, chỉ có chữ âm là khám, và chữ âm là diệm, mà cũng không thấy 2 chữ «diêm-tiêu» đi đôi với nhau, nên chưa THẠCH-ĐẦU-NGƯ (cá úc)."
q12_page_78-0001,XÍCH-LÂN-NGƯ (cá vầy đỏ) THU-NGƯ (cá chạch).
q12_page_78-0002,TƯỢNG-NHĨ-CÁP (ốc tai-tượng). HỔ-HÀ (tôm hùm).
q12_page_78-0003,Ô-TẶC-NGƯ (con mực non). NGƯ-PHIẾU (nây cá).
q12_page_78-0004,NGƯ-DU (dầu cá). NGƯ-SÍ (vi cá).
q12_page_78-0005,"Những vật trên, ở các miền biển đều có."
q12_page_81-0001,"Đạo Ninh-Thuận Từ đông đến tây cách 136 dặm, từ nam đến bắc 95 dặm."
q12_page_81-0002,"Phía đông đến biển 7 dặm; tây đến ranh giới huyện Hòa-Đa tỉnh Bình-Thuận 129 dặm; nam đến biển 27 dặm; bắc đến ranh giới huyện Vĩnh-Xương, tỉnh Khánh-Hòa 68 dặm; theo phía bắc đến Kinh 1095 dặm, thường đi mất 19 ngày."
q12_page_82-0001,PHÂN DÃ
q12_page_82-0002,Cũng giống như tỉnh Bình-Thuận.
q12_page_83-0001,KIẾN TRÍ DUYÊN CÁCH
q12_page_83-0002,"(Kiến thiết, y cũ, hoặc đổi mới) Đất này nguyên xưa của Chiêm-Thành."
q12_page_83-0003,"Đời vua Hiếu-Minh Hoàng-Đế (Nguyễn-Phúc-Chu) năm Đinh-sửu là năm thứ 6 (1697) mới khai thác rồi đặt ra phủ Bình-Thuận, huyện An-Phước và đạo Phan-Rang."
q12_page_83-0004,"Ban đầu chưa đặt các viên phủ huyện, chỉ đặt ở đạo 1 quan văn và I quan võ quản trị, lệ thuộc về dinh."
q12_page_83-0005,"Năm Minh-Mạng thứ 4 (1823) mới đặt Tri-phủ Bình-Thuận kiêm lý huyện An-Phước, giảm đạo Phan-Rang."
q12_page_83-0006,Năm thứ 6 (1825) đặt Tri huyện An-Phước.
q12_page_83-0007,"Năm thứ 13 (1832) chia đất phủ Bình-Thuận làm 2, phía đông-bắc làm phủ Ninh-Thuận đặt chức Tri-phủ kiêm-lý huyện An-Phước, lại đặt thêm huyện Tuy-Phong làm thống hạt phủ, thuộc tỉnh Bình-Thuận (Đã nói rõ trong tỉnh-chí Bình-Thuận)."
q12_page_83-0008,Năm Đồng-Khánh thứ nhất (1886) đem các tổng thượng-du huyện An-Phước đặt làm huyện Thổ và huyện Mán (Huyện-viên và lệ mục 2 huyện ấy đều dùng người Thổ).
q12_page_83-0009,"Năm thứ 3 (1888) đổi thuộc về tỉnh Khánh-Hòa, chỉ đề huyện Tuy-Phong thuộc tỉnh Bình-Thuận như cũ."
q12_page_83-0010,"Năm Thành-Thái 13 (1901) đổi làm đạo Ninh-Thuận (nguyên là phủ), đặt chức Quản-đạo và chức Điền học, Bang-biện, Kinh-lịch, Hậu-bồ (đều 1 người); lãnh 3 huyện."
q12_page_83-0011,HUYỆN AN-PHƯỚC
q12_page_83_84-0001,Từ huyện lỵ xuống phía đông cách ranh giới huyện Vĩnh Xương tỉnh Khánh-Hòa 57 dặm.
q12_page_84-0001,"Nam giáp biển, tây-bắc giáp huyện Thổ và huyện Mán."
q12_page_84-0002,Đầu triều Nguyễn đặt tên huyện này và sáp nhập vào phủ Bình-Thuận.
q12_page_84-0003,Năm Minh-Mạng thứ 13 (1832) cải thuộc phủ Ninh-Thuận.
q12_page_84-0004,Năm Đồng-Khánh thứ nhất (1886) lấy đất miền thượng-du của huyện hạt này đặt làm huyện Thổ và huyện Mán.
q12_page_84-0005,"Năm thứ 3 (1888) lấy 7 xã ở tổng Phú-Quí, huyện Tuy-Phong PHỦ Hàm-Thuận (7 xã là Phú-Quí, Thạch-Đức, Lạc-Nghiệp, Sơn-Hải, Từ Sơn, Nho-Lâm và Từ-Thiện) và 2 tổng Tú-Trà và Ninh-Gia của huyện Hòa-Đa, cho thuộc huyện này."
q12_page_84-0006,"Nay gồm 4 tổng, 64 xã, thôn, hộ (do đạo kiêm-lý)."
q12_page_84-0007,HUYỆN THỔ AN-PHƯỚC
q12_page_84-0008,"Địa giới huyện này xen lẫn với huyện An-Phước, không phân bốn bề tiếp giáp Năm Đồng-Khánh thứ nhất (1886) lấy 2 tổng Thổ dân thượng-du huyện An-Phước đặt làm huyện Thồ này."
q12_page_84-0009,"Nay gồm 2 tổng, 31 xã, thôn, Viên huyện và lại lệ (lại-mục lệ-mục) đều dùng người Thổ (huyện Mán cũng vậy)."
q12_page_84-0010,HUYỆN MÁN
q12_page_84-0011,"Phía tây-bắc giáp sơn động, phía đông-nam giáp An-Phước HUYỆN Thồ."
q12_page_84-0012,Năm Đồng-Khánh thứ nhất (1886) trích 3 tổng dân Mán miền thượng-du An-Phước đặt làm huyện Mán này.
q12_page_84-0013,"Nay gồm 3 tổng, còn những làng, trại chưa tường."
q12_page_84-0014,"Hình thế, khí hậu và phong tục cũng giống như tỉnh Khánh-Hòa và Bình-Thuận."
q12_page_85-0001,THÀNH TRÌ
q12_page_85-0002,ĐẠO-THÀNH
q12_page_85-0003,Ở địa phận xã Kinh-Dinh huyện An-Phước.
q12_page_85-0004,"Nguyên trước là huyện-lỵ An-Phước, đến năm Minh-Mạng thứ 4 (1823) thuộc về phủ kiêm-lý, nên gọi là Phủ-thành."
q12_page_85-0005,"Thành này trước đắp đất, 4 góc và trước sau mở thông 2 cửa; chu vi dài 79 trượng 5 thước cao 5 thước, hào rộng 1 trượng 3 thước, sâu 5 thước."
q12_page_85-0006,"Năm Thành-Thái thứ 13 (1901) cải phủ làm đạo, đặt lỵ-sở cũng tại xã Kinh-Dinh chỗ phủ-lỵ cũ nhưng nương hào đều lấp bằng, không theo như cũ, chỉ trồng cây tạp làm rào, không có hào lũy."
q12_page_85-0007,"Từ phía đông đến phía tây 29 trượng rưỡi, thành hơn 150 thước tây."
q12_page_85-0008,"Ở giữa làm công-thự của đạo 3 gian, trước phía tả làm ty-xá 4 gian trước phía hữu làm ngục-thất 3 gian."
q12_page_85-0009,"Còn các đàn miếu sơn-xuyên xã-tắc, văn-miếu, hội đồng đều chưa kiến thiết."
q12_page_85-0010,HUYỆN LỴ AN-PHƯỚC
q12_page_85-0011,"Nguyên thuở trước là Phủ-lỵ, nay đổi làm Đạo-dinh."
q12_page_85-0012,LỴ SỞ HUYỆN THỔ AN-PHƯỚC VÀ HUYỆN MÁN
q12_page_85-0013,"Lỵ-sở chưa có kiến-thiết thành trì, viên Huyện và Lại-mục Lệ-mục đều dùng người Thổ."
q12_page_86-0001,Học hiệu sở NHA HỌC-CHÁNH Ở địa phận xã Kinh-Dinh
q12_page_87-0001,HỘ KHẨU
q12_page_87-0002,"(Theo lúc trước sổ sách còn thuộc về tỉnh Bình-Thuận, sau lại cải thuộc tỉnh Khánh-Hòa."
q12_page_87-0003,Từ năm Thành-Thái thứ 13 (1901) mới đặt làm đạo.
q12_page_87-0004,Thuế ruộng sau đây cũng vậy).
q12_page_87-0005,"Năm Thành-Thái 18 (1906), các hạng số đinh 8405 người (Trừ ngoại chức-sắc, miễn sai, còn số miễn-diêu 72 người, số chánh-nạp 8333 người, trong số ấy có dân Mọi 525 tên, mỗi tên bạc sưu 1 đồng 5 hào, cũng ở trong số bạc sưu nói sau đây), số bạc sưu 18, 361 đồng lẻ, bạc công ích 3.333 đồng lẻ; hiệp cộng 21.694 đồng."
q12_page_88-0001,ĐIỀN PHÚ
q12_page_88-0002,"Năm Thành-Thái 18 (1906), ruộng đất cộng 22.571 mẫu, bạc thuế cộng 17.421 đồng lẻ, phụ-nạp 6 phần 100, được 871 đồng lẻ; hiệp cộng 18.292 đồng lẻ."
q12_page_89-0001,SƠN XUYÊN
q12_page_89-0002,NÚI BA-TIÊU
q12_page_89-0003,"Ở phía bắc đạo-lỵ 46 dặm, tiếp giáp ranh-giới huyện Vĩnh Xương."
q12_page_89-0004,"Núi này sinh nhiều chuối-nước, nên gọi tên ấy (ba-tiêu là chuối)."
q12_page_89-0005,Phía tây núi có con đường theo từ tỉnh Khánh-Hòa đến đi dọc sơn-phận thì thông đến địa giới huyện Tuy-Phong.
q12_page_89-0006,NÚI Ý
q12_page_89-0007,"Ở phía bắc đạo lỵ 41 dặm, cỏ cây sầm uất."
q12_page_89-0008,NÚI TÔ-DÂN
q12_page_89-0009,"Ở phía đông bắc đạo-lỵ 65 dặm, cũng gọi tên là núi Huyền Thạch."
q12_page_89-0010,"Thế núi lởm chởm, cỏ cây xanh tốt."
q12_page_89-0011,NÚI KHOAN-DỤ
q12_page_89-0012,Ở phía đông đạo-lỵ 53 dặm.
q12_page_89-0013,NÚI NHĨ TRƯỜNG
q12_page_89-0014,Ở phía đông bắc đạo-lỵ 58 dặm.
q12_page_89-0015,NÚI PHONG-TỤ
q12_page_89-0016,Ở phía đông bắc đạo-lỵ 40 dặm.
q12_page_90-0001,NÚI KHÁNH-NHƠN
q12_page_90-0002,Ở phía đông đạo-lỵ 53 dặm.
q12_page_90-0003,"6 núi trên đây, ở từ phía bắc đạo-thành trông thấy một dãy dăng ngang, hình như liên lạc nhau vậy."
q12_page_90-0004,NÚI LAI
q12_page_90-0005,Ở phía bắc đạo-lỵ hơn 40 dặm.
q12_page_90-0006,Núi này sinh nhiều thứ cây du-lai (?).
q12_page_90-0007,"Bốn phía đất bằng, có đường trạm đi qua phía tây-bắc."
q12_page_90-0008,NÚI NI-CÔ
q12_page_90-0009,Ở phía bắc đạo-trị 16 dặm.
q12_page_90-0010,"Hình núi nguy-nga, tục danh núi"
q12_page_90-0011,NÚI THỊ-TU
q12_page_90-0012,Ở phía đông bắc đạo-lỵ 21 dặm.
q12_page_90-0013,"Hình núi đột-ngột, cây cối"
q12_page_90-0014,TỰ-SƠN
q12_page_90-0015,"Tục danh núi Chùa, ở phía đông bắc đạo-lỵ 26 dặm."
q12_page_90-0016,Phía nam gần núi Quít.
q12_page_90-0017,NÚI ĐỐC-LIỆT
q12_page_90-0018,Ở phía đông-bắc đạo-lỵ 34 dặm.
q12_page_90-0019,NÚI MẬU-TRƯỜNG
q12_page_90-0020,Ở bờ biển phía đông đạo-lỵ 42 dặm.
q12_page_90-0021,"5 núi trên đây, theo từ núi Hồn-Thiên chạy đến, chỗ xa chỗ gần, chỗcao chỗ thấp, trông như cái bình phong dăng ra vậy."
q12_page_90-0022,NÚI HỒN-THIÊN
q12_page_90-0023,Ở phía bắc đạo-ly 10 dặm.
q12_page_90-0024,Phía đông mọc lên các núi Ni-Cô.
q12_page_91-0001,NÚI CA-CÚ (hay Cà-đú)
q12_page_91-0002,"Ở phía bắc đạo-lỵ 10 dặm, phía nam núi Hồn-Thiên."
q12_page_91-0003,"Dưới núi có đầm Phương-Cựu, thông với cửa tấn Ma-Văn."
q12_page_91-0004,GÒ THANH-HIẾU
q12_page_91-0005,Ở phía đông bắc đạo-lỵ 56 dặm.
q12_page_91-0006,Núi này đất đá lởm chởm phía đông giáp biển cả.
q12_page_91-0007,NÚI DƯ-KHÁNH
q12_page_91-0008,"Ở phía đông đạo-ly 9 dặm, dốc đá đứng cao, cũng gọi tên núi Thạch-Lũy (núi đá chồng)."
q12_page_91-0009,Bốn phía đều đất bằng.
q12_page_91-0010,NÚI CÀ-ĐẢ
q12_page_91-0011,Ở phía tây-bắc đạo-lỵ hơn 20 dặm.
q12_page_91-0012,Phía tây có núi Bạch Thạch và núi Lão-Giả.
q12_page_91-0013,NÚI VĂN LÂM
q12_page_91-0014,Ở phía tây đạo-lỵ hơn 30 dặm.
q12_page_91-0015,Phía tây núi này lại có núi
q12_page_91-0016,NÚI THAM-LÝ (hay Sâm-Lý)
q12_page_91-0017,"Ở phía tây đạo-lỵ. Mạch núi theo từ núi Tà-Trú đến, trải xuống làm núi Quít, núi Nghĩa-Lập và núi Văn-Lâm"
q12_page_91-0018,NÚI TÀ-TRÚ
q12_page_91-0019,"Ở phía tây đạo-lỵ hơn 100 dặm, giáp huyện hạt Tuy-Phong."
q12_page_91-0020,"Nơi đây là chỗ phát-nguyên của 1 sông nhánh Mai-Nương, phía bắc giáp đất Mọi."
q12_page_92-0001,RỪNG GĂNG
q12_page_92-0002,"Giáp giới huyện Tuy-Phong, dài được 5, 6 dặm."
q12_page_92-0003,"Nơi đây có nhiều cây găng, thường có nạn voi cọp, người đi qua lại phải"
q12_page_92-0004,GÒ XÍCH-THỊ (Thị Đỏ)
q12_page_92-0005,"Hai bên đều rừng tốt, có nhiều cây thị đỏ, tục danh Lũng-Lúa."
q12_page_92-0006,ĐẢO TÝ
q12_page_92-0007,"Ở phía đông gò Thanh-Hiếu, cách bờ biển chỉ hơn 20 trượng."
q12_page_92-0008,ĐẢO CHONG
q12_page_92-0009,"Ở phía đông-nam đạo-lỵ, đột khởi ở ngoài biển, cỏ cây thạnh tốt."
q12_page_92-0010,SÔNG PHAN-RANG
q12_page_92-0011,Cũng tên là sông Mai-Nương.
q12_page_92-0012,"Phát nguyên ở 2 núi Tham-Lý và Tà-Trú qua thôn Thạnh-Mỹ chảy vô nam 40 dặm, đến xã Đắc-Nhơn gọi tên sông Mai-Nương."
q12_page_92-0013,"Lại chảy vô nam 19 dặm nữa đến thôn Phước-Khánh, có sông Ma-Né từ phía tây bắc chảy nhập lại; chảy 10 dặm nữa đến thôn An-Hòa, có sông Ma-Bố từ phía tây đến nhập lại, rồi chảy 3 dặm nữa thì đồ ra cửa biển Phan-Rang."
q12_page_92-0014,SÔNG MA-NÉ
q12_page_92-0015,"Đầu nguồn từ trong động Mọi Tà-Hoạch chảy ra phía bắc làm sông Tà-Cai, chảy xuống sông Trí rồi chuyển xuống đông làm sông Tà-Câu."
q12_page_92-0016,"Lại chảy qua đông-nam làm sông Na-Lung, đến thôn Mỹ-Đức 32 dặm, rồi đến thôn Phước-Khánh nhập vào sông"
q12_page_93-0001,SÔNG MA-BỐ
q12_page_93-0002,"Phát nguyên từ trong sơn-động huyện Tuy-Phong chảy đến thôn Đại-Định, rồi chảy vô đông-nam 37 dặm hiệp cùng sông Mai-Nương chảy ra biển."
q12_page_93-0003,"(Các núi sông trên đây đều thuộc địa, phận huyện An-Phước còn ở huyện Thổ và huyện Mán, địa thế xa rộng, đường sá quanh co, ngàn núi muôn khe, không thề phân biệt được danh hiệu)."
q12_page_94-0001,KHE ĐẦM
q12_page_94-0002,(năm Thành-Thái 18 (1906) định bạc thuế đầm 390đ)
q12_page_94-0003,ĐẦM LÀNG ĐĂNG
q12_page_94-0004,Ở phía bắc đạo lỵ.
q12_page_94-0005,"Đầu nguồn từ núi Ba-Tiêu chảy ra khe Kiền-Kiền, trải qua độ."
q12_page_94-0006,5 dặm gọi là khe Lai.
q12_page_94-0007,Lại chảy qua thôn Đại-An 27 dặm làm đầm Làng-Đăng.
q12_page_94-0008,"Trên bờ khe Lai có nhiều cây mã-tiền, rụng lá xuống khe, người uống nước khe hay sanh bệnh phúc-trướng (trướng bụng)."
q12_page_94-0009,ĐẦM HƯƠNG-CỰU
q12_page_94-0010,"Ở phía đông-bắc đạo-lỵ, thuộc thôn Hương-Cựu; chu vi 26 dặm, thông với cửa tấn Ma-Văn, tùy theo nước biển khi lên khi ròng."
q12_page_94-0011,Cũng có tên là đầm Úc-Hải (ngày nay thường gọi là đầm
q12_page_94-0012,EO BỂ TÍCH-THỦY 2 (1)
q12_page_94-0013,Ở phía đông bắc đạo-lỵ.
q12_page_94-0014,"Chu vi 40 dặm, mùa thu, đông nước lụt tràn chảy ra biển."
q12_page_94-0015,(1) Vũng nước chứa hình vòng cộng.
q12_page_95-0001,CỔ TÍCH
q12_page_95-0002,THÁP ĐẮC-NHƠN
q12_page_95-0003,Ở thôn Đắc-Nhơn Tương-truyền tháp này là nguyên của Thiên-Vương Chiêm-Thành kiến trúc.
q12_page_95-0004,"Sau đây 2 tháp cũng đều là cổ tháp Chiêm-Thành, chỉ lấy chỗ sở tại để gọi làm danh-hiệu riêng."
q12_page_95-0005,THÁP HẬU-SANH
q12_page_95-0006,"Ở thôn Hậu-Sanh, huyện An-Phước."
q12_page_95-0007,THÁP BỈNH-NGHĨA
q12_page_95-0008,"Ở thôn Bỉnh-Nghĩa, huyện An-Phước."
q12_page_96-0001,ĐỀN MIẾU
q12_page_96-0002,"(Những đàn Xã Tắc, Tiên-Nông, Sơn-Xuyên và những miếu Văn miếu Võ, Thành-Hoàng, Hội-Đồng đều chưa kiến thiết)."
q12_page_96-0003,ĐỀN BÁI CƯƠNG-HẦU
q12_page_96-0004,"Ở thôn An-Nhơn huyện An-Phước; thường khi cầu mưa, cầu trị bệnh đều được linh ứng."
q12_page_96-0005,"Lúc đầu nhà Nguyễn khai-quốc, Cai cơ Bái-cương-Hầu dẹp Mọi có công được phong làm Phước-thần lại được sắc phong làm «Chấn-Võ chỉ thần»."
q12_page_96-0006,ĐỀN THẦN-HẢI
q12_page_96-0007,Có một tên là đền Ngọc-Lân.
q12_page_96-0008,"Nguyên trước ở thôn Sơn-Hải HUYỆN Tuy-Phong, thờ Nam-Hải Cự-Tộc-Ngọc-Lân Tôn-Thần, nay thôn ấy thuộc về đạo hạt."
q12_page_96-0009,"Tượng Thần đắp bằng đất, bề ngoài trang sức, ở sau bức tượng có đặt một cái hòm gỗ, sơn đỏ."
q12_page_96-0010,"Bô lão thôn ấy tương-truyền rằng ngày 2 tháng 2 năm Nhâm-ngọ, người trong thôn thấy có một đoạn xương sống cá Voi và 1 cái thùng vuông bằng gỗ cây tòng, từ ngoài biển trôi táp vào."
q12_page_96-0011,"Người trong thôn xúm khiêng đoạn xương ấy bỏ vào thùng, muốn lựa chỗ đất chôn, nhưng khiêng không nhúc nhích."
q12_page_96-0012,"Khi ấy Thần lại phụ vào 1 người đề phán bảo rằng: «Không nên vội vàng, thần ta định ở đậu tại đây, không được đem táng chỗ khác»."
q12_page_96-0013,"Người thôn ấy cho là Thần, bèn táng ở đây, lập đền thờ, được linh-ứng."
q12_page_97-0001,QUAN TẤN
q12_page_97-0002,CỬA TẤN MA-VĂN
q12_page_97-0003,Ở phía đông-nam đạo-lỵ 18 dặm.
q12_page_97-0004,"Bề ngang 35 dặm. Khi nước lên sâu 3 thước, nước xuống sâu 3 thước."
q12_page_97-0005,"Lúc gần đây theo lời thông-tư của đạo: tấn ấy bề ngang 1500 thước tây, sâu hoặc đến 8 thước."
q12_page_97-0006,Phía nam có vũng tên là Ban-Úc (1).
q12_page_97-0007,CỬA TẤN PHAN-RANG
q12_page_97-0008,"Ở phía đông-nam đạo-lỵ 13 dặm, bề ngang rộng 32 trượng."
q12_page_97-0009,"Theo bản chí cũ nói: «cửa tấn rộng 5 trượng, sâu 4 thước, hai bên bờ đều đặt Thủ-sở»."
q12_page_97-0010,"Gần đây cứ theo lời thông tư của viên quan trong đạo thì: «bề ngang cửa tấn 3000 thước tây, sâu đến 8 thước»."
q12_page_97-0011,"Đó cũng do nước lụt xoi lở, nên có cuộc biến thiên «thương-hải tang-điền» vậy."
q12_page_97-0012,CỬA TẤN VĨNH-HY
q12_page_97-0013,Ở phía đông đảo Tý.
q12_page_97-0014,"Bề ngang 800 thước tây, dài độ 1 dặm sâu đến 16 thước."
q12_page_97-0015,Một nửa tấn thuộc về phần biển Khánh-Hòa.
q12_page_97-0016,"((1) Ban-Úc có lẽ là «thuyền Úc»: nghĩa là Vũng-thuyển, hay Vũng-tấu, mà"
q12_page_98-0001,CỬA TẤN CÀ-NÁ
q12_page_98-0002,"Ở cực giới phía nam huyện An-Phước, một nửa thuộc hạt Tuy-Phong tỉnh Bình-Thuận."
q12_page_98-0003,"Bề ngang 5000 thước tây, sâu 18 thước."
q12_page_98-0004,CỬA TẤN CAM-RANH
q12_page_98-0005,"Ở cực giới phía bắc huyện An-Phước, một nửa thuộc hạt Vĩnh-Xương tỉnh Khánh-Hòa."
q12_page_98-0006,"Bề ngang 4000 thước tây, sâu 18 thước đến 29 thước."
q12_page_99-0001,DỊCH TRẠM
q12_page_99-0002,TRẠM NINH-LAI
q12_page_99-0003,"Ở địa phận thôn Tri-Thủy, dưới núi Lai, thuộc huyện An-Phước."
q12_page_99-0004,Phía đông - bắc đến trạm Hòa-Quân tỉnh Khánh-Hda 43 dặm; tây-nam đến trạm Ninh-Mai 30 dặm.
q12_page_99-0005,"Nguyên tên cũ là trạm Thuận-Lai ở thôn Nhơn-Sơn, nay đổi chỗ và đổi tên."
q12_page_99-0006,TRẠM NINΗ-ΜΑΙ
q12_page_99-0007,Ở địa phận xã Kinh-Dinh.
q12_page_99-0008,"Phía tây-nam đến trạm Ninh-Trinh 29 dặm; nguyên cũ tên là Thuận-Mai, nay đổi lại tên này."
q12_page_99-0009,TRẠM NINH-TRINH
q12_page_99-0010,Ở địa phận thôn Nho-Lâm.
q12_page_99-0011,Phía tây đến trạm Ninh-Lãng 29 dặm; nguyên trước tên là Thuận-Trinh ở thôn Đại-Định.
q12_page_99-0012,TRẠM NINH-LÃNG
q12_page_99-0013,"Ở địa phận thôn Lạc-Nghiệp, phía tây đến trạm Thuận-Hảo 25 dặm."
q12_page_99-0014,Trước tên là Thuận-Lãng ở thôn Cam-Tỉnh.
q12_page_99-0015,TRẠM NINH-HIỆP
q12_page_99-0016,"Ở địa phận thôn Hiệp-Mỹ, phía bắc đến trạm Ninh-Mỹ thuộc 93 phỏng 25 dặm."
q12_page_100-0001,"Bàn phỏng 30 dặm đường núi quanh co, số dặm chưa rõ."
q12_page_100-0002,Lãng ở đường cái quan.
q12_page_100-0003,Cũng thuộc đường mới Lâm-Viên.
q12_page_100-0004,Thổ huyện 30 dặm. Trạm này và các trạm sau đây đều mới đặt.
q12_page_100-0005,TRẠM NINH-MỸ
q12_page_100-0006,"Ở địa-phận thôn Mỹ-Thạnh, phía bắc đến trạm Ninh-Nhung"
q12_page_100-0007,TRẠM NINH-NHUNG
q12_page_100-0008,"Thuộc con đường mới Lâm-Viên, phía tây bắc đến trạm Ninh"
q12_page_100-0009,TRẠM NINH-BÀN
q12_page_100-0010,Thuộc con đường mới Lâm-Viên.
q12_page_100-0011,Ba trạm dưới đây có nhiều
q12_page_100-0012,TRẠM NINH HẢI
q12_page_100-0013,"Ở địa phận thôn Sơn-Hải, gần phía nam cửa tấn Phan-Rang đi qua dưới núi Mỏ-Diên và Chà-Bang rồi thông đến trạm Ninh"
q12_page_100-0014,TRẠM NINH-DU
q12_page_100-0015,"Ở theo đường mới Lâm-Viên, thông đến huyện Mán."
q12_page_100-0016,TRẠM NINH-LỊCH
q12_page_101-0001,ĐƯỜNG SÁ
q12_page_101-0002,MỘT CON ĐƯỜNG QUAN-BÁO
q12_page_101-0003,"Từ phía đông giáp ranh-giới huyện Vĩnh-Xương tỉnh Khánh-Hòa, chạy qua 4 trạm (Ninh-Mai, Ninh-Lai, Ninh-Trinh và Ninh Lãng) đến phía tây giáp ranh-giới huyện Tuy-Phong tỉnh Bình-Thuận 22 dặm (đến trạm Thuận-Hảo)."
q12_page_101-0004,MỘT CON ĐƯỜNG SƠN-LỘ
q12_page_101-0005,Từ ranh-giới tỉnh Khánh-Hòa qua núi Ba-Tiêu đến xứ Cà.
q12_page_101-0006,"Dương; lại băng qua các núi Tham-Lý, Tà-Trú, thông đến núi Cà Chiêu hạt Bình-Thuận, dài 167 dặm."
q12_page_101-0007,Nhiều chỗ hiềm trở nghiêng
q12_page_101-0008,MỘT CON ĐƯỜNG TIỂU LỘ
q12_page_101-0009,Từ phía tây đạo đến động Mán dài 78 dặm.
q12_page_101-0010,MỘT TIỂU-LỘ
q12_page_101-0011,"Từ trạm Thuận-Lai đi về tây bắc, đến xứ Cà-Dương dài 9.370 trượng (72 dặm lẻ 20 tầm)."
q12_page_101-0012,MỘT TIỂU-LỘ
q12_page_101_102-0001,Từ trạm Thuận-Mai đi về tây-bắc đến xứ Nhớ-Trùm (?) dài 6.500 trượng (48 dặm lẻ 40 tầm).
q12_page_102-0001,MỘT TIỂU-LỘ
q12_page_102-0002,Từ phía đông trạm Ninh-Trinh đi về phía tây đến xứ Man-Giả (hay Man-Nghiện) dài 5880 trượng (43 dặm lẻ 150 tâm).
q12_page_102-0003,MỘT TIỂU-LỘ
q12_page_102-0004,"Theo bờ biển, từ phía đông giáp núi Khánh-Nhơn giới hạn tỉnh Khánh-Hòa; qua 2 cửa tấn Ma-Văn và Phan-Rang lên hướng tây đến ranh-giới huyện Tuy-Phong 65 dặm (đi bộ mất 1 ngày và 1 giờ)."
q12_page_102-0005,MỘT ĐƯỜNG BIỂN
q12_page_102-0006,"Đi thuyền từ phía đông giáp hải phận tỉnh Khánh-Hòa lên hướng tây đến hải-phận huyện Tuy-Phong, phỏng 4 tiếng đồng hồ (Từ đảo Tý qua 2 cửa tấn Ma-Văn và Phan-Rang)."
q12_page_103-0001,"Ở địa-phận thôn Mỹ-Đức, qua sông Ma-Né."
q12_page_103-0002,"Ở thôn Khánh-Hội, qua cửa Ma-Văn."
q12_page_103-0003,"Ở thôn Tri-Thủy, qua đầm Hương-Cựu."
q12_page_103-0004,"Ở thôn Mỹ-Đức, qua sông Ma-Né."
q12_page_103-0005,"Ở thôn Đắc-Nhơn, qua sông Mai-Nương."
q12_page_103-0006,"Ở thôn Đạo-Long, qua sông Mai-Nương."
q12_page_103-0007,"Ở thôn An-Thạnh, qua sông Ma-Bố."
q12_page_103-0008,TẤN ĐỘ (Bến đò)
q12_page_103-0009,ĐÒ KINH-DINH
q12_page_103-0010,ĐÒ KHÁNH-HỘI
q12_page_103-0011,ĐÒ TRI-THỦY
q12_page_103-0012,ĐÒ MỸ-ĐỨC
q12_page_103-0013,ĐÒ ĐẮC-NHƠN
q12_page_103-0014,ĐÒ ĐẠO-LONG
q12_page_103-0015,ĐÒ PHƯỚC-THIỆN
q12_page_103-0016,"Ở thôn Phước-Thiện, qua thượng lưu sông Mai-Nương."
q12_page_103-0017,ĐÒ AN-THẠNH
q12_page_104-0001,CẦU CỐNG
q12_page_104-0002,(Những cầu dưới đây nằm trên đường cái quan)
q12_page_104-0003,CẦU SẮT BA-LẠCH
q12_page_104-0004,"Ở phía tây huyện An-Phước: dài 259 thước 5 tấc tây, bề ngang 7m50 (thước tây gọi là mét, viết tắt là «m», dài bằng 2 thước 3 tấc Việt-Nam; 4 thước 6 tấc tây là 1 trượng Việt-Nam)."
q12_page_104-0005,CẦU SUỐI-DẦU
q12_page_104-0006,"Ở địa phận thôn Thái-An, gác ngang qua suối Du-Lai: dài"
q12_page_104-0007,CẦU CHÂU-VÂN
q12_page_104-0008,"Ở địa-phận xã Cao-Hậu, gác qua sông Châu-Vân: dài 24m bề ngang 4mgo."
q12_page_104-0009,Nguyên trước thuộc huyện Tuy-Phong.
q12_page_104-0010,CẦU KIỀN-KIỀN
q12_page_104-0011,"Ở địa-phận thôn Tri-Thủy: dài 16m60, bề ngang 5m40."
q12_page_104-0012,CẦU LĂNG-ÔNG
q12_page_104-0013,"Ở địa-phận thôn Đắc-Nhơn: dài 18m58, bề ngang 3m80."
q12_page_105-0001,CẦU LÒNG MỨC
q12_page_105-0002,"Ở địa phận tổng Vạn Phước: dài 25m30, bề ngang 3m50."
q12_page_105-0003,CẦU ĐẮC-NHƠN
q12_page_105-0004,Ở địa phận thôn Đắc-Nhơn: dài hơn 7 m 50.
q12_page_105-0005,CẦU AN-HÒA
q12_page_105-0006,"địa-phận thôn An-Hòa, tục danh cầu Lão-An: dài 9 m 20."
q12_page_105-0007,CẦU ĐỒNG-GIAO (hay Đồng-gieo?)
q12_page_105-0008,Ở địa-phận xã Kinh-Dinh: dài 25 m 00.
q12_page_105-0009,CẦU DI-HẦU (Cầu Đười ươi)
q12_page_105-0010,"Gần gò Xích-Thị: dài 9 m 50; ở bên có rừng rậm, có nhiều khỉ, nên gọi là Di-Hau (Di-Hầu là con khỉ)."
q12_page_106-0001,ĐÊ ĐẬP
q12_page_106-0002,ĐẬP MAI-NƯƠNG
q12_page_106-0003,Ở xã Đắc-Nhơn huyện An-Phước.
q12_page_106-0004,Đập này là do dân trong hạt đắp ra để chứa nước tưới ruộng.
q12_page_106-0005,ĐẬP NHA-TRINH
q12_page_106-0006,"Ở phía đông huyện lỵ An-Phước, chạy đến cầu Đồng-Gieo tước vào đồng bằng."
q12_page_107-0001,CHỢ QUÁN
q12_page_107-0002,CHỢ KINH-DINH
q12_page_107-0003,"Ở phía đông Đạo-thành, xưa là chợ Phủ, nay là chợ Đạo."
q12_page_107-0004,"Phía đông từ cửa tấn Ma-Văn, phía nam từ cửa Tấn Phan-Rang phía bắc giáp quan-lộ thông đến Sơn-man, đều có con đường lớn giao thông."
q12_page_107-0005,"Hóa vật ngày càng tụ tập, phố xá ngày càng được xây"
q12_page_107-0006,CHỢ MAI-NƯƠNG
q12_page_107-0007,"Ở địa phận xã Đắc-Nhơn, phía tả trạm Ninh-Mai, gần đường quan-lộ."
q12_page_107-0008,"Lại có một còn đường lớn, từ trên xứ Nhớ-Trùm thuộc khu vực Thổ dân, xuống đến cửa tấn PhanRang."
q12_page_107-0009,"Ngang qua đầu chợ, là con đường giao thông bốn ngả, gần đây phố xá ngày càng tăng, dân cư ngày thêm trù mật, hàng hóa dồi dào đủ thứ."
q12_page_107-0010,CHỢ PHAN-RANG
q12_page_107-0011,"Ở phía bắc cửa tấn Phan-Rang, thuộc địa phận xã Đông Giang Phố xá trù mật, chợ nhóm buổi chiều, hải vật rất nhiều mà lại tươi ngon, nên tục có ngạn ngữ: «Cá Phan-Rang, cơm Đồng-Nai»."
q12_page_108-0001,NHÂN VẬT
q12_page_108-0002,ĐẶNG-ĐỨC-THUẬT
q12_page_108-0003,Người ở huyện An-Phước (mấy người sau đây cũng vậy).
q12_page_108-0004,"Trước đây ần cư dạy học, đến năm Mậu Thân (1788) đại-binh khắc phục Gia-Định-thành, ông đến yết kiến, được vua (Thế-Tổ) trao làm chức Gián-nghị."
q12_page_108-0005,"Ông gặp việc thì dám nói không sợ, vua Thế-Tổ thường dung nề không chấp trách."
q12_page_108-0006,"Ông Thuật trước ở Gia-Định, thì Trịnh-Hoài-Đức, Ngô-Nhân-Tĩnh, Lê-Quang-Định và Nguyễn-Hương đều phụng sự làm thầy học, các môn thơ từ và văn học ở Gia-Định được thạnh-hành là bắt đầu từ lúc này."
q12_page_108-0007,NGUYỄN-NHƯỢC-SƠN
q12_page_108-0008,"Ban đầu được thọ chức Hàn-lâm-viện, làm lần đến Bố-chánh tỉnh Thanh-Hóa, sau miễn chức rồi lại được khôi phục chức Thị giảng Học-sĩ."
q12_page_108-0009,"Sau ít lâu lại bị miễn chức, rồi lại được khôi-phục chức Chủ-sự."
q12_page_108-0010,"Đầu niên-hiệu Tự-Đức thăng An-sát tỉnh Nghệ-An lại cũng bị giáng chức lần nữa, rồi mất."
q12_page_108-0011,"Nhược-Sơn là người thông sáng, gặp việc dám làm, chỉ có tính khí-khái không chịu ràng buộc cho nên hoạn-đồ hay bị vấp, mà người đời cũng phục ông là người có hào-khí."
q12_page_108-0012,NGUYỄN-TRÁC-CHI
q12_page_108-0013,Ông là người khảng khái có tiếng văn học.
q12_page_108-0014,"Trong niên hiệu Tự-Đức, ở Nam-Kỳ biến loạn, ông mạnh dạn dẹp bút nghiên đến quân thứ Biên-Hòa theo việc quân và bỏ tiền của ra trợ giúp quân sĩ; các quan ở Biên-Hòa tâu lên, vua thưởng cho hàm Thất phẩm rồi bồ làm Tư-vụ nha Điền-nông."
q12_page_108-0015,Sau được thăng lãnh Tri-phủ.
q12_page_108-0016,"Rồi nhơn công-vụ lầm lỗi, bị khiền trách."
q12_page_108-0017,"Được ít lâu lại được khởi-phục chức Giám-lâm, coi kho tỉnh."
q12_page_108-0018,"Ông Trác-Chi tâm-sự thanh-bạch, phàm những tệ-đoan hay là nhũng-lạm trong kho, ông nhất thiết không nhúng tay vào."
q12_page_109-0001,PHAN-TRUNG
q12_page_109-0002,"Ông nguyên người Nam-Trung, ra ở huyện An-Phước: Vốn tánh cương-quyết, có khí tiết, thi đậu Hương-tiến (cử-nhân) làm quan Tri huyện; lúc bấy giờ mẹ già, xin về phụng-dưỡng."
q12_page_109-0003,"Năm Tự-Đức thứ 14 (1861) ở Nam Kỳ biến loạn, ông mộ được hơn 1.000 quân nghĩa-dũng rồi cùng ông Trương-Định tòng quân chinh tiễu Khi hòa-nghị xong, được triệu về kinh, thọ chức Thị độc Học-sĩ, sung Điền-nông-sứ tỉnh Khánh-Hòa."
q12_page_109-0004,"Sau lại được vua triệu về vào trong tiện-điện (1) hầu chuyện, được cất nhắc lên hàm Hộ-bộ Thị-lang, nhưng vẫn sung chức Điền-nông như cũ."
q12_page_109-0005,Niên hiệu Phúc-Kiến năm đầu (1884) tuổi già xin về hưu rồi mất.
q12_page_109-0006,"Ông bình-sinh có lòng ưu ái, chí khí trung-phẫn phát-tiết ra thi-văn đã nói rõ trong «Liệt-Truyện.»"
q12_page_109-0007,1) Tiện-điện là điện của vua an nghỉ lúc hưu hạ.
q12_page_110-0001,THỔ SẢN
q12_page_110-0002,KỲ-NAM
q12_page_110-0003,Sản xuất ở các miền núi.
q12_page_110-0004,Xưa có thuế (đã nói rõ theo thổ-sản-chí Khánh-Hòa).
q12_page_110-0005,TRẦM HƯƠNG
q12_page_110-0006,"Sản xuất ở các miền núi, xưa có thuế; nếu hái nạp kỳ-nam không đủ số ngạch thuế, thì cho nạp trầm hương thay vào."
q12_page_110-0007,TỐC-HƯƠNG
q12_page_110-0008,"Sản xuất ở miền núi, xưa có thuế."
q12_page_110-0009,MỘC-BẢN (Văn gỗ)
q12_page_110-0010,"Sản xuất ở các ngả rừng, xưa có mộc-bản-hộ, mỗi năm nạp THỤC-THIẾT (Sắt đã luyện thục rồi) Sản xuất ở các tổng dọc theo miền núi; xưa có thuế, mỗi năm nạp 88 cân."
q12_page_111-0001,HOÀNG-LẠP (Sáp ong)
q12_page_111-0002,"Sản xuất ở An-Phước huyện Thổ và huyện Mán, mỗi năm"
q12_page_111-0003,NGƯ-HÀM (Mắm cá)
q12_page_111-0004,"Ở các xã thôn dọc miền biển đều có, duy ở cửa tấn Phan THUẬN-SÂM (Sâm Ninh-Thuận) Sản xuất ở các núi cát huyện An-Phước, dùng làm thuốc thế cho thứ sâm ngoại-dương cũng được bổ ích."
q12_page_111-0005,"NAM-MỘC (tục danh gỗ Sao) Sản xuất ở các miền núi, vân gỗ có quầng trắng điểm rằn nên gọi tên ấy."
q12_page_111-0006,Thứ nam-mộc sản xuất ở huyện Hòa-Đa tốt hơn.
q12_page_111-0007,MÃ-TIỀN TỬ (hột Mã Tiền) Ở theo các khe đều có.
q12_page_111-0008,"Dùng làm thuốc, nhưng có chất độc lá của nó rụng trong nước, uống nhằm hay sanh bệnh sình bụng"
q12_page_111-0009,TƯỢNG-NHA (Ngà voi)
q12_page_111-0010,TÊ-GIÁC (Sừng tê)
q12_page_111-0011,KHỔNG-TƯỚC (Con công)
q12_page_111-0012,"SƠN-KÊ (Gà rừng) MÊ-LỘC (Nai hươu) SƠN-NGƯU (Trâu rừng) Các vật trên đây ở các miền núi đều có, nhưng không có nhiều."
q12_page_112-0001,XA-CỪ (Ốc xà cừ)
q12_page_112-0002,SAN-HÔ (Đá san-hô) ĐẠI-MẠO (Con đồi-mồi) VĂN-LOA (ốc loa) HỔ-HÀ (tôm hùm) TƯỢNG-CÁP (ốc tai tượng)
q12_page_112-0003,Các vật trên đây các miền biển đều có.
q12_page_112-0004,"QUA (Các thứ dưa, bí, bầu, mướp v v.) SƠ (Các thứ rau cải, hành, ngò v v.)"
q12_page_112-0005,VU (Các thứ khoai môn)
q12_page_112-0006,ĐẬU (Các thứ đậu)
q12_page_112-0007,CAM GIÁ (mía)
q12_page_112-0008,"Ở huyện Thồ thường trồng các thứ qua, sơ, vu, dự, còn dân Kinh hay trồng cốc, đậu và cam-giá."
