id,sentence
q13_page_7-0001,ĐẠI-NAM NHẤT-THỐNG-CHÍ
q13_page_7-0002,QUYỂN 13
q13_page_7-0003,TỈNH HÀ-TĨNH
q13_page_7-0004,Từ đông sang tây rộng 150 dặm; từ nam tới bắc dài 203 dặm.
q13_page_7-0005,"Phía đông từ tỉnh-thành đến bể 18 dặm; tây đến núi Khai-Trường giáp giới huyện Cam-Môn (tục gọi là Cam-Muôn) và huyện Cam-Cát 132 dặm; bắc đến sông An-Lạc (Tục gọi là Đò-Lạch) giáp giới huyện Nghi-Lộc (thuộc tỉnh Nghệ-An) 70 dặm; nam đến cửa ải Hoành-Sơn, giáp giới huyện Bình-Chánh thuộc tỉnh Quảng-Bình 133 dặm; Phía nam tới kinh-đô Huế 498 dặm (Núi Khai-Trường quyền Địa-dư Đông-dương dịch là Núi Giăng-Màn)."
q13_page_9-0001,KIẾN TRÍ DUYÊN CÁCH (Kiến thiết và thay đổi)
q13_page_9-0002,"Xưa thuộc đất Việt-Thường, đến đời Tần gọi là Tượng-Quận; thuộc Hán gọi là quận Cửu-Chân."
q13_page_9-0003,"Hồi thuộc Ngô chia quận Cửu-Chân đặt thêm quận Cửu-Đức, thì đất này thuộc về quận Cửu-Đức."
q13_page_9-0004,"Hồi thuộc Tùy gọi là quận Nhật-Nam, gồm có 7 huyện: Cửu-Đức, An-Viễn, An-Quang, vân vân."
q13_page_9-0005,"Hồi thuộc nhà Đường, quận Nhật-Nam thuộc Hoan-Châu."
q13_page_9-0006,"Có các huyện: Cửu-Đức, Bồ-Dương, Việt-Thường, Hoài-Hoan, tức là đất này."
q13_page_9-0007,"Đến đời nhà Đinh, nhà Lê, nhà Lý, nhà Trần, lúc thì cho thuộc về trại, hoặc thuộc lộ, thuộc trấn, đã nói rõ ở quyển Nghệ-An-Chí."
q13_page_9-0008,"Khoảng năm Vĩnh-Lạc nhà Minh, có những quận huyện thuộc về phủ Nghệ-An và châu Nam-Tĩnh (Đời nhà Minh năm Vĩnh-Lạc thứ 15, mới đặt ra phủ Nghệ-An, lĩnh các Huyện: Nha-Nghi, Phi-Lộc, Cổ-Đỗ, Chi-La."
q13_page_9-0009,"Châu Nam-Tĩnh thì lĩnh các huyện Hà-Hoàng, Bàn-Thạch, Hà-Hoa, và Kỳ-La tức là đất này)."
q13_page_9-0010,"Đầu đời nhà Lê, tỉnh này thuộc đạo Hải-Tây."
q13_page_9-0011,"Đến năm Quang-Thuận thứ 10 (1469 đời Lê-Thánh-Tôn) mới đặt ra 9 phủ Thừa-Tuyên thuộc vào phủ Đức-Quang, và phủ Hà-Hoa tỉnh Nghệ-An."
q13_page_9-0012,"Triều Nguyễn hồi đầu niên hiệu Gia-Long, tỉnh này thuộc trấn Nghệ-An."
q13_page_9-0013,"Đến năm Minh-Mạng thứ hai (1821) đổi phủ Đức-Quang làm phủ Đức-Thọ, rồi năm Minh-Mạng 12 (1831), mới phân hạt ra gọi là tỉnh Hà-Tĩnh, đặt ty Tuần-phủ và Ty Án-sát, lệ thuộc vào ty tổng-đốc An-Tĩnh quản hạt."
q13_page_9-0014,"Năm Minh-Mạng 18 (1837) lại trích huyện Kỳ-Hoa ra, đặt thêm huyện Hoa-Xuyên và đặt chức Tri huyện, do phủ Hà-Hoa thống hạt."
q13_page_9-0015,Năm Minh-Mạng 21 (1840) lấy 2 huyện Cam-Muôn và Cam-Cát ở phủ Trấn-Định cho lệ thuộc vào phủ Đức-Thọ.
q13_page_10-0001,"(Xét 2 huyện này vốn là đất của nước Vạn-Tượng, vì bị nước Tiêm-La đánh mới xin nội phụ vào nước ta, nên mới đặt làm huyện, và đặt Thổ-quan cai trị, nhưng rồi lại bị quân Mán Lào đến Xâm lược, thổ-dân ở đấy phải tản sang ngụ ở huyện Hương-Sơn, rồi đem hai huyện này đổi cho thuộc vào phủ Đức-Thọ)."
q13_page_10-0002,"Năm đầu Thiệu-Trị (1841), lại đổi tên phủ Hà-Hoa gọi là phủ Hà-Thanh, Huyện Hoa-Xuyên gọi là Cẩm-Xuyên, huyện Kỳ-Hoa gọi là Kỳ-Anh, và lại đem 3 phủ Trấn-Định, Trấn-Tĩnh, Trấn-Biên cùng thuộc vào đây."
q13_page_10-0003,Năm Tự-Đức thứ 6 (1853) lại đổi làm Đạo gồm cả phủ Đức-Thọ và 3 Thổ-phủ vào tỉnh Nghệ-An.
q13_page_10-0004,"Thăng phủ Hà-Thanh làm đạo Hà-Tĩnh, đặt 1 Quản-đạo, giấy tờ sổ sách việc quan đều đứng tên là tỉnh Nghệ-An."
q13_page_10-0005,"Năm Tự-Đức thứ 16 (1863), đặt thêm chức Phó quản-đạo."
q13_page_10-0006,"Đến năm Tự-Đức thứ 21 (1868), lại trích đất huyện Hương-Sơn thuộc phủ Đức-Thọ ra, đặt thêm huyện Hương-Khê, và đặt chức Tri huyện cho thuộc vào phủ Đức-Thọ."
q13_page_10-0007,"Năm Tự-Đức 29 (1876), lại đặt làm Tỉnh, trích phủ Đức-Thọ ra cho thuộc về tỉnh, và đặt chức Tri-phủ ở phủ Hà-Thanh, lại đặt chức Tuần-phủ, chức Án-sát như trước."
q13_page_10-0008,"Sau lại bớt chức Tuần-phủ, đặt chức Bố-chính."
q13_page_10-0009,"Niên hiệu Đồng-Khánh, năm Ất-Dậu (1885) đặt 1 Tuần-phủ 1 Bố-chính, 1 Án-sát, thống hạt như cũ, lĩnh 2 phủ 8 huyện."
q13_page_10-0010,PHỦ HÀ-THANH.
q13_page_10-0011,Phủ này phía nam cách tỉnh 82 dặm.
q13_page_10-0012,"Đông-tây cách nhau 57 dặm, nam-bắc cách nhau 220 dặm."
q13_page_10-0013,"Phía đông đến bể 17 dặm; tây đến huyện Hương-Khê 40 dặm; nam đến địa giới huyện Bình-Chánh thuộc tỉnh Quảng-Bình 48 dặm, bắc đến địa giới huyện Can-Lộc 172 dặm."
q13_page_10-0014,"Hồi mới thuộc nhà Đường, thì là châu Minh và châu Ửng, sau tháp nhập vào huyện Việt-Thường; hồi thuộc nhà Minh thì là châu Nam-Tinh."
q13_page_10-0015,"Đến đời nhà Lê là phủ Hà-Hoa, rồi triều Nguyễn cũng nhân đó cho kiêm lý huyện Kỳ-Anh và thống hạt huyện Thạch-Hà, Năm Minh-Mạng thứ 18 (1837), trích huyện Kỳ-Anh đặt thêm ra huyện Hoa-Xuyên cũng thuộc phủ thống hạt, năm đầu Thiệu-Trị (1841) đổi tên là phủ Hà-Thanh như ngày nay."
q13_page_10-0016,Năm Tự-Đức thứ 6 (1853) thăng llàm đạo do đạo kiêm lý.
q13_page_10-0017,"Đến năm Tự-Đức thứ 29 (1876) lại phân hạt ra, và lại đặt chức Tri-phủ, kiêm lý huyện Kỳ-Anh, thống hạt huyện Thạch-Hà, huyện Cẩm-Xuyên, lĩnh 3 huyện."
q13_page_11-0001,HUYỆN KỲ-ANH.
q13_page_11-0002,"Đông-tây cách nhau 57 dặm, nam-bắc cách nhau 81 dặm."
q13_page_11-0003,Phía đông đến bể 17 dặm; tây đến địa-giới huyện Hương-Khê 40 dặm; nam đến quan-ải tỉnh Quảng-Bình 49 dặm; bắc đến địa-giới huyện Cẩm-Xuyên 32 dặm.
q13_page_11-0004,"Về đời nhà Trần là huyện Hà-Hoa (Năm Long-Khánh thứ 3 đời Trần (1375) đào cảng đến cửa bể Hà-Hoa, nên đặt huyện Hà-Hoa từ đấy)."
q13_page_11-0005,Hồi thuộc nhà Minh vẫn để nguyên cũ.
q13_page_11-0006,Đến đời nhà Lê thì gồm cả huyện Kỳ-La vào làm huyện Kỳ-Hoa-Triều Nguyễn cũng vẫn để thế.
q13_page_11-0007,"Năm Minh-Mạng 17 (1836) mới trích ra 4 tổng: Lạc-Xuyên, Vân-Tản, Thổ-Ngoã, Mỹ-Duệ mà đặt ra huyện Cẩm-Xuyên."
q13_page_11-0008,"Năm đầu Thiệu-Trị (1841) mới đổi là huyện Kỳ-Anh, do phủ kiêm lý."
q13_page_11-0009,"Đến năm Tự-Đức thứ 6 (1853), đặt chức Tri huyện, do Đạo thống hạt."
q13_page_11-0010,Năm Tự-Đức thứ 29 (1876) lại bỏ chức Tri huyện đề phủ kiêm lý.
q13_page_11-0011,"Lĩnh 4 tổng, có 105 xã, thôn, phường."
q13_page_11-0012,HUYỆN CẨM-XUYÊN.
q13_page_11-0013,Phía bắc cách phủ 69 dặm.
q13_page_11-0014,Từ đông sang tây 68 dặm từ nam đến bắc 44 dặm.
q13_page_11-0015,Phía đông đến bể 13 dặm; tây đến NÚI CHỦ-TRƯƠNG giáp giới huyện Hương-Khê 55 dặm; nam đến sông Lạc-Giang giáp giới huyện Kỳ-Anh 27 dặm; bắc đến địa-giới huyện Thạch-Hà 17 dặm.
q13_page_11-0016,"Thuở xưa nguyên là đất huyện Hà-Hoa, hồi thuộc nhà Minh là 9 HUYỆN Kỳ-La, đầu đời nhà Lê mới gồm cả vào huyện Kỳ-Hoa, Triều Nguyễn, năm Minh-Mạng 17 (1836) mới trích ra cho thuộc vào phủ hạt."
q13_page_11-0017,Đến đời Thiệu-Trị đổi là huyện Cẩm-Xuyên.
q13_page_11-0018,"Năm Tự-Đức thứ 4, lại bỏ chức Tri huyện đề phủ kiêm lý."
q13_page_11-0019,Năm Tự-Đức thứ 6 (1853) lại thuộc đạo kiêm lý.
q13_page_11-0020,Đến năm Tự-Đức 29 (1876) lại đề do phủ kiêm lý.
q13_page_11-0021,"Đời Đồng-Khánh năm Ất-Dậu (1885) lại đặt chức Tri huyện, thuộc phủ quản hạt, lĩnh 4 tổng, cộng 90 xã, thôn phường."
q13_page_12-0001,HUYỆN THẠCH-HÀ.
q13_page_12-0002,Phía nam cách tỉnh 1 dặm.
q13_page_12-0003,Từ đông sang tây 55 dặm; từ nam đến bắc 37 dặm.
q13_page_12-0004,Phía đông đến bể 18 dặm; tây đến địa giới huyện Hương-Khê 37 dặm; nam đến địa-giới huyện Cẩm-Xuyên 5 dặm; bắc đến địa-giới huyện Can-Lộc 32 dặm.
q13_page_12-0005,Đời Tiền-Lê gọi là châu Thạch-Hà.
q13_page_12-0006,Triều Lý đổi là huyện.
q13_page_12-0007,Đến đời nhà Trần gọi là châu Nhật-Nam.
q13_page_12-0008,"Hồi thuộc nhà Minh gọi là huyện Bàn-Thạch và huyện Hà-Hoàng (thuộc châu Nam-Tinh), sau lại gồm cả huyện Hà-Hoàng vào châu này."
q13_page_12-0009,"Đến đời nhà Lê lại gọi là huyện Thạch-Hà, triều Nguyễn cũng nhận đề thể mà cho thống hạt vào phủ Hà-Thanh."
q13_page_12-0010,"Năm Tự-Đức thứ 6 (1853) bỏ chức Tri huyện, để cho đạo kiêm lý, Đến năm Tự-Đức 29 (1876) lại đặt chức Tri huyện do phủ quản hạt."
q13_page_12-0011,"Huyện này có 7 tổng, cộng 65 xã, thôn, trang."
q13_page_12-0012,PHỦ ĐỨC-THỌ.
q13_page_12-0013,Phía tây-bắc cách tỉnh 70 dặm.
q13_page_12-0014,Từ đông sang tây 163 dặm; từ nam đến bắc 50 dặm.
q13_page_12-0015,Phía đông đến bể 63 dặm; tây đến núi Khai-Trường 100 dặm; nam đến địa-giới huyện Thạch-Hà 39 dặm; bắc đến địa-giới huyện Thanh-Chương 11 dặm.
q13_page_12-0016,"Hồi thuộc Ngô là đất quận Cửu-Đức; thuộc Lương là châu Nam-Đức, thuộc đường là đất quận Nhật-Nam quận Đường-Lâm."
q13_page_12-0017,Đến nhà Lê đổi là phủ Đức-Quang.
q13_page_12-0018,"Nhà Nguyễn-buổi đầu niên hiệu Gia-Long vẫn đề tên ấy kiêm lý huyện La-Sơn và thống hạt 5 huyện: Hương-Sơn, Nghi-Xuân, Can-Lộc, Thanh-Chương, Chân-Lộc."
q13_page_12-0019,Năm Minh-Mạng thứ 3 (1822) đổi tên mới như ngày nay.
q13_page_12-0020,"Đến năm Minh-Mạng thứ 7 (1826) lại đem huyện Thanh-Chương, huyện Chân-Lộc cho thuộc vào phủ Anh-Sơn."
q13_page_12-0021,Năm Minh-Mạng 21 (1840) lại đem 2 Thổ-huyện ở phủ Trấn-Định là huyện Cam-Môn và huyện Cam-Cát cho thuộc vào phủ Đức-Thọ.
q13_page_12-0022,"Năm Tự-Đức thứ 21 (1868), lại chia huyện Hương-Sơn ra, đặt thêm huyện Hương-Khê."
q13_page_12-0023,"Năm Tự-Đức 29 (1876), phân hạt cho lệ thuộc vào kiêm lý huyện La-Sơn ngày nay, thống hạt các huyện: Hương-Sơn, Hương-Khê, Nghi-Xuân, Can-Lộc và lĩnh 5 huyện."
q13_page_13-0001,HUYỆN LA-SƠN
q13_page_13-0002,"Đông-tây-cách nhau 19 dặm, nam-bắc cách nhau 22 dặm."
q13_page_13-0003,Phía đông đến địa giới huyện Nghi-Xuân 17 dặm.
q13_page_13-0004,Phía tây đến địa giới huyện Hương-Sơn 2 dặm; nam đến địa giới huyện Can-Lộc 11 dặm; bắc đến địa giới huyện Thanh-Chương 11 dặm.
q13_page_13-0005,"Hồi thuộc nhà Minh gọi là Chi-La, đời nhà Lê gọi là La-Giang, sau mới đổi là La-Sơn ngày nay."
q13_page_13-0006,Đến triều Nguyễn cũng theo tên cũ để thuộc phủ Kiêm lý.
q13_page_13-0007,Huyện này có 5 tổng.
q13_page_13-0008,"Cộng 52 xã, thôn, phường."
q13_page_13-0009,HUYỆN CAN-LỘC
q13_page_13-0010,Phía đông-nam cách phủ 20 dặm.
q13_page_13-0011,"Từ đông sang tây 34 dặm, từ nam đến bắc 15 dặm."
q13_page_13-0012,Phía đông đến bể 27 dặm; tây đến địa giới huyện La-Sơn 9 dặm; nam đến địa giới huyện Thạch-Hà 1 dặm; bắc đến địa giới huyện Nghi-Xuân 14 dặm.
q13_page_13-0013,"Đời xưa gọi là huyện Hà-Hoàng, thuộc Minh gọi là huyện Phi-Lộc."
q13_page_13-0014,"Năm Quang-Thuận nhà Lê (Lê-Thánh-Tôn, 1460-1469) mới đổi là huyện Can-Lộc ngày nay."
q13_page_13-0015,"Triều Nguyễn vẫn theo tên này, thuộc phủ thống-hạt."
q13_page_13-0016,"Hiện lĩnh 7 tổng, gồm 101 xã, thôn, phường."
q13_page_13-0017,HUYỆN NGHI-XUÂN
q13_page_13-0018,Cách phủ 46 dặm về phía đông.
q13_page_13-0019,Đông sang tây cách 25 dặm nam sang bắc cách nhau 15 dặm.
q13_page_13-0020,Phía đông đến bể 7 dặm; tây đến địa-giới huyện La-Sơn 18 dặm; nam đến địa giới huyện Can-Lộc 14 dặm; bắc đến địa-giới huyện Nghi-Lộc 1 dặm.
q13_page_13-0021,"Đời xưa là đất huyện Hoài-Hoan, thuộc Minh gọi là huyện Nha-Nghi."
q13_page_13-0022,"Xét hồi thuộc nhà Minh, năm Vĩnh-Lạc thứ 15, có đặt Ty Tuần-kiềm ở cửa bể Đan-Thai thuộc huyện Nha-Nghi."
q13_page_13-0023,Đan-Thai tức là tấn cửa Hội ngày nay.
q13_page_13-0024,"Lại xét huyện Nghi-Xuân hồi xưa hợp với huyện Chân-Lộc là một, gọi là huyện Nghi-Chân, đến đời nhà Lê mới trích ra đặt là huyện Nghi-Xuân như ngày nay."
q13_page_13-0025,Triều Nguyễn cũng đề như trước.
q13_page_13-0026,"Huyện này có 5 tổng, cộng 40 xã, thôn, phường."
q13_page_14-0001,HUYỆN HƯƠNG-SƠN
q13_page_14-0002,Cách phủ 4 dặm về phía tây.
q13_page_14-0003,Đông sang tây cách nhau 98 dặm; nam sang bắc cách nhau 47 dặm.
q13_page_14-0004,Phía đông đến địa-giới huyện La-Sơn 1 dặm; tây đến núi Khai-Trường 97 dặm; nam đến địa-giới huyện Thạch-Hà 29 dặm; bắc đến giới huyện Thanh-Chương 18 dặm.
q13_page_14-0005,"Thuộc Đường là châu Lộc-Phúc, nhà Lý gọi là Đồ-Gia-Hương."
q13_page_14-0006,Hồi thuộc Minh là đất huyện Cổ-Đồ và huyện Thổ-Hoàng-Đến đời nhà Lê gọi là Đồ-Gia.
q13_page_14-0007,Năm Quang-Thuận (niên hiệu vua Lê-Thánh-Tôn 1460-1469) đổi là huyện Hương-Sơn như ngày nay.
q13_page_14-0008,Triều Nguyễn cũng đề như cũ.
q13_page_14-0009,"Năm Minh-Mạng 20 (1839) mới đổi tấn Quy-Hợp thuộc phủ Trần-Định làm tổng Quy-Hợp, để thuộc vào huyện này."
q13_page_14-0010,"Năm Tự-Đức 21 (1868) lại trích lấy các tổng Quy-Hợp, Châu-Lê, Phương-Điền, Phúc-Lộc, Hương-Khê, đặt ra huyện Hương-Khê."
q13_page_14-0011,"Huyện Hương-Sơn này có 7 tổng, cộng 50 xã, thôn, phường."
q13_page_14-0012,HUYỆN HƯƠNG-KHÊ
q13_page_14-0013,"Cách phủ 60 dặm. Từ đông sang tây 250 dặm, từ nam đến bắc 120 dặm."
q13_page_14-0014,Phía đông đến địa-giới huyện Thạch-Hà 50 dặm; tây giáp Mán Mèo 200 dặm; nam giáp địa-giới tỉnh Quảng-Bình 80 dặm; bắc giáp địa-giới huyện Hương-Sơn 40 dặm.
q13_page_14-0015,Hồi thuộc Minh gọi là huyện Thổ-Hoàng sau cho hợp vào huyện Hương-Sơn.
q13_page_14-0016,Đến năm Tự-Đức 21 (1868) trích ra cho thuộc vào phủ thống-hạt.
q13_page_14-0017,"Huyện này có 5 tổng, cộng 39 xã, thôn phường."
q13_page_15-0001,"HÌNH THẾ Phía tây thông sang Ai-Lao, phía đông ra đến bể, sông Lam-Giang chắn ngang phía bắc, núi Hoành-Sơn cao ngất phía Nam, những danh-sơn như các núi Kê-Quan, Hồng-Lĩnh, Bảo-Đài, Nhật-Lệ, Thiên-Cầm, Bàn-Độ, quanh co san sát, cao chọc tận trời."
q13_page_15-0002,"Những sông to thì có các sông La-Giang, Phố-Giang, Minh-Giang, Hoàng-Giang, Hộ-Giang, Trí-Giang uốn dòng quanh quất mà đồ dồn ra bể."
q13_page_15-0003,"Miền thượng-du thì có các đồn Hà-Trai, Hà-Tân, Qui-Hợp ngăn được bọn Mán-Mèo."
q13_page_15-0004,Phòng về mặt bể thì có Tấn Cửa-Hội.
q13_page_15-0005,"Tấn Cửa-Sót, Cửa-Nhượng giữ được giặc cướp."
q13_page_15-0006,"Núi nước cao sâu, phong tục thuần phác, cùng với Nghệ-An đều là danh thắng ở Bắc-Kỳ."
q13_page_15-0007,"(Trước hồi Pháp thuộc, tỉnh Nghệ-An tỉnh Thanh-Hóa còn thuộc về Bắc-Kỳ cả sau mới thuộc về Trung-Kỳ)."
q13_page_15-0008,"Đến như đường sá thông sang nước Xiêm nước Lào, để giới hạn nam-bắc."
q13_page_15-0009,"Thật là một nơi thành vàng ao nóng của nước nhà, mà cũng là nơi then khóa của các triều đại đế vương."
q13_page_16-0001,"KHÍ HẬU Tháng giêng (Ảm lịch) có gió đông, còn có hơi rét, tháng hai mới được ấm áp."
q13_page_16-0002,"Từ tháng 4 trở đi thường nhiều gió nam, duy các tổng thượng-du trong mấy huyện Hương-Sơn và Hương-Khê, thì thường không có gió nam, vì bị các dãy núi chắn mất."
q13_page_16-0003,Nhưng những lúc có gió đến thì chỉ nghe ở trong núi Khai-Trường cứ âm âm như có tiếng hàng vạn cái dùi đập vào trống vậy.
q13_page_16-0004,"Tháng 5 tháng 6 nắng to, thường ít mưa; Tháng 8 tháng 9, nhiều trận gió mưa dữ dội, chợt nổi chợt tạnh, hễ trông lên trời thấy có mây đen, thì mưa gió kéo đến, tục gọi là (gió sâu lúa)."
q13_page_16-0005,"Mùa thu không có sương lại hay mưa lụt, có tháng đến vài ba lần."
q13_page_16-0006,"Mùa đông không có tuyết, nhiều gió tây-bắc, mưa nhiều tạnh ít, khí trời rét dữ."
q13_page_16-0007,"Những dân cư ở gần bề lấy tiếng thủy-triều làm tin: hễ nghe tiếng thủy-triều gần bờ biển, còn mưa lâu, tiếng thủy-triều xa bờ bể, thì trời sắp tạnh."
q13_page_16-0008,"Ruộng cấy có 2 mùa, đôi khi cũng có thứ lúa gặt về tháng ba, cũng có thứ lúa gặt về tháng tám."
q13_page_16-0009,"Nơi nào cũng có thề cày cấy, nhưng thu hoạch không được là bao Đến như rau, quả, nấm, măng thì không tiết nào là không có."
q13_page_16-0010,Đủ biết âm-dương lúc nào cũng đều hòa vậy.
q13_page_17-0001,PHONG TỤC
q13_page_17-0002,"Phong tục tập quán cũng hơi giống như tỉnh Nghệ-An, đại đề học trò thì chăm nghề học, biết trọng lễ giáo; làm ruộng thì chăm cày cấy sốt sắng việc công, vì thế người nhà Minh khen là thuần phác, ham học."
q13_page_17-0003,Nghề công thương thì đều biết siêng năng nghề nghiệp của mình.
q13_page_17-0004,"Đồ dùng không thích xa hoa, gả cưới không kề đến tiền bạc."
q13_page_17-0005,"Việc tang tế nhất nhất theo lễ, chốn đình làng thì quí tước vị, trọng tuổi cao, nhất là đối với văn-khoa lại cũng trọng lâm."
q13_page_17-0006,ĐỀN chùa thì văn-chỉ (thờ thánh-Khồng-Tử) và thần-tử (đền thờ thần) nơi nào cũng có.
q13_page_17-0007,"Riêng chùa thờ Phật, tuy có những chỗ danh-lam nhưng cũng bỏ đó mà ít lễ bái."
q13_page_17-0008,Xem đó đủ biết phong tục thế nào.
q13_page_17-0009,"Đến như các lễ kỳ-đảo về mùa xuân mùa thu, hay các lễ tiết trong một năm, đi lại mừng rỡ nhau, cũng hơi giống như tỉnh Nghệ-An, tỉnh Thanh-Hóa ở Bắc-Kỳ."
q13_page_18-0001,THÀNH TRÌ
q13_page_18-0002,TỈNH-THÀNH
q13_page_18-0003,"Ở làng Trung-Tiết, thuộc huyện Thạch-Hà, Thân thành bốn góc chu-vi 318 trượng, cao 9 thước 4 tấc."
q13_page_18-0004,"Bốn cửa thành ở trên có lầu dưới có cầu, hào sâu 4 thước, rộng 8 thước, một bờ gần thành xây đá."
q13_page_18-0005,"Nguyên thành cũ đáp bằng đất, khoảng năm Minh-Mạng đắp rồi lại bỏ."
q13_page_18-0006,"Đến năm Tự-Đức 29 (1876) lại đáp, nhưng chỉ nhân-thành cũ đắp thêm vào."
q13_page_18-0007,Mãi đến năm Tự-Đức 35 (1882) mới xây gạch.
q13_page_18-0008,THÀNH PHỦ ĐỨC-THỌ
q13_page_18-0009,"Ở làng Yên-Trung. Lũy đất chu-vi dài 114 trượng, không có bờ hảo."
q13_page_18-0010,"Trước ở làng Yên-Hồ, năm Minh-Mạng thứ 7 (1826) mới dời sang làng Yên-Trung."
q13_page_18-0011,THÀNH PHỦ HÀ-THANH
q13_page_18-0012,"Ở địa phận 2 thôn Nhân-Canh và Nhân-lý: chu-vi 267 trượng, cao 7 thước."
q13_page_18-0013,"Cửa thành có đào 2 rãnh, rộng 1 trượng, sâu 4 thước 5 tấc."
q13_page_18-0014,"Mới đắp từ năm Gia-Long triều Nguyễn, đến năm Minh-Mạng thứ 4 (1823) xây đá."
q13_page_18-0015,Năm Tự-Đức thứ 6 (1853) bỏ làm thành huyện.
q13_page_18-0016,Năm Tự-Đức 29 (1876) lại đặt làm thành phủ.
q13_page_18-0017,HUYỆN TRỊ THẠCH-HÀ
q13_page_18-0018,"Ở làng Đại-Nại: xung quanh rào bằng giậu tre, không có bờ hảo ở ngoài, các huyện trị dưới đây cũng thế)."
q13_page_19-0001,HUYỆN TRỊ CẨM-XUYÊN
q13_page_19-0002,"Ở thôn Trường-Ngoại, năm Thành-Thái 14 (1902) dời đến thôn Gia-Hội này"
q13_page_19-0003,HUYỆN TRỊ NGHI-XUÂN
q13_page_19-0004,"Ở làng Uy-Viên; Nguyên trước ở làng Tả-Ao, triều Gia-Long mới dời ra làng Uy-Viên."
q13_page_19-0005,HUYỆN TRỊ HƯƠNG-SƠN
q13_page_19-0006,"Ở làng Xa-Lang: Năm Tự-Đức thứ 2 (1849) dời đến làng Dị-Ốc, sau lại đem về chỗ cũ."
q13_page_19-0007,HUYỆN TRỊ HƯƠNG-KHÊ
q13_page_19-0008,Ở thôn Sơn-Thạch: Đặt từ năm Tự-Đức thứ 21 (1868).
q13_page_19-0009,HUYỆN TRỊ CAN-LỘC
q13_page_19-0010,"Ở làng Thổ-Vượng: Nguyên trước ở làng Minh-Lương, triều Thiệu-Trị dời sang Thôn Cao-Xá."
q13_page_19-0011,"Đến năm Tự-Đức thứ 4 (1851) lại dời sang làng Ngoại-Can-Lộc, năm Thành-Thái 16 (1904) mới dời sang làng Thổ-Vượng này."
q13_page_20-0001,HỌC HIỆU
q13_page_20-0002,TRƯỜNG TỈNH
q13_page_20-0003,"Tại làng Trung-Tiết ở ngay tỉnh-thành: Kiến thiết từ năm Minh-Mạng 13 (1832), sau lại bỏ."
q13_page_20-0004,Đến năm Tự-Đức 29 (1876) mới đặt lại.
q13_page_20-0005,TRƯỜNG PHỦ ĐỨC-THỌ.
q13_page_20-0006,"Tại Làng Yên-Trung, ở ngay phủ ly."
q13_page_20-0007,"Nguyên trước là trường huyện, đến năm Tự-Đức thứ 4 (1851) lại bỏ đi, mà đặt trường phủ."
q13_page_20-0008,TRƯỜNG PHỦ HÀ-THANH.
q13_page_20-0009,"Đặt tại thôn Nhân-Lý ở ngay phủ lý: Dựng từ năm Minh-Mạng thứ 10 (1829), đến năm Tự-Đức thứ 6 (1853) đổi làm trường huyện-học."
q13_page_20-0010,Năm Tự-Đức 29 (1876) lại đặt làm trường phủ.
q13_page_20-0011,TRƯỜNG HUYỆN CẨM-XUYÊN
q13_page_20-0012,Tại thôn Gia-Hội ở ngay huyện lỵ: Niên hiệu Đồng-Khánh năm Ất-Dậu (1885) đặt ở thôn Trường-Ngoại.
q13_page_20-0013,Đến năm Thành-Thái 16 (1904) mới đổi lại thôn Gia-Hội này.
q13_page_21-0001,TRƯỜNG HUYỆN HƯƠNG-SƠN
q13_page_21-0002,Tại làng Xa-Lang ở ngay huyện lỵ.
q13_page_21-0003,"Trước ở làng Dị-Ốc, năm Tự-Đức thứ 2 (1849) dời về làng Xa-Lang này."
q13_page_21-0004,TRƯỜNG HUYỆN HƯƠNG-KHÊ
q13_page_21-0005,Tại thôn Thượng-Thạch ở ngay huyện lỵ.
q13_page_21-0006,Dựng từ năm Tự-Đức 21 (1868).
q13_page_21-0007,TRƯỜNG HUYỆN NGHI-XUÂN.
q13_page_21-0008,"Tại làng Uy-Viên, ở ngay Huyện lỵ: Trước ở làng Tả-Áo, đến năm Minh-Mạng thứ 13 (1832) mới dời về làng Uy-Viên này."
q13_page_21-0009,TRƯỜNG HUYỆN CAN-LỘC.
q13_page_21-0010,"Tại làng Thổ-Vượng ở ngay huyện lỵ: Trước ở thôn Thuần-Thân, sau dời về thôn Cao-Xá."
q13_page_21-0011,"Năm Tự-Đức thứ 4 (1851) dời về làng Ngoại-Can-Lộc, đến năm Thành-Thái 14 (1902), mới dời đến làng Thổ-Phượng này."
q13_page_22-0001,"Hộ Khảu Khoảng niên hiệu Gia-Long và Tự-Đức, những số sách về đinh số, đã biên rõ ở quyền Nghệ-An Tỉnh-Chí (những điền thô ở dưới cũng thế), Đến năm Thành-Thái thứ 10 (1898), số chính nạp trừ hạng Chức-sắc miễn-sai ra, còn 2 hạng miễn-dao và đinh-tráng cộng 36991 người, tiền thuế là: 43812 quan 6 tiền."
q13_page_22-0002,"Năm Thành-Thái 11 (1899) cộng 35412 người, định thuế sưu mới thu bằng bạc là: 75732 đ."
q13_page_22-0003,"Đến năm Thành-Thái 18 (1906), cộng 40447 người, tiền thuế sưu cộng là 86.729$80, và tiền cộng-ích 15678 đ."
q13_page_22-0004,Hợp cộng 102407 đ 80.
q13_page_23-0001,THUẾ RUỘNG
q13_page_23-0002,Năm Thành-Thái thứ 10 (1898) các hạng điền thổ cộng 77964 mẫu 8 thước linh.
q13_page_23-0003,"Tiền thuế là: 25469 quan, và thóc thuế là 46485 hộc 12 cân linh."
q13_page_23-0004,"Năm Thành-Thái 11, điền thổ 112730 mẫu, mới định bạc thuế là 62.721 đ 80."
q13_page_23-0005,"Năm Thành-Thái 18 (1906), điền thổ cộng 191, 173 mẫu, bạc thuế là: 123, 968 đ 60, tiền phụ-nạp 6 phần trăm là: 6, 199 đ 26 hợp cộng 130.167 đ 86."
q13_page_24-0001,SƠN XUYÊN
q13_page_24-0002,NÚI KHAI-TRƯỚNG
q13_page_24-0003,Ở phía tây huyện Hương-Sơn và huyện Hương-Khê; là một núi cao lớn nhất trong tỉnh Hà-Tĩnh.
q13_page_24-0004,"Mạch núi từ phủ Trấn-Định lại, dày tầng la liệt, trông như những bức mùng dăng, nên gọi là núi Khai-Trường (mở-màn)."
q13_page_24-0005,Phía tả có một dải từ đông-bắc xuống là dãy núi thuộc huyện Thanh-Chương.
q13_page_24-0006,"Phía hữu có một dải từ phương nam xuống là dãy núi ở huyện Kỳ-Anh, và huyện Thạch-Hà."
q13_page_24-0007,Một dải ở giữa là dãy núi thuộc huyện Hương-Sơn và huyện Hương-Khê.
q13_page_24-0008,Phía bắc có sông Phố-Giang phát nguyên từ đó.
q13_page_24-0009,Phía tây sông có một con đường thông sang phủ Tương-Dương và phủ Trấn-Ninh.
q13_page_24-0010,"Trong Sử-Ký có chép: Lúc Lê-Thái-Tổ từ Trà-Long sắp đến vây tỉnh Nghệ-An, có sai ông Đinh-Liệt theo đường tắt giữ thôn Đậu-Gia, tức là con đường này."
q13_page_24-0011,"Khoảng năm Cảnh-Hưng nhà Lê, ông Lê Duy-Mật giữ phủ Trấn-Ninh, cũng do con đường này đến cướp tỉnh Nghệ-An."
q13_page_24-0012,Hồi xưa có đồn Phố-Châu canh giữ.
q13_page_24-0013,"Phía đông núi có sông Tiêm-Giang cũng phát nguyên từ đó, phía nam sông có một con đường đi thông sang phủ Lạc-Biên; lại có một quả núi gọi là Vụ-Thấp (nay đổi là Vụ-Quang)."
q13_page_24-0014,"Sử nhà Lý chép: Khi nước Chân-Lạp ra cướp tỉnh Nghệ-An, có đi qua núi Vụ-Thấp, tức là chỗ này."
q13_page_24-0015,Trước có đồn Quy-Hợp đóng giữ.
q13_page_24-0016,Phía nam núi có sông La-Giang phát nguyên từ đó.
q13_page_24-0017,"Phía nam sông có một con đường thông sang sách Kim-Lũ, thuộc tỉnh Quảng-Bình, trước có đồn Phúc-Nhất đóng giữ."
q13_page_24-0018,Dưới núi có một dải rừng là 12 động của sách Quy-Hợp.
q13_page_24-0019,"Xét ông Bùi-Dương-Lịch khi qua núi Khai-Trường có vinh bài thơ rằng «Địa dư thiên lý hợp, «Thiên Chướng nhất bình khai."
q13_page_24-0020,"«Hoan Diễn phiên hàn tráng, «Lao Hoàn ký tượng lai."
q13_page_24-0021,"«Viễn thông Đan-Hải nhuận, «Cận chướng hóa-phong đồi, «Tối hữu ngư long hóa, «Tường vân biến Cửu cai»."
q13_page_24-0022,"(Địa dư ngàn dặm hợp nhau, Bức bình chắn giữa trời hầu mở ra."
q13_page_24-0023,"Diễn Hoan phên giậu nguy nga, Lao Hoàn Ký Tượng đường xa lại gần."
q13_page_24-0024,(I).
q13_page_24-0025,Xa trông Đan-Hải nước nhuần.
q13_page_24-0026,Gần ngăn gió Hòa mọi phần hiềm nguy.
q13_page_24-0027,"Ngư long biến hóa rất kỳ, Mây lành che khắp chín bề non sông.)"
q13_page_25-0001,NÚI ĐẠI-HÀM
q13_page_25-0002,Ở làng Tình-Di cách phía Tây Nam huyện Hương-Sơn (các núi dưới cũng thuộc huyện này) 14 dặm.
q13_page_25-0003,"Mạch phát từ núi Khai (1) Lao là nước Ai-Lao, Hoàn là châu Lạc-Hoàn."
q13_page_25-0004,"Ký và Tượng là quan dịch, sứ-dịch ở từng trạm, tức là quan thông-dịch tiềng nước nọ sang tiềng nước kia."
q13_page_25-0005,"Trong thiên Vương-Chế ở Kinh-Lê có nói: chức thông-dịch, ở phương đông thì gọi là Ký, phương nam gọi là Tượng, phương tây gọi là Địch-đề, và phương bắc gọi là Dịch."
q13_page_26-0001,Trường cao vót chọc trời.
q13_page_26-0002,"Gần đây có núi Kê-Quan (mào-gà) ở làng Dị-Ốc, đỉnh núi nhỏ lên như hình con gà chọi, nên gọi tên đó."
q13_page_26-0003,Trên núi có nhiều chim công.
q13_page_26-0004,"Sách Thủy-Kinh có nói: Từ Hoài-Hoan trở về Nam, hươu nai đầy núi."
q13_page_26-0005,"Lại nói: Chim Công bay lượn, che cả mặt trời rợp cả núi, tức là chỗ này."
q13_page_26-0006,"Phía Tây Bắc có một núi chánh gọi là Đăng-Phủ, khi trước vua Lê-Thái-Tô thường đóng quân ở đây cầm cự voi quân nhà Minh, nên Bùi Dương-Lịch có thơ rằng «Địa Mạch tông trang khỏi, «Sơn hình độc nghị nhiên."
q13_page_26-0007,«Tùng thân như phó địch.
q13_page_26-0008,«Súc khí dục xung thiên.
q13_page_26-0009,"«La-Phố tam thoa hợp, «Hương-Chương lưỡng dực triền."
q13_page_26-0010,«Cao Hoàng bình Bắc khấu.
q13_page_26-0011,«Tông thử phấn minh chiên.
q13_page_26-0012,«Mqch dat ò giưra b c lèn.
q13_page_26-0013,Chon von hình núi sâm nghiêm khác thường.
q13_page_26-0014,Vươn mình như tới chiến trường.
q13_page_26-0015,Nin hoi như muốn trở đường bay cao.
q13_page_26-0016,"Phố La ba ngà hợp vào (1) Hương, Chương, hai cánh cùng giao lại gần (2) Cao-Hoàng đẹp giặc Bắc-lân (3) Từ đây khét tiếng roi thần sâm ran.)"
q13_page_26-0017,(i) Sông-Phố Sông-La 3 ngà sông cùng chảy vào.
q13_page_26-0018,(2) Huyện Hương-Sơn và huyện Thanh-Chương như 2 cánh giao lại với nhau (3) Bắc lân là nước láng diễng bên bắc tức là nước Tàu.
q13_page_27-0001,KIM-SƠN
q13_page_27-0002,Ở thôn Bảo-Thịnh Làng Dương-Trai phía Tây nam Huyện Hương-Sơn.
q13_page_27-0003,Mạch phát từ núi Kê-Quan cao nhọn xanh tốt.
q13_page_27-0004,"Phía bắc gối sông Phố-Giang, phía Nam tới Kim-Khê sắc nước bóng non trông rất nên thơ."
q13_page_27-0005,Cũng có tên gọi là Năm-Sơn.
q13_page_27-0006,NÚI VI-KỲ
q13_page_27-0007,Ở phía Tây-nam Huyện Hương-Sơn.
q13_page_27-0008,"Suòn núi có động, trong động có sập đá và những nhũ đá rủ xuống liên tiếp."
q13_page_27-0009,"Có chỗ như bức tường chắn, Có chỗ như ống tre, người ta cho là một dấu vết lạ của Tiên ngồi đánh cờ."
q13_page_27-0010,"Lại có tên gọi là núi Phù-Lê: Tục truyền khi vua Lê-Thái-Tổ đóng quân ở Thôn Đồ-Gia, người thổ trước ở đây vận lương thực ra đề giúp quan quân, nên vua mới cho cái tên là Phù-Lê sơn."
q13_page_27-0011,NÚI CÁC-MÔN
q13_page_27-0012,"Ở phía nam huyện Hương-Khê (dưới đây cũng thế), đối bên kia là sông Kim-Lũng dẫy dài ngang chắn."
q13_page_27-0013,Tục truyền nhà Lý có lập quán ở đây.
q13_page_27-0014,Xét sách An-Nam-Chi có nói: Huyện Thổ-Hoàng có núi Thiết-Sơn sản xuất nhiều sắt.
q13_page_27-0015,"Lại có núi Trác-Trầm, núi Cự-Lai, núi Cần-Sơn, núi Bồng-Sơn đều ở huyện Thổ-Hoàng."
q13_page_27-0016,Thổ-Hoàng tức là huyện Hương-Khê ngày nay mà núi Thiết-Sơn thì ở làng Chu-Lê.
q13_page_27-0017,Còn các núi khác thì không được rõ.
q13_page_27-0018,NÚI TRÚC-BÀI
q13_page_27-0019,"Ở phía tây-nam huyện Hương-Khê, cao sững như vách, chạy dài vài mươi dặm, là một nơi hiềm yếu."
q13_page_27_28-0001,"Tục truyền: trước có Mán Đạo-Lận cùng sách Mán Cá-Lăng-Kiều-Năng thường cùng tranh cướp nhau, mỗi bên giữ một chỗ, không phân được thua, nên mới dựng một cái bài bằng tre ở giữa để làm cương giới, và đặt tên là núi Trúc-Bài (Bài tre)."
q13_page_28-0001,NÚI THỐNG-LINH
q13_page_28-0002,Ở thôn Bái-Đức phía đông-nam huyện Hương-Khê.
q13_page_28-0003,"Hình núi như lửa, có 9 ngọn nhỏ nhọn như cái cờ."
q13_page_28-0004,Phía đông núi có một con đường thông sang sách Thanh-Lạng (1) thuộc tỉnh Quảng-Bình.
q13_page_28-0005,NÚI BẠCH-THẠCH
q13_page_28-0006,"Ở làng Tú-Cầm, thuộc tổng Quy-Hợp về phía tây-nam huyện Hương-Khê."
q13_page_28-0007,"Một đường ngang, sáng trắng như bạc, giữa lòng núi có một con đường thông sang nước Vạn-Tượng."
q13_page_28-0008,"Tục truyền núi này rất thiêng, những người qua lại không ai dám ngửa nhìn."
q13_page_28-0009,TRÀ-SƠN
q13_page_28-0010,Ở làng Yên-Vượng phía đông-nam huyện La-Sơn.
q13_page_28-0011,"Cao lớn xanh tốt, là một hòn núi trấn giữ huyện này."
q13_page_28-0012,Thường có mạch nước chảy ra.
q13_page_28-0013,"Những núi ở huyện này, đều do núi này phát mạch ra."
q13_page_28-0014,BỘT-SƠN
q13_page_28-0015,"Ở làng Thường-Nga, phía đông-nam huyện La-Sơn, Mạch từ núi Trà-Sơn lại, cao to xanh tốt."
q13_page_28-0016,Phía nam có sông Nhi-Giang chảy ra.
q13_page_28-0017,NÚI NÊ (1)
q13_page_28-0018,"Ở làng Yên-Trung phía tây huyện La-Sơn, dưới có khe tên là Khồng-Khê, chảy vào sông La-Giang."
q13_page_28-0019,"(i) Chữ là Ny-son, mà tục gọi là Núi-Nê."
q13_page_28-0020,"(2) Chữ nho thi là Thanh-Lăng, mà tục thi gọi là Thanh-Lạng."
q13_page_29-0001,NÚI NHẤT-TỰ
q13_page_29-0002,"Núi này khỏi mạch từ Nê-Sơn đột lên hơn 1 dặm bằng phẳng vuông vức, như hình chữ nhất; khoảng giữa có mọc núi nhỏ, 3 ngọn liền nhau, sản xuất đá son, nên cũng có gọi là núi Châu-Mặc (hôn mực son)."
q13_page_29-0003,NÚI LONG-MÃ NÚI PHỤ-ĐỒ.
q13_page_29-0004,"Ở phía nam huyện La-Sơn mạch núi từ Trà-Sơn lại, hai ngọn liền nhau: Long-Mã thì chót vót xanh tốt."
q13_page_29-0005,Phụ-Đồ thì vuông vản bằng phẳng.
q13_page_29-0006,Phía đông liền với Phượng-Sơn.
q13_page_29-0007,Phía Tây liền với Tượng-Sơn.
q13_page_29-0008,NÚI TÙNG-LĨNH.
q13_page_29-0009,"Ở láng Việt-Yên-Hạ, phía tây-nam huyện La-Sơn."
q13_page_29-0010,"Mạch núi từ Nê-Sơn lại, đến sông La và sông Phố hai giông nước dồn lại, thì trên bờ núi đột lên xanh tốt."
q13_page_29-0011,"Dưới núi có vực, trên vực có hòn đá gọi là Thi-đàn-thạch."
q13_page_29-0012,"Phía Đông có bãi cồn lớn, gọi là Ngưu-Chứ đối diện bờ sông bên kia có núi Thiên-Nhận quanh về phía nam châu lại."
q13_page_29-0013,"Trên núi có miếu Công-Thần nhà Lê, dưới có 3 ngả sông chảy tới."
q13_page_29-0014,Nơi đây có đường ven núi.
q13_page_29-0015,"Có bến đò xưa, có trẻ trâu thổi sáo, có thuyền chài hát đua, cách rất nên thơ, ông Bùi-Dương-Lịch qua đây có thơ rằng «Thanh u nhất tụ xuất giang can."
q13_page_29-0016,«Thủy nghiến thương ba điềm xuyết gian.
q13_page_29-0017,«La phố thanh giao tam giáp thủy.
q13_page_29-0018,«Hương chương bích ủng lưỡng điều sơn.
q13_page_29-0019,«Vân đầu lão thụ Đinh-Hầu miếu.
q13_page_29-0020,«Sa chủy biên chu Đồ-Xá loan.
q13_page_29-0021,«Thạch tca phù không thùy vị trí?
q13_page_29-0022,«Du nhân kỷ độ phá quan lan.
q13_page_30-0001,(Thanh u môm núi bèn sông.
q13_page_30-0002,(Non xanh nước biếc Hóa-công về vdi.
q13_page_30-0003,"(Phố, La, ba ngọn chảy xuối (Hương Chương hai huyện núi ngồi hai bên."
q13_page_30-0004,(Miếu Đình cổ thụ máy chen (Bến đò Đồ-Xá con thuyền bãi Sa.
q13_page_30-0005,(Đá ngồi ai khéo bày ra.
q13_page_30-0006,(Bao phen xem sông là đà khách tho.
q13_page_30-0007,NÚI HỒNG-LÃNH
q13_page_30-0008,"Ở giữa địa phận huyện Nghi-Xuân và huyện Can-Lộc, là một hòn núi cao lớn nhất của tỉnh Hà-Tĩnh."
q13_page_30-0009,"Mạch từ núi Trà-Sơn lại, qua sông Phân-Thủy đột lên ngọn núi cao rộng xanh tốt, Nửa về phía bắc thuộc địa giới huyện Nghi-Xuân, nửa phía nam, thuộc địa giới huyện Can-Lộc."
q13_page_30-0010,"Trông về phía nam có ba dãy núi, coi như chim hồng xoè cánh, nên gọi là Hồng-Lĩnh."
q13_page_30-0011,"Lại có sông Lam sông Hoàng làm khâm đai, bọc cửa Hội cửa Sót để chống giữ, có dân cư ở lẫn lộn, có những cổ tích danh-lam, cảnh trí rất đẹp."
q13_page_30-0012,"Tục truyền tất cả 99 quả núi; trong có mấy quả rất đẹp là r) Độn-Phong, cao vót chọc trời, mây khối nghi-ngút, phía tây núi có ao rất sâu, phía nam ao có động chứa được vài trăm người, dưới động có đá như hình người ngựa."
q13_page_30-0013,"2) Lân-Phong, phía nam có ao Trời, nước ao chảy về phía bắc ra sông Lam-Giang."
q13_page_30-0014,"Trước có Bảng-nhãn Trần-Bảo-Tín triều Lê, người huyện Nghi-Xuân, bỏ quan về ân ở núi Cù-Sơn, tức là chỗ này, nên cũng có người gọi là Trần-Sơn."
q13_page_30-0015,"3) Núi Sư-Tử, phía tây liền với núi Hương-Tích, phía đông tiếp với núi Đông-Dương: có một quả núi hơi khum khum như lưng Sư-Tử, bên lưng có suối theo sườn núi chảy xuống thành vực; lại có hòn đá trắng chắn ngang ngay cửa vực gọi là cầu Dục-Tiên (Tâm tiên)."
q13_page_30-0016,"Bên cạnh có hòn đá lòn dựng đứng như khăn che đầu, nên gọi là vực Phác-Đầu."
q13_page_30-0017,"4) Núi Đông-Dương, phía đông tới bể, hễ thấy mây từng đám hợp lại, thì biết là điềm sắp mưa, không bao giờ sai."
q13_page_30-0018,"5) Núi Hồ-Trung, trên có 2 hòn đá lớn, đứng hai bên trái phải chầu vào nhau, giữa có một ao lớn, gọi là Thiên-trì (ao Trời), nước thơm và trong sạch."
q13_page_30-0019,"Trông ra đẳng trước, nước bể gợn sóng cỏ bãi dòn xanh, rõ ra thắng cảnh của hồ."
q13_page_30-0020,"6) Núi Hương-Tích, trên có thành đá, trong thành có nền ghép bằng đá, có 99 bậc, gọi là đài Trang-Vương."
q13_page_30-0021,"Cửa thành có 2 cây thông đối nhau, bóng mát xanh tươi, trông rất cổ kính."
q13_page_30-0022,"Bên trái thành có am đá dựa sườn núi đáp lên, gọi là am Thánh-Mãu."
q13_page_30-0023,Bên phải Am có chùa gọi là chùa Hương-Tích.
q13_page_30-0024,Năm Minh-Mạng 17 (1836) có khắc hình núi này vào Anh-đỉnh.
q13_page_30-0025,Năm Thiệu-Trị thứ 3 (1843) có dựng bia ở phía bắc núi.
q13_page_30-0026,"Lại có núi Thiên-Tượng, mạch cũng từ núi Hùng-Sơn lại, ở về địa phận hai làng Bình-Lăng và Bân-Xá."
q13_page_30-0027,"Núi trông cao lớn, âm u xanh tốt, sườn núi có hòn đá to, giống hình con voi; bên hòn đá này có chùa."
q13_page_30-0028,"Xét sách An-Nam--Chí có nói: Núi Hương-Tượng ở huyện Phi-Lộc là nơi sản-xuất chè thơm, Sách Lê-Chi nhà Minh thì chép rằng: Núi Hương-Tượng là một danh sơn trong 21 quả núi có tiếng ở nước Nam."
q13_page_30-0029,"Năm Hồng-Vũ (niên hiệu nhà Minh) thứ 3, vua Minh-Thái-Tổ sai sứ sang tế, và vẽ đồ hình núi đem về."
q13_page_30-0030,"Huyện Phi-Lộc tức là huyện Can-Lộc ngày nay, mà núi Hương-Tượng tức là núi Thiên-Tượng, là một quả núi trong số 99 quả núi vậy."
q13_page_31-0001,NÚI NGỌC
q13_page_31-0002,Ở phía bắc huyện Can-Lộc.
q13_page_31-0003,"Từ núi Hồng-Sơn lại, đột lên trôn trình đẹp đẽ."
q13_page_31-0004,Phía đông nam có hồ chảy quanh dân cư ở lãn lộn.
q13_page_31-0005,Đây là gia-sơn của cha con ông Sử-Hy-Nhan Trạng-Nguyên triều Trần vậy.
q13_page_31-0006,Gần đây cũng có núi Tiên ở làng Minh-Lương.
q13_page_32-0001,NÚI NHẠC-THỐC
q13_page_32-0002,"Ở làng Kiệt-Thạch, phía Tây huyện Can-Lộc."
q13_page_32-0003,"Mạch từ Trà-Sơn lại, đột lên như hình chim bay, nên gọi tên ấy."
q13_page_32-0004,Nhà Phong thủy (tức là thầy Địa-Lý) thường gọi chỗ này là «Hồng-Sơn quá giáp» (hèm của non Hồng).
q13_page_32-0005,NÚI CÔN-BẢNG
q13_page_32-0006,"Ở thôn Bình-Điền, phía đông huyện Can-Lộc."
q13_page_32-0007,"Từ núi Hồng đổ lại, ba ngọn nhỏ lên nhọn vót như ngọn lửa, trông xa có dáng chim dương dâu đập cánh, nên gọi là núi Côn-Bằng."
q13_page_32-0008,"Phía nam có một đám đất bằng phẳng, những đá lạ mọc lên từng lớp, giữa có hòn đá to gọi là Tướng-Thạch, có hòn lớn hơn nhất thì gọi là Đại-Tướng-thạch bày thành 5 đội."
q13_page_32-0009,Nhà Phong-Thủy gọi kiểu đất này là «Ngũ quân xuất trận» (năm quân xuất trận) cũng là một cách lạ của tạo-hóa vậy.
q13_page_32-0010,NÚI YÊN-GIẢ
q13_page_32-0011,Ở phía tây-bắc huyện Thạch-Hà.
q13_page_32-0012,"Từ núi Bột-Sơn đổ lại, chót vót dựng đứng, tả hữu bày hàng như bức thành, tục gọi là Kiệm-Thành."
q13_page_32-0013,"Phía nam liền với các núi Hoa-Cốc, Bàn-Thạch, và Y-Tụ-sông Da-Giang từ đó chảy ra, Gần đấy có núi Mai-Sơn ở làng Dục-Vật, núi Quy-Sơn, núi Ngang-Bảng ở hai làng Thái-Hà và Bàn-Thạch, mạch đều từ núi Bột-Sơn kéo lại."
q13_page_32-0014,NÚI LONG-TƯƠNG
q13_page_32-0015,Ở làng Đông-Bàn phía bắc huyện Thạch-Hà.
q13_page_32-0016,"Phía đông-nam có hòn đá lớn dựng đứng lên, bốn bên có những đá nhỏ bao bọc Chúng quanh, người bản xứ gọi là Phật-Sơn, có lập ngôi chùa để thờ."
q13_page_32-0017,Trước chùa có nước khe chảy vòng quanh cũng là một cảnh u thắng vậy.
q13_page_32-0018,NÚI NGẠN-SƠN
q13_page_32-0019,"Ở làng Trảo-Nha, giữa cánh đồng bằng đột lên, phía bắc tới sông Ngạn-Giang."
q13_page_32-0020,"Trên núi có tháp cổ, không rõ dựng từ đời nào."
q13_page_32-0021,"Năm Lê Cảnh-Hưng 3 (1774), về mùa hạ, đêm đã sang canh năm, trông trời tạnh sáng, một chốc thì có khí đen từ phía tây-bắc lại, rồi tháp ấy tự nhiên đồ, mà nhà sư ở liền một bên lại không việc gì, cũng là một sự lạ vậy."
q13_page_33-0001,NÚI BẢO-ĐÀI.
q13_page_33-0002,"Ở làng Vinh-Lưu, phía Tây huyện Thạch-Hà là một hòn núi trấn giữ huyện này."
q13_page_33-0003,"Thế núi trùng điệp đột ngột, trông như lâu đài, nên gọi tên ấy."
q13_page_33-0004,"Lại có núi Thiên-Thai từ phía đông núi Bảo-Đài đột lên, có dân thôn Thiên-Thai ở đó."
q13_page_33-0005,"Lại có núi Đội-Sơn ở làng Đan-Chế cũng từ phía đông-bắc Bảo-Đài đổ xuống, đột lên 3 ngọn, cốt đá ngang sông, ngồn ngang như từng đội, nên mới đặt tên huyện là huyện Thạch-Hà (sông đá)."
q13_page_33-0006,"Lại có núi Bạng-Sơn, ở thôn Bạng-Châu, cũng từ phía đông-bắc Bảo-Đài lại."
q13_page_33-0007,"Núi có nhiều xác con ốc con trai, nên gọi là Bạng-Sơn (Núi trai ốc)."
q13_page_33-0008,NÚI NHẬT-LỆ.
q13_page_33-0009,"Ở làng Nguy-Dương, phía tây huyện Thạch-Hà Phía bắc liền với núi Bảo-Đài, cũng là một hòn núi trấn giữ huyện này."
q13_page_33-0010,"Đinh núi rất cao, cây cối xanh tốt, thường có bóng sáng mặt trời soi vào, nên gọi là Núi Nhật-Lệ."
q13_page_33-0011,"Lại có lạch cát từ hốc núi chảy xuống, về mùa hè nắng gió, thường có cát chảy theo không lúc nào ngót."
q13_page_33-0012,Phía đông núi có sông Kỳ-Giang chảy ra.
q13_page_33-0013,NÚI CẢM.
q13_page_33-0014,Ở làng Đại-Nại ngay huyện lỵ huyện Thạch-Hà.
q13_page_33-0015,"Trên núi có chùa, cũng gọi là chùa Cảm-Sơn, gần đây có núi Hà-Thanh từ phía đông-bắc Cảm-Sơn lại, đột lên 3 ngọn, có chỗ như dăng mùng, có chỗ như con hồ phục, có chỗ như người say năm."
q13_page_33_34-0001,"Lại có một hòn (1) Chữ là Đại-Nại, nhưng tục gọi là Đại Nài, núi nhỏ gọi là Quy-Sơn, có vết chân người lớn, người bản xứ lập đền để thờ."
q13_page_34-0001,"Lại có núi Nghĩa-Sơn, ở làng Đức-Lâm, trên núi có chùa, phía đông nam có hồ chảy ra sông Nài."
q13_page_34-0002,NÚI NAM-GIỚI.
q13_page_34-0003,Ở làng Dương-Luật phía đông-bắc huyện Thạch-Hà.
q13_page_34-0004,"Từ xưa địa giới nước ta, phía nam liền với Chiêm-Thành, nên mới gọi là núi Nam-Giới."
q13_page_34-0005,"Núi chu vi vài mươi dặm, trông vẻ cao lớn đẹp đẽ, chính giữa là ngọn núi cao, phía tây-bắc rấy có một quả tròn, dưới có 2 cái nền cổ, trên cồ Thiên-trì (ao trời)."
q13_page_34-0006,Tục truyền đời vua Hùng-Vương có ông Chử-Đồng-Tử và bà Tiên-Dong tu đạo ở đây.
q13_page_34-0007,Cũng có tên gọi là núi Quỳnh-Viên.
q13_page_34-0008,Trong bài thơ nam-tuần của vua Thuần Hoàng có câu «Danh sơn do thuyết cồ Quỳnh-Viên (nơi danh-sơn còn nói đến Quỳnh-Viên thời cồ) tức là chỗ này.
q13_page_34-0009,"Nhưng đó là truyện hoang đường, không tra xét được nữa."
q13_page_34-0010,"Về phía đông-bắc có một quả núi giáp bể, gọi là núi Long-Ngâm là phần núi của 3 làng Mai-Lâm, Vĩnh-Tuy, Kim-Đôi thuộc huyện Can-Lộc."
q13_page_34-0011,"Phía bắc gối sát cửa bể, có chân đá chắn ngang, sóng đánh rầm rầm như muôn tiếng sấm."
q13_page_34-0012,"Trên núi có miếu Vũ-Mục-Vương tức ông Nhạc-Phi, dưới có suối gọi là suối Long-Ngâm."
q13_page_34-0013,"Về phía tây-nam mỗi đỉnh núi khi có đám mây, tục gọi là «Sơn-Đới-Mạo» (núi đội mũ), thì trong 3 ngày thế nào trong quận cũng có mưa."
q13_page_34-0014,"Mùa hè nắng, đá nứt tóe lửa ra cháy cả núi thì tất có trận mưa to, người bản xứ đã thường chiêm nghiệm không sai."
q13_page_34-0015,Phía nam núi lại mọc ra một quả núi gọi là núi Văn-Sơn ở làng Kiều-Mộc.
q13_page_34-0016,NÚI CHỦ-TRƯƠNG
q13_page_34-0017,"Ở phía tây-bắc huyện Cẩm-Xuyên 30 dặm, từ núi Vọng-Liều đã lại, Hình thức tôn nghiêm, khác hẳn với núi khác, có nguồn nước chảy vòng quanh cả hai phía tả hữu."
q13_page_34-0018,"Dưới núi lại này ra ngọn Kê-Quan, cây cối um tùm, có dấu chân người lớn."
q13_page_34-0019,Các núi ở huyện này cũng phát mạch từ đây.
q13_page_35-0001,NÚI KÍNH-THỐC.
q13_page_35-0002,"Ở phía tây-nam huyện Cẩm-Xuyên 33 dặm, là một quả núi lớn ở huyện này."
q13_page_35-0003,"Đỉnh núi có hòn đá lớn bằng phẳng, tục gọi là Bàn-Cờ-Tiên."
q13_page_35-0004,"Phía đông-nam trồ ra một khoảnh đất rộng rãi, có thể làm ruộng cấy cày."
q13_page_35-0005,Đời Lê trung-hưng có vị Tướng-quân họ Nguyễn (không rõ tên) đến lập doanh-điền khai khăn ruộng ở đây.
q13_page_35-0006,THÀNH-SƠN
q13_page_35-0007,Ở làng Đại-Tăng phía bắc huyện Cẩm-Xuyên.
q13_page_35-0008,"Giữa đám đồng bằng đột khỏi 2 ngọn núi, bày ra hai bên tả hữu, có nước khe chảy chung quanh và sông Thành-Giang từ đây chảy ra."
q13_page_35-0009,"Hồi trước Nam-Bắc gây sự đánh nhau, thường giữ hiềm yếu ở đây, những thành lũy cũ đến nay hãy còn. Hội-sơn."
q13_page_35-0010,"Ở thôn Hồ-Xá, phía đông huyện Cẩm-Xuyên, giữa cánh đồng bằng đột lên quả núi."
q13_page_35-0011,"Cây cối um-tùm, dân cư xen lẫn."
q13_page_35-0012,"Gần đấy có núi Mỹ-Sơn về thôn Mỹ-Lộc, trên mặt đá có dấu chân người lớn."
q13_page_35-0013,"Phía đông núi này có một quả núi nhỏ hình như cái nón, gọi là núi Cầm-Bào (Bào gấm)."
q13_page_35-0014,"Lại có núi Nhược-Sơn ở làng Nhược-Thạch, dưới có ngôi nước nhỏ chảy thành ra sông-Đạo-Xuyên."
q13_page_35-0015,"Lại có núi Thọ-Sơn ở thôn Hoàng-Vân, Phía Nam gần núi Thiên-Cầm."
q13_page_35-0016,NÚI PHƯỢNG-HOÀNG.
q13_page_35-0017,Ở Thôn Thượng-Lộc phía tây-nam huyện Cẩm-Xuyên.
q13_page_35-0018,"Thế núi nhọn dẹp, hai bên tả hữu xôe ra như dáng chim bay."
q13_page_35-0019,"Phía bắc gần núi Hoắc-Sơn, phía nam thì gần núi Mã-Yên."
q13_page_35-0020,NÚI THIÊN-CẦM
q13_page_35-0021,"Ở làng Kỳ-La, phía đông huyện Cẩm-Xuyên."
q13_page_35-0022,"Phía nam trông ra núi Tượng-Sơn, đồng giáp bề."
q13_page_35-0023,Phía Đông núi có một lỗ thông vào giữa lòng núi.
q13_page_35-0024,"Ngày trước vua Hùng-Vương qua chơi miền nam, đến đây nghe có tiếng sáo-trời kêu, nên mới đặt tên núi là Thiên-Cầm (Đơn-trời)."
q13_page_35-0025,Cũng có người gọi là Thiên-Cầm (nghĩa là Trời bắt).
q13_page_35-0026,"Sách SỬ-KÝ có chép: Cuối đời nhà Trần, hai cha con họ Hồ bị quân Minh đánh thua chạy đến đây, rồi muốn chạy sang quận Tân-Bình."
q13_page_35-0027,"Lúc đó có các phụ-lão khuyên rằng: Đất này tên là Cơ-Lê (giam Lê), trên lại có núi Thiên-Cầm (Trời bắt) thì là điềm chẳng lành, xin chờ ở lại đây."
q13_page_35-0028,"Họ Hồ không nghe, quả nhiên bị bắt."
q13_page_35-0029,Lại có núi Tượng-Ty ở làng Hóa-Dục phía đông-nam huyện Cẩm-Xuyên.
q13_page_35-0030,"Phía tây liền với núi Kỳ-Đầu, phía bắc tới sông Lạc-Giang, phía đông tới bãi bể, phía đông-bắc núi này, một dải kéo dài tới bề như hình vôi voi quấn nước, nên gọi là Tượng-Ty (vôi voi)."
q13_page_36-0001,NÚI TIÊN-CHƯỞNG
q13_page_36-0002,"Cũng có tên là Ngọc-Thạch, ở làng Tuần-Tượng phía bắc huyện Kỳ-Anh."
q13_page_36-0003,"Trên có hòn đá lớn dựng đứng, có nhũ đá rũ xuống, thứ tự bày ra như bàn tay tiên, nên gọi là Tiên-Chương (tay tiên)."
q13_page_36-0004,Gần đây có núi Hữu-Lạc triều Lê thường nuôi voi ở đây.
q13_page_36-0005,NÚI KỲ-ĐẦU
q13_page_36-0006,"Ở thôn Như-Cương, phía bắc huyện Kỳ-Anh."
q13_page_36-0007,"Phía tây liền với núi Ngọc-Thạch, phía đông liền với núi Tượng-Ty."
q13_page_36-0008,"Có sông Lạc-Giang chảy quanh phía bắc, hình như dáng cờ ở đỉnh núi nên gọi là núi Kỳ-Đầu (đầu cờ)."
q13_page_36-0009,"Khoảng năm Cảnh-Hưng nhà Lê, có hồn đá lớn từ bề tự nhiên dời lên đỉnh núi, đi qua tới đầu thì chạm vào đất vào đá, dấu vết hãy còn."
q13_page_36-0010,NÚI BÀN-ĐỘ
q13_page_36-0011,Ở làng Đậu-Chử cách đồng-bắc huyện Kỳ-Anh 10 dặm.
q13_page_36-0012,"Thế núi cao lớn xanh tốt, phía đông tới sát bể."
q13_page_36-0013,Trên núi có đầm Tiên-Nữ bên núi có đền Chế-Thắng-Phu-Nhân vị quan triều Lê là ông Bùi-Huy-Bích có thơ rằng «Kim bàn độ hải tích mang nhiên.
q13_page_36-0014,«Phiếu diều Cô sơn nhập hải-nhuyên.
q13_page_36-0015,«Bán bích hoành lan sa chủy ngạn.
q13_page_36-0016,«Phiến vấn dao hộ trấn thành biên.
q13_page_36-0017,«Nguyệt-đàm thâm thiền kinh tân vũ.
q13_page_36-0018,«Xuân thụ cao đê nhập viễn thiên.
q13_page_36-0019,«Thi văn thạch-bàn hà xứ tại.
q13_page_36-0020,«Niên lai thùy thức động trung Tiên.
q13_page_37-0001,(Mâm vàng qua biên truyện mọi hồ.
q13_page_37-0002,Mở mịt non chen biền nhấp nhô.
q13_page_37-0003,Vách đá chống ngăn noi bãi cát.
q13_page_37-0004,Vừng máy che chở chốn thành đô.
q13_page_37-0005,Nông sâu đầm nguyệt mưa lai láng.
q13_page_37-0006,Cao thấp cây rừng cảnh mịt mù.
q13_page_37-0007,Thứ hồi mâm Kia đầu có thấy.
q13_page_37-0008,Kia Tiên trong động ở nơi mô.)
q13_page_37-0009,NÚI-CAO-VỌNG
q13_page_37-0010,"Ở địa phận thôn Vinh-Trung và thôn Vạn-Ấng, cách 5 dặm phía đông-nam huyện Kỳ-Anh."
q13_page_37-0011,"Núi non chồng chập, nam-bắc hai đầu cùng sát bể."
q13_page_37-0012,"Phía nam là núi O-Tôn, phía đông có một vùng nước biền như cái ao, gọi là An-Úc trước có đồn đóng ở đây."
q13_page_37-0013,"Khi Hồ-Hán-Thương chạy đến đây, bị quân nhà Minh bắt."
q13_page_37_38-0001,"Ông Bùi-Huy-Bích có đề bài thơ «Cao-Vọng sơn đầu Cao xử vọng, «Chỉ nghi thiên tại thứ sơn đầu."
q13_page_38-0001,"«Cô tiêu tình trấn hà trung lộ, «Nhất đôi hoành lan hải ngoại châu."
q13_page_38-0002,«Trương-Phụ lại thời thanh thạch lão.
q13_page_38-0003,«Hán-Thương khứ hậu bạch vân lưu.
q13_page_38-0004,"«Đông phong xuy đoạn thành biên vụ, «Xuân sắc phù không nhập vọng lâu.»"
q13_page_38-0005,(Đầu non Cao-Vọng trông lên Lại ngờ trời ở ngay trên núi này.
q13_page_38-0006,Nêu lên đề trấn noi đây.
q13_page_38-0007,Xen ngang cồn cát chắn ngay bên ngoài.
q13_page_38-0008,Đá già khi Phụ tôi noi.
q13_page_38-0009,Hán-Thường đi khỏi mây cài còn nguyên.
q13_page_38-0010,"Gặp mưa, gió thổi giứt liền, Đầy trời xuân sắc nhe in vào lầu)."
q13_page_38-0011,NÚI MÃ-YÊN
q13_page_38-0012,"Ở thôn Duy-Lỗi, cách 10 dặm phía tây huyện Kỳ-Anh."
q13_page_38-0013,"Phía đông núi Vọng-Liễu, phía đông-nam núi bằng phẳng như yên ngựa, nên gọi là núi Mã-Yên (yên ngựa)."
q13_page_38-0014,"Dưới núi lại nổi lên cái gò phẳng phản là cái nền cũ của trấn-thành, Lại có 2 núi Hòa-Hiệu: một núi ở thôn Duy-Lỗi, một núi ở thôn Thần-Đầu."
q13_page_38-0015,"Hồi trước nam-bắc chống nhau, thường đốt lửa trên hai ngọn núi này để làm hiệu, nên mới gọi là núi Hòa-Hiệu (Hiệu-Lửa)."
q13_page_38-0016,Ở phía nam huyện Kỳ-Anh cách 48 dặm.
q13_page_38-0017,"Từ núi Khai-Trường NÚI HOÀNH-SƠN qua phía đông núi Vọng-Liễu, một dài gò núi, liền suốt hơn 40 dặm là núi Xuân-Sơn núi Lạc-Sơn, các núi quanh về phía nam đâm ngang đến bể, trông như một dãy thành quách, cao sát đến máy."
q13_page_38-0018,"Ngày trước Nam Bắc đánh nhau thường giữ hiềm yếu ở nơi này, dấu vết thành lũy đến nay hãy còn."
q13_page_38-0019,Bùi-Huy-Bích có câu thơ rằng «Thủy tin Hoan-Châu quan đi trắng» «Bất trì không ách ký trùng san» (Mói biết Châu Hoan quan đi mạnh.
q13_page_39-0001,Núi non chống chối biết bao làn).
q13_page_39-0002,"Lại có núi Từ-Lĩnh ở thôn Xuân-Sơn, phía nam liền với núi Hoành-Sơn, phía đông đồ xướng là cánh đồng bằng."
q13_page_39-0003,Trước có đường trạm từ cửa tấn Hùng-Lĩnh thuộc tỉnh Quảng-Bình qua đây đến Hà-Trung chừng 30 dặm.
q13_page_39-0004,Có thành lũy cũ của Ninh-Công hãy còn.
q13_page_39-0005,ĐẢO NHÃN-DỮ
q13_page_39-0006,Ở đồng-nam huyện Nghi-Xuân 28 dặm.
q13_page_39-0007,"Mặt bề đột lên hai quả núi liền nhau như hai con mắt; thuyền bè đi ngoài biền, lấy đảo này làm đích, nên gọi là Nhãn-Dữ (Đảo-Mắt)."
q13_page_39-0008,"Lại có núi Quỳnh-Nhai, có súối ở trong núi chảy ra, nước trong ngọt, những người đi biền lấy uống rất tốt."
q13_page_39-0009,ĐẢO THÁP
q13_page_39-0010,"Ở ngoài cửa Nhượng, thuộc huyện Cẩm-Xuyên đột lên mỏm đá hình khum khum, trong có lỗ hồng lớn, lọt vừa cái thuyền."
q13_page_39-0011,"Gần đây lại có 2 đảo nữa, một đảo lớn, một đảo nhỏ, gọi là Đại-Trập và Tiều-Trập."
q13_page_40-0001,SƠN ĐẢO-DƯƠNG
q13_page_40-0002,Ở phía đông huyện Kỳ-Anh i7 dặm.
q13_page_40-0003,"Đảo mọc ở ngoài bể, chim yến thường làm tồ ở đây."
q13_page_40-0004,Dưới đảo này có loài sò g lỗ.
q13_page_40-0005,SÔNG TIÊM
q13_page_40-0006,Ở phía tây-nam huyện Hương-Khê 80 dặm.
q13_page_40-0007,"Nguồn từ suối Vũ-Môn ở núi Khai-Trường chảy về phía đông-nam; đến xã Ngạn Trụ, phân dòng chảy qua địa-phận làng Đồng-Loan, làng Phú-Gia, 50 dặm đến làng Chu-Lê thì hợp với thượng-lưu sông La-Giang."
q13_page_40-0008,Trúc-Giang Ở phía bắc huyện Hương-Khê thuộc làng Trúc-Lâm.
q13_page_40-0009,"Phát nguyên từ làng Quy-Trại, chảy qua các làng Tri-Bản Phương-Điền Phúc-Hội, cách 62 dặm đến làng Trúc-Lâm thì hợp với thượng-lưu sông La-Giang, tục gọi là sông Nỗ."
q13_page_40-0010,SÔNG CỬU-KHÚC
q13_page_40-0011,Ở phía bắc huyện Hương-Khê.
q13_page_40-0012,"Bắt nguồn từ sông La-Giang hợp với nước Tiêm-Giang, Trúc-Giang, cùng chảy ra hai làng Thổ-Hoàng và Thổ-Lỗi."
q13_page_40-0013,"Hai bên bờ sông, núi non quanh quất, thắt lại như hai hàm răng khớp nhau."
q13_page_40-0014,"Nước chảy khuất khúc như hình con rồng bò dưới đất, nên gọi là Cửu-Khúc-Giang (sông chín khúc)."
q13_page_40-0015,Tục gọi là Cửu-Khúc Hội-Lai (9 khúc hội lại với nhau).
q13_page_40-0016,TRAI-GIANG
q13_page_40-0017,"Ở phía bắc huyện Hương-Khê, Phát nguyên từ núi Vụ-Quang sang phía bắc 75 dặm đến làng Bào-Khê, hợp với thượng-lưu La-Giang."
q13_page_40-0018,"Sông này lam chương rất nặng, nên cũng có tên gọi là Ác-Giang (sông Ác)."
q13_page_41-0001,PHỐ-GIANG
q13_page_41-0002,Ở phía tây huyện Hương-Sơn r dặm.
q13_page_41-0003,"Phát nguyên từ núi Cốt-Đột; là một ngành núi về bên tả núi Khai-Trường, chảy về phía bắc 50 dặm đến cửa Tấn Hà-Tân."
q13_page_41-0004,"Lại chảy ra phía đông-nam 30 dặm đến làng Đỗ-Xá, hợp với sông La-Giang đồ dồn lại thành một ngã ba LA-GIANG."
q13_page_41-0005,Ở phía bắc huyện La-Sơn nửa dặm.
q13_page_41-0006,"Phát ngnyên từ núi Khai-Trường, đến động Thâm-Nguyên tổng Quy-Hợp chảy ra phía đông 4 6 dặm đến làng Chu-Lễ thì hợp vào sông Tiêm-Giang; lại 3 7 dặm đến làng Bào-Lăng hợp vào sông Trúc-Giang, lại chảy 20 dặm qua sông Cửu-Khúc đến làng Bào-Khê hợp với sông Trai-Giang; Lại chảy 20 dặm, hợp vào sông Phố-Giang làm ngã ba sông, phía đông qua làng Việt-Yên đến làng Bùi-Xá, rồi chia một nhánh chảy về phía nam, phóng ra sông Minh-Giang, rồi chảy qua phía đông 22 dặm đến làng Tường-Xá thì hợp vào với sông Lam-Giang."
q13_page_41-0007,SÔNG MINH-GIANG
q13_page_41-0008,Về phía tây-bắc huyện Can-Lộc 12 dặm.
q13_page_41-0009,"Phát nguyên từ sông La-Giang, do làng Bùi-Xá chia dòng, chảy qua các làng Nhân-Thọ, An-Thọ 14 dặm đến làng Minh-Lương là ngã ba sông, chia làm hai ngả: Một ngả chảy ra phía đông-bắc, qua làng Minh-Hoà đến làng An-Lai chừng 7 dặm vào sông Lam-Giang."
q13_page_41-0010,"Một ngả chảy về phía nam qua làng Vân-Chàng đến làng Phước-Hải 16 dặm, thì hợp với sông Phân-Thủy."
q13_page_41-0011,SÔNG PHÂN-THỦY
q13_page_41-0012,"Phía bắc huyện Can-Lộc 6 dặm, cũng có tên nữa gọi là Vạn-Thúy-Cảng."
q13_page_41-0013,"Phát nguyên từ khe núi Trà-Sơn chảy ra phía đông bắc 13 dặm, đến làng Phước-Hải chia làm 2 nhánh: một nhánh chảy về phía bắc hợp với sông Minh-Giang; một nhánh chảy về phía nam qua làng Nguyệt-Úc 6 dặm thì hợp với sông Ngan-Giang."
q13_page_42-0001,NGẠN-GIANG
q13_page_42-0002,Ở phía tây-bắc huyện Thạch-Hà 32 dặm.
q13_page_42-0003,"Phát nguyên từ sông Phân-Thủy qua làng Trảo-Nha chảy về phía đông-nam, đến làng Cổ-Kinh thì hợp với nước sông Da-Giang, chảy qua làng Đan-Chế làng Châu-Lâm hợp với nước sông Kỳ-Giang chảy ra sông Hoàng-Giang."
q13_page_42-0004,"Sông này ở ngay đường quan lộ, có bến đò gọi là Đò-Ngạn."
q13_page_42-0005,DA-GIANG
q13_page_42-0006,Ở phía bắc huyện Thạch-Hà 18 dặm.
q13_page_42-0007,"Phát nguyên từ núi Yên-Giả, chảy qua làng Thái-Hà làng Việt-Xuyên, rồi chảy ra phía đông 20 dặm đến làng Cổ-Kinh thành sông Da-Giang, lại chảy về Phía nam, hợp với sông Ngạn-Glang."
q13_page_42-0008,"Sông này ở ngay đường quan lộ, có bến đò, gọi là bến đò Da."
q13_page_42-0009,KỲ-GIANG
q13_page_42-0010,Ở phía bắc huyện Thạch-Hà 4 dặm.
q13_page_42-0011,Phát nguyên từ hai nơi.
q13_page_42-0012,Một từ núi Bảo-Đài chảy ra phía đông; một từ núi Nhật-Lệ chảy ra phía bắc đến làng Đông-Lỗ hợp với dòng nước ở đó làm sông Lỗ-Xuyên; lại chảy ra phía đông-bắc qua làng Đồng-Lưu đến làng Ngọc-Điền thành sông Kỳ-Giang.
q13_page_42-0013,Lại chảy ra phía đông qua làng Ngọc-Lũy hợp vào với sông Hoàng-Giang.
q13_page_42-0014,HOÀNG-GIANG
q13_page_42-0015,Ở làng Hà-Hoàng phía đông-bắc huyện Thạch-Hà.
q13_page_42-0016,"Phát nguyên từ núi Bột-Sơn hợp với nước ở Nga-Khê chảy ra thành sông Nhi-Xuyên, Phía đông đồ qua làng Thổ-Vượng rồi hợp với nước ở núi Hương-Tích chảy ra sông Ngạn-Giang."
q13_page_42-0017,"Lại phía đông qua làng Thuần-Chân làng Ich-Hậu, có ngọn sông Yên-Xuyên chảy vào đến bến đô Hồ thuộc làng Vĩnh-Luật."
q13_page_42-0018,"Phía bắc qua làug Cổ-Kinh hợp với nước sông Da-Giang chảy qua làng Đan-Chế, làng Châu-Lâm, hợp với nước sông Kỳ-Giang, đến làng Hà-Hoàng."
q13_page_42-0019,"Lại phía nam hợp với nước sông Nại-Giang cùng hội ở nơi ngã-ba, chảy suốt ra cửa Sót."
q13_page_43-0001,NAI-GIANG
q13_page_43-0002,Ở làng Đại-Nài phía nam huyện Thạch-Hà.
q13_page_43-0003,"Phát nguyên từ núi Chủ-Trương đến làng Mỹ-Duệ thì chia làm 2 dòng: Một dòng phía nam phóng ra sông Hộ-Giang, một dòng phía đông chảy 6 dặm rưỡi hợp với Na-Cảng, lại chảy 5 dặm nữa hợp với sông Thành-Giang, 18 dặm nữa đến bến đò trạm Đại-Nài, rồi chảy quanh về phía nam huyện Thạch-Hà 30 dặm hợp với sông Hà-Hoàng chảy vào cửa Sót."
q13_page_43-0004,"Xét sông này qua bến đò Nghiêu-Đông thuộc làng Phát-Nạo, thì gọi là Nghiêu-Giang; còn lối chảy qua bến đò Kinh-Thượng thuộc làng Trung-Tiết thì gọi là Kinh-Giang; qua đồ cửa Hải-Đồng thì gọi là Đồng-Giang."
q13_page_43-0005,Hộ-GIANG Ở phía nam huyện Cẩm-Xuyên 3 dặm.
q13_page_43-0006,"Phát nguyên từ núi Chủ-Trương, chảy đến làng Mỹ-Duệ chia làm 2 dòng: Một dòng chảy về phía bắc phóng ra sông Nài-Giang; một dòng chảy về phía nam, qua sông Như-Hà hợp với Na-Cảng 21 dặm đến thôn Vân-Đồn thuộc làng Thổ-Ngõa là sông Hộ-Giang."
q13_page_43-0007,"Lại chảy 21 dặm, hợp với hạ-lưu sông Lạc-Hạ mà chảy vào Cửa-Nhượng."
q13_page_43-0008,LAC GIANG
q13_page_43-0009,Về phía nam huyện Cẩm-Xuyên 21 dặm.
q13_page_43-0010,"Phát nguyên từ núi Vọng-Liễu chảy ra phía đông 14 dặm đến làng Lạc-Hạ thành ngã-ba, chảy về phía nam phóng ra Na-Cảng."
q13_page_43-0011,"Một nhánh chảy về phía đông-bắc qua làng Hóa-Dục 20 dặm chảy ra Cửa Nhượng, sông này ở ngay đường cái quan, có bến đò Lạc-Giang."
q13_page_44-0001,TRIÈU-GIANG
q13_page_44-0002,Ở phía đông-bắc huyện Kỳ-Anh 10 dặm.
q13_page_44-0003,"Phát nguyên từ phía đông núi Mã-Yên chảy xuống núi Triều-Sơn qua làng Sơn-Luật, làng Hà-Trung, làng Bình-Lê, hợp với hạ-lưu sông Trí-Giang chảy suốt ra bể."
q13_page_44-0004,TRÍ-GIANG
q13_page_44-0005,Ở phía nam huyện Kỳ-Anh 1 dặm.
q13_page_44-0006,"Phát nguyên từ núi Mã-Yên chảy về phía nam 9 dặm đến bến đò Trí ở thôn Nhân-Lý, rồi chảy quanh phía nam huyện 30 dặm đến ngã-ba sông thuộc làng Văn-La."
q13_page_44-0007,Lại 3 dặm nữa hợp với sông Triều-Giang chảy suốt ra bể
q13_page_44-0008,SÔNG HƯƠNG-ĐÌNH
q13_page_44-0009,"Ở phía nam huyện Kỳ-Anh 9 dặm, Phát nguyên từ phía bắc núi."
q13_page_44-0010,"Hoành-Sơn, chảy quanh núi Cao-Vọng sang phía tây chảy qua Hương-Đình đến ngã ba sông thuộc làng Quyền-Hành, rồi chảy ra phía đông 14 dặm hợp với sông Trí-Giang chảy tuốt ra bể."
q13_page_45-0001,KHE ĐẦM
q13_page_45-0002,SUỐI VŨ-MÔN
q13_page_45-0003,"Ở ngọn thứ 2 núi Khai-Trường thuộc Huyện Hương-Khê, Nước chảy thành 3 đợt đến vài trăm dặm, trông như lựa trải."
q13_page_45-0004,"Mỗi năm cứ đến ngày mồng 8 tháng 4 thì mây móc dày đặc, tực truyền đấy là chỗ cá hóa rồng, nên đến ngày ấy thì các thuyền chài kiêng không đặt chài lười ở mạn hạ lưu."
q13_page_45-0005,Chỗ đó cũng có tên gọi là Vự Thấp-Thủy.
q13_page_45-0006,"Xét sách Đường. Thư có nói: Từ Châu-Hoan đi về phía nam, qua núi Vụ-Ôn 3 ngày, có đường thông sang nước Chân-Lạp, lấy nhật-trình mà suy thì đúng là núi này."
q13_page_45-0007,"Lại chữ Vụ-Ôn này, chắc là chữ «Vụ Thấp», mà họ viết nhầm."
q13_page_45-0008,SUỐI HAU-HAU
q13_page_45-0009,"Ở phía nam huyện Thạch-Hà, do hốc đá trong núi chảy ra, nước rất trong ngọt."
q13_page_45-0010,"Xét Bùi-Dương-Lịch có nói: Nước ở châu-Hoan có 3 chỗ có tiếng là nước tốt: 1) là Nước sông La-Giang thuộc núi Tam-La, 2) là nước Giếng Việt-Tỉnh thuộc huyện Kỳ-Anh và là nước suối Hau-Hau này."
q13_page_45-0011,"Duy nước sông La-Giang thì thường trong lặng, có tính ngưng trệ; Nước ở Việt-Tỉnh thì thường Phun mạnh, có tính cấp bách."
q13_page_45-0012,"Muốn không trệ, không cấp, uống rất dễ tiêu thì chỉ có nước suối Hau-Hau là hơn cả."
q13_page_45-0013,"Hàng năm đến tháng hè người bản xứ cứ lấy nước chờ đi bán khắp thành phố, nhà nào cũng thích dùng."
q13_page_46-0001,VIỆT tỉnh (Giếng Việt) Ở làng Phú-Lê thuộc huyện Kỳ-Anh.
q13_page_46-0002,"Một dài thung lũng bằng phẳng, ở bên có vách đá, cây cối xanh tốt, trong hốc đá thường có nước phun ra như mưa rào, lấy mảng hứng nước uống rất thơm ngọt."
q13_page_46-0003,"Tục truyền ngày trước có vị Tướng đóng ở đấy, cấm dân không được uống nước ấy, thì tự nhiên suối không chảy nữa; sau phải dùng thuật của thảy phù-thủy, giết trâu lễ thần, rồi bỏ cái lệ cấm ấy đi, thì suối lại chảy như cũ."
q13_page_46-0004,KHE MỘC-MIÊN
q13_page_46-0005,"Ở thôn Xuân-Sơn, phía tây-nam huyện Kỳ-Anh."
q13_page_46-0006,"Gó cốt đá đứng thẳng, nước chảy rất mạnh."
q13_page_46-0007,Phía nam chảy ra Lồ-Cảng thuộc tỉnh Quảng-Bình.
q13_page_46-0008,"Nơi đây mỗi khi có một trận mưa, thì lại lấy lội đến vài ngày, người đi đường rất khô."
q13_page_46-0009,KHE ĐỘ-LIÊU
q13_page_46-0010,"Ở ngay đường trạm làng Độ-Liêu, thuộc huyện Can-Lộc, nước từ núi Độn-Phong lại, phía đông chảy ra núi Xuân-Viên."
q13_page_46-0011,"Trước dãy quan Đô-đài, nhà Lê là ông Bùi-Cầm-Hồ thấy ruộng đất trong hạt thường bị đại hạn, mới bắt đáp đập cho nước chảy về phía tây, nên mấy trăm mẫu ở đấy mới có nước cày cấy, dân được tiện lợi khá nhiều."
q13_page_46-0012,KHE NƯỚC NÓNG
q13_page_46-0013,"Ở trong núi Khai-Trường thuộc huyện Hương-Sơn, phía đông chảy vào sông Phố-Giang, giữa sông có một đoạn nước hơi đen, sức nóng có thể luộc chín được gà."
q13_page_46-0014,HÀM-TRÌ
q13_page_46-0015,"Ở dưới núi Bình-Bản, thuộc huyện Hương-Khê, giữa thừa ruộng vuông chừng 3, 4 trượng, nước sâu không thể đo được, vị rất mặn."
q13_page_47-0001,"Tuy nhiên lụt tràn qua cũng không bớt được chất mặn, nghĩa là cũng một loài ao muối vậy."
q13_page_47-0002,"Phía tây huyện Hương-Khê thuộc xã Phú-Gia, có một cái gò bằng phẳng, ước vài sào đất, giữa có ao tròn rất sâu, trông không thấy đáy, tục gọi là Trầm-Lâm."
q13_page_47-0003,Trên đầm có chùa thờ thần gọi là Bách Niên-Từ.
q13_page_47-0004,Xét sách Lê-Chí nhà Minh có chép rằng: Đầm Bách-Niên này cũng là một chỗ trong 6 ngọn nước có tiếng của An-Nam.
q13_page_47-0005,"Năm Hồng-Vũ thứ 3 (1370) Vua Thái-Tổ nhà Minh đã sai sứ sang tế, tức là chỗ này."
q13_page_47-0006,"Đầm Tiên-Nữ Ở trên núi Bàn-Độ thuộc huyện Kỳ-Anh, chiều sâu không biết chứng nào."
q13_page_47-0007,Tục truyền có Thần-Nữ ở trong đầm thường ra chơi.
q13_page_47-0008,"Ở dưới ngọn Long-Hạm dãy núi Hồng-Sơn, thuộc huyện Can-Lộc, dài 200 trượng."
q13_page_47-0009,"Đầm rất quang đăng trong sạch, những người đánh cá không được vào."
q13_page_47-0010,MAI-HỒ
q13_page_47-0011,"Ở làng Yên-Trung huyện La-Sơn rộng chừng vài mẫu, có dân cư cả xung quanh phía nam phía bắc hồ."
q13_page_47-0012,Trước đây quan Hành khiên nhà Lê là Bùi-Tiền thường làm nhà ở đây để làm chỗ đọc sách.
q13_page_47-0013,HOA-KHÊ
q13_page_47_48-0001,"Ở phía bắc núi Hồng-Lĩnh thuộc huyện Nghị-Xuân phát nguyên từ núi Cộng-Khánh, hợp dòng chảy sang núi Xuân-Viên, đào thành vực sâu, rộng 20 mẫu."
q13_page_48-0001,"Rồi chảy quanh ra các núi nhỏ và núi Kê-Quan đến núi Kim-Phong ở làng Cương-Giản chứa làm đầm lớn, rộng 16 tầm, chảy ra cửa bể Động-Giản."
q13_page_48-0002,CẢNG NA
q13_page_48-0003,Ở phía tây-bắc huyện Cẩm-Xuyên 3 dặm.
q13_page_48-0004,"Từ sông Nài chảy về phía nam, qua các thôn Thạch Khê, Na-Trường 9 dặm, rồi chảy về sông Hộ-Giang."
q13_page_48-0005,CẢNG KINH-HẠ.
q13_page_48-0006,Ở địa-phận làng Trung-Tiết và Đồng-Môn thuộc Huyện Thạch-Hà.
q13_page_48-0007,"Năm Thành-Thái 11 (1899) đào rộng thêm, dài 1500 thước, sâu 18 thước, do nước sông Nài đổ lại rồi chia dòng chảy ra sông Hoàng."
q13_page_48-0008,CẢNG LẠC-HẠ
q13_page_48-0009,Ở phía bắc cách huyện Kỳ-Anh 40 dặm.
q13_page_48-0010,Khỏi dầu từ thôn Sơn-Triều chảy qua phía bắc 40 dặm đến sông Lạc-Xuyên thì hợp lại với nhau.
q13_page_48-0011,"Xét sách Sứ-Ký chép: Đời vua Duệ-Tôn nhà Trần, năm Long-Khánh thứ 3 (1375) đào cảng đến cửa bể Hà-Hoa tức là cảng Na, cùng với cảng Lạc-Hạ này."
q13_page_48-0012,"Trước đây đều bị úng tắc, nên năm Thành-Thái 11 (1899) mới đào sâu thêm 4, 5 thước, thuyền bè đi lại rất tiện."
q13_page_49-0001,CỔ TÍCH
q13_page_49-0002,THÀNH CÕ DINH-CẦU
q13_page_49-0003,"Ở làng Hà-Trung phía, tây huyện Kỳ-Anh."
q13_page_49-0004,"Đời nhà Lê là dinh trấn Nghệ-An, sau dời về làng An-Trường thuộc huyện Nghi-Lộc, còn chỗ này để làm trại Dinh-Cầu."
q13_page_49-0005,Di tích đến nay hãy còn.
q13_page_49-0006,Lầu cũ nhuận-hồ Ở làng Nguyệt-Úc thuộc huyện Nghi-Xuân.
q13_page_49-0007,"Trước đây do Hồ-Hán-Thương dựng, nay nền cũ vẫn còn."
q13_page_49-0008,"Lũy Cũ LÂM-ÁP Ở trên núi Hoành-Sơn, thuộc huyện Kỳ-Anh."
q13_page_49-0009,Nền cũ đến nay hãy còn.
q13_page_49-0010,CỬA BÉ CŨ XÍCH-MỎ
q13_page_49-0011,"Ở làng Hoàng-Lê phía nam huyện Kỳ-Anh, do nước ở các khe Di, Bồ, Tế, thuộc Núi Hoành-Sơn dồn đến chảy ra bể, nhưng nay đã bị lấp."
q13_page_49-0012,"Vua Lê-Thánh-Tôn khi nam tuần có câu thơ rằng «Đào-đầu Chiêm-thú sa vi lũy, «Ngqu-chủy nhân-gia địch tác duyên."
q13_page_49-0013,"(Đầu sóng có đồn thú của Chiêm-Thành do cát đắp thành lũy, mỏm bể có nhà dân cư lấy cây lau làm mè nhà)."
q13_page_50-0001,ĐỀN Miếu
q13_page_50-0002,"VĂN-MIẾU, KHẢI-MIẾU"
q13_page_50-0003,Ở làng Đông-Lỗ huyện Thạch-Hà.
q13_page_50-0004,"Văn-Miếu là thờ đức Khổng-Phu-Tử, và các bậc Tứ-Phối Thập-Triết là học trò Ngài."
q13_page_50-0005,Khải-Miếu là miếu thờ Cha Mẹ Ngài.
q13_page_50-0006,XÃ-TÁC-ĐÀN
q13_page_50-0007,SƠN-XUYÊN-ĐÀN
q13_page_50-0008,HỘI-ĐỒNG-MIẾU
q13_page_50-0009,VŨ-MIẾU
q13_page_50-0010,THÀNH-HOÀNG MIẾU
q13_page_50-0011,LỆ-TẾ-ĐÀN
q13_page_50-0012,Các đàn miếu này đều ở làng Trung-Tiết huyện Thạch-Hà.
q13_page_50-0013,ĐỀN TAM-TRUNG
q13_page_50-0014,"Ở làng Đại-Nại huyện Thạch-Hà, thờ quan Quản-đạo Mạnh-Tuyền; quan Khâm-phái Đinh-Khoa, quan, Lãnh-binh Lê-Nhất-Năm Tự-Đức 27 (1873), đồ-thành có việc biến cố, ba ông trên đây đều bị giặc hại, nên huyện hạt lập đều để thờ."
q13_page_50-0015,VĂN-MỊẾU PHỦ HÀ-THANH
q13_page_50_51-0001,"Ở làng Hương-Cần thuộc huyện Cẩm-Xuyên, do thân hào bà Ở làng Yên-Trung huyện La-Sơn."
q13_page_51-0001,Ở làng Đỗ-Xá huyện La-Sơn?
q13_page_51-0002,Ở làng Uy-Viễn Ở làng Phù-Lưu-Thượng.
q13_page_51-0003,Ở làng Đông-Lỗ Ở thôn Thượng-Thạch cùng phụng tự.
q13_page_51-0004,"Miếu làm theo lối cổ, trong nội-cung là nhà ngói đặt tượng đức Thánh-Khổng, hai bên tả hữu đặt tượng Tứ-Phối (4 vị phối-hưởng là: Nhan-Hồi, Tăng-Sâm, Tử-Tư."
q13_page_51-0005,"Mạnh Kha), và Thập-Triết (1o vị hiền triết là: Mẫn-Tử-Khiên, Tử-Trương, Tề-Ngã, Nhiễm-Cầu, Tử-Du, Nhiễm-Bá-Ngưu, Trọng-Cung, Tử-Cống-Quý-Lộ, Tử-Hạ), các tượng thờ đều thếp vàng thếp bạc cả."
q13_page_51-0006,VĂN-MIẾU PHỦ ĐỨC-THỌ
q13_page_51-0007,VĂN-MIẾU HUYỆN HƯƠNG-SƠN
q13_page_51-0008,VĂN-MIẾU HUYỆN NGHI-XUÂN
q13_page_51-0009,VĂN-MIẾU HUYÊN CAN-LỘC
q13_page_51-0010,VĂN-MIẾU HUYỆN THẠCH-HÀ
q13_page_51-0011,VĂN-MIẾU HUYỆN HƯƠNG-KHÊ
q13_page_51-0012,ĐỀN THỜ CHẾ-THẮNG PHU-NHÂN
q13_page_51-0013,Ở thôn Hải-Khâu làng Bỉnh-Lễ huyện Kỳ-Anh.
q13_page_51-0014,Tục truyền thần đây là Cung-phi vua Trần Duệ-Tôn tên là Nguyễn-Thị-Bích-Châu.
q13_page_51-0015,"Khi vua Duệ-Tôn đi đánh Chiêm-Thành ở miền nam, bà dâng biểu thiết tha can ngăn, nhưng vua không nghe."
q13_page_51-0016,Bà mởi xin theo thuyền quân đi đến cửa bể thì đóng lại.
q13_page_51-0017,"Đến nửa đêm chợt có gió dữ, vua chiêm bao thấy có người tự xưng là Nam-Minh Đô-đốc xin vua tặng cho một người con gái."
q13_page_51-0018,"Vua thức dậy gọi các phi-tần thuật cho biết việc đó, thì Bích-Châu một lòng xin đi để cứu tính mạng ba quân."
q13_page_51-0019,"Vua liền sai lấy mâm vàng, đặt bà phi ở trên mặt biền, rồi tự nhiên thấy sóng gió yên lặng."
q13_page_51-0020,"Sau vua Lê-Thánh-Tôn đi đánh miền nam, cũng đóng quân ở đây, đêm nằm mộng thấy Bích-Châu đến lạy, nói là số mệnh hầm hiu, bị rơi vào tay thần Thuồng-Luồng yêu quái, xin vua siêu thoát cho, Vua thức dậy sai viết thư bọc sáp bản xuống bể, trách Quảng-Lợi-Vương thần ở dưới bề cai trị không nghiêm."
q13_page_51-0021,"Rồi trong chốc lát thì thấy xác Bích-Châu nổi lên mặt bể, nhan sắc như lúc còn sống?"
q13_page_51-0022,Vua sai dùng nghi lễ Hoàng-Hậu mà an-táng.
q13_page_51-0023,"Lúc vua thắng trận về, sắc phong cho bà là Chế-Thắng Phu-Nhân và sai lập đền thờ, thường thấy linh ứng."
q13_page_51-0024,Các triều đều có phong tặng.
q13_page_51-0025,Triều Nguyễn cũng có gia phong và liệt vào tự-điền.
q13_page_52-0001,ĐỀN THỜ HẢI-THẦN CƯƠNG-GIẢN
q13_page_52-0002,Ở thân Yên-Tri huyện Can-Lộc.
q13_page_52-0003,"Các triều có phong tặng, triều Nguyễn cũng có gia phong."
q13_page_52-0004,ĐỀN THỜ THẦN TAM-LANG LONG-VƯƠNG
q13_page_52-0005,Ở làng Chỉ-Uyên huyện Thạch-Hà.
q13_page_52-0006,"Khi vua Lê-Thánh-Tôn đi đánh Chiêm-Thành ở miền nam, thuyền vừa qua trước đền, chợt không đi được nữa."
q13_page_52-0007,Vua hỏi thần ở sông ấy là vị thần nào?
q13_page_52-0008,Người bản xứ tâu Thần-hiệu cho vua nghe.
q13_page_52-0009,"Vua sai quan làm lễ ở đền, thì một chốc thuyền đi mau như tên bản."
q13_page_52-0010,"Khi thắng trận về, vua sắc gia phong và ra lệnh cho quan địa phương hàng năm kính tế."
q13_page_52-0011,"Lại có đền riêng ở 4 làng Nghi-Xuân, Đan-Trường, Đan-Uyên, Đô-Uyên, cùng phụng tự."
q13_page_52-0012,"Các triều có phong tặng, triều Nguyễn cũng có gia phong."
q13_page_53-0001,"ĐỀN THỜ ĐẶNG-QUỐC-CÔNG và ĐẶNG-BINH-CHƯƠNG Ở làng Tả-Can-Lộc, thuộc huyện Can-Lộc, thờ cha con ông Đặng-Tất, sự tích có nói rõ ở mục Nhân-Vật-Chi sau này."
q13_page_53-0002,ĐỀN THỜ VŨ-MỤC ĐẠI-VƯƠNG
q13_page_53-0003,"Ở núi Long-Ngâm. Thần húy là Lê-Khôi, con ông anh họ vua Lê-Thái-Tổ, ông dáng người rất lạ, thường theo vua Thái-Tổ đi đánh giặc có công, làm đến chức Bình-chương quân-quốc trọng-sự, lại thắng đến chức Đại-tư-mã."
q13_page_53-0004,"Khi Trấn-thủ tỉnh Nghệ-An, đi đánh Chiêm-Thành thắng trận, về đến núi Long-Ngâm thì mất, người bản xứ lập đền thờ, thường rất linh ứng."
q13_page_53-0005,"Triều vua Lê-Thánh-Tôn, năm Quang-Thuận thứ 4 (1463), ra lệnh cho ông Nguyễn-Như-Đồ soạn văn bia dựng ở miếu, thường năm sai quan đến tế và phong là Đại-Vương."
q13_page_53-0006,"Đến niên hiệu Dương-Hoa thứ 7 (Đời Lê-Thần-Tôn 1641), các quan cho là đền ấy ở gần bề hay có sóng gió, không tiện cho sự tế lễ, bàn xin dựng đền mới ở làng Triều-Khầu thuộc huyện Hưng-Nguyên để thờ."
q13_page_53-0007,"Còn đền cũ thì giao cho ba làng: Mai-Lâm, Vĩnh-Tuy, Kim-Đôi phụng-tự."
q13_page_53-0008,"Các triều đều có phong tặng, triều Nguyên cũng có gia phong."
q13_page_53-0009,ĐỀN THỜ THẦN LINH-CẢM
q13_page_53-0010,"Ở trên núi Tùng-Lĩnh thuộc làng Việt-Yên-Hạ huyện La-Sơn, thờ vị công-thần nhà Lê là Đinh-Lễ."
q13_page_53-0011,"Sách Sử-Ký chép: Đinh-Lễ thường theo vua Lê-Thái-Tổ đi đánh giặc, có đóng quân ở núi này để chống quân nhà Minh."
q13_page_53-0012,Sau cùng quân Minh đánh nhau ở làng My-Động thua rồi bị bắt.
q13_page_53-0013,"Quân Minh đụ đầu hàng, nhưng không chịu khuất, nên bị giết."
q13_page_53-0014,Người bản xứ lập đền thờ.
q13_page_53-0015,"Các triều có phong tặng, triều Nguyễn cũng có gia phong."
q13_page_53-0016,ĐỀN THỜ QUAN ĐÔ-ĐÀI HỘ BÙI
q13_page_53_54-0001,"Ở núi Bạch-Tụy thuộc làng Độ-Liêu huyện Can-Lộc, thờ quan Đồ-đài Bùi-Cầm-Hồ triều Lê."
q13_page_54-0001,Sự tích có nói rõ mục nhân-vật-chí sau đây.
q13_page_54-0002,HAI ĐỀN
q13_page_54-0003,"Ở THẦN-ĐẦU Ở làng Thần-Đầu huyện Kỳ-Anh, thờ anh em ông Thượng-thư Lê-Quảng-Chí triều Lê."
q13_page_54-0004,BA ĐỀN THỜ Ở THÔN QUYỀN-HÀNH
q13_page_54-0005,"Ở núi Bạch-Thạch thôn Quyền-Hành, thờ quan Thái-bảo Nguyễn-Công-Liêu triều Lê, Hào-quận-công là Hiến, cùng vị Thiếu-bảo Lê-Phụng-Hiều."
q13_page_54-0006,Sự tích có nói rõ ở Thanh-Hóa-Chí.
q13_page_54-0007,ĐỀN THỜ LỄ QUẬN-CÔNG
q13_page_54-0008,"Ở làng Phú-Lưu huyện Can-Lộc, thờ quan Thái-tề Nguyễn-Văn-Giai triều Lê."
q13_page_54-0009,Sự tích có chép rõ ở mục nhân-vật-chỉ sau này.
q13_page_54-0010,ĐỀN THỜ QUAN TRẤN-TƯỚNG HỌ PHẠM
q13_page_54-0011,"Ở làng Phú-Lê, huyện Kỳ-Anh, thờ quan Đại-tư-mã Phạm-Công-Sấm."
q13_page_54-0012,"Ông làm quan triều Lê, trấn giữ tỉnh Nghệ-An, dẹp trộm cướp yên dân."
q13_page_54-0013,"Có công rất lớn, được thăng đến chức Đại-tư-mã Thọ-quận-công."
q13_page_54-0014,"Sau mất rất hiền linh, dân lập đền thờ."
q13_page_54-0015,"Các triều đều có phong tặng, triều Nguyễn cũng có gia phong."
q13_page_54-0016,"ĐỀN thờ THẦN SƠN-TRIỀU Ở thôn Sơn-Triều, thần hiệu là Công-Hoành, là cháu bốn đời quan Trấn-tướng Thọ-quận công."
q13_page_54-0017,"Ông làm Trấn-tướng tỉnh Nghệ-An triều Lê, có linh tính cảm thông với thần minh, nên người bản xứ lập sinh-từ để thờ sống."
q13_page_54-0018,"Sau ông mất, thường vẫn hiền linh."
q13_page_54-0019,"Các triều đều có phong tặng, triều Nguyễn cũng có gia phong."
q13_page_54-0020,Tục truyền ông thường hiền linh cưỡi hồ lên núi.
q13_page_55-0001,ĐỀN THỜ QUẬN-CÔNG HỌ TRẦN
q13_page_55-0002,"Ở làng Trung-Tiết huyện Thạch-Hà, Thần-húy là Trần-Hoa, người làng Trung-Tiết."
q13_page_55-0003,"Ông làm quan triều Lê, vào khoảng niên hiệu Quang-Thái (1) đi đánh nhà Mạc có công, được phong tước Thượng-trụ-quốc Diên-quận-công."
q13_page_55-0004,"Sau mất thường có hiền linh, người bản xứ mới lập đền thờ."
q13_page_55-0005,Các triều có phong tặng.
q13_page_55-0006,Đến triều Nguyễn cũng có gia phong.
q13_page_55-0007,"(1) Xét nhà Lê không có niên-hiệu Quang-Thái chỉ có niên hiệu Gia-thái đời Lê-Thế-Tôn, vào khoảng năm 1573-1577 đời Mạc-Mậu-Hợp."
q13_page_55-0008,Vậy có lẽ Quang-Thái là sách viết sai.
q13_page_56-0001,CHÙA CHIỀN
q13_page_56-0002,CHÙA HƯƠNG-TÍCH
q13_page_56-0003,"Ở núi Hương-Tích, thuộc về dãy núi Hồng-Sơn, huyện Can-Lộc."
q13_page_56-0004,"Cảnh vật tĩnh mịch, hàng năm đến ngày 18 tháng 2 Âm-lịch xa gần đến lễ đông đảo, là một nơi danh-lam bậc nhất ở Hoan-Châu Tục truyền có con gái vua Sở Trang-Vương (Trung-Hoa) mộ đạo Phật, tới chùa này tu hành."
q13_page_56-0005,"Sau vua tìm thấy ở đây, mới dựng một cái đài ở phía bắc chùa."
q13_page_56-0006,Cái Am xây bằng đá ở sau chùa là nơi tu hóa ngày trước.
q13_page_56-0007,Dưới là hang đá cũng có am gọi là am «Giác-Thánh-Mẫu» do triều nhà Trần dựng.
q13_page_56-0008,Ông Trần-Danh-Lâm về triều Lê có câu thơ rằng «Tùng chi nguyệt quải Trang-Vương chi» «Long hạm vân sinh Thánh-Mẫu Am (Cành thông trăng rội nền Trang-Vượng Hàm rồng mây mọc am Thánh-Mẫu) Tức là chỗ này.
q13_page_56-0009,CHÙA THIÊN TƯỢNG
q13_page_56-0010,"Ở trên núi Thiên-Tượng, thuộc làng Bân-Xá."
q13_page_56-0011,"Sườn núi có một cái hang, bên tả bên hữu nước khe đều chảy chạm vào đá có tiếng vang lên."
q13_page_56-0012,"Trong hang là chùa, bên cạnh có phòng các sư, phía trước có hồ lớn, hồ có nước khe chảy vào, cảnh trí coi rất u nhã."
q13_page_56-0013,Cũng là một nơi danh-thắng ở dãy núi Hồng-Sơn.
q13_page_56-0014,Năm Ất-Dậu (năm đầu vua Hàm-Nghi 1885) chùa này bị cháy.
q13_page_56-0015,Năm Thành-Thái thứ 13 (1901) ông Đào-Tấn ra làm tổng-đốc Nghệ-Tĩnh mới dựng lại.
q13_page_57-0001,CHÙA HOA-TẠNG
q13_page_57-0002,Ở làng Tam-Xuân thuộc huyện Nghi-Xuân.
q13_page_57-0003,"Trước chùa có khe, trên khe có cầu."
q13_page_57-0004,"Viện các sư ở có nước suối-Thạch-Trì chảy vào, cảnh rất u nhã."
q13_page_57-0005,CHÙA AM-DUNG
q13_page_57-0006,"Ở trên núi Ngọc-Lâu làng Quả-Phầm, thuộc huyện Nghi-Xuân."
q13_page_57-0007,"Từ chân núi đi lên, trải qua nhiều chỗ ngoặt ngheo như ruột đê mới tới được cửa chùa."
q13_page_57-0008,"Lại có chùa Kim-Liên ở bên núi Hải-Sơn, phía trước liền với đường cái quan."
q13_page_57-0009,CHÙA PHAN-NGOẠI
q13_page_57-0010,Ở sơn phận làng Đồ-Xá huyện Hương-Sơn.
q13_page_57-0011,"Nước non phong cảnh xinh đẹp, du khách để vịnh cũng nhiều."
q13_page_57-0012,CHÙA TÀNG-SƠN
q13_page_57-0013,"Ở làng Dị-Ốc phía tây nam huyện Hương-Sơn, Trước chùa có hòn đá trắng dài như con voi đua vôi xuống sông."
q13_page_57-0014,CHÙA NGẠN-SƠN
q13_page_57-0015,Ở làng Trảo-Nha thuộc huyện Thạch-Hà.
q13_page_57-0016,CHÙA CẢM-SƠN.
q13_page_57-0017,"Ở trên núi Cảm-Sơn, thuộc làng Đại-Nại, huyện Thạch-Hà."
q13_page_57-0018,"Khoảng năm Thịnh-Đức đời Lê-Thần-Tôn (1653-1657), Hoan Quận-công dựng c chùa này."
q13_page_57_58-0001,"Đến đời Tự-Đức nhà Nguyễn, quan Phủ-doãn Nguyễn-Công-Trứ khi trí-sĩ về ần ở đây, CHÙA NGHĨA-SƠN."
q13_page_58-0001,"Ở trên núi Nghĩa-Sơn, làng Đức-Lâm, huyện Thạch-Hà."
q13_page_58-0002,"Phía trước có sông Nài, cây cối xanh tốt."
q13_page_58-0003,"Chùa này lâu ngày bỏ mãi, hồi Tôn-thất-Hân làm Tuần-phủ Hà-Tĩnh, mới sửa sang lại."
q13_page_58-0004,CHÙA BẦN-ĐỘ
q13_page_58-0005,Ở trên núi Bàn-Độ huyện Kỳ-Anh.
q13_page_58-0006,Trước chùa có cảng nhỏ thông ra bể.
q13_page_58-0007,"Tục truyền có thuyền người Tàu đỗ ở đó, lên chùa đề rằng: «Ngư phàm xuất hải, nhập đế trung-châu, tiền nhất ba vi nhất quân, hậu nhất sơn vi nhất mã» (Thuyền buồm ra bể, vào làm vua ở trung-châu; trước một đợt sóng là một tên quân, sau một hòn núi là một con ngựa), rồi họ lên núi dựng chùa, đem gỗ lấp cảng nay thành đất bằng."
q13_page_58-0008,"Bên tả chùa có một cái suối, trên không có nguồn dưới không có đáy, mà nước suối chảy suốt ngày đêm, không lúc nào hết."
q13_page_59-0001,QUAN TẤN
q13_page_59-0002,CỬA ẢI HOÀNH-SƠN
q13_page_59-0003,Đã nói rõ ở quyển Quảng-Bình-Tỉnh-Chí.
q13_page_59-0004,CỬA TẤN QUY-HỢP
q13_page_59-0005,Ở phía tây-nam huyện Hương-Khê 50 dặm.
q13_page_59-0006,"Trước nhà Lê có đặt đồn ải để kiềm soát, đến triều Nguyễn cũng theo như trước, sau mới đổi làm cửa tấn, đặt quân canh phòng."
q13_page_59-0007,Có đường thông ra phủ Trấn-Tĩnh.
q13_page_59-0008,CỬA TẤN HÀ-TÂN
q13_page_59-0009,Ở phía tây huyện Hương-Sơn 46 dặm.
q13_page_59-0010,"Nguyên trước đặt ở làng Lạc-Phố, đến năm Minh-Mạng thứ 6 (1825) mới dời ra thôn Hà-Tân ở làng Tinh-Diệm, đổi tên là cửa tấn Hà-Tân, đặt một chức Thủ-ngữ để coi giữ."
q13_page_59-0011,"Năm Tự-Đức thứ 4 (1851) đặt chức Tấn-thủ thừa-biện, có lính bản-xứ canh phòng, nhưng nay bãi bỏ."
q13_page_59-0012,TẤN GIẢN-HẢI
q13_page_59-0013,"Ở phía đông-nam huyện Nghi-Xuân 30 dặm, cùng giáp giới với huyện Can-Lộc, có nước khe Hoa-Khê ở núi Hồng-Sơn chảy đến rộng 30 tầm; thủy triều lên sâu 3 thước, lúc xuống sâu một thước."
q13_page_59-0014,"Trước có đặt chức Tấn-thủ, nay bãi bỏ."
q13_page_60-0001,TẤN CỬA-SÓT
q13_page_60-0002,"Ở phía đông huyện Can-Lộc 27 dặm, thuộc làng Kim-Đôi giáp giới huyện Thạch-Hà."
q13_page_60-0003,"Cửa rộng 37 trượng, lúc nước lên sâu 8 thước, khi xuống sâu 5 thước."
q13_page_60-0004,Hồi xưa gọi là cửa Nam-Giới.
q13_page_60-0005,Triều Nguyễn lúc mới dựng nước ông Nguyễn-Hữu-Dật có đánh nhau với quân chúa Trịnh ở đây.
q13_page_60-0006,"Trước có đặt chức Thừa-biện, có lính bản xứ canh giữ, nay bãi bỏ."
q13_page_60-0007,TẤN CỬA-NHƯỢNG
q13_page_60-0008,"Ở làng Nhượng-Bạn phía nam huyện Cẩm-Xuyên 13 dặm, Cửa tấn rộng 42 trượng, nước lên sâu 6 thước, nước xuống sâu 3 thước."
q13_page_60-0009,"Hồi xưa là cửa bể Kỳ-La, lúc triều Nguyễn mới khai quốc, Nguyễn-Hữu-Dật có đem thủy quân đánh nhau với quân chúa Trịnh ở đây."
q13_page_60-0010,"Trước có đặt chức Tấn-thủ-thừa-biện có dân bản xứ canh phòng, nay bãi bỏ."
q13_page_60-0011,TẤN HẢI-KHẢU
q13_page_60-0012,Ở thôn Hải-Khầu phía đông huyện Kỳ-Anh 10 dặm.
q13_page_60-0013,"Rộng 40 trượng, lúc nước triều lên sâu 9 thước, nước xuống sâu 7 thước."
q13_page_60-0014,"Trước có đặt chức Tấn-thủ-thừa-biện, có dân bản xứ canh giữ, nay bãi bỏ."
q13_page_61-0001,DỊCH TRẠM
q13_page_61-0002,"Có 6 trạm ở đường Cái-quan, và 16 trạm ở các đường nhánh mới đặt)."
q13_page_61-0003,TRẠM TĨNH-THẦN
q13_page_61-0004,Ở thôn Thần-Đầu huyện Kỳ-Anh.
q13_page_61-0005,Phía nam đến trạm Quảng-Khê thuộc tỉnh Quảng-Bình 30 dặm.
q13_page_61-0006,TRẠM TĨNH-SA
q13_page_61-0007,"Ở thôn-Lỗi-Khê ngay huyện-lỵ huyện Kỳ-Anh, phía nam đến trạm Tĩnh-Thần 32 dặm."
q13_page_61-0008,TRẠM TĨNH-LẠC
q13_page_61-0009,"Thuộc làng Hữu-Lạc phía bắc huyện Kỳ-Anh, phía nam đến trạm Tĩnh-Sa 33 dặm."
q13_page_61-0010,TRẠM TĨNH-KHÊ
q13_page_61-0011,"Ở thôn Thạch-Khê huyện Cẩm-Xuyên, phía nam đến trạm Tĩnh-Lộc 36 dặm."
q13_page_61-0012,TRẠM TĨNH-ĐAN
q13_page_61-0013,Thuộc làng Đan-Chế huyện Thạch-Hà.
q13_page_61-0014,Phía nam đến trạm Tĩnh-Khê 33 dặm.
q13_page_62-0001,TRẠM TĨNH-LIÊU
q13_page_62-0002,Thuộc làng Độ-Liêu huyện Can-Lộc.
q13_page_62-0003,"Phía nam đến trạm Tĩnh-Đan 35 dặm, phía bắc đến trạm Yên-Dũng 33 dặm."
q13_page_62-0004,TRẠM TĨNH-TRUNG
q13_page_62-0005,"(Trạm này trở xuống, là những trạm mới đặt)."
q13_page_62-0006,Ở làng Trung-Tiết ngay ở tỉnh Hà-Tĩnh.
q13_page_62-0007,"Phía đông suốt đến trạm Hồ-Độ, phía bắc suốt đến trạm Tĩnh-Đan, phía tây đến trạm Truông-Bát, phía nam suốt đến trạm Tĩnh-Khê."
q13_page_62-0008,TRẠM THIỆN-TRỊ
q13_page_62-0009,"Ở thôn Thiện-Trị, huyện Cẩm-Xuyên gần sở thương-chánh."
q13_page_62-0010,"Phía bắc suốt đến huyện lỵ Thạch-Hà, phía tây suốt đến huyện-lỵ Cẩm-Xuyên."
q13_page_62-0011,TRẠM HỒ-ĐỘ
q13_page_62-0012,"Ở làng Hồ-Độ, huyện Can-Lộc."
q13_page_62-0013,"Nam suốt đến trạm Tĩnh-Trung, đồng suốt đến trạm Kim-Đôi."
q13_page_62-0014,TRẠM CỬA-SÓT
q13_page_62-0015,"Ở làng Kim-Đôi, huyện Can-Lộc."
q13_page_62-0016,"Nam suốt đến trạm Hồ-Độ, bắc suốt đến trạm Uy-Viên thuộc huyện Nghi-Xuân."
q13_page_62-0017,TRẠM VĨNH-ĐẠI
q13_page_62-0018,"Ở làng Vĩnh-Đại, huyện La-Sơn."
q13_page_62-0019,"Đông suốt đến huyện Nghi-Xuân, bắc suốt đến Thủy-Trường (Bến-Thủy) tỉnh Nghệ-An, tây suốt đến trạm Việt-Yên thuộc phủ Đức-Thọ."
q13_page_63-0001,TRẠM VIỆT-YÊN
q13_page_63-0002,"Ở làng Việt-Yên, ngay tại phủ lý Đức-Thọ, Tây suốt đến trạm Phúc-Dương thuộc huyện Hương-Sơn, đồng suốt đến trạm Treo (tức trạm Tĩnh-Liêu), nam suốt đến trạm Lâm-Thao."
q13_page_63-0003,TRẠM TĨNH-PHÚC
q13_page_63-0004,Ở làng Phúc-Dương thuộc huyện Hương-Sơn.
q13_page_63-0005,"Đông suốt đến trạm Việt-Yên, tây suốt đến trạm Tĩnh-Châu."
q13_page_63-0006,TRẠM TĨNH-CHÂU
q13_page_63-0007,Ở làng Phố-Châu thuộc huyện Hương-Sơn.
q13_page_63-0008,"Đông suốt đến trạm Phúc-Dương, tây suốt đến trạm Tĩnh-Bồ."
q13_page_63-0009,TRẠM TĨNH-BỒ
q13_page_63-0010,"Ở làng Voi-Bồ Đông suốt đến trạm Tĩnh-Châu, tây suốt đến trạm Tĩnh-Trai."
q13_page_63-0011,TRẠM TĨNH-TRAI
q13_page_63-0012,"Ở làng Hà-Trai Đông đến trạm Tĩnh-Bồ, tây suốt đến địa-giới huyện Cam-Môn."
q13_page_63-0013,TRẠM LÂM-THAO
q13_page_63-0014,"Ở làng Lâm-Thao, thuộc huyện Hương-Khê."
q13_page_63-0015,"Bắc suốt đến phủ Đức-Thọ, nam suốt đến trạm Hà-Linh."
q13_page_63-0016,TRẠM HÀ-LINH
q13_page_63-0017,Ở làng Hà-Linh thuộc huyện Hương-Khê.
q13_page_63-0018,"Tây suốt đến huyện ly, đông suốt đến trạm Truông-Bát."
q13_page_64-0001,TRẠM TRUÔNG-BÁT
q13_page_64-0002,Ở làng Y-Tụ thuộc huyện Thạch-Hà.
q13_page_64-0003,"Đông đến trạm Tĩnh-Trung, tây đến trạm Hà-Linh thuộc huyện Hương-Khê."
q13_page_64-0004,TRẠM CHU-LÊ
q13_page_64-0005,"Ở làng Chu-Lê, huyện Hương-Khê."
q13_page_64-0006,"Đông đến trạm Hà-Linh, tây suốt đến trạm Phúc-Trạch."
q13_page_64-0007,TRẠM PHÚC-TRẠCH
q13_page_64-0008,"Ở làng Phúc-Trạch, ngay giữa huyện lỵ."
q13_page_64-0009,"Đông suốt đến huyện lỵ Hương-Khê, tây suốt đến miền thượng-du."
q13_page_64-0010,TRẠM NGHI-XUÂN
q13_page_64-0011,"Ở làng Uy-Viễn, thuộc huyện Nghi-Xuân."
q13_page_64-0012,"Tây suốt đến trạm Tĩnh-Viễn, đông suốt đến trạm Cửa-Sót."
q13_page_65-0001,ĐƯỜNG SÁ
q13_page_65-0002,ĐƯỜNG CÁI QUAN
q13_page_65-0003,"Một con đường từ phía bắc tỉnh thành Hà-Tĩnh, qua làng Đại-Tiết làng Hà-Hoàng; làng Đồng-Lưu thuộc huyện Thạch-Hà; lại qua làng Kỳ-Kiều đến trạm Tĩnh-Đan 10 dặm."
q13_page_65-0004,"Lại từ trạm Tĩnh-Đan qua làng Phù-Việt làng Đông-Bàn, qua bến đò Da đến bến đò Ngạn giáp giới huyện Can-Lộc 22 dặm."
q13_page_65-0005,"Lại từ huyện Can-Lộc qua làng Quảng-Khuyến, làng Cao-Xá đến trạm Treo 13 dặm."
q13_page_65-0006,Từ trạm Treo đến làng Quả-Phầm giáp giới huyện Nghi-Xuân 16 dặm.
q13_page_65-0007,"Lại từ huyện Nghi-Xuân qua làng Tam-Chế, qua núi Ngũ-Mã đến bến đò An-Lạc 9 dặm, giáp giới tỉnh Nghệ-An."
q13_page_65-0008,"Một đường từ phía nam tỉnh thành qua huyện lỵ Thạch-Hà, qua cầu Nài đến làng Vĩnh-Lại giáp giới huyện Cẩm-Xuyên 5 dặm."
q13_page_65-0009,"Lại từ huyện Cẩm-Xuyên qua thôn Quan-Duệ, thôn Na-Trường đến trạm Tĩnh-Khê 18 dặm."
q13_page_65-0010,"Từ trạm Tĩnh-Khê qua Hộ-Giang cùng các làng Kim-Nặc, Lại-Trung, Thuận-Lễ đến Lạc-Giang tới địa giới huyện Kỳ-Anh 26 dặm."
q13_page_65-0011,Lại từ huyện Kỳ-Anh qua làng Hữu-Lạc làng Tuần-Tượng đến trạm Tĩnh-Lạc 10 dặm.
q13_page_65-0012,"Từ trạm Tĩnh-Lạc qua làng An-Hạ, làng Mạc-Khê đến chợ Sơn-Triều 23 dặm."
q13_page_65-0013,Từ Sơn-Triều qua chợ Thanh-Sơn đến trạm Tĩnh-Sa 10 dặm.
q13_page_65-0014,"Từ nhà trạm Tĩnh-Sa qua bến đò Trí-Giang, qua cầu Quyền-Hành (thuộc thôn Hưng-Nhân đến quán Hòa-Hiệu 11 dặm."
q13_page_65-0015,Lại từ Hòa-Hiệu qua chợ Da qua làng Đại-Hào đến trạm Tĩnh-Thần 20 dặm.
q13_page_65-0016,"Lại từ trạm Tĩnh-Thần qua làng Đao-Sơn, đến Ngưu-Sơn lên cửa ải Hoành-Sơn 10 dặm, giáp địa giới tỉnh Quảng-Bình."
q13_page_65-0017,Từ nam đến bắc dài 203 dặm.
q13_page_66-0001,12 ĐƯỜNG LỚN
q13_page_66-0002,Một đường từ cửa tiền tỉnh-thành đến huyện-ly Thạch-Hà ước 5 dặm.
q13_page_66-0003,Một đường từ cửa tả đến bến đò Đồng-Môn ước 7 dặm.
q13_page_66-0004,Một đường từ cửa hậu tỉnh-thành đến bến đò Hà-Hoàng giáp giới huyện Can-Lộc ước 8 dặm.
q13_page_66-0005,"Lại từ địa giới huyện Can-Lộc, thuộc làng Hồ-Độ đến làng Kim-Đôi ước 10 dặm Một đường từ đường cái thuộc xã Đồng-Lưu đến làng Hà-Hoàng 8 dặm."
q13_page_66-0006,"Một đường từ huyện Thạch-Hà đến trạm Truông-Bát, giáp địa giới huyện Hương-Khê ước 17 dặm."
q13_page_66-0007,Một đường từ đường cái quan làng Bình-Lãng (thuộc huyện Can-Lộc) đến phủ-ly Đức-Thọ ước 27 dặm.
q13_page_66-0008,Một đường từ làng Văn-Lâm (thuộc phủ Đức-Thọ) đến địa giới huyện Thanh-Chương 14 dặm.
q13_page_66-0009,Một đường từ thôn. Yên-Lạc-Thượng thuộc huyện Nghi-Xuân phía đông đến làng Cương-Giản ước 14 dặm.
q13_page_66-0010,Một đường từ làng Huệ-Ốc huyện Hương-Sơn suốt đến địa giới huyện Hương-Khê ước 80 dặm.
q13_page_66-0011,"Một dường từ Quan-lộ xã Phù-Việt thuộc huyện Thạch-Hà qua huyện Can-Lộc huyện La-Sơn suốt đến địa giới huyện Hương-Sơn, ước 70 dặm."
q13_page_67-0001,"Một đường từ huyện-lỵ Cẩm-Xuyên đến thôn Thiện-Trị, ước 14 dặm."
q13_page_67-0002,ĐƯỜNG TRỀ. (rẽ ngang đọc)
q13_page_67-0003,"Huyện Thạch-Hà: Một đường trạm thuộc làng Đại-Nài ngay nơi huyện lỵ, qua làng Đức-Lâm và làng Đồn-Điền đến Truông-Mây dài 22 dặm."
q13_page_67-0004,Lại xuyên vào đường núi chừng nửa ngày đến làng Phúc-Trạch thuộc huyện Hương-Khê.
q13_page_67-0005,"Một đường từ đường cái quan làng Ngọc-Điền, phía tây qua làng Tiên-Lương, làng Bạn-Châu, làng Y-Tụ đến trạm Truông-Bát ước 15 dặm."
q13_page_67-0006,"Một đường Từ đường trạm sông Ngạn-Giang, phía tây qua các làng Bàn-Thạch, Đô-Hành, Phương-Mỹ, Mỹ-Xuyên."
q13_page_67-0007,"Một đường từ đường trạm Trung-Tiết, phía tây qua làng Đông-Lỗ làng Vĩnh-Lưu đều thông ra trạm Truông-Bát, cùng dài 20 dặm."
q13_page_67-0008,"Một đường từ làng Trung-Viết, phía đông-bắc qua làng Đồng-Môn làng Kiều-Mộc làng Đạm-Thủy, phía nam liền với bề dài 20 dặm."
q13_page_67-0009,Một đường từ đường trạm làng Thuận-Lễ thuộc huyện Cẩm-Xuyên.
q13_page_67-0010,Phía tây qua núi Phượng-Hoàng thông đến sơn phận Xứ Cửa-Nhũ dài 10 dặm.
q13_page_67-0011,"Một đường từ huyện lỵ Thạch-Hà, phía tây-bắc qua thôn Phú-Vinh."
q13_page_67-0012,"Thôn Triều-Thượng, đến thôn Bộc-Nguyên tới trạm Truông-Mây dài 12 dặm."
q13_page_67-0013,"Lại từ trạm Truông-Mây, phía Nam qua thôn Như-Hà đến thôn Văn-Thai giáp giới huyện Kỳ-Anh, dài 43 dặm."
q13_page_67-0014,"Một đường từ huyện-lỵ, phía đông qua các làng Trường-Ngoại, Hậu-Côn, Kỳ-La, đến cửa Nhượng dài 15 dặm."
q13_page_67-0015,"Huyện Kỳ-Anh: Một đường cái quan thuộc xã Hà-Trung ở ngay phủ-ly, qua làng Xuân-Thủy làng Duy-Lôi, qua núi Hòa-Hiệu đến đồn Từ-Linh làng Xuân-Sơn, làng Bùi-Khê rồi đi về phía nam thông ra tỉnh Quảng-Bình, dài 30 dặm."
q13_page_67-0016,"Một đường từ trạm Tĩnh-Lạc ra phía đông qua làng Hữu-Lạc, làng Xuân-Cầm, làng Hóa-Dục rồi đền cửa Nhượng thuộc huyện Cẩm-Xuyên, dài 15 dặm."
q13_page_67-0017,"Một đường từ đường trạm Sơn-Triều, phía đông qua các làng Sơn-Luật, Thuận-Đinh, An-Điềm đến bãi bể dài 15 dặm."
q13_page_67-0018,"Một đường từ phủ-ly, phía tây qua núi Vọng-Liều, đến thôn Vọng-Liều đi ra phía bắc qua các thôn Tiêu-Tương, Phương-Động, Sơn-Kinh, đến thôn Văn-Thai giáp giới huyện Cẩm-Xuyên, dài 55 dặm."
q13_page_67-0019,"Một đường từ phía đông-nam Phủ-Ly Hà-Thanh, qua làng Hiệu-Thuận, qua bến đò Trí bến đò Quyền-Hành đến thôn Dụ-Thành, qua núi Cao-Vọng đến đồn An-Úc."
q13_page_67-0020,"Lại một đường từ phía đông-bắc làng Hiệu-Thuận, qua thôn Đồng-Nại, đến bến đô Vĩnh-Lộc, và đến cửa Tấn đều dài 13 dặm' Huyện Nghi-Xuân: Một đường từ phía tây-bắc huyện-ly đến đường trạm An-Lạc, dài 15 dặm."
q13_page_67-0021,"Một đường từ phía đông huyện ly, qua làng Đan-Hải, làng Đan-Trường đến cửa Hội, dài 10 dặm."
q13_page_67-0022,"Một đường từ phía tây-nam huyện, qua làng Xuân-Viên đi ven núi Cộng-Khánh giáp làng Độ-Liêu thuộc địa giới huyện Can-Lộc, dài 25 dặm."
q13_page_68-0001,"Một đường từ huyện-lỵ Can-Lộc, qua làng Phồ-Minh làng An-Trí qua núi Long-Hạm đến Chợ huyện làng Phù-Lưu đến làng Kim-Đôi, dài 27 dặm."
q13_page_68-0002,"Một đường từ phủ-ly Đức-Thọ, phía tây qua các làng Yên-Trung, Yên-Đồng, Việt-Yên đến ngã ba, ước 2 dặm."
q13_page_68-0003,"Một đường từ phủ-ly, phía đông qua các làng Nghĩa-Yên Lãng-Ngạn, Nhân-Thọ, Nội-Diên, đến bến đò Phù-Thạch làng Vĩnh-Đại, dài 7 cặm."
q13_page_68-0004,"Một đường từ phủ-ly, phía đông qua các làng Nghĩa-Yên-Định-Trường, Triều-Đông, Hạ-Tử, Nhân-Thọ, Quang-Chiêm, đến bến đò Đồng-Cần làng Gia-Thịnh, giáp địa giới huyện Can-Lộc 7 dặm."
q13_page_68-0005,"Huyện Hương-Sơn: - Một đường từ huyện-ly, phía đông qua làng Đồ-Xá đến ngã ba Tuần giáp địa giới huyện La-Sơn 2 dặm."
q13_page_68-0006,"Một đường từ huyện-lỵ, phía tây qua tổng Hữu-Bằng đến Tấn Hà-Tân, suốt đến làng Hà-Trai, giáp làng song-Cam dài 69 dặm Một đường từ huyện-lỵ, phía nam qua tổng Du-Đồng tổng Thượng-Bồng đến làng Lâm-Thao, giáp địa giới huyện Hương-Khê, dài 29 dặm."
q13_page_68-0007,"Một đường từ huyện-lỵ, phía bắc qua làng An-Ấp, giáp địa giới huyện Thanh-Chương, dài 20 dặm."
q13_page_68-0008,"Một đường từ huyện-lỵ huyện Hương-Khê, phía đông qua làng Đồng-Văn, làng Trúc-Lâm qua bến đô Hà-Linh đến Truông-Bát giáp địa-giới huyện Thạch-Hà, dài 50 dặm Một đường từ huyện-lỵ, phía tây qua các làng Phúc-Ấm, Phú-Gia."
q13_page_68-0009,"Trừng-Thanh, đến sách Kim-Lũ giáp giới Mán-Lào, dài 200 dặm."
q13_page_69-0001,"Một đường từ huyện-lỵ, phía bắc qua làng Đồng-Văn, làng Trúc-Lâm, làng Phương-Điền, đến làng Hòa-Duyệt làng Lâm-Thao giáp địa-giới tổng Thượng-Bồng thuộc huyện Hương-Sơn, dài 60 dặm."
q13_page_70-0001,CÁC BẾN ĐÒ
q13_page_70-0002,BẾN TRÍ
q13_page_70-0003,Tại thôn Hưng-Nhân huyện Kỳ-Anh.
q13_page_70-0004,Phía bắc qua đồ này sang phủ-ly Hà-Thanh.
q13_page_70-0005,BẾN LẠC
q13_page_70-0006,"Tại làng Lạc-Hạ, thuộc huyện Cẩm-Xuyên."
q13_page_70-0007,Phía nam qua đồ này là đường cái quan huyện Kỳ-Anh.
q13_page_70-0008,BẾN HỘ
q13_page_70-0009,"Tại thôn Khả-Luật huyện Cẩm-Xuyên, qua phía bắc là đường cái quan huyện-ly."
q13_page_70-0010,BẾN. DA
q13_page_70-0011,"Ở làng Cổ-Kinh huyện Thạch-Hà, qua phía bắc là đường cái quan làng Hạ-Lỗi."
q13_page_70-0012,BẾN NGẠN
q13_page_70-0013,"Ở làng Trảo-Nha, liền đường cái quan huyện Can-Lộc."
q13_page_70-0014,BẾN YÊN-LÀC
q13_page_70-0015,"Ở thôn Yên-Lạc thuộc huyện Nghi-Xuân, qua phía bắc là xứ Thủy-Trường (Đồn-Thủy) tỉnh Nghệ-An."
q13_page_71-0001,BẾN PHÙ-THẠCH
q13_page_71-0002,"Ở làng Vĩnh-Đại huyện La-Sơn, sang qua phía tây là địa-giới phủ Hưng-Nguyên tỉnh Nghệ-An."
q13_page_71-0003,BẾN HOÀNG
q13_page_71-0004,"Ở làng Hà-Hoàng, huyện Thạch-Hà, qua phía bắc là làng Hồ-Độ, thuộc huyện Can-Lộc."
q13_page_71-0005,BẾN LA
q13_page_71-0006,"Ở làng Yên-Trung thuộc huyện La-Sơn, qua phía tây là làng Việt-Yên-Thượng."
q13_page_71-0007,BẾN MINH-GIANG
q13_page_71-0008,"Ở làng Trung-Lương thuộc huyện Can-Lộc, sang qua phía bắc là làng Minh-Hòa, huyện La-Sơn; phía tây là làng An-Hồ."
q13_page_71-0009,BẾN KỲ-LA
q13_page_71-0010,Ở Cửa-Nhượng thuộc huyện Cẩm-Xuyên.
q13_page_71-0011,BẾN CỰ-LÂM
q13_page_71-0012,Ở ngay huyện-ly huyện Can-Lộc.
q13_page_71-0013,BẾN HÀ-TÂN
q13_page_71-0014,"Ở làng Nội-Diên, huyện La-Sơn."
q13_page_71-0015,BẾN TRAI
q13_page_71-0016,"Ở làng Vân-Chàng, thuộc huyện Can-Lộc, qua phía tây là địa giới huyện La-Sơn."
q13_page_71-0017,BẾN ĐỒNG
q13_page_71-0018,"Ở huyện Thạch-Hà, qua phía đông là làng Phong-Phú."
q13_page_71-0019,"(1) Tục gọi là làng Vân-Chàng, mà sách Đại-Nam-NHẤT THỐNG CHÍ, về tỉnh Hà-Tĩnh, trang 32, lại viết là Vân-Đồng."
q13_page_72-0001,CẦU CỐNG
q13_page_72-0002,CẦU LŨY-KHÊ
q13_page_72-0003,Ở huyện Kỳ-Anh thuộc phủ Hà-Thanh (Mấy cầu dưới đều ở huyện này).
q13_page_72-0004,CẦU THẦN-ĐẦU
q13_page_72-0005,"Ở làng Thần-Đầu, dài 16 thước."
q13_page_72-0006,CẦU KHE-LAU
q13_page_72-0007,"Ở thôn Đại-Hào, dài 19 thước."
q13_page_72-0008,CẦU ĐẠO-NGUYÊN
q13_page_72-0009,"Ở thôn Đạo-Nguyên, dài 27 thước."
q13_page_72-0010,CẦU HẬU-TRẠCH
q13_page_72-0011,"Ở thôn Hậu-Trạch, dài 19 thước."
q13_page_72-0012,CẦU NƯỚC-MẬN
q13_page_72-0013,"Ở thôn Quyền-Hành, dài 18 thước."
q13_page_72-0014,CẦU QUYỀN-HÀNH
q13_page_72-0015,"Ở thôn Quyền-Hành, đại 16 thước."
q13_page_73-0001,"Ở thôn Quyền-Hành, dài 18 thước."
q13_page_73-0002,"Ở thôn Hưng-Nhân, dài 9 thước."
q13_page_73-0003,"Ở thôn Đại-Đồng, dài 18 thước."
q13_page_73-0004,"Ở thôn Vĩnh-Ai, dài 22 thước."
q13_page_73-0005,"Ở thôn Mạc-Khê, dài 22 thước."
q13_page_73-0006,"Ở thôn Dã-Độ, dài 10 thước."
q13_page_73-0007,"Ở thôn Dã-Độ, dài 6 thước."
q13_page_73-0008,"Ở thôn Dã-Độ, dài 6 thước."
q13_page_73-0009,CẦU ĐÁ-BÀN
q13_page_73-0010,CẦU HƯNG-NHÂN
q13_page_73-0011,CẦU CAO
q13_page_73-0012,CẦU MIỂU
q13_page_73-0013,"Ở thôn Thanh-Sơn (cầu dưới cũng thôn này), dài 10 thước."
q13_page_73-0014,CẦU MÔI-LƯỢC
q13_page_73-0015,CẦU VĨNH-ÁI
q13_page_73-0016,CẦU ĐÚC
q13_page_73-0017,CẦU MÔI-HÀNH
q13_page_73-0018,CẦU KHÊ-CHU
q13_page_73-0019,CẦU KHÊ-BÁT
q13_page_74-0001,CẦU KÊNH
q13_page_74-0002,"Ở thôn Yên-Hạ, dài 12 thước."
q13_page_74-0003,CẦU CUỐI
q13_page_74-0004,"Ở thôn Yên-Hạ, dài 12 thước."
q13_page_74-0005,CẦU CỬA-KÊNH
q13_page_74-0006,"Ở thôn Sơn-Kênh, dài 20 thước."
q13_page_74-0007,CẦU PHƯƠNG-GIAI
q13_page_74-0008,"Ở thôn Tuần-Tượng, dài 10 thước."
q13_page_74-0009,CẦU TRUÔNG-CÁT
q13_page_74-0010,"Ở thôn Hữu-Lê, dài 10 thước."
q13_page_74-0011,CẦU KHE-LŨ
q13_page_74-0012,"Ở thôn Văn-Thai, huyện Cẩm-Xuyên (Máy cầu dưới cùng huyện), dài 14 thước."
q13_page_74-0013,CẦU HÀO
q13_page_74-0014,"Ở thôn Cầu-Thượng, dài 9 thước."
q13_page_74-0015,CẦU KÈM.
q13_page_74-0016,"Ở thôn Lạc-Hạ, dài 14 thước."
q13_page_74-0017,CẦU QUYỀN
q13_page_74-0018,"Ở thôn Thuận-Lễ, dài hơn 39 thước."
q13_page_75-0001,"Ở thôn Am-Thị, dài hơn 10 thước."
q13_page_75-0002,"Ở thôn Kim-Nước, dài 28 thước 5 tấc."
q13_page_75-0003,Ở thôn Thổ-Ngõa; dài 8 thước 5 tấc.
q13_page_75-0004,"Ở thôn Khả-Luật, dài 21 thước 5 tấc."
q13_page_75-0005,"Ở thôn Kệ-Xá, dài 14 thước."
q13_page_75-0006,"Ở thôn Gia-Hội, dài 21 thước 5 tấc."
q13_page_75-0007,"Ở thôn Hữu-Quyền, dài 23 thước."
q13_page_75-0008,"Ở thôn Ngô-Xá, dài 13 thước."
q13_page_75-0009,CẦU ĐỘ-CHU
q13_page_75-0010,CẦU TRUNG
q13_page_75-0011,CẦU NGÁI
q13_page_75-0012,CẦU HÓI-DÀI
q13_page_75-0013,CẦU ĐẤT
q13_page_75-0014,"Ở thôn Khả-Luật, dài 8 thước 5 tấc."
q13_page_75-0015,CẦU. CÀY
q13_page_75-0016,CẦU CHÀO
q13_page_75-0017,"Ở thôn Gia-Hội (dưới cùng thôn này), dài 9 thước 5 tấc."
q13_page_75-0018,CẦU HỘ
q13_page_75-0019,CẦU QUYỀN
q13_page_75-0020,CẦU NA
q13_page_76-0001,CẦU NÀI
q13_page_76-0002,"Ở khoảng sông thuộc 2 làng Đại-Nài và làng Phát-Nạo, dài 67 thước linh."
q13_page_76-0003,"Trước có bến, đến năm Thành-Thái 14 (1902) mới có cầu."
q13_page_76-0004,CẦU TRUNG-TIẾT
q13_page_76-0005,"Ba sở cầu đều ở làng Trung-Tiết, mỗi cầu đều dài hơn 8 thước."
q13_page_76-0006,CẦU KỲ
q13_page_76-0007,"Ở về giang-phận hai làng Đồng-Lưu và Ngọc-Điền, dài 47 thước."
q13_page_76-0008,"Trước có đò, nay mới bắc cầu."
q13_page_76-0009,CẦU NGA
q13_page_76-0010,"Ở làng Đan-Chế, dài hơn 44 thước."
q13_page_76-0011,CẦU ĐÔNG-BÀN
q13_page_76-0012,"Ở làng Đông-Bàn, dài 17 thước."
q13_page_76-0013,CẦU HẠ-LỖI
q13_page_76-0014,"Ở làng Hạ-Lõi, dài 8 thước."
q13_page_76-0015,CẦU HÀ-HOÀNG
q13_page_76-0016,"Ở xã Hà-Hoàng, dài hơn 7 thước."
q13_page_76-0017,CẦU ĐÔNG-LỖ
q13_page_76-0018,"Ở xã Đông-Lỗ, dài hơn 30 thước."
q13_page_76-0019,CẦU VĨNH-MIÊU
q13_page_76-0020,"Ở xã Vĩnh-Miêu, dài hơn 7 thước."
q13_page_77-0001,Ở xã Bạn-Châu dài hơn 17 thước.
q13_page_77-0002,"Ở xã Thái-Hà, dài 27 thước."
q13_page_77-0003,"Ở thôn Thanh-Lương, dài 26 thước."
q13_page_77-0004,"Ở xã Khiêm-Ích, dài 20 thước."
q13_page_77-0005,"Ở xã Quả-Phầm, dài 70 thước."
q13_page_77-0006,CẦU BẠN-CHÂU
q13_page_77-0007,CẦU Y-TỤ
q13_page_77-0008,"Ở xã Y-Tụ có 2 cây cầu: một cái dài 17 thước, một cái dài 14 thước."
q13_page_77-0009,CẦU THÁI-HÀ
q13_page_77-0010,CẦU THANH-LƯƠNG
q13_page_77-0011,CẦU NINH-XÁ
q13_page_77-0012,"Ở xã Ninh-Xá, huyện Can-Lộc, dài 28 thước."
q13_page_77-0013,CẦU NGOẠI-CAN-LỘC
q13_page_77-0014,"Ở xã Can-Lộc huyện Can-Lộc, dài 20 thước."
q13_page_77-0015,CẦU BÌNH-LÃNG
q13_page_77-0016,Ở xã Bình-Lãng huyện Can-Lộc dài 20 thước.
q13_page_77-0017,CẦU KHIÊM-ÍCH
q13_page_77-0018,CẦU QUẢ-PHẢM
q13_page_78-0001,CẦU TAM-XUÂN-THƯỢNG
q13_page_78-0002,"Ở xã Tam-Xuân-Thượng thuộc huyện Nghi-Xuân, dài 18 thước"
q13_page_78-0003,CẦU TAM-XUÂN-HẠ
q13_page_78-0004,"Ở xã Tam-Xuân-Hạ thuộc huyện Nghi-Xuân, dài 28 thước."
q13_page_78-0005,CẦU TIÊN-ĐIỀN
q13_page_78-0006,"Ở xã Tiên-Điền huyện Nghi-Xuân, dài 14 thước."
q13_page_78-0007,CẦU CỬA-KHE
q13_page_78-0008,"Ở thôn Tùng-ảnh thuộc huyện La-Sơn, dài 22 thước."
q13_page_78-0009,CẦU CỬA-CHÙA
q13_page_78-0010,"Ở xã Đông-Thái, dài 20 thước."
q13_page_78-0011,CẦU CẦU-ĐÔI
q13_page_78-0012,"Ở xã Nghĩa-Yên, dài 44 thước."
q13_page_78-0013,CẦU KHỔNG-KHÊ
q13_page_78-0014,"Ở về địa phận hai xã Nghĩa-Yên và Thượng-Tử, dài 44 thước"
q13_page_78-0015,CẦU Ô-KHÊ
q13_page_78-0016,"Ở thôn Triều-Đông, dài 40 thước."
q13_page_78-0017,CẦU HỐI-CHÙA
q13_page_78-0018,"Ở xã Cổ-Ngu, dài 28 thước."
q13_page_78-0019,CẦU ĐÔI-THƯỢNG
q13_page_78-0020,"Ở khoảng hai xã Nghệ-An và Nhân-Thị, dài 22 thước."
q13_page_79-0001,CẦU PHÚC-DƯƠNG
q13_page_79-0002,"Ở xã Phúc-Dương huyện Hương-Sơn, dài 10 thước."
q13_page_79-0003,CẦU PHỐ-CHÂU
q13_page_79-0004,"Ở xã Phố-Châu, dài 20 thước."
q13_page_79-0005,CẦU PHƯỚC-TUY
q13_page_79-0006,"Ở xã Phước-Tuy có 2 cầu; 1 cái dài 20 thước, 1 cái dài 27 thước."
q13_page_79-0007,CẦU HÀ-TÂN
q13_page_79-0008,"Xã Hà-Tân có 3 cầu: 1 cái dài 26 thước, 1 cái dài 17 thước, 1 cái dài hơn 17 thước."
q13_page_79-0009,CẦU VOI-BỒ
q13_page_79-0010,Ở xã Voi-Bồ có 2 cầu: 1 cái dài 7 thước; 1 cái dài hơn 10 thước
q13_page_79-0011,CẦU HUỆ-ỐC
q13_page_79-0012,"Ở xã Huệ-Ốc, dài hơn 30 thước."
q13_page_79-0013,CẦU ĐỒNG-LẠC.
q13_page_79-0014,"Ở xã Đồng-Lạc, dài 26 thước"
q13_page_79-0015,CẦU PHƯƠNG-DUỆ
q13_page_79-0016,Xã Phương-Duệ có 2 cầu: 1 cái dài 12 thước; 1 cái dài 17 thước.
q13_page_79-0017,CẦU YÊN-DUỆ
q13_page_79-0018,"Ở xã Yên-Duệ, dài 17 thước."
q13_page_79-0019,CẦU THỔ-HOÀNG
q13_page_79-0020,"Ở xã Thổ-Hoàng, thuộc huyện Hương-Khê, dài 37 thước."
q13_page_79-0021,CẦU CHU-LỄ
q13_page_79-0022,Ở xã Chu-Lê thuộc huyện Hương-Khê có 2 cầu: 1 cái dài 38 thước; 1 cái dài 35 thước.
q13_page_80-0001,CHỢ
q13_page_80-0002,(Thuế chợ tỉnh Hà-Tĩnh trong một năm được 8989 đồng bạc)
q13_page_80-0003,HUYỆN LA-SƠN: CHỢ THƯỢNG
q13_page_80-0004,"Ở xã Việt-Yên-Thượng, thuộc huyện La-Sơn."
q13_page_80-0005,"Mặt trước chợ có sông lớn, buôn bán rất sầm uất."
q13_page_80-0006,"Các hàng các hiệu liên tiếp xan xát, là một chợ lớn ở vùng này."
q13_page_80-0007,CHỢ HẠ
q13_page_80-0008,Ở thôn Đông-Thái xã Việt-Yên-Hạ.
q13_page_80-0009,(Mấy chợ cùng ở huyện này)
q13_page_80-0010,CHỢ LỖ
q13_page_80-0011,Ở thôn Nhân-Thọ
q13_page_80-0012,CHỢ BÙI
q13_page_80-0013,Ở xã Bùi-Xá
q13_page_80-0014,CHỢ ĐỒN
q13_page_80-0015,Ở thôn Tùng-Ảnh
q13_page_80-0016,CHỢ PHỦ CŨ
q13_page_80_81-0001,Ở xã Thịnh-Quả Ở thôn Gia-Thịnh Ở xã Yên-Vượng Ở xã Thái-Thạch Ở xã Yên-Trung.
q13_page_81-0001,Ở xã Phúc-Dương Ở xã Phụng-Công.
q13_page_81-0002,Ở xã Dị-Ốc.
q13_page_81-0003,CHỢ TRAI
q13_page_81-0004,CHỢ GIẤY
q13_page_81-0005,CHỢ QUAN
q13_page_81-0006,CHỢ TỔNG. CHỢ PHỦ
q13_page_81-0007,Huyện Hương-Sơn: CHỢ PHỐ Ở xã Phố-Châu.
q13_page_81-0008,"Buôn bán đồng đúc, là một chợ lớn ở huyện này."
q13_page_81-0009,CHỢ TRI
q13_page_81-0010,CHỢ GỒI
q13_page_81-0011,"Ở xã Mỹ-Khôi, cũng là một chợ lớn ở huyện này."
q13_page_81-0012,CHỢ TRAI
q13_page_81-0013,"Ở làng Dương-Trai, là một chợ to bậc trung ở huyện này."
q13_page_81-0014,CHỢ LẠT
q13_page_81-0015,CHỢ TÀNG
q13_page_82-0001,Ở xã Tri-Bản Ở xã Phú-Gia.
q13_page_82-0002,Ở xã Chu-Lê Ở xã Trúc-Lâm.
q13_page_82-0003,Ở xã Phúc-Trạch Ở xã Đô-Khê.
q13_page_82-0004,Ở xã Bái-Đức Ở xã Phương-Điền.
q13_page_82-0005,Ở xã Thịnh-Lạc
q13_page_82-0006,CHỢ NỖ
q13_page_82-0007,Huyện Hương-Khê
q13_page_82-0008,CHỢ ĐA
q13_page_82-0009,CHỢ VẠN
q13_page_82-0010,CHỢ SÔNG
q13_page_82-0011,"Cũng ở xã Chu-Lê, cũng là một chợ lớn ở huyện này."
q13_page_82-0012,CHỢ TRÚC
q13_page_82-0013,CHỢ ĐỒN
q13_page_82-0014,CHỢ MỚI
q13_page_82-0015,CHỢ TRẠI
q13_page_82-0016,CHỢ VANG
q13_page_82-0017,CHỢ UN
q13_page_83-0001,Ở xã Trừng-Thanh Ở xã Xuân-Lũng.
q13_page_83-0002,Ở thôn Xuân-Giang Ở xã Đan-Trường.
q13_page_83-0003,Ở xã Phú-Lạp Ở xã Tiên-Điền.
q13_page_83-0004,Ở xã Tam-Xuân Ở xã Cương-Giản.
q13_page_83-0005,CHỢ TIÊM
q13_page_83-0006,CHỢ XUÂN
q13_page_83-0007,"Huyện Nghi-Xuân: CHỢ ĐÌNH Ở xã Uy-Viễn, là một chợ lớn ở huyện này."
q13_page_83-0008,CHỢ CHÉ
q13_page_83-0009,"Ở xã Quả-Phầm, là một chợ lớn ở hạt này."
q13_page_83-0010,CHỢ LÁNG
q13_page_83-0011,CHỢ BO
q13_page_83-0012,CHỢ ĐẠM
q13_page_83-0013,CHỢ TIÊN
q13_page_83-0014,CHỢ CỐI
q13_page_83-0015,CHỢ CÁ
q13_page_84-0001,CHỢ PHÙ
q13_page_84-0002,Ở xã Phù-Lưu. Huyện Can-Lộc:
q13_page_84-0003,CHỢ CỒN
q13_page_84-0004,Ở xã Vĩnh-Lộc
q13_page_84-0005,CHỢ MINH
q13_page_84-0006,Ở xã Trung-Lương.
q13_page_84-0007,CHỢ ĐÌNH
q13_page_84-0008,Ở xã Khố-Nội.
q13_page_84-0009,CHỢ NHI
q13_page_84-0010,Ở thôn Đông-Sơn. Là một chợ lớn ở hạt này.
q13_page_84-0011,CHỢ HUYỆN
q13_page_84-0012,Ở thôn Huyện-Thị.
q13_page_84-0013,CHỢ MỚI
q13_page_84-0014,Ở thôn Phổ-Minh. Huyện Thạch-Hà:
q13_page_84-0015,CHỢ NGẠN
q13_page_84-0016,Ở xã Trảo-Nha.
q13_page_84-0017,CHỢ ĐA
q13_page_84-0018,Ở xã Cổ-Kinh
q13_page_84-0019,CHỢ CÁT
q13_page_84-0020,Ở xã Đông-Bàn
q13_page_84-0021,CHỢ TRÊN
q13_page_85-0001,CHỢ KỲ
q13_page_85-0002,Ở xã Ngọc-Điền
q13_page_85-0003,CHỢ LỖ
q13_page_85-0004,Ở xã Đông-Lô
q13_page_85-0005,CHỢ SƠN
q13_page_85-0006,Ở xã Kiều-Mộc.
q13_page_85-0007,CHỢ ĐẠO
q13_page_85-0008,Ở xã Ngu-Xá
q13_page_85-0009,CHỢ MỚI
q13_page_85-0010,Ở xã Hương-Bộc.
q13_page_85-0011,CHỢ TỈNH
q13_page_85-0012,Ở xã Trung-Tiết Ở xã Hà-Hoàng.
q13_page_85-0013,CHỢ SUỐI
q13_page_85-0014,Ở xã Bàn-Thạch.
q13_page_85-0015,CHỢ NÀI
q13_page_85-0016,Ở xã Đại-Nài. Huyện Cẩm-Xuyên: CHỢ VỰC Ở xã Mỹ-Duệ.
q13_page_86-0001,Ở xã Đại-Táng Ở xã Hương-Cần.
q13_page_86-0002,Ở thôn Gia-Hội Ở thôn Đông-Tác.
q13_page_86-0003,Ở thôn Hậu-Côn Ở thôn Trường-Ngoại.
q13_page_86-0004,Ở thôn Vân-Đồn Ở thôn Dư-Lạc.
q13_page_86-0005,Ở thôn An-Dưỡng.
q13_page_86-0006,CHỢ VỰC
q13_page_86-0007,CHỢ CHÙA
q13_page_86-0008,CHỢ HỘI
q13_page_86-0009,CHỢ PHƯƠNG
q13_page_86-0010,CHỢ LÕI
q13_page_86-0011,"Ở thôn Xuân-Lộc. Nơi đây buôn bán tấp nập, cũng là một Chợ lớn ở hạt này."
q13_page_86-0012,CHỢ CÔN
q13_page_86-0013,CHỢ TRẦNG
q13_page_86-0014,CHỢ HỘ
q13_page_86-0015,CHỢ BIÊN
q13_page_86-0016,CHỢ CỪ
q13_page_87-0001,CHỢ NA
q13_page_87-0002,Ở thôn Na-Trường. Huyện Kỳ-Anh: CHỢ VOI Ở thôn Hữu-Lạc là một chợ lớn ở huyện hạt này.
q13_page_87-0003,CHỢ DIỄN
q13_page_87-0004,Ở thôn Phú-Dân. Cũng là một chợ lớn ở huyện này.
q13_page_87-0005,CHỢ NGÂM
q13_page_87-0006,Ở thôn Thuận-Định.
q13_page_87-0007,CHỢ CẦU
q13_page_87-0008,"Ở thôn Hiệu-Thuận, cũng là một chợ lớn ở hạt này."
q13_page_87-0009,CHỢ QUAN
q13_page_87-0010,Ở thôn Thanh-Sơn
q13_page_87-0011,CHỢ THƯỢNG
q13_page_87-0012,Ở thôn Phú-Thượng.
q13_page_87-0013,CHỢ HÔM
q13_page_87-0014,Ở hai thôn Nhân-Canh và Nhân-Lý.
q13_page_87-0015,"CHỢ HUYỆN, CHỢ QUYỀN"
q13_page_87-0016,Hai chợ này đều ở thôn Quyền-Hành.
q13_page_88-0001,ĐIỂM TAM-CHẾ
q13_page_88-0002,"Ở xã Quả. Phầm, huyện Nghi-Xuân."
q13_page_88-0003,"Xã Liêu-Độ, huyện Can-Lộc"
q13_page_88-0004,ĐIỂM NGẠN
q13_page_88-0005,"Xã Trào-Nha huyện Thạch-Hà, có quán xá ở liên tiếp."
q13_page_88-0006,ĐIỂM DA
q13_page_88-0007,Xã Cổ-Kinh huyện Thạch-Hà.
q13_page_88-0008,ĐIỂM BA-GIANG
q13_page_88-0009,Xã Phù-Việt huyện Thạch-Hà.
q13_page_88-0010,ĐIỂM-KỲ
q13_page_88-0011,Xã Ngọc-Điền huyện Thạch-Hà. Có quán xá ở liên tiếp nhau.
q13_page_88-0012,ĐIỂM NÀI
q13_page_88-0013,Xã Đại-Nại huyện Thạch-Hà.
q13_page_89-0001,ĐIỂM NA
q13_page_89-0002,Thôn Na-Trường huyện Cẩm-Xuyên. Thôn Gia-Hội huyện Cẩm-Xuyên.
q13_page_89-0003,Có nhiều quán xá ở liên tiếp.
q13_page_89-0004,ĐIỂM PHỤNG-HOÀNG
q13_page_89-0005,Thôn Phụng-Hoàng huyện Cẩm-Xuyên.
q13_page_89-0006,ĐIỂM VOI
q13_page_89-0007,"Xã Tuần-Tượng, huyện Kỳ-Anh. Có nhiều quán xá ở liên tiếp."
q13_page_89-0008,ĐIỂM HẠ
q13_page_89-0009,Thôn An-Hạ huyện Kỳ-Anh. Thôn Dị-Nậu huyện Kỳ-Anh.
q13_page_89-0010,ĐIỂM NGÃ-TƯ
q13_page_89-0011,Thôn Hà-Trung huyện Kỳ-Anh. Có nhiều quán xá ở liên tiếp.
q13_page_89-0012,ĐIỂM THẦN-ĐẦU
q13_page_89-0013,Thôn Thần-Đầu huyện Kỳ-Anh. Có nhiều quán xá ở liên tiếp
q13_page_90-0001,NHÂN VẬT
q13_page_90-0002,Nhân-vật đời Trần: SỬ-HY-NHAN Quê làng Ngọc-Sơn huyện Can-Lộc.
q13_page_90-0003,"Đỗ Trạng-nguyên đời Trần-Duệ-Tôn, làm quan đến chức Hành-khiền kiêm tòa Kinh-diên, được vua ban Kim-ngư-đại."
q13_page_90-0004,"Hy-Nhan không sách nào là không đọc, mà sở trường về Sử, nên vua cho đặt họ là họ Sử."
q13_page_90-0005,Trong tập Quần-Hiền-Phú có bài phú Trâm-Xà-Kiềm là bài ông làm lúc đi thi.
q13_page_90-0006,Con là Sử-Đức-Huy làm quan đến chức Thượng-thư bộ Hộ.
q13_page_90-0007,ĐẶNG-TẤT
q13_page_90-0008,Người thôn Tả-Hạ làng Tả-Can-Lộc.
q13_page_90-0009,"Đỗ Thám-hoa triều Trần, làm quan đến chức Hành-khiền, là con cháu của Lại bộ Thượng-thư Đặng-Bá-Tinh."
q13_page_90-0010,"Cuối đời nhà Trần, làm chức Đại-tri-châu ở Hóa-Châu."
q13_page_90-0011,"Hồi đó vua Giản-Định nhà Trần lên ngôi ở châu Trường-An, tướng Minh là Trương-Phụ quấy nhiều hành-dinh, vua phải lánh vào Nghệ-An, Đặng-Tất nghe tin, bèn giết bọn quan lại nhà Minh ở đó rồi đem quân hội họp với vua, và dâng con gái vào cung, vua phong cho làm Quốc-công để cùng mưu việc khôi phục."
q13_page_90-0012,"Khi ấy gặp lúc Phạm-Thế-Căng là người quân Tân-Bình nghinh hàng Trương-Phụ, Trương-Phụ cho Thế-Căng làm Tri-phủ Tân-Bình rồi Trương-Phụ về Đông-Đô."
q13_page_90-0013,"Đặng-Tất dẫn quân đánh bắt Thế-Căng ở cửa bể Nhật-Lệ, rồi đem các đạo quân ở Tân-Bình, Thuận-Hóa, Nghệ-An, Thanh-Hóa tấn đánh Đông-Đô, đi đến đâu những quan thuộc cũ và hào kiệt các nơi đều hưởng ứng, đánh vỡ được quân Minh ở Bồ-Cô, chém được Binh-bộ Thượng-thư nhà Minh là Lưu-Tuấn Đô-ty là Lữ-Nghị, còn tổng-binh là Mộc-Thạnh thì chạy thoát được."
q13_page_90-0014,Quân ta từ đó tiếng tăm lừng lẫy.
q13_page_90-0015,"Sau có người ở gần vua là Nguyễn-Quỹ dèm Đặng-Tất chuyên quyền, vua tin lời dèm đó, nên Đặng-Tất bị hại."
q13_page_91-0001,ĐẶNG-DUNG
q13_page_91-0002,"Là con ông Đặng-Tất, uất vì cha không có tội mà bị giết, nên mới đem quân ở Thuận-Hóa về Thanh-Hóa rước quan Thị-trung là Trần-Quý-Khoách đến tỉnh Nghệ-An lập lên làm vua, lên ngôi ở đất Chi-La, đặt niên-hiệu là Trùng-Quang."
q13_page_91-0003,Vua Trùng-Quang cho Đặng-Dung lĩnh chức Đồng-bình-chương-sự.
q13_page_91-0004,"Gặp khi Trương-Phụ vào cướp tỉnh Nghệ-An, vua phải lánh đến Hóa-Châu, Trương-Phụ lại xông vào Hóa-Châu, đại chiến ở cảng Thái-Già (thuộc tỉnh Quảng-Bình, có chép ở sách Ô-Châu-Lục), rồi hai bên cầm cự nhau ở cửa Hàm-Tử."
q13_page_91-0005,"Đặng-Dung thừa lúc đêm đánh úp vào dinh Trương-Phụ, trèo lên thuyền Trương-Phụ định bắt sống nhưng không biết rõ người, nên Trương-Phụ thoát xuống thuyền nhỏ trốn được, quân nhà Minh tan vỡ một nửa."
q13_page_91-0006,Ngày hôm sau Trương-Phụ thấy Đặng-Dung có ít quân liền dồn lại đánh.
q13_page_91-0007,"Đặng-Dung thua trận bị Trương-Phụ bắt được đưa về Yên-Kinh, đi đến giữa đường Đặng-Dung nhảy xuống nước chết."
q13_page_91-0008,"Sau thôn Tả-Hạ (thuộc làng Tả-Can-Lộc có lập đền thờ cả hai cha con Đặng-Tất và Đặng-Dung, các triều có phong tặng, triều Nguyễn cũng có gia phong."
q13_page_91-0009,Đặng-Dung có bài thơ Thuật-Hoài như sau «Thế sự du du nghĩ lão hà.
q13_page_91-0010,«Vô cùng thiên địa nhập hàm ca.
q13_page_92-0001,«Thời lại đồ điếu thành công dị.
q13_page_92-0002,«Sự khứ Anh hùng âm hận đa.
q13_page_92-0003,«Trí chủ hữu hoài phù địa trục.
q13_page_92-0004,«Tây binh vô lộ văn thiên hà.
q13_page_92-0005,«Quốc thù vị phục đầu tiên bạch.
q13_page_92-0006,«Ký độ long tuyền đói nguyệt ma.»
q13_page_92-0007,Cuộc đời man mác tuổi già ngay.
q13_page_92-0008,Trời đất thu vào cuộc hát say.
q13_page_92-0009,Đồ điều gặp thời nên để đãi.
q13_page_92-0010,Anh hùng lỡ vận chịu chua cay.
q13_page_92-0011,Phù vua trục đất toan xoay hướng.
q13_page_92-0012,Rửa giáo sông trời khó với tay.
q13_page_92-0013,Thù trả chưa xong đầu sớm bạc.
q13_page_92-0014,Dưới trăng mài kiếm bấy lâu nay.
q13_page_92-0015,"Đặng-Dung họ hàng con cháu rất đông, sang đời nhà Lê, có nhiều người quí hiền."
q13_page_92-0016,Ở nguyên quán thì có Đặng-Đôn-Phục đỗ Tấn-sỹ khoa Nhâm-Thìn niên hiệu Quang-Hưng đời vua Lê-Thế-Tôn (1592).
q13_page_92-0017,"Ở làng Mạo-Bồ huyện Sơn-Vi thi có Đặng-Công-Thiếp, Đặng-Tông-Củ và Đặng-Minh-Khiêm đều đỗ Tấn-sỹ."
q13_page_92-0018,"Ở làng Đông-Sơn huyện Lập-Thạch thì Đặng-Công-Thân, Đặng-Công-Điềm đều đỗ Tấn-sỹ, làm quan to."
q13_page_92-0019,Người ta cho là do sự trung hiếu mà trời báo đền như vậy.
q13_page_92-0020,NGUYỄN BIỂU
q13_page_92-0021,Người làng Yên-Hồ huyện La-Sơn.
q13_page_92-0022,"Thời vua Trùng-Quang nhà Trần, ông do chân Thái học-sinh làm đến chức Điện-trung thị-ngự-sử."
q13_page_92-0023,"Ông tính cương trực, gặp việc hay nói thẳng."
q13_page_92-0024,"Trước kia tướng nhà Minh là Trương-Phụ đóng quân ở núi Nghĩa-Liệt, vua Trùng-Quang thì đắp thành ở bờ bên nam sông Chi-La, hai bên đối lũy nhau."
q13_page_92-0025,"Sau vua lánh sang Hóa-Châu, thì nhà Minh sức Tìm con cháu nhà Trần, vua Liên sai Nguyễn Biều làm sứ giả sang dinh Trương-Phụ để cầu phong."
q13_page_92-0026,"Trương-Phụ bắt lấy, nhưng Nguyễn-Biều không chịu khuất."
q13_page_92-0027,"Phụ nhân thết cơm, nấu món đầu người cho ăn để thử xem ý tứ."
q13_page_92-0028,Nguyễn-Biều liền dùng đũa khoét mắt chấm giấm ăn.
q13_page_92-0029,"Trương-Phụ lấy làm khen và kính trọng rồi cho về, khi ông về đến Lam-Kiều thì có cha con Phân-Liêu là quân qui hàng giặc, bảo Trương-Phụ rằng: «Ông muốn lấy được nước Nam, không giết người ấy thì không xong»."
q13_page_92-0030,"Trương Phụ hối tiếc, liền cho người đuổi theo mời trở lại, Nguyễn-Biều tự biết mình thế nào cũng chết, bèn đề ở cột cầu rằng: Thất nguyệt sơ nhất nhất Nguyễn-Biều tử (mồng 1 tháng 7 Nguyễn-Biều chết)."
q13_page_92-0031,"Đoạn ông trở lại trách Trương-Phụ rằng: «Trong thì ông mưu toan những kế hoạch cướp nước, ngoài thì ông giả làm ra quân nhân nghĩa: đã hứa lập con cháu nhà Trần, lại đặt quận huyện để cướp bóc của cải, tàn hại sinh dân, thật là quân giặc vậy»."
q13_page_92-0032,"Trương-Phụ giận, liền bắt giết ngay."
q13_page_92-0033,"Đời Hồng-Đức nhà Lê (1470-1497) được truy phong là Nghĩa-Liệt-Đại-Vương, lập đền để thờ."
q13_page_92-0034,"Các triều có phong tặng, triều Nguyễn cũng có gia phong."
q13_page_92-0035,"Nguyễn-Biều có hai con trai, trường là Tồn-Trực, làm quan triều Lê, giữ chức Kiêm-tri Hải-Tây đạo quân-dân bạ-tịch."
q13_page_92-0036,"Con thứ là Quý-Hạ, làm chức Tuần-kiềm-sứ."
q13_page_92-0037,"Đích-tôn là Nguyễn-Phong đỗ Tấn-sỹ năm Quang-Hưng nhà Lê, làm quan đến chức Thái-thường tự-khanh, lúc mất được tặng chức Thị-lang."
q13_page_93-0001,"Nhân vật triều Lê: BÙI-CẦM-HỒ Người làng Độ-Liêu thuộc huyện Can-Lộc, khi mới sinh tự nhiên trong nhà nghe có tiếng hùm kêu như sấm ran mặt đất, người cha lấy làm lạ, nhân đặt tên chc là Cầm-Hồ (bắt hồ)."
q13_page_93-0002,"Khi lớn ra học ở Trường-An, gặp việc có người đi buôn xa về, vợ nấu canh lươn cho ăn, ăn xong thì chết, trong họ ngờ là người vợ đánh thuốc độc, thưa lên quan."
q13_page_93_94-0001,"Quan liền bắt tội người vợ, Cầm-Hồ nghe truyện, cho là người đàn bà ấy bị can, nhân nói, với người ta rằng: Nếu ông được làm quan tòa, thì thế nào ông cũng xét ra được cái nghi-án này."
q13_page_94-0001,"Viên-quan nghe biết cho hỏi, Cầm-Hồ xin cho ra chợ mua thứ lươn vàng có lần sắc huyền, cổ có nhiều điềm đốm, thường cất đầu lên tới 3 tấc, đem nấu canh cho một người Tử-Tù ăn, thì quả nhiên người tù bị chết liền."
q13_page_94-0002,Nhân đó biết người đàn bà kia bị oan bèn cho tha về.
q13_page_94-0003,Việc đó đến tai vua nên ông được triệu dụng.
q13_page_94-0004,"Sau trải làm việc ba triều (Thái-Tổ, Thái-Tôn, Nhân-Tôn), hai lần sang xứ Tàu làm đến chức An-phủ-sứ ở Lạng-Sơn."
q13_page_94-0005,Sau vua lại vời về làm chức Ngự-sử trung-thừa Tham-tri chính-sự.
q13_page_94-0006,"Ông ở triều-đình, giữ tính ngay thẳng không có a dua với ai, là một vị danh thần đời bấy giờ."
q13_page_94-0007,LÊ-QUẢNG-CHÍ
q13_page_94-0008,"Người làng Thần-Đầu huyện Kỳ-Anh, là người tư chất thông minh, xem sách trông suốt mười hàng."
q13_page_94-0009,"Khi lớn lên, học rộng xem đủ các sách."
q13_page_94-0010,"Năm 27 tuổi vào thi đình, văn đáng đã Trạng-nguyên nhưng vua Thánh-Tôn thấy ông mặt không được đẹp, nên đánh xuống Bảng-nhãn."
q13_page_94-0011,"Lúc làm quan, hế nói việc gì, thường đẫn những truyện xưa nay, giảng minh nghĩa lý, vua Lê cử kêu là Tiên Sinh mà không gọi tên ông."
q13_page_94-0012,"Văn chương đức nghiệp của ông rất được người đời suy tôn, làm quan đến chức Tả-thị-lang bộ Lê, kiêm chức Đông-các Đại-học sĩ."
q13_page_94-0013,"Sau về trí-sĩ năm 82 tuổi thì mất, được tặng Thượng-thư."
q13_page_94-0014,"Em là Quảng-Ý đã đồng-Tấn-sỹ khca Kỹ-Vị năm Cảnh-Thống đời Lê-Hiến-Tôn (1499), làm quan đến chức Đề-lĩnh Tử-thành quân-vụ, thọ 73 tuổi, tặng tước Quân-công."
q13_page_94-0015,"Nhiều nơi có lập đền thờ, các triều điều có phong tặng, triều nguyễn cũng có gia phong, khoảng năm Tự-Đức, sử tàu là Lao-Sùng-Quang đi qua đền có đề Thùy gia hảo huynh đệ Song miếu uất TỈNH linh (Anh em danh tiếng một nhà TỈNH linh hai miếu sáng lòa ngàn thu)."
q13_page_95-0001,TRẦN-BẢO-TÍN
q13_page_95-0002,"Người làng Khải-Mông huyện Nghi-Xuân, đỗ Bảng-nhãn năm Hồng-Thuận đời vua Tương-Dực nhà Lê (1509-1515), làm quan đến chức Tả-thị-lang bộ Lại."
q13_page_95-0003,"Đến khi nhà Mạc cướp ngội, bỏ quan về ản ở núi Cù-Sơn."
q13_page_95-0004,"Sau nhà Lê Trung-Hưng, ông được nêu khen là bậc tiết-nghĩa, truy tặng Thượng-thư."
q13_page_95-0005,PHAN-CHÍNH-NGHI
q13_page_95-0006,"Người làng Phan-Xá huyện Nghi-Xuân, đỗ Tấn-sỹ năm Hồng-Thuận đời Lê Tương-Dực, làm quan đến chức Đô-ngự-sử."
q13_page_95-0007,"Khi nhà Mạc cướp ngôi, bỏ quan về, nhà Mạc hai ba lần ép mời ra làm quan, khi đi đến làng Bát-Tràng thuộc huyện Gia-Lâm thì gieo mình xuống sông chết."
q13_page_95-0008,"Sau nhà Lê Trung-Hưng, được nêu khen lập đền ở làng, và có nhà riêng ở làng Bát-Tràng."
q13_page_95-0009,"Các triều có phong tặng, triều Nguyễn cũng có gia phong."
q13_page_95-0010,TRẦN-VIẾT-THỨ
q13_page_95-0011,"Người làng Phát-Nạo huyện Thạch-Hà; đỗ Tấn-sỹ đời Hồng-Thuận nhà Lê, ra làm Thanh-Chiếu đi xem xét các đạo, rất có ân uy, nên được đổi sang Quốc-tử-giám."
q13_page_95-0012,"Khi nhà Mạc cướp ngôi, bỏ quan về, nhà Mạc mời nhưng ông không chịu khuất rồi chết."
q13_page_95-0013,"Sau nhà Lê Trung-Hưng, được truy tặng Thượng-thư."
q13_page_95-0014,"Ông có 5 con, đều đỗ Hương-cống, con cháu sang ở huyện Kỳ-Anh, đời nào cũng sinh những người có văn học."
q13_page_95-0015,NGUYỄN-HOÀNH-TỬ
q13_page_95-0016,"Người làng Phát-Nạo huyện Thạch-Hà, đỗ chế khoa Tấn-sỹ năm Cảnh-Trị nhà Lê."
q13_page_95-0017,"(xét nhà Lệ chỉ có niên hiệu Cảnh-Trị, cảnh-Thống, chứ không có niên hiệu Cảnh-Trị)."
q13_page_95-0018,"Ông tính người quả quyết, có cơ trí, thường đi sang nhà Mạc, nhà Mạc bắt giữ ở lại làm quan, nhưng không chịu khuất và thừa dịp lén về."
q13_page_95-0019,Ông làm quan đến chức Tả thị-lang bộ Lại.
q13_page_95-0020,"Sau con cháu dời sang ở huyện Cẩm-Xuyên, đời đời sinh ra những bậc danh tiếng, như Hoán Quận-công Nguyễn Đình-Hoàn cũng là dòng dõi ông vậy."
q13_page_96-0001,MAI-ĐỨC-BÁ
q13_page_96-0002,Người làng Hạ-Lỗi huyện Thạch-Hà; đỗ Tấn-sỹ năm cảnh-Thống đời Lê-Hiến-Tôn (1498-1501).
q13_page_96-0003,"Ông tính người lỗi lạc, khi làm quan có khí tiết đặc biệt, sau thăng đến chức Hiến-sát-sứ."
q13_page_96-0004,"Khi nhà mạc cướp quyền ngôi, ông bỏ quan về."
q13_page_96-0005,HOÀNG-TRƯỜNG
q13_page_96-0006,"Người làng Yên-Hồ huyện La-Sơn, đồ-Tấn-sỹ năm Cảnh-Thống đời Lê-Hiến-Tôn, làm qnan đến chức Tả thị-lang bộ Lê, hiện giữ viện Hàn-lâm."
q13_page_96-0007,"Lúc nhà Mạc sắp cướp ngôi, ông cáo quan về, có bài thơ lưu giản cho các bạn đồng triều «Gia sơn tình vọng bạch vân qui «Thân thế hồi đầu sự đi phi."
q13_page_96-0008,«Nhất giới cổ hàn đặng quán các.
q13_page_96-0009,«Thập niên cam chỉ ngộ đình vì.
q13_page_96-0010,«Lâm tuyền hữu ước nhân vi gui.
q13_page_96-0011,«Danh lợi vô tâm mộng diệc hi.
q13_page_96-0012,«Ký đắc cố viên thu chính hảo.
q13_page_96-0013,«Lư ngư thuần thái mạch miêu phi» (Nhà về máy núi trông xa.
q13_page_96-0014,Đời ta quay lại việc đà khác xưa.
q13_page_96-0015,Thân hèn quản các sớm trưa.
q13_page_96-0016,Mười năm bùi ngọt hứng hò đình vì.
q13_page_96-0017,Suối rừng nhân hẹn có khi.
q13_page_96-0018,Lợi danh chẳng tưởng không hề mộng mọ.
q13_page_96-0019,Tiết thu lại nhỏ vườn xưa.
q13_page_96-0020,Rau thom cá béo lúa thừa tốt tưoi.)
q13_page_97-0001,NGUYỄN-VĂN-GIAI
q13_page_97-0002,"Người làng Phù-Lưu, thuộc huyện Can-Lộc, vốn nhà đời đời hiền đạt."
q13_page_97-0003,"Một hôm bà mẹ đi múc nước đêm, thấy có sao sáng rơi vào chính nước, bà liền bịt chính lại đem về uống, rồi có thai sinh ra ông."
q13_page_97-0004,"Khi lên 9 tuổi đã biết làm văn; lớn lên thiên tư thông minh lạ thường, lại có sức khoẻ, vì ăn rất nhiều."
q13_page_97-0005,"Thi ở tỉnh đỗ đầu, rồi đỗ Hội-nguyên chánh Tấn-sỹ năm Quang-Hưng đời Lê Thế-Tôn."
q13_page_97-0006,"(1578-1579). Trải thờ 3 triều, ra ngoài thì coi việc binh nhung, tại triều thì tham bàn kế-hoạch."
q13_page_97-0007,"Bình được nhà Mạc, có công rất lớn, làm quan đến chức Thượng-thư bộ Lại, kiêm công việc 6 bộ, lại kiêm chức Đô-đài Đô ngự-sử, ban tước Lễ-quận Công, công nghiệp rực rỡ, là một bạc danh thần đời Trung-Hưng."
q13_page_97-0008,Khi mất được tặng Thái-tề.
q13_page_97-0009,"Văn-Giai có 13 con trai, 12 con gái đều qui hiền cả."
q13_page_97-0010,"Đến nay họ hàng đông đúc, đời nào cũng sinh ra những bạc văn học."
q13_page_97-0011,DƯƠNG-TRÍ-TRẠCH
q13_page_97-0012,"Người làng Bạt-Trạc huyện Can-Lộc, là cháu quan Thượng-thư Dương-Trí-Dụng Tấn-sỹ khoa Đinh-Vị (1607) niên-hiệu Hoàng-Định đời Lê-Kinh-Tôn."
q13_page_97-0013,"Ông làm chức Đốc-đồng, binh định tỉnh Cao-Bằng có công, sau lại đi sứ sang Trung-Hoa."
q13_page_97-0014,"Làm quan đến Thượng-thư bộ Lại, kiêm viện Hàn lâm, được phong là Quốc-Lão Thái-bảo Bạt-quận-công, về trí-sĩ năm 77 tuổi thì mất, được tặng Thái tê."
q13_page_97-0015,Con cháu đời nào cũng sinh người có văn học.
q13_page_97-0016,LÊ-SĨ-TRIÊM
q13_page_97-0017,"Người làng Nội-Can-Lộc, thuộc huyện Can-Lộc, cùng em là Lê-Sĩ-Bàng đỗ Tấn-sỹ khoa Kỳ-Vị (1739) năm Vĩnh-Hựu đời Lê-Ý-Tôn."
q13_page_97-0018,"Anh em cùng đồ một bảng, thời bấy giờ ai cũng coi là một sự vinh hạnh."
q13_page_97-0019,"Sỹ-Triêm làm chức Đốc-đồng đánh giặc Nguyễn-Hữu-Cầu (Tức Quận-Hèo) ở các xứ Sơn-Nam, Nghệ-An có công, được thăng chức Đông-các Học-sĩ."
q13_page_97-0020,"Sĩ-Bàng thì làm Kinh-triệu Tham-chính, đánh giặc có công, cũng làm quan đến Đông-các Học-sĩ, anh em đều có tiếng là thanh bạch."
q13_page_97-0021,Con cháu đời nào cũng có người văn-học.
q13_page_98-0001,Vũ-DIỆM Người làng Thổ-Vượng thuộc huyện Can-Lộc.
q13_page_98-0002,"Lúc còn trẻ đã có tiếng văn hay, khi thi ở tỉnh đỗ đầu, lại đỗ Đình-nguyên chánh Tấn-sỹ khoa Kỳ-Vị (1739) năm Vĩnh-Hựu đời Lê-Ý-Tôn."
q13_page_98-0003,"Quyền thi nguyên đỗ đệ nhất giáp đệ nhị danh, nhưng vua phê nhầm là đệ nhị giáp đệ nhất danh, sĩ phủ ai cũng lấy làm tiếc."
q13_page_98-0004,"Ông ra làm Đốc-đồng đi đánh giặc Nùng-Văn-Huy có công, làm đến Hàn-lâm Thị-thư."
q13_page_98-0005,Lúc mất được tặng Tự-khanh phong tước Bá.
q13_page_98-0006,"Lúc thường ông giảng-học không biết mệt, học trò nhiều người hiền đạt."
q13_page_98-0007,NGÔ-CẢNH-HỰU
q13_page_98-0008,Người làng Trảo-Nha huyện Thạch-Hà.
q13_page_98-0009,Tiền nhân có đời làm võ-tướng.
q13_page_98-0010,"Gặp hồi nhà Mạc cướp ngôi, ông bỏ quan về, nổi quân chống giữ, không theo lệnh nhà Mạc, khi Vua Trang-Tôn nhà Lê lên ngôi, ông mới đi theo."
q13_page_98-0011,"Niên-hiệu Quang-Hưng (Lê Thế-Tôn) thứ 5 (1582), ông có chiến công đánh trận Đường-Nang, được thăng chức Hữu-đồ-đốc Bắc-quân-phủ, rồi đánh bại Mạc-Kinh-Nhượng ở núi Tam-Điệp."
q13_page_98-0012,"Lại cùng Hà-Thọ-Lộc bình định các huyện An-Sơn, Thạch-Thất, Phúc-Lộc, Tân-Phong; khi lấy lại Kinh-Sư, thường những người có công, ông được gia chức Thiếu-bảo."
q13_page_98-0013,"Họ hàng ông rất đông, văn võ đều phát, đời đời giữ binh phù, làm đến Quận-Công cũng nhiều, sử chép là «Thạch-Hà-Thế-Tướng»."
q13_page_98-0014,"Đời sau có Ngô-Lâm đỗ Tấn-sỹ, làm đến chức Thiêm-đồ-Ngự-sử."
q13_page_98-0015,"Năm Cảnh-Hưng cuối triều Lê, có Ngô-Cảnh-Hoàn làm đến chức tổng-binh Chỉ-huy-sử, Quản đội Tiền-Trạch-Gặp khi Tây-Sơn nổi dậy, Cảnh-Hoàn đánh nhau với địch ở sông Thúy-Ái bị thua, cùng hai con đều tử nạn."
q13_page_98-0016,Bà thiếp là Thị-Thuấn cũng chết theo.
q13_page_98-0017,"Đến triều Nguyễn, có Quang-lộc-tự-khanh Ngô-Phùng, con là Ngô-Liên cũng làm quan đến Tả-thị-lang bộ-Lê."
q13_page_98-0018,"Cháu là Tấn-sỹ Ngô-Đức-Kế, và Đệ-nhị-giáp Tiến-sỹ Án-sát Ngô-Đức-Bình đều là dòng dõi Ngô-Cảnh-Hựu vậy"
q13_page_99-0001,ĐINH-NHO-CÔNG
q13_page_99-0002,"Người làng An-Ấp huyện Hương-Sơn; đỗ Tấn-sỹ khoa Canh-Dần, năm Cảnh-Thống (1498-1501) đời Lê-Hiến-Tôn (Xét đời Lê-Hiến-Tôn không có khoa Canh-dần), làm quan đến chức Thiêm-đô-Ngự-sử."
q13_page_99-0003,"Tại triều ông rất ngay thắng, gặp việc dám nói."
q13_page_99-0004,"Con là Nho-Hoàn cũng đỗ Tấn-sỹ, làm quan đến chức Thị-lang bộ Lại, đi sứ Tàu bị mất ở dọc đường, người thiếp là Phan-Thị cũng chết theo."
q13_page_99-0005,Vua chiếu cho treo biền tại công nhà đề nêu khen.
q13_page_99-0006,Con cháu đời đời phát văn khoa.
q13_page_99-0007,"Đến triều Nguyễn có ông Đinh-Nho-Quang làm Tuần-phủ về hưu, và Đinh-Nho-Điền đỗ Tấn-sỹ, làm đến chức Biện-lý, đều là dòng dõi Nho-Công."
q13_page_99-0008,NGUYỄN-ĐÌNH-HOÀN
q13_page_99-0009,"Người làng Quan-Duệ huyện Cẩm-Xuyên, là dòng đối quan Thị-lang Nguyễn-Hoành-Tử, cháu bốn đời quan Thái-bảo Quận-công Nguyễn-Đình-Tường."
q13_page_99-0010,Tồ-phụ là Đình-Trụ làm đến Đồ-đốc Cầm-quận-công.
q13_page_99-0011,Cha là Đình-Thực làm quyền Phủ-sự Hãn-quận-công.
q13_page_99-0012,Đình-Thực sinh ra Đình-Hoàn và Đình-Thạch.
q13_page_99-0013,"Đời Lê-Y-Tôn Đình-Hoàn làm Đốc-đồng tỉnh Hải-Dương, có công tôn phò nhà vua, được phong Hoán-quận-công."
q13_page_99-0014,"Đình-Thạch cũng làm đến Đề-lĩnh Tứ-thành-binh-mã Tiềm Quận-công, Đình-Hoàn nối đời làm tướng, ông nội là Đình-Trụ, cha là Đình-Thực, em là Đình-Thạch suốt bốn đời đều làm Thị-giảng (hầu giảng cho vua)."
q13_page_99-0015,"Đình-Thạch làm đến Thái-bảo Quận-công, khi mất được tặng Thái-tề phong Phúc-Thần."
q13_page_99-0016,Trong họ có tướng Nguyễn-Đình-Đống cũng làm đến Thái-tề Đinh-quận-Công.
q13_page_99-0017,"Sử khen là đời đời huân nghiệp, trung nghĩa, trí dũng ít người theo kịp."
q13_page_99-0018,Thực là một nhà thế-tướng ở đất Cẩm-Xuyên vậy
q13_page_100-0001,VÕ-TÁ-SẮT
q13_page_100-0002,"Người làng Hà-Hoàng huyện Thạch-Hà, là dòng đồi Quận-công Võ-Tá-Hà."
q13_page_100-0003,"Xuất thân nhà thế-phiệt cùng Tá-Liễu Tá-Đoan, Tá-Quán đều giữ việc binh, lĩnh chức Trấn-tướng, lúc Trấn-thủ Sơn-Nam (sau đổi là tỉnh Nam-Định), Tá-Sắt đánh nhau với tướng giặc Nguyễn-Hữu-Cầu, bị đạn bắn trúng mắt, lời ra một con người, Sắt lấy con người nuốt ngay, rồi lại đốc quân đánh riết, ai cũng phục là dũng."
q13_page_100-0004,"Vì thế có câu ngạn ngữ: «Người Nghệ-An, gan Thạch-Hà» (Tỉnh Hà-Tĩnh nguyên trước thuộc Nghệ-An)."
q13_page_100-0005,"Tá-Sắt họ hàng rất đông đúc, con cháu ai cũng học tập binh-pháp, giỏi võ-nghệ, đồ Tạo-sỹ võ, được phong Quận-tước đến 18 người."
q13_page_100-0006,"Sau có Tá-Chính Tá-Dụng, Tá-Kỳ đều đỗ Hương-cống (tức như Cử-nhân triều Nguuễn); Tá-Kỳ làm quan đến Tham-chính."
q13_page_100-0007,"Văn võ đều phát đạt, người nào cũng nho nhã lại có mưu lược."
q13_page_100-0008,"Sử khen là Thạch-Hà Thế-Tướng (đất Thạch-Hà rồi đời làm tướng), và có câu: Trảo-Nha chi Ngô, Hà-Hoàng chi Võ (Họ Ngô ở làng Trảo-Nha, họ Võ ở làng Hà-Hoàng)."
q13_page_100-0009,VĂN-ĐÌNH-DẬN
q13_page_100-0010,"Người làng Lạc-Phố huyện Hương-Sơn, gia thế đời đời làm tướng Võ."
q13_page_100-0011,Cha là Đinh-Nhân được phong tước Cồn-quận-công.
q13_page_100-0012,Con là Đinh-Ức phong tước Quản-quận-công.
q13_page_100-0013,Cháu là Đinh-Cung đồ Tạo-sỹ giữ binh-phù lấy Quận-chúa.
q13_page_100-0014,"Cha con ông cháu, tài lược hơn đời."
q13_page_100-0015,"Vào khoảng năm Cảnh-Hưng nhà Lê, đại quân đi đánh giặc Ngân-Già, kinh-thành bỏ không, chợt có giặc ở làng Ninh-Xá là bọn Nguyễn-Cử, Nguyễn-Tuyền kéo quân sát đến sông Nhi-Hà, khắp kinh-thành ai cũng sợ hãi."
q13_page_100-0016,"Khi ấy Đinh-Dận đương làm Trấn-tướng tỉnh Sơn-Tây, được tin báo liền tự đem quân bản bộ sớm tối đi gấp, quân không kịp thổi com, bắt mỗi đội 2 người gánh một cái chảo lớn, xóc gạo đồ vào, rồi một người đốt đuốc đun ở dưới, vừa đi vừa nấu com, hề chín thì cho chia nhau mà ăn."
q13_page_100-0017,"Đến chiều tới kinh-thành, thì thuyền giặc sắp sang sông, Đinh-Dận sai quân bản bộ ra án ngữ bờ sông, rồi bắt hết dân đinh trong thành phố, không cứ già trẻ, đều phải ra hết, cứ mỗi người cầm một cái gậy, đốt hương buộc vào đầu gậy, đêm ra đứng suốt bãi sông, quân đóng liên-tiếp rất dài; giặc cho là đại-quân đã đến, tự sợ hãi mà tan vỡ, kinh-thành nhờ thế lại được yên ồn."
q13_page_100-0018,"Có tài ứng biến như thế, nên được phong tước Điều-Quận-công."
q13_page_100-0019,"Khi mất được tạng Đại-Vương, phong làm Phúc-Thần, Đinh-Dận họ hàng rất đông, đời nào cũng có người đỗ Tạo-sỹ võ và giữ việc binh cũng nhiều Sử khen là «Hương-Sơn Thế-Tướng» (nhà nối đời làm tướng ở Hương-Sơn)."
q13_page_101-0001,NGUYỄN-NGHIỄM
q13_page_101-0002,"Người làng Tiên-Điền huyện Nghi-Xuân, đồ chánh Tấn-sỹ khoa Canh-Tuất, niên hiệu Vĩnh-Khánh (Đời Lê-Duy-Phường 1730), làm quan đến chức Tham-tụng Thượng-thư đại Tư đồ tước Xuân-quận-công."
q13_page_101-0003,Đã về trí sĩ rồi lại ra làm tướng 10 năm.
q13_page_101-0004,"Trong năm Cảnh-Hưng (Đời Lê-Hiền-Tôn), ra làm Tả-tướng đặt dinh ở tỉnh Nghệ-An, đốc suất quân các đạo đi đánh Lê-Duy-Mật có công được thăng đại Tư-không; khi mất được truy tặng Đại-Vương, phong Phúc-Thần."
q13_page_101-0005,Anh là Huệ con là Khản đều đỗ Tấn-sỹ.
q13_page_101-0006,Huệ lúc mất cũng được phong làm Phúc-Thần.
q13_page_101-0007,"Khản sau đổi sang Võ-chức, lĩnh trấn hai tỉnh Sơn-Tây và Hưng-Hóa, rồi thăng lên Lại-bộ-Thượng-thư, được phong Toản-quận-công."
q13_page_101-0008,"Anh Nguyễn-Khản là Nguyễn-Lệ cũng làm đến Phó Đô-ngự-sử, được phong Kiều-Nhạc-Bá."
q13_page_101-0009,Em là Nguyễn-Điều cũng làm đến Trấn-thủ phong Điền-Nhạc-hầu.
q13_page_101-0010,"Cha con anh em làm quan cùng triều, người đời bấy giờ ai cũng lấy làm vẻ vang."
q13_page_101-0011,"Nhà này họ hàng rất đông, đời nào cũng có người văn học."
q13_page_101-0012,Đến triều Nguyễn có Tham-tri Nguyễn-Du cũng là cháu vậy.
q13_page_102-0001,PHAN-HUY-CẬN
q13_page_102-0002,"Người làng Canh-Hoạch huyện Can-Lộc, đỗ Hương-nguyên lại đỗ Hội-nguyên Tấn-sỹ khoa Canh-Thìn (xét chỉ có Giáp-Thìn 1664 hay Canh-Tuất 1670, chứ không có khoa Canh-Thìn trong đời Cảnh-Trị Lê-Huyền-Tôn), làm đến Tham-tụng đồng Bình-chương-quân-quốc-trọng-sự, rồi về trí sĩ."
q13_page_102-0003,"Con là Huy-Ích, Huy-Ôn đều đỗ Hương-nguyên; Huy-Ích lại đỗ Hội-nguyên Tấn-sỹ."
q13_page_102-0004,"Huy-Ôn cũng đỗ Tấn-sỹ; đều làm quan to, họ hàng rất đông, đời nào cũng có người văn học."
q13_page_102-0005,"Sau đời ra ở làng Cổ-Duyên, tỉnh Sơn-Tây."
q13_page_102-0006,"Đến triều Nguyễn có cha con quan Lê-bộ Thượng-thư trí sĩ Phan-Huy-Thực Phan-Huy-Vinh, và quan Bình-Định Bố-chánh-sứ trí-sỹ Phan-Huy-Dũng đều là dòng đối ông vậy."
q13_page_102-0007,(Cổ-Duyên nay là làng Thụy-Khuê).
q13_page_102-0008,PHAN-KÍNH
q13_page_102-0009,"Người làng Lai-Thạch huyện La-Sơn, đồ Thám-hoa khoa Quý-Sửu niên hiệu Cảnh-Hưng đời vua Hiền-Tôn (1740-1786), làm quan đến Thừa-chánh-sứ, lúc mất được tặng Thị-lang phong Phúc-Thần' Phan-Kính là người tài tử cao xa, ít ai sánh kịp."
q13_page_102-0010,"Khi làm Đốc-đồng tỉnh Tuyên-Quang giặc Tàu vừa kéo đến cướp bóc nước ta, lại gặp lúc tổng-đốc Vân-Quý (Vân-Nam và Quý-Châu bên Tàu) đến nhận chức, Phan-Kính liền đem quân đi hội thảo, và dẹp yên ngay được."
q13_page_102-0011,"Ông thường cùng người nhà Thanh làm thơ, có câu rằng (Sĩ đồ cộng bộ Vân-Gian-nguyệt Võ phục đồng phi Lĩnh-Biều vấn Đại-ý nói: (Cùng bạn làm quan cùng dạo dưới nguyệt vùng Vân-Gian Cùng mặc đồ võ để đẹp loạn ở miền Ngũ-Lĩnh/ cộng là Phan-Chửu cũng đỗ Hương-tiến."
q13_page_102-0012,(tức Cử-nhân).
q13_page_103-0001,NGUYỄN-HUY-OÁNH
q13_page_103-0002,"Người làng Lai-Thạch huyện La-Sơn, đổ Thám-hoa khoa Mậu-Thin (1748) niên-hiệu Cảnh-Hưng đời Lê-Hiền-Tôn, làm quan đến chức Thị-lang bộ Lại rồi về trí sĩ: Sau lại được vời ra làm Thượng-thư bộ Công."
q13_page_103-0003,"Em là Nguyễn-Quýnh cũng đỗ Tấn-sỹ làm quan đến chức Đốc-thị tỉnh Thuận-Khánh, anh em cùng làm quan một triều."
q13_page_103-0004,"Ông có dựng một lầu đề sách có vài vạn quyền, dạy học tới vài nghàn người."
q13_page_103-0005,"Trong số học trò cùng đỗ một triều đến 30 người; còn hạng ra làm Tri-châu, Tri huyện, thì không xiết kề."
q13_page_103-0006,BÙI-BẬT-TRỰC
q13_page_103-0007,"Người làng Yên-Đồng, huyện La-Sơn, đỗ Hương-cống đờ nhà Lê, làm quan đến chức Thái-bộc tự-khanh."
q13_page_103-0008,"Gặp lúc Tây-Sơn nổi lên, Bật-Trực phụng mạng đi Tham-tán quân-vụ, đánh nhau ở sông Hương-Giang, quân bị tan vỡ, rồi về làng ở."
q13_page_103-0009,"Sau lại họp quân đánh nhau ở Nam-Đường bị quân địch bắt, ông mắng quân địch mà bị chết."
q13_page_103-0010,HOÀNG-TRỪNG
q13_page_103-0011,"Người huyện Can-Lộc, trước nguyên quán ở La-Sơn, đỗ Hương-cống đời Lê, ra Tri huyện Thanh-Chương; vì không được toại chí, liền cáo quan về, đem cả nhà đến ần ở núi Canh-Sơn tại làng Bạt-Trạc huyện Can-Lộc, nên thành ra người huyện này."
q13_page_103-0012,"Những sách Thiên-Văn, Địa-Lý, Binh-Pháp, Luật-Lịch, Y-Bốc, không sách nào là không xem."
q13_page_103-0013,Học trò tới học đến vài trăm người/cũng có nhiều người làm nên.
q13_page_103-0014,BÙI-DƯƠNG-LỊCH
q13_page_103_104-0001,"Người làng Yên-Đồng huyện La-Sơn, trước đỗ Hương-cống được bồ Huấn-đạo, nhưng không chịu đi."
q13_page_104-0001,"Gặp lúc Tây-Sơn nổi lên, Dương-Lịch lạc đến ngụ ở Kinh-sư."
q13_page_104-0002,"Khi vua Xuất-Đế (Chiêu-Thống) lên ngôi, được ông Vũ-Quý tâu với vua, nên được gọi ra làm Thị-nội-văn-chức đi chiêu dụ hai phủ Đức-Quang và Hà-Hoa."
q13_page_104-0003,"Lúc về theo đi đánh giặc có công, được thăng chức Viên ngoại-lang kiêm Giám-thủ điện-trung phù-bảo, cai quản quân Hậu-Đàng, lại được ban cho thái-ấp (nơi thu thuế để chi dùng) Năm ấy thi hội ở trong Bãi-cát, vua ra đề thi xong, ngẫu nhiên viết 8 chữ: «Trúng hạng đệ nhất danh Bùi-Dương-Lịch» vào một mảnh giấy rồi cất đi."
q13_page_104-0004,"Đến khi bộ Lê đem bảng đồ vào trình, thì quả nhiên ông Lịch đỗ Nhị-giáp Tấn-sỹ đệ-nhất-danh."
q13_page_104-0005,"Khi Dương-Lịch vào lễ tạ, Vua lấy mảnh giấy ra cho xem, và cho tiền mừng: Vừa khi ấy bà mẹ ở Nghệ-An đến, cùng ra Quảng-văn-lâu xem bảng."
q13_page_104-0006,"Người đời bấy giờ lấy làm vẻ vang Đến lúc vua Lê phải chạy sang Tàu, ông đi theo đến tỉnh Lạng-Sơn, rồi không biết vua đi đường nào, ông mới giờ lại đem mẹ về ần ở cửa Đồng-Môn thuộc huyện Thạch-Hà, Tây-Sơn ép mời ra làm quan, nhưng khi đến kinh Phú-Xuân."
q13_page_104-0007,"Dương-Lịch đến viên Trung. Thư của Tây-Sơn là Trần-Văn-Ký bày tỏ thực tình, nên được cáo về."
q13_page_104-0008,"Dương-Lịch học rất rộng, không sách nào không đọc."
q13_page_104-0009,"Có làm mấy tập như «Bùi-Gia-Huấn-Hài, Nghệ-An-Chí» truyền lại đời sau."
q13_page_104-0010,"Đến triều Nguyễn có Bùi-Thức-Kiên đỗ Nhị-giáp Tấn-sỹ, nguyên Hà-Ninh-tổng-đốc khai phục Thị-lang về hưu, là con của Dương-Lịch vậy."
q13_page_104-0011,TRẦN-DANH-NHUẾ
q13_page_104-0012,"Người làng Ngọc-Điền huyện Thạch-Hà, con ông Tấn-sỹ cấp-sự-trung Trần-Văn-Tố."
q13_page_104-0013,Là người có tài học nhưng không chịu đi thi.
q13_page_104-0014,"Gặp khi Tây-Sơn nổi dậy, đặt sồ bộ trong làng, bắt người nào cũng phải có giấy chỉ-bài tùy thân làm tin."
q13_page_104-0015,Danh-Nhuế vì không chịu theo lệnh nên bị bắt giải xuống trấn Nghệ-An.
q13_page_104-0016,"Tướng Tây-Sơn là Nguyễn Diệu bất lậy, không chịu lậy, đãi cơm cũng không ăn, bảo làm thơ thì làm xong ngay."
q13_page_104-0017,"Đối phương biết là không thề khuất được, nên để cho về."
q13_page_104-0018,Sau Danh-Nhuế họp đồ đảng ở núi Nga-Khê (thuộc huyện Can-Lộc kéo đi định đánh úp dinh quân Tây-Sơn.
q13_page_104-0019,"Khi đến núi Bân-Xá-gặp quân Tây-Sơn, quân Danh-Nhuế bị tan vỡ, đành phải tự tử mà chết."
q13_page_104-0020,"Danh-Nhuế có bài thơ thuật hoài như sau ""Địa phúc thiên phiên lục tải dư."
q13_page_104-0021,«Cố gia Công-tử cánh hà như?
q13_page_104-0022,«Trung trường ám kết kiến khôn hận.
q13_page_104-0023,«Diện mục ninh tâm nhật nguyệt cư.
q13_page_104-0024,«Đăn đắc hữu thân trình khổ tiết.
q13_page_104-0025,«Bất phương vô mễ chữ cam chư.
q13_page_104-0026,«Phận đồng uất giá trường điều ta.
q13_page_104-0027,«Mạc hướng xuân phong hãnh phát thư.
q13_page_105-0001,(Sáu năm đất lồ trời long.
q13_page_105-0002,Trừ xem Công-tử nhà tông thế nào?
q13_page_105-0003,Giận trời ruột thất gan bào.
q13_page_105-0004,Mặt mày há thẹn thanh cao đổi vùng.
q13_page_105-0005,Thân này trinh khô rừng rừng.
q13_page_105-0006,Cơm khoai cơm sắn vực lưng chăng nề.
q13_page_105-0007,Mình như mía héo trước hè.
q13_page_105-0008,Đừng mong đợi gió xuân về nở nang)
q13_page_105-0009,NGUYỄN-THIẾP
q13_page_105_106-0001,"Người làng Nguyệt-Úc huyện La-Sơn, đỗ Hương-cống, làm Tri huyện Thanh-Chương."
q13_page_106-0001,"Cuối đời nhà Lê, bỏ quan về ân ở núi Lạp-Phong tại thành Lục-Niên để giảng học và dạy học trò."
q13_page_106-0002,"Nguyễn Thiếp không sách nào không đọc, nhưng rất tỉnh về các môn Thiên-Văn."
q13_page_106-0003,"Địa-Lý, Dịch-Số, Sấm-Vĩ. Dạy người thì cốt lấy lễ nghĩa làm chủ, học giả rất nhiều người theo, thường kêu là Lạp-Phong Tiên-Sinh."
q13_page_106-0004,"Khi nhà Lê mất nước, Tây-Sơn Nguyễn-Huệ nghe tiếng Nguyễn-Thiếp, có đem lễ đến rước, nhưng không chịu đi."
q13_page_106-0005,"Sau Nguyễn-Huệ chết, con là Quang-Toản nối ngôi, ép mời đến thành Phú-Xuân đề hỏi việc nước, nhưng Nguyễn-Thiếp không trả lời."
q13_page_106-0006,"Gặp hồi vua Thế-Tổ Cao-Hoàng-Đế (Gia-long) lấy lại được Phú-Xuân, Ông có vào yết-kiến; rồi lại xin về ngay."
q13_page_106-0007,"Vua có dụ rằng: «Ông nay tuổi và đức đều cao, sau khi về nhà nên cố đào luyện lấy nhiều nhân tài ra giúp triều-đình; đề khỏi phụ lòng kính lão tôn hiền của ta»."
q13_page_106-0008,Rồi sai quan đưa về núi.
q13_page_106-0009,"Sau khi mất, học trò lập đền ngay chỗ nhà ở núi để thờ, gọi là La-Sơn Phu-Tử."
q13_page_106-0010,"Nhân-tài triều Nguyễn: NGUYỄN-DU Người làng Tiên-Điền huyện Nghi-Xuân, là cháu quan Thái-tề Nguyễn-Nghiễm, ông có tài học, giữ khí-tiết, không chịu ra làm quan triều Tây-Sơn."
q13_page_106-0011,"Năm Gia-Long thứ năm (1806) Vua mời ra làm chức Đông-các Học-sỹ, sau đổi sang chức Cai-bạ tỉnh Quảng-Bình."
q13_page_106-0012,Có tiếng đức độ thăng chức Cần-chính-điện Học-sỹ sung chức đi sứ nhà Thanh.
q13_page_106-0013,"Lúc về được thăng Hữu-tham-tri bộ Lễ, Năm đầu Minh-Mạng (1820), lại có lệnh đi sứ, nhưng chưa kịp đi thì mất."
q13_page_106-0014,"Ông học rộng văn hay, rất giỏi về thơ, khi sang sứ Tàu về có tập Bắc-Hành Thi-Tập."
q13_page_106-0015,"Nguyễn-Du lại giỏi cả thơ văn quốc-âm, có làm truyện Thúy-Kiều đến nay vẫn còn truyền tụng."
q13_page_106-0016,"Ông có 2 con trai là Nguyễn-Thảng và Nguyễn-Sóc, Thảng làm quan đến Công-bộ Thị-lang, Sóc làm chức Giám-đốc vũ-khố."
q13_page_106-0017,Con cháu đời nào cũng có người tài học; Tấn-sỹ Nguyễn-Mai cũng là dòng dõi ấy.
q13_page_107-0001,NGUYỄN-CÔNG-TRỨ
q13_page_107-0002,Người làng Uy-Viên huyện Nghi-Xuân.
q13_page_107-0003,"Lúc còn trẻ tính rất thích thẳng (phóng khoáng), giỏi về văn thơ, lại rất sở trường về quốc-văn, đỗ Giải-nguyên năm Gia-Long thứ 15 (1816), làm quan trải ba triều, đến chức Công-bộ Tham-tri quyền Thượng-thư, vì có lỗi phải giảng."
q13_page_107-0004,"Sau hai lần đổi làm Tuần-phủ, lĩnh Hải-An tổng-đốc, và lại triệu về kinh làm Tham-tri Bộ-binh."
q13_page_107-0005,"Khi Trấn-Tây có việc, xin đi Tham-tán quân-vụ, lại bỏ làm chức Tuần-phủ An-Giang."
q13_page_107-0006,"Ít lâu bị tội phải ra lính, rồi lại được khai phục làm Ấn-sát tỉnh Quảng-Nghĩa, dần thăng chức Thừa-Thiên Phủ-doãn."
q13_page_107-0007,"Sau viện niên-lệ (lệ tuổi già) xin về hưu, làm nhà ở gần chùa Cảm-Sơn thuộc huyện Thạch-Hà, thường cưỡi xe bỏ đi chơi."
q13_page_107-0008,Năm ngoại 80 tuổi thì mất.
q13_page_107-0009,"Ông là người lỗi-lạc có tài khí, làm quan thăng giảng luôn luôn, nhưng vẫn ra sức ở biên cương, lập nhiều quân-công."
q13_page_107-0010,"Khi làm Dinh-điền-sứ mộ dân khân đất, lập được huyện Kim-Sơn và huyện Tiền-Hải."
q13_page_107-0011,"Khi ở Hải-Dương vây đánh bọn giặc ở Chàng-Sơn bắt được tướng giặc đem chém, chiêu dụ dư-đảng được 180 người, cấp cho trâu cày ruộng cấy, khai khăn nơi đó, đặt là ấp Hướng-Hóa, có lợi mãi mãi về sau."
q13_page_107-0012,"Khi tuổi cao xin cáo về điền viên, nhất thiết bỏ hết việc đời, vui chơi non nước, trải hơn 10 năm, có vẻ tiên ngoài cõi tục, ai cũng tưởng mến phong tao."
q13_page_107-0013,"Khi mất dân các huyện các ấp của ông dựng ra, đều lập đền để thờ."
q13_page_107-0014,NGỤY-KHẮC-TUẦN
q13_page_107-0015,"Người làng Xuân-Viên thuộc huyện Nghi-Xuân, đã Tấn-sỹ khoa Bính-Tuất, năm Minh-Mạng thứ 7 (1826)."
q13_page_107-0016,"Ông là người từng trải sáng suốt, tính cần thận giữ-gìn, làm việc ba triều, một lòng kinh cần siêng năng; làm quan 14 tỉnh, đến đâu cũng có tiếng là một ông quan thanh liêm."
q13_page_107-0017,"Hồi vua Tự-Đức mới lên ngôi, triệu vào làm Thượng-thư bộ Hộ, lại sung tòa Kinh-diên kiêm chức Quốc-sử-quán Tổng-tài, quản-đốc nhà Quốc-tử-giám."
q13_page_107-0018,"Lúc mất được tặng Hiệp-biện Đại-học-sỹ, và được thờ vào đền Hiền-Lương."
q13_page_108-0001,TRƯƠNG-QUỐC-DỤNG
q13_page_108-0002,"Người làng Phong-Phú huyện Thạch-Hà, đỗ Tấn-sỹ khoa Ký-Sửu năm Minh-Mạng thứ 10 (1829), làm quan đến chức Hình-bộ Thượng-thư."
q13_page_108-0003,"Năm Tự-Đức thứ 15 (1862), miền Hải-An có giặc."
q13_page_108-0004,Ông ra làm chức Thống-đốc Hải-An quân-vụ đại-thần.
q13_page_108-0005,"Năm thứ 18, đánh nhau với giặc ở làng La-Khê bị chết tại trận, được truy-tặng Đông-các Đại-học-sỹ, và được thờ ở đền Trung-Nghĩa."
q13_page_108-0006,"Ông tính liêm khiết, giữ được phong độ."
q13_page_108-0007,"Lúc làm ở bộ Hình, nhiều án được ông điều tra ra sự thực."
q13_page_108-0008,"Ông học rất rộng, lại rất giỏi về môn chiêm-tinh, có làm bản sách: Thoái-Thực-Ký-Văn truyền lại ở đời."
q13_page_108-0009,PHAN-ĐÌNH-TUYỂN
q13_page_108-0010,"Người làng Yên-Đồng huyện La-Sơn, đỗ Phó-bảng khoa Giáp-Thin năm Thiệu-Trị thứ tư (1844)."
q13_page_108-0011,"Bổ làm Ấn-sát tỉnh Bắc-Ninh, lại làm Phủ-doãn Thừa-Thiên, có tiếng giỏi về chính trị."
q13_page_108-0012,"Năm Tự-Đức 15 (1862) ra làm Tán-lý quân-vụ Bắc-Ninh, rồi thự chức Tuần-phủ Lạng-Bình (Lạng-Sơn, Cao-Bình)."
q13_page_108-0013,"Hồi ấy bọn cướp đôi ở tỉnh Quảng-Tây lan tràn đến liền địa-giới nước ta, ông đem quân án ngữ, không may bị bọn cướp giết, được truy-tặng Tuần-phủ."
q13_page_108-0014,"Con là Phan-Đình-Phùng đỗ Đình-nguyên Tấn-sỹ, Phan-Đình-Vận đỗ Phó-bảng, đều nồi tiếng ở đời."
q13_page_108-0015,PHAN-TAM-TÍNH
q13_page_108-0016,"Người làng Yên-Đồng huyện La-Sơn, đỗ Hội-nguyên Tấn-sỹ năm Thiệu-Trị thứ 6 (1846)."
q13_page_108-0017,"Khi làm Ngự-sử, bàn bạc thường giữ phong độ và khí tiết, sau đổi sang làm Án-sát-sứ cũng có tiếng tốt."
q13_page_108-0018,"Hồi ấy vua thích nho-học, triều-đình cử 20 người văn học vào thị ở điện Khâm-Văn, bài đối sách của ông được vua khen là học rộng nhớ nhiều, cất cho đỗ đầu, rồi đổi sang Quốc-tử-giám."
q13_page_108-0019,"Ở chức này ông dạy học có phương pháp, học trò nhiều người được thành đạt."
q13_page_108-0020,"Sau ra làm Bố-chính tỉnh Hải-Dương, rồi vua lại triệu về làm Thị-lang bộ Binh."
q13_page_108-0021,"Gặp lúc miền bắc có giặc cướp, triều đình cử ông sung chức Chuyên-khâm 7 năm, tỏ ra là người trọng hậu cần thận có tiếng tốt, sau nhân có việc lại đổi sang chức Hồng-lô-tự-khanh, được ít lâu có bệnh xin về nghỉ, rồi mất ở nhà, được truy tặng Bố-chánh-sứ."
q13_page_108-0022,"Con trai là Phan-Trọng-Mưu, cháu kêu bằng bác là Phan-Huy-Nhuận cùng đỗ Tấn-sỹ một khoa, đều làm quan to."
q13_page_109-0001,LÊ-TUẤN
q13_page_109-0002,"Người làng Mỹ-Lũ huyện Kỳ-Anh, đỗ Nhị giáp-Tấn-sỹ (tức Hoàng-giáp) khoa Quý-Sửu năm Tự-Đức thứ 6 (1853), được bồ chức Chưởng-ấn biện-lý bộ Hình, rồi đổi Ấn-sát tỉnh Nam-Định, lại thăng Bố-chánh tỉnh Thanh-Hóa, đến đâu cũng có tiếng tốt, lại sung chức Chánh-sứ sang sứ Yên-Kinh (Mãn-Thanh Trung-Hoa), lúc về được thăng chức Thị-lang bộ Binh, rồi thiên sang Tham-tri bộ Hình."
q13_page_109-0003,"Ít lâu thăng Thượng-thư bồ ra Bắc-Kỳ làm chức Thị-sư linh-lược đại-thần, lại sung chức Đốc-suất Hải-An."
q13_page_109-0004,"Ông là người cần thận giữ-gìn, thường làm quan ở triều, nên được vua biết đến."
q13_page_109-0005,"Lúc ở Hải-An, thường đem quân vào nhũng nơi trọng yếu, bị giặc bất thình lình đến vây, ông vẫn giữ thần sắc như thường, cứ thong thả toan tính để đối phó, rồi giặc tự khắc giải vậy, vua rất khen ngợi."
q13_page_109-0006,"Lúc về ông lại sung chức Chánh-sứ Toàn-quyền đại-thần sang sứ nước Pháp, rồi bị bệnh mất ở tỉnh Gia-Định, được truy tặng Hiệp-biện Đại-học-sỹ."
q13_page_109-0007,MAI-THẾ-QUÝ
q13_page_109-0008,"Người làng Phù-Lưu, huyện Can-Lộc."
q13_page_109-0009,"Lúc nhỏ người rất dĩnh ngộ, khi lòn lên, đã có tiếng hay chữ."
q13_page_109-0010,Đỗ Giải-Nguyên nhưng bị truất sau lại đồ Cử-Nhân.
q13_page_109-0011,Năm Tự-Đức thứ 6 (1853) thi đồ Tán-sỹ rồi làm quan đến Tuần-phủ tỉnh Tuyên-Quang.
q13_page_109-0012,"Khi trước có làm Thị-lang bộ Binh, gặp miền đông bắc có giặc, dâng só điều trần về việc binh, và xin đi tông quân."
q13_page_109-0013,Vua khen là hăng hái cho đi.
q13_page_109-0014,"Ông ra làm chức Tán-tương Quân-vụ, có nhiều quân công, dần thăng quyền [lĩnh Tuần-phủ Hải-An kiêm Hiệp-lý hạt Hải-Dương."
q13_page_109-0015,"Gặp khi miền bắc có giặc Tàu lan tràn sang quấy nhiều bên ta, ông được sung chức Tán-lý-quân-vụ, kiêm Tuần-phủ tỉnh Tuyên-Quang."
q13_page_109-0016,"Vì có công được thăng lên chức Thị-lang bộ-Binh, nhưng vẫn giữ chức Tán-lý."
q13_page_109-0017,"Sau bị tướng giặc là Hoàng-Công-Anh ngầm đánh bị thương phải sang Tàu điều trị, rồi thuê cáng về, theo quân đi đánh, lấy lại được thành Tuyên-Quang."
q13_page_109-0018,"Liền đó được lĩnh chức Bố-chính Tuyên-Quang, khi ông bắt được Hoàng-Công-Anh, được thăng chức Tuần-phủ Tuyên Quang."
q13_page_109-0019,"Ông là người khẳng khái có đảm lược, hết sức ở nơi trận mạc hơn 20 năm, nhọc mệt thành bệnh, mất ngay ở nơi đóng quân"
q13_page_110-0001,NGỤY-KHẮC-ĐẢN
q13_page_110-0002,"Người làng Xuân-Viên huyện Nghi-Xuân, là cháu kêu Khắc-Tuần bằng bác."
q13_page_110-0003,Đồ đệ nhất-giáp Tấn-sỹ cập-đệ đệ tam danh (Thám-hoa) khoa Bính-Thìn năm Tự-Đức thứ 9 (1860).
q13_page_110-0004,"Bài văn sách đình-đối được vua khen là rất thiết thực, ví như hạc đứng giữa đàn gà."
q13_page_110-0005,"Làm quan trải chức Ấn-Sát, Bố-chánh, đến đâu cũng có tiếng tốt."
q13_page_110-0006,"Sau sung chức Bồi-sứ sang Pháp, trở về trải thăng thự Tham-tri-bộ Hộ quyền lĩnh Thượng-thư bộ Binh, rồi lại đổi sang bộ Công."
q13_page_110-0007,"Vì mắc, bệnh cáo về, mất ở nhà được truy tặng hàm Tham-tri."
q13_page_110-0008,ĐẶNG-VĂN-KIỀU
q13_page_110-0009,"Người làng Phát-Nạo huyện Thạch-Hà, lúc trẻ chăm học nhớ lâu, đỗ Hương-tiến(Cử-nhân) trải làm quan đến Đốc-học."
q13_page_110-0010,"Mùa thu năm Tự-Đức thứ 18 (1865), vua cho mở Chế-khoa, xuống chiếu cử những bậc văn học vào thi, Vua thân hành ra bài thi, cho ông đỗ đầu Đệ-nhất-giáp Tiến-sỹ cập-đệ đệ tam danh, được thưởng một tấm Hiền-dương kim-khánh bồ chức Ấn-sát-sứ, triệu về dạy ở Tôn-học-trường, bồ chức Quốc-sử-quán Toản-tu rồi mất, Ông ở sử-quán hơn 10 năm, ngoài việc công rảnh rồi, lại dạy học trò, có nhiều người thành đạt."
q13_page_111-0001,DƯƠNG-VĂN-PHONG
q13_page_111-0002,Người làng Mỹ-Duệ huyện Cẩm-Xuyên.
q13_page_111-0003,"Lúc đầu đời Minh-Mạng làm chức Cai-đội, ra đóng ở tỉnh Lạng-Sơn đề dẹp giặc, không may bị giặc Vân bắt được, giặc cho làm quan, không chịu làm; cho ăn cũng không chịu ăn, giặc dẫn đến tỉnh Cao-Bằng, Bảo gọi quan quân trong thành ra đầu hàng, ông cũng giả nhận lời."
q13_page_111-0004,"Nhưng khi đến thành, ông hô to lên rằng: «Quan quân chờ có đầu hàng, quân cứu viện đã sắp tới»."
q13_page_111-0005,Giặc tức giận cho cắt lưỡi ông.
q13_page_111-0006,"Đến đời Tự-Đức, vua cho nêu khen và truy tặng chức Quản-cơ, thờ vào đền Trung-Nghĩa."
q13_page_111-0007,LÊ-MẪN-ĐỨC
q13_page_111-0008,Người làng Nguy-Dương huyện Thạch-Hà.
q13_page_111-0009,"Khoảng năm Minh, Mạng, đỗ Tú-tài rồi không đi thi nữa, chỉ ở nhà dạy học, học trò theo học cũng nhiều."
q13_page_111-0010,Ông tính điềm đạm tự yên phận không cầu tiếng tăm.
q13_page_111-0011,"Năm Tự-Đức thứ 4 (1851) Vua chiếu cầu những người ẩn dật, ông được chỉ tới kinh, cùng các vương công làm thơ, rồi ông lại xin về, được vua phê 4 chữ: «Bất cưỡng sở dục» (không cưỡng ép ý muốn), rồi để cho về."
q13_page_111-0012,Sách ông làm có bộ «Mộng-Viên Thi-Tập».
q13_page_111-0013,PHAN-ĐÌNH-NGHỊ và PHAN-ĐÌNH-HUYÊN Phan-Đình-Nghị người làng Ngọc-Điền huyện Thạch-Hà.
q13_page_111-0014,"Khi nhà bị cướp, quân cướp bắt được bà mẹ, ông xin đi thay mẹ, bọn cướp giam ông ở trong núi."
q13_page_111-0015,Con ông là Huyên đi tìm được nơi cha bị giam; liền xin thân đến để hầu hạ.
q13_page_111-0016,"Được hơn một tháng Đình-Nghị bị bệnh chết, Đình-Huyên xin nhận xác cha về làm tang lễ và làm nhà ở mộ cư tang 3 năm."
q13_page_111-0017,Người làng đều khen là người thuần-hiếu.
q13_page_111-0018,"Năm đầu Tự-Đức (1848), được ban sắc để biểu dương hiếu hạnh."
q13_page_112-0001,"Liệt-nữ triều Lê: NGUYỄN-THỊ-ĐÃ, NGUYỄN-THỊ-NĂNG Hai người cùng ở huyện Thạch-Hà."
q13_page_112-0002,"Chị em đều có nhan sắc, cùng lấy người làng là Thạch-Quận-công Văn-Hiền."
q13_page_112-0003,"Năm Phúc-Thái thứ 6 (1648 đời Lê-Chân-Tôn), Ông Hiền mất."
q13_page_112-0004,"Chị em tuổi còn trẻ mà không con, bèn nuôi cháu ông Hiền là Văn-Chất làm con nuôi, lập chí thủ tiết, không tái-giá nữa."
q13_page_112-0005,"Năm Đức-Nguyên thứ 2 (1685) đời Lê-Gia-Tôn, triều-đình nghe tiếng, cho triệu vào kinh, ban thưởng rất hậu, và phong cho Thị-Đã làm Trinh-Tiết Quận Phu-Nhân."
q13_page_112-0006,"Thị-Năng làm Trinh-Tiết-Á-Phu-Nhân, cấp cho 10 mẫu ruộng tiết-phú, và cho biển đề chữ «Tiết-Phụ-Môn»."
q13_page_112-0007,PHAN-THỊ-VIÊN
q13_page_112-0008,"Người huyện Hưng-Nguyên. Năm 16 tuổi, lấy làm lẽ ông Tấn sỹ Đinh-Nho-Hoàn người làng An-Ấp huyện Hương-Sơn."
q13_page_112-0009,"Khoảng niên-hiệu Vĩnh-Thịnh (1701-1719) đời Lê-Dụ-Tôn, Nho-Hoàn sang sứ Tàu, rồi mất ở dọc đường, rước về an-táng ở làng, Bà tụ thắt cồ chết đề táng theo."
q13_page_112-0010,"Việc đến tai triều đình biết, truy tặng là A-Thận Phu-Nhân, được dựng đền thờ, ban cho biển ngạch đề hai chữ Tiết-Phụ, và được 20 mẫu ruộng thờ."
q13_page_112-0011,PHAN-THỊ-THUẤN
q13_page_112-0012,"Người làng Trảo-Nha huyện Thạch-Hà, là vợ lẽ viên Quản-đội Tiền-trạch Ngô-Cảnh-Hoàn."
q13_page_112-0013,"Năm Bính-Ngọ (1786) quân Tây-Sơn đánh sát đến thành Thăng-Long, Cảnh-Hoàn chống cự với địch, rồi bị chết ở bãi Thúy-Ái sông Nhĩ-Hà."
q13_page_112-0014,Bà được tin không chịu phát phục để tang; có người hỏi thì bà trả lời rằng: Chồng bà chết về việc nước là xứng đáng lắm còn phải thương xót gì?
q13_page_112-0015,"Liền cùng người nhà đến chỗ chồng bị chết trận, làm lễ tế rồi dặn người nhà rằng: «Hế bà chết thì đừng có chôn cất, đề xác bà được theo chồng cùng chìm dưới sông, thì mới đành lòng»."
q13_page_112-0016,Nói xong liền gieo mình xuống sông tự vẫn.
q13_page_112-0017,"Người đời cảm động có làm thi ca, truyền tụng việc đó."
q13_page_112-0018,"Trong đó có câu «Nhĩ-Hà phong trích cương thường lệ «Thúy-ái ba đào tiết nghĩa thân «Bến Thủy sóng gầm, thân tiết liệt «Sông Hồng gươm gạt lệ cương thường»."
q13_page_112-0019,"Năm Lê-Xuất-Đế lên ngôi, phong cho bà là Tiết-Liệt Á-Phu-Nhân và cho lập đền thờ ở bên sông Thúy-Ái."
q13_page_112-0020,Triều Nguyễn vua Tự-Đức lại ban cho 8 chữ.
q13_page_112-0021,"«Lê-Triều Tiết-Liệt Phan-Thị Phu-Nhân», để biểu dương tiết hạnh, và cho dựng bia ở cửa đền."
q13_page_113-0001,LÊ-THỊ-NGHIÊU
q13_page_113-0002,"Người huyện Can-Lộc; có nhan sắc, lấy Nguyễn-Đình-Trâm người huyện La-Sơn."
q13_page_113-0003,"Năm 19 tuổi, bị chứng đầu qua nặng, nhan sắc khác hẳn người chồng không ưa mới ly dị."
q13_page_113-0004,"Bà là con nhà thế-gia tuổi còn trẻ, có người đến hỏi, bà không bằng lòng lấy, nhưng cha mẹ cứ ép gả."
q13_page_113-0005,"Đến ngày rước dâu, họ hàng đến đông đủ, bà kiếm cớ lên đi rồi gieo mình xuống sông tự vẫn."
q13_page_113-0006,LÊ-THỊ-AN
q13_page_113-0007,Là em họ bà Lê-thị-Nghiêu.
q13_page_113-0008,"Năm 20 tuổi, lấy chồng là Hồ-Công-Tú người làng An-Ấp huyện Hương-Sơn, Công-Tú nhà giàu, chăm nghề làm ruộng, Thị-An hết sức giữ đạo làm dâu, không may chồng chết, bà khóc lóc định chết theo; cha mẹ chồng hết sức ngăn cản mói thôi."
q13_page_113-0009,"Từ đấy bà cho hết đầy tớ về, chỉ giữ một người em bé đề theo mình, và hàng ngày ra mộ chồng kêu khóc."
q13_page_113-0010,Khi hết tang chồng thì bà đóng cửa tự thắt cồ chết.
q13_page_114-0001,Liệt-nữ triều Nguyễn: PHAN-THỊ-TRANG Người huyện La-Sơn.
q13_page_114-0002,"Năm 17 tuổi lấy chồng, nhưng chưa cưới thì chồng chết."
q13_page_114-0003,"Bà thân đến dự tang lễ, và để tang chồng 3 năm, khi hết tang, có người đến cầu hôn, cha khuyên bảo xuất giá, nhưng bà không nghe và cứ ở nhà chồng để nuôi mẹ chồng."
q13_page_114-0004,"Năm Minh-Mạng thứ 8, (1827) được ban khen để biểu dương tiết hạnh"
q13_page_114-0005,NGUYỄN-THỊ-DUNG
q13_page_114-0006,Người huyện La-Sơn. Năm 16 tuổi mới hứa gả cho Nguyễn-Lai người cùng làng.
q13_page_114-0007,"Chợt Nguyễn-Lai phải ra lính, đóng ở tỉnh Quy-Nhân rồi bị bệnh chết."
q13_page_114-0008,"Bà được tin, xin cha cho đưa bà về nhà chồng, đề chịu tang và phụng sự cha mẹ chồng, khi hết tang, bà thuế người đem hài cốt chồng về táng ở làng, rồi thắt cồ tự vẫn, nhưng người trong họ cứu được."
q13_page_114-0009,Sau mãi đến tuổi già mới mất.
q13_page_114-0010,"Năm Minh-Mạng thứ 11 (1830), được ban khen để biểu dương tiết hạnh."
q13_page_114-0011,LÊ-THỊ-NAM
q13_page_114-0012,Người huyện La-Sơn. Năm 17 tuổi lấy người cùng làng là Phan-Đình-Thọ.
q13_page_114-0013,"Khi chồng bị chết, chịu tang và ở vậy giữ tiết, ba năm hết tang, những người hào phú mến tiếc, bao lần đến cầu hôn, Cha mẹ chồng cũng khuyên nên tái giá, nhưng bà không nghe, cứ ở nhà chồng để nuôi cha mẹ chồng; sớm khuya hầu hạ, trải 30 năm không một chút gì hư kém."
q13_page_114-0014,"Năm Minh-Mạng 11, (1830), được triều đình ban khen."
q13_page_115-0001,NGUYỄN-THỊ-QUYÊN
q13_page_115-0002,"Người huyện Nghi-Xuân. Chồng là Nguyễn-Luyện mất sớm, không có con."
q13_page_115-0003,"Năm ấy bà mới 20 tuổi, thủ tiết ở vậy để nuôi mẹ chồng."
q13_page_115-0004,"Ba năm xong tang, có người trưởng đồn nhà Tây-Sơn, ưa nhan sắc bà, ép hỏi làm vợ."
q13_page_115-0005,Bà phải cạo đầu làm vãi mới giữ được thoát.
q13_page_115-0006,"Năm Minh-Mạng thứ 18, (1837), triều-đình ban khen."
q13_page_115-0007,PHAN-THỊ-DANH
q13_page_115-0008,"Người huyện La-Sơn, lấy Mai-Xuân-Đàm người huyện Hương-Sơn, mới cưới được 2 năm chưa có con thi Xuân-Đàm mất."
q13_page_115-0009,"Bà chịu tang chồng trong cảnh buồn rầu vất vả để thờ phụng cha mẹ chồng, rồi lập con người anh chồng làm con nuôi."
q13_page_115-0010,"Sau khi cha chồng mất bà để tang 3 năm, dạy dõ con nuôi được trưởng thành."
q13_page_115-0011,"Trước sau ngót 30 năm, giữ tròn một tiết không thay đổi."
q13_page_115-0012,"Năm Tự-Đức thứ 2 (1849), được triều-đình ban khen."
q13_page_115-0013,NGUYỄN-THỊ-ĐIỂN
q13_page_115-0014,"Người huyện Thạch-Hà. Năm 19 tuổi, lấy Nguyễn-Đình-Như là người cùng làng, thờ cha mẹ chồng hết đạo làm dâu, được nhiều người khen ngợi."
q13_page_115-0015,"Mới cưới được 3 năm chưa có con thì chồng mất, bà đình tự tử nhưng người làng cứu thoát được."
q13_page_115-0016,"Sau đó bà thường nói chỉ mong được chết đề trọn đạo làm vợ, và không chịu ăn uống."
q13_page_115-0017,"Rồi một hôm, bà bỗng kéo lưỡi ra mà chết."
q13_page_115-0018,Năm Tự-Đức 12 (1859) được triều-đình ban khen.
q13_page_116-0001,THỔ SẢN
q13_page_116-0002,TRẦM-HƯƠNG
q13_page_116-0003,Sản-xuất ở Núi Khai-Trường. Ngày trước những hộ lấy trầm mỗi năm phải nộp thuế một cân.
q13_page_116-0004,SẮT
q13_page_116-0005,"Sản-xuất ở làng Chu-Lễ huyện Hương-Khê, Ngày trước có đánh thuế."
q13_page_116-0006,MUỐI
q13_page_116-0007,"Sản-xuất ở các làng Vinh-Luật, Xuân-Tỉnh, thuộc huyện Can-Lộc."
q13_page_116-0008,"Trước có đánh thuế, nay đặt sở Thương-chánh để trông coi."
q13_page_116-0009,VÕNG-GAI
q13_page_116-0010,"Sản-xuất ở thôn Chợ-Huyện, thuộc huyện Can-Lộc."
q13_page_116-0011,QUỲ-CỮU
q13_page_116-0012,Quỳ-Cữu (I) sản-xuất ở các núi thuộc huyện La-Sơn và huyện Can-Lộc.
q13_page_116-0013,(!)
q13_page_116-0014,"Tên một thứ cây, có củ dùng làm thuốc."
q13_page_117-0001,VẢI
q13_page_117-0002,"Sản xuất ở làng Yên-Hồ huyện La-Sơn, và làng Minh-Sơn, làng Vân-Chàng thuộc huyện Can-Lộc, và làng Đồng-Môn thuộc huyện Thạch-Hà, đều là vải tốt."
q13_page_117-0003,LỤA
q13_page_117-0004,"Sản-xuất ở các làng Việt-Yên-Thượng, Việt-Yên-Hạ, Yên-Đồng Yên-Trung, thuộc huyện La-Sơn đều là lụa tốt."
q13_page_117-0005,TƠ SỐNG
q13_page_117-0006,Ở các huyện đều có.
q13_page_117-0007,VỪNG (Mè)
q13_page_117-0008,"Từ đây trở xuống, các sản vật như Vừng, Đậu-đỏ, Ngô-bắp, đậu Dải-áo, thì huyện nào cũng có."
q13_page_117-0009,ĐẬU ĐỎ
q13_page_117-0010,NGÔ-BẮP
q13_page_117-0011,ĐẬU DẢI-ÁO
q13_page_117-0012,"Đậu dài-áo quả nó giáp vỏ, dài hơn một thước ta, ăn lúc non rất thơm ngon."
q13_page_117-0013,"Sách Bản-thảo nói: giống đậu đỏ này nở hoa kết vỏ rũ xuống từng đôi, có hình Tập-Khảm (I), tức là giống đậu dài-áo này."
q13_page_117-0014,THỰ-DỰ (Củ mài)
q13_page_117-0015,"ĐIỀN-VU (Khoai đồng, khoai lang) (i)."
q13_page_117-0016,Theo nghĩa ở Kinh-Dịch. Tập Khảm là luôn luôn trải qua hiểm trở (Từ-nguyên).
q13_page_117-0017,"Theo nghĩa ở đây, có lẽ vì loài đậu này quả dài, vỏ sát nhau, cách quãng có hạt phổng lên, trông như gồ ghề hiểm trở, cho nên dùng 2 chữ này để tả hình tượng."
q13_page_118-0001,VU-KHÔI
q13_page_118-0002,"Giống (khoai Môn) có 2 loại, một loại tía, một loại trắng, có thứ củ tía dẻo như sáp."
q13_page_118-0003,Còn thứ trắng chữa được bệnh táo sáp.
q13_page_118-0004,TRÀ
q13_page_118-0005,"Ở huyện nào cũng có, nhưng chè sản-xuất ở làng Hương-Bộc thuộc huyện Thạch-Hà, thì ngon hơn."
q13_page_118-0006,BÒNG-DIỆP
q13_page_118-0007,"Lá cỏ bồng sản xuất ở sơn-phận các huyện, dùng để lợp nhà."
q13_page_118-0008,QUẤN-CHÚNG-THÀO
q13_page_118-0009,Tục gọi là cỏ Làn (hay cỏ Ghàng) cũng gọi là Phụng-Vĩ.
q13_page_118-0010,Sản xuất ở các miền sông thuộc huyện Kỳ-Anh.
q13_page_118-0011,Lá lợp nhà được.
q13_page_118-0012,TIÊN-MAO
q13_page_118-0013,Loài cỏ này sản xuất ở núi Nhật-Lệ thuộc huyện Thạch-Hà.
q13_page_118-0014,GIẢ-KHÔI (Cù náu)
q13_page_118-0015,Sản xuất ở miền núi các huyện.
q13_page_118-0016,"Có tên nữa gọi là Vũ-Dư-Lương, dùng để nhuộm vải."
q13_page_118-0017,Đói có thể ăn được.
q13_page_118-0018,"GIẢN-TỊCH (Cói dệt chiếu) Sản-xuất ở các làng Cổ-Kinh Hạ-Lỗi, Trảo-Nha thuộc huyện Thạch-Hà."
q13_page_118-0019,SA-TRÚC (Cây Nửa)
q13_page_118-0020,Sản xuất ở các núi thuộc huyện Hương-Khê.
q13_page_119-0001,TƯỢNG-NHA (Ngà voi)
q13_page_119-0002,"Từ đây trở xuống, các thứ đều sản xuất ở miền núi các huyện."
q13_page_119-0003,TÊ-GIÁC (sừng con Tê)
q13_page_119-0004,LỘC-NHUNG (Nhung Nai)
q13_page_119-0005,CHƯƠNG (con Hoãng) DÃ-TRƯ (Lợn rừng) LY-NGƯU (Trâu rừng)
q13_page_119-0006,KHỔNG-TƯỚC (Công)
q13_page_119-0007,Sản xuất ở các núi huyện Hương-Khê.
q13_page_119-0008,"YẾN-OA (Tổ yến tức yến-sào) Sản xuất ở đảo Sơn-Đương, thuộc huyện Kỳ-Anh."
q13_page_119-0009,THẠCH-QUYẾT-MINH (Tức Bào-ngư)
q13_page_119-0010,Sản xuất ở các đảo Sơn-Dương huyện Kỳ-Anh.
q13_page_119-0011,MẪU-LỆ (vỏ hàu)
q13_page_119-0012,"Sản xuất ở các sông thuộc xã Hà-Hoàng, huyện Kỳ-Anh"
q13_page_119-0013,VĂN-CẤP (Ốc khám)
q13_page_119-0014,"Sản xuất miền sông thuộc xã Hà-Hoàng, huyện Kỳ-Anh."
q13_page_119-0015,Sản xuất ở dưới núi Long-Ngâm thuộc bãi bể Cửa-Sót.
q13_page_119-0016,Sản xuất ở các sông thuộc các huyện gần bể.
q13_page_120-0001,THỐC-NGƯ (Cá Ong-Già)
q13_page_120-0002,"Sản xuất ở cửa bể Kỳ-Anh, hình như con rùa, tức là Hà-Đồn (heo ở sông)."
q13_page_120-0003,MẠN-NGƯ (Cá Chình)
q13_page_120-0004,Sản xuất ở sông thuộc các huyện gần bể.
q13_page_120-0005,"Thứ trắng gọi là cá Lạc, thứ đen gọi là cá Chình."
q13_page_120-0006,"ĐÀO-KHÍ (Đồ sành Đồ gốm) Sản xuất ở làng Mỹ-Dương, làng Cổ-Đạm thuộc huyện Nghi-Xuân, và ở thôn Cẩm-trang thuộc huyện Hương-Sơn."
q13_page_120-0007,"PHÀM-ĐIỂM (Buồm chiếu) Sản xuất ở làng Tam-Đăng (nay đổi là Tam-Xuân), thuộc huyện Nghi-Xuân."
q13_page_120-0008,TRÚC-KHÍ (Đồ tre)
q13_page_120-0009,"Sản-xuất ở các làng Đan-Chế, Phù-Việt, thuộc huyện Thạch-Hà."
q13_page_120-0010,MỘC-KHÍ (Đồ gỗ)
q13_page_120-0011,"Làng Quang-Chiêm thuộc huyện La-Sơn, làm rất tinh xảo."
q13_page_120-0012,BÌNH-LẠP (Nón)
q13_page_120-0013,"Làng Yên-Đồng thuộc tổng Việt-Yên huyện La-Sơn, làm rất tinh-tế."
q13_page_120-0014,Làng Nghĩa-Yên huyện La-Sơn thường có nấu.
q13_page_120-0015,GIÁ MẬT (Mật-Mía)
q13_page_120-0016,Làng Cổ-Kinh thuộc huyện Thạch-Hà thường sản xuất.
