id,sentence
q14_15_page_7-0001,ĐẠI-NAM NHẤT-THỐNG-CHÍ QUYỂN 14
q14_15_page_7-0002,TỈNH NGHỆ-AN
q14_15_page_7-0003,"Đông tây cách nhau 384 dặm, nam bắc cách nhau 142 dặm."
q14_15_page_7-0004,"Từ tỉnh-lỵ về phía đông đến bể 20 dặm, phía tây đến biên-giới nước Nam-Chương 364 dặm; phía nam đến sông Lam giáp-giới tỉnh Hà-Tĩnh hơn 9 dặm; về phía bắc đến khe Nước-Lạnh giáp tỉnh Thanh-Hóa 133 dặm; đông-nam đến sông Lam thuộc địa-giới huyện Nghi-Xuân (Hà-Tĩnh) 22 dặm; tây-nam đến địa-giới nước Ai-Lao 515 dặm; đông-bắc đến cửa Cờn (cửa bể) 127 dặm; tây-bắc đến địa giới châu Lang-Chánh (tỉnh Thanh-Hóa) 363 dặm."
q14_15_page_7-0005,Từ tỉnh-thành Nghệ-An tới Kinh-đô (Phú-Xuân) 792 dặm về phía nam.
q14_15_page_8-0001,PHÂN DÃ
q14_15_page_8-0002,(Phân định giới-hạn và Thiên-Văn).
q14_15_page_8-0003,"Về thiên-văn thì tỉnh Nghệ-An thuộc phần sao Dực sao Chẩn (có người gọi là sao Ngưu, sao Nữ đã nói rõ ở quyền Địa-Chí tỉnh Thanh-Hóa)."
q14_15_page_8-0004,"Phân-dã ở vào vị-thứ sao Thuần-Vĩ (năm Minh-Mạng thứ 18 (1837) đã trắc lượng, chỗ cao nhất là 18 độ 22 phân 30 sao, lệch về hướng tây một độ 42 phân)."
q14_15_page_9-0001,KIẾN THIẾT VÀ THAY ĐỔI
q14_15_page_9-0002,Tỉnh này thời xưa là đất Việt-Thường.
q14_15_page_9-0003,"Hồi thuộc Tần gọi là Tượng-Quận, khi thuộc Hán gọi là quận Cửu-Chân."
q14_15_page_9-0004,"Đến thời Ngô thì chia quận Cửu-Chân ra, đặt thêm quận Cửu-Đức, đến đời Tấn cũng vẫn theo thế."
q14_15_page_9-0005,"Sách «Sử-Ký» chép rằng: đời vua Tấn Vũ-Đế bình được nước Ngô rồi, thì đặt ra quận Cửu-Đức, gồm cả 8 huyện là: Cửu-Đức, Hàm-Hoan, Nam-Lăng, Dương-Toại, Phù-Linh, Khúc-Tư, Bồ-Dương và Đô-Giao."
q14_15_page_9-0006,"Đến đời vua Tề-Cao-Đế lại trích các huyện Dương-Toại, Phù-Linh và Khúc-Tư thuộc quận Cửu-Đức cải làm hai quận Việt-Thường và Tây-An."
q14_15_page_9-0007,"Đời vua Lương-Vũ-Đế niên-hiệu Phổ-Thông năm thứ 4, lại chia quận Cửu-Đức đặt là Đức-Châu."
q14_15_page_9-0008,"Đến nhà Tùy gọi là quận Nhật-Nam (vua Văn-Đế nhà Tùy mới đặt ra quận Nhật-Nam, gồm có 8 huyện là: Cửu-Đức, Hàm-Hoan, Bồ-Dương, Việt-Thường, Kim-Ninh, Văn-Cốc, An-Viễn, và Quang-An)."
q14_15_page_9-0009,Đến đời Đường gọi là Hoan-Châu và Diễn-Châu.
q14_15_page_9-0010,Hoan-Châu có quận Nhật-Nam gồm 4 huyện.
q14_15_page_9-0011,"Diễn-Châu có quận Long-Trì gồm 7 huyện (Hồi đầu nhà Đường đặt ra Hoan-Châu, đến năm đầu Trinh-Quán lại đổi là Diễn-Châu)."
q14_15_page_9-0012,Sau lại đặt ra An-Nam Đô-hộ-phủ để thống trị các quận.
q14_15_page_9-0013,"Hoan-Châu là quận Nhật-Nam gồm có 4 huyện: Cửu-Đức, Bồ-Dương, Việt-Thường và Hàm-Hoan."
q14_15_page_9-0014,"Diễn-Châu là quận Long-Trì gồm có 7 huyện: Trung-Nghĩa, Hoài-Hoan, Long-Trì, Tư-Nông, Võ-Lang, Võ-Dung và Võ-Kim."
q14_15_page_10-0001,Đến đời nhà Đinh lại chia làm đạo và nhà Lê thì đổi ra làm lộ.
q14_15_page_10-0002,"Đời vua Lý-Thái-Tổ, niên hiệu Thuận-Thiên năm đầu lại đổi làm trại."
q14_15_page_10-0003,"Đến vua Lý-Thái-Tôn niên-hiệu Thiên-Thành năm thứ 3, mới đổi Hoan-Châu làm tỉnh Nghệ-An (tên Nghệ-An mới có từ đây)."
q14_15_page_10-0004,"Đời vua Trần-Duệ-Tôn niên-hiệu Long-Khánh năm thứ 2, đổi Diễn-Châu làm Diễn-Châu lộ, đổi Hoan-Châu làm 3 lộ: Nam, Bắc và Trung, thuộc về Nghệ-An."
q14_15_page_10-0005,"Đời vua Thuận-Tôn, niên-hiệu Quang-Thái năm thứ 10, lại đổi Nghệ-An làm trấn Lâm-An và đổi Diễn-Châu làm trấn Vọng-Giang."
q14_15_page_10-0006,Đến Hồ-Hán-Thương lại đổi Diễn-Châu làm phủ Linh-Nguyên.
q14_15_page_10-0007,"Khi thuộc nhà Minh, lại đổi làm phủ Diễn-Châu và phủ Nghệ-An."
q14_15_page_10-0008,"Sách THIÊN-HẠ QUẬN-QUỐC LỢI-BỆNH THƯ chép rằng: «về đời nhà Minh niên hiệu Vĩnh-Lạc thứ 5, mới đặt ra phủ Diễn-Châu, lĩnh 4 huyện là: Thiên-Đông, Trà-Thanh, Phù-Lưu, và Quỳnh-Lâm."
q14_15_page_10-0009,Phủ Nghệ-An thì lĩnh 2 châu và 16 huyện.
q14_15_page_10-0010,"Riêng phủ Nghệ-An lĩnh 8 huyện là: Nha-Nghi, Phi-Lộc, Cổ-Đồ (trước là Gia-Đồ), Chi-La, Châu-Phúc, Thổ-Du, Kệ-Giang và Thổ-Hoàng."
q14_15_page_10-0011,"Hoan-Châu thì lĩnh 4 huyện là: Thạch-Đường, Đông-Ngạn, Lộ-Bình (trước là Thượng-Lộ) và Sa-Nam-Châu Nam-Tĩnh (trước là Nhật-Nam) thì lĩnh 4 huyện là: Hà-Hoàng, Bàn-Thạch, Hà-Hoa và Kỳ-La."
q14_15_page_10-0012,"Đến năm thứ 13 lại lấy Quỳ-Châu thuộc phủ Diễn-Châu, cùng châu Trà-Sùng, châu Ngọc-Ma (trước thuộc phủ Nghệ-An) và gồm cả huyện Hà-Hoàng, cho sáp vào châu Nam-Tĩnh."
q14_15_page_10-0013,"Huyện Sa-Nam thì sáp nhập Hoan-Châu, huyện Lộ-Bình thì sáp nhập huyện Nha-Nghi."
q14_15_page_10-0014,"Sau lại bỏ tiếng phủ Diễn-Châu mà lại gọi là Diễn-Châu, và đem huyện Thiên-Đông sáp nhập vào đó."
q14_15_page_10-0015,Kể lại đem huyện Phù-Lưu sáp nhập huyện Quỳnh-Lâm.
q14_15_page_10-0016,Đến niên-hiệu Vĩnh-Lạc 15 lại đem Quỳ-châu cho thuộc vào phủ Thanh-Hóa.
q14_15_page_10_11-0001,"Năm thứ 17, lại đồn huyện Chi-La và huyện Thổ-Du vào huyện Cổ-Đỗ; đồn huyện Châu-Phúc vào Hoan-Châu; huyện Kệ-Giang vào huyện Thạch-Đường; huyện Bàn-Thạch sáp vào châu Nam-Tĩnh; huyện Kỳ-La vào huyện Hà-Hoa; huyện Đông-Ngạn vào Hoan-Châu; huyện Trà-Thanh vào Diễn-Châu."
q14_15_page_11-0001,"Năm đầu niên-hiệu Thuận-Thiên (1428) đời vua Lê-Thái-Tổ, lại đem các châu huyện nói trên cho thuộc vào đạo Hải-Tây."
q14_15_page_11-0002,"Đến niên-hiệu Quang-Thuận thứ 7 (1466) đời vua Lê-Thánh-Tôn, lại hợp châu Hoan, châu Diễn vào làm tỉnh Nghệ-An, đặt ra chức Thừa-tuyên, quản-trị 9 phủ, 25 huyện, 2 châu: (sách Thiên-Nam Nư Hạ chép: Phủ Đức-Quang lĩnh 6 huyện là: La-Sơn, Thiên Lộc, Nghi-Xuân, Chân-Phúc, Hương-Sơn, và Thanh-Giang."
q14_15_page_11-0003,"Phủ Anh-Đô lãnh 2 huyện: Nam-Đường, Hưng-Nguyên."
q14_15_page_11-0004,Phủ Diễn-Châu lĩnh hai huyện: Đông-Thành và Quỳnh-Lưu.
q14_15_page_11-0005,"Phủ Hà-Hoa lĩnh 2 huuện: Thạch-Hà và Kỳ-Hoa Phủ Trà-Lân lĩnh 4 huyện: Kỳ-Sơn, Trương-Dương, Vĩnh-Khang, Hội-Ninh."
q14_15_page_11-0006,Phủ Quỳ-Châu lĩnh 2 huyện: Trung-Sơn và Thủy-Vân.
q14_15_page_11-0007,"Phủ Trần-Ninh lĩnh 7 huyện: Quang-Vinh, Cảnh-Thuần, Thanh-Vị, Trung-Thuận, Minh-Quảng, Kim-Sơn và Châu-Lương."
q14_15_page_11-0008,Phủ-Ngọc-Ma lĩnh 1 châu Quy-Hợp.
q14_15_page_11-0009,"Đến triều Tây-Sơn lại đổi tên gọi là Trung-Đô, cũng có tên gọi là trấn Nghĩa-An (có chép ở tập Bang-Giao-Lục)."
q14_15_page_11-0010,"Đến triều Nguyễn, năm đầu Gia-Long (1802) lại đổi làm trấn Nghệ-An, đặt 1 Trấn-thủ, 1 Huyện-trấn và Tham-hiệp để trấn giữ."
q14_15_page_11-0011,"Về sau lại đem 2 phủ Trấn-Ninh và Ngọc-Ma thường cho nước Vạn-Tượng (Hồi triều Nguyễn mới trung hưng, nước Vạn-Tượng thường cho quân theo đường miền trên đánh giặc để giúp quân ta."
q14_15_page_11-0012,"Khi đã bình định được Bắc-hà, vua ta mới đem 2 phủ này cho nước Vạn-Tượng)."
q14_15_page_11-0013,"Đến niên-hiệu Minh-Mạng thứ 8 (1827), nước Vạn-Tượng bị nước Tiêm-La đánh tan, thì 3 động: Trấn-Ninh, Ngọc-Ma và Lạc-Hoàn cùng bảy Mọi ở Mang-Hồ đều lệ thuộc vào nước ta, nên hồi ấy mới đặt lại phủ Trấn-Ninh."
q14_15_page_11-0014,"Niên-hiệu Minh-Mạng thứ 9 (1828) lại đổi phủ Ngọc-Ma làm PHỦ Trấn-Định, và đặt thêm ra 3 phủ là Trấn-Tĩnh, Trấn-Biên và Lạc-Biên, mà bỏ phủ Lâm-An đi."
q14_15_page_11-0015,Đổi châu Quy-Hợp làm trấn Quy-Hợp.
q14_15_page_11-0016,"Đến năm Minh-Mạng thứ 12 (1831) lại đem 9 phủ: Anh-Sơn, Diễn-Châu, Quỳ-Châu, Tương-Dương, Trấn-Ninh, Trấn-Định, Trấn-Tĩnh, Trấn-Biên và Lạc-Biên đặt làm tỉnh Nghệ-An."
q14_15_page_11-0017,"Lại trích 2 phủ Đức-Thọ và Hà-Hoa đặt làm tỉnh Hà-Tĩnh, cho lệ thuộc vào tỉnh Nghệ-An, đặt chức An-Tĩnh tổng-đốc, cùng một Bố-chánh một An-sát để cai trị."
q14_15_page_11-0018,"Năm Minh-Mạng thứ 13 (1832) phủ Trấn-Ninh lại đặt thêm ra một huyện, gọi là Liêm-huyện."
q14_15_page_11-0019,"Đến năm thứ 18, phủ Diễn-Châu lại đặt thêm một huyện gọi là huyện Yên-Thành."
q14_15_page_11-0020,"Đến năm 21 lại đặt thêm hai huyện: huyện Lương-Sơn và huyện Nghĩa-Đường (huyện Lương-Sơn thuộc về phủ Anh-Sơn, huyện Nghĩa-Đường thuộc về phủ Quỳ-Châu)."
q14_15_page_11-0021,"Năm đầu Thiệu-Trị (1841) lại đem 3 phủ Trấn-Định, Trấn-Tĩnh và Lạc-Biên cho lệ thuộc vào tỉnh Hà-Tĩnh."
q14_15_page_11-0022,"Niên hiệu Tự-Đức thứ 6 (1853) lại bỏ tỉnh Hà-Tĩnh, và đổi phủ Hà-Thanh (trước là Hà-Hoa) làm đạo Hà-Tĩnh."
q14_15_page_11-0023,Năm thứ 28 lại trích phủ Đức-Thọ vào tỉnh Hà-Tĩnh như cũ.
q14_15_page_11-0024,"Năm Thành-Thái thứ 10 (1898) lại đổi huyện Hưng-Nguyên làm phủ, nay lĩnh 5 phủ, 14 huyện, kiêm quản thêm 5 phủ và 12 huyện, thuộc khu-vực cơ-my."
q14_15_page_12-0001,PHỦ HƯNG-NGUYÊN
q14_15_page_12-0002,Ở về phía tây tỉnh-thành 3 dặm.
q14_15_page_12-0003,"Đông tây cách 35 dặm, nam bắc cách 64 dặm."
q14_15_page_12-0004,"Đông đến bể 26 dặm; tây đến địa-giới huyện Nam-Đàn 9 dặm; nam đến địa-giới huyện La-Sơn, huyện Nghi-Xuân 10 dặm; bắc đến địa-giới huyện Đông-Thành 54 dặm."
q14_15_page_12-0005,"Phủ này hồi thuộc Hán là đất huyện Hàm-Hoan, đến nhà Lê mới đặt huyện: một gọi là huyện Hưng-Nguyên, một gọi là huyện Chân-Phúc, cùng lệ thuộc vào phủ Anh-Đô và phủ Đức-Quang; đến triều Nguyễn vẫn đề nguyên như trước, vào khoảng đời vua Gia-Long và vua Minh-Mạng, đều để thuộc phủ Anh-Sơn thống trị."
q14_15_page_12-0006,"Đến năm Thành-Thái thứ 10, thì đổi huyện Hưng-Nguyên làm phủ Hưng-Nguyên, thống trị cả huyện Nghi-Lộc."
q14_15_page_12-0007,Nay lĩnh 2 huyện.
q14_15_page_13-0001,HUYỆN HƯNG-NGUYÊN (do phủ kiêm-lý)
q14_15_page_13-0002,"Đông tây cách nhau 1 dặm, nam bắc cách nhau 64 dặm."
q14_15_page_13-0003,Đông giáp địa-giới huyện Nghi-Lộc; tây giáp địa-giới huyện Nam-Đàn; nam giáp địa giới huyện La-Sơn; bắc giáp địa-giới huyện Đông-Thành.
q14_15_page_13-0004,"Đời Lê trước đặt là huyện, thuộc vào phủ Anh-Đô."
q14_15_page_13-0005,"Đời vua Gia-Long nhân đó đổi làm phủ kiêm-lý, đến năm thứ 12 đổi là phủ thống-hạt."
q14_15_page_13-0006,"Năm Thành-Thái thứ 10, đổi làm phủ."
q14_15_page_13-0007,"Nay lĩnh 7 tổng; 125 xã, thôn."
q14_15_page_13-0008,"Kính xét: Năm Thành-Thái thứ 10, viện Cơ-Mật tâu xin đổi huyện Hưng-Nguyên làm phủ."
q14_15_page_13-0009,Lại theo tờ tư của tỉnh Nghệ-An năm Thành-Thái 18; thì cái tên huyện Hưng-Nguyên không còn nữa.
q14_15_page_13-0010,"Nhưng trong NHẤT-THỐNG CHÍ chép, thì các phủ huyện đều có cái lệ kiêm-lý và thống-hạt, vì trước chép tên phủ, là thống nhất cả cương-giới một phủ, sau chép tên huyện, là chia cương-giới trong một phủ ra."
q14_15_page_13-0011,"Nếu không đề tên cũ của huyện Hưng-Nguyên, thì cương-giới không rõ, mà số các tổng xã, không biết quản hạt thuộc vào phủ huyện nào."
q14_15_page_13-0012,"Bởi thế đây cứ chép cả, để tiện kê cứu."
q14_15_page_13-0013,HUYỆN NGHI-LỘC (Thuộc phủ thống-hạt)
q14_15_page_13-0014,"Ở phía đông-bắc phủ Đông tây cách nhau 24 dặm, nam bắc cách nhau 46 dặm."
q14_15_page_13-0015,Đông giáp bể; tây giáp địa-giới huyện Hưng-Nguyên; nam giáp sông thuộc địa-giới huyện Nghi-Xuân; bắc giáp địa-giới huyện Hưng-Nguyên.
q14_15_page_14-0001,"Thời xưa là huyện Tân-Phúc, hồi thuộc nhà Minh đổi là huyện Chân-Phúc."
q14_15_page_14-0002,Đến đời Lê vẫn đề tên cũ cho thuộc vào phủ Nghệ-An.
q14_15_page_14-0003,Đời Tây-Sơn thì đổi là Chân-Lộc cho thuộc vào phủ Đức-Thọ.
q14_15_page_14-0004,"Đời Nguyễn, năm Minh-Mạng thứ 7 (1826) lại đổi cho thuộc vào phủ Anh-Sơn."
q14_15_page_14-0005,Sang năm đầu Thành-Thái (1889) mới đổi là huyện Nghi-Lộc ngày nay.
q14_15_page_14-0006,"Năm Thành-Thái thứ 10, lại đổi cho thuộc vào phủ Hưng-Nguyên."
q14_15_page_14-0007,"Hiện nay có 4 tổng, cộng 81 xã, thôn."
q14_15_page_14-0008,"Trước có chức Huấn-đạo, có nhà huyện-học ở xã Cầm-Trường, nhưng bỏ đã lâu."
q14_15_page_14-0009,PHỦ ANH-SƠN
q14_15_page_14-0010,Ở phía tây tỉnh-thành 108 dặm.
q14_15_page_14-0011,"Đông tây cách nhau 188 dặm, nam bắc cách nhau 88 dặm."
q14_15_page_14-0012,"Đông giáp địa-giối phủ Hưng-Nguyên; tây giáp địa giối phủ Tương-Dương; nam giáp địa-giối huyện Hương-Sơn (Hà-Tĩnh); bắc giáp địa giối phủ Diên, phủ Quỳ."
q14_15_page_14-0013,"Đời Hán đây là đất huyện Hàm-Hoan, đời Ngô là huyện Đô-Giao."
q14_15_page_14-0014,"Đến đời Lê là phủ Anh-Đô, sau tránh tên húy nhà vua mới đổi là Anh-Đô (cùng tên cũ nhưng viết chữ Anh khác đi)."
q14_15_page_14-0015,"Triều Nguyễn vua Gia-Long đổi lại nguyên chữ «Anh» cũ, cho kiêm-lý huyện Hưng-Nguyên, thống-hạt huyện Nam-Đàn."
q14_15_page_14-0016,"Đến năm Gia-Long thứ 12, lại đổi kiêm-lý huyện Nam-Đàn, mà thống-hạt huyện Hưng-Nguyên."
q14_15_page_14-0017,Sang năm Minh-Mạng thứ 3 (1822) đổi là phủ Anh-Sơn ngày nay.
q14_15_page_14-0018,"Năm Minh-Mạng thứ 7, lại trích huyện Thanh-Chương, huyện Nghi-Lộc ở phủ Đức-Thọ ra đem lệ thuộc vào phủ Anh-Sơn."
q14_15_page_14-0019,"Rồi năm Minh-Mạng thứ 21 (1840) lại đặt thêm ra huyện Lương-Sơn, cũng lệ thuộc thống-hạt vào phủ Anh-Sơn."
q14_15_page_14-0020,Năm Tự-Đức thứ 3 (1850) lại đổi kiêm-lý huyện Lương-Sơn và huyện Nam-Đàn.
q14_15_page_14-0021,"Năm Thành-Thái thứ 10 (1898) lại đổi huyện Nam-Đàn làm thống-hạt, trích huyện Hưng-Nguyên ra làm phủ, và đem huyện Nghi-Lộc lệ thuộc vào phủ này."
q14_15_page_14-0022,Nay lĩnh 3 huyện.
q14_15_page_15-0001,HUYỆN LƯƠNG-SƠN (do phủ kiêm-lý)
q14_15_page_15-0002,"Đông tây cách nhau 94 dặm, nam bắc cách nhau 31 dặm."
q14_15_page_15-0003,Đông giáp địa giới huyện Nam-Đàn; tây giáp địa giới huyện Tương-Dương; bắc giáp địa giới huyện Đông-Thành.
q14_15_page_15-0004,Đây nguyên là đất của 2 huyện Nam-Đàn và Thanh-Chương.
q14_15_page_15-0005,"Năm Minh-Mạng 21, mới trích 4 tổng Đô-Lương, Bạch-Hà, Thuần Trung và Lăng-Điền của huyện Nam-Đàn, và trích tổng Đặng-Điền của huyện Thanh-Chương, đặt ra huyện này, cho thuộc vào phủ thống-hạt."
q14_15_page_15-0006,Năm Tự-Đức thứ 3 (1850) lại đổi là kiêm-lý.
q14_15_page_15-0007,"Nay lĩnh 5 tổng, 67 xã thôn."
q14_15_page_15-0008,"Huyện-lỵ và huyện-học trước đây ở làng Đô-Lương, nay đã bỏ đi."
q14_15_page_15-0009,HUYỆN NAM-ĐÀN (do phủ thống-hạt)
q14_15_page_15-0010,"Ở phía đông phủ Đông tây cách nhau 85 dặm, nam bắc cách nhau 28 dặm."
q14_15_page_15-0011,"Đông giáp địa giới phủ Hưng-Nguyên; tây giáp địa giới huyện Lương-Sơn; nam giáp địa giới huyện Thanh-Chương, bắc giáp địa giới huyện Lương-Sơn."
q14_15_page_15-0012,"Hồi thuộc Ngô là đất thuộc huyện Đô-Giao, đến đời Đường thì thuộc về Hoan-Châu, đến đời Tiền-Lê thì thuộc về Hoan-Đường châu."
q14_15_page_15-0013,"Hồi thuộc nhà Minh, thì huyện Thạch-Đường, huyện Kệ-Giang, huyện La-Nam đều thuộc về đất huyện Nam-Đàn này cả."
q14_15_page_15-0014,Đến đời Hậu-Lê lại đổi tên gọi là huyện Nam-Đường và lệ thuộc vào phủ Anh-Đô.
q14_15_page_15-0015,Đến triều Nguyễn vua Gia-Long cũng đề nguyên vậy.
q14_15_page_15-0016,"Đến năm Gia-Long 12, lại đổi thuộc phủ kiêm-lý."
q14_15_page_15-0017,Đến năm đầu Đồng-Khánh (1886) tránh quốc-huý mới đổi là huyện Nam-Đàn như ngày nay.
q14_15_page_15-0018,"Đến năm Thành-Thái thứ 10, mới đặt Tri huyện, lệ thuộc vào phủ thống-hạt."
q14_15_page_15-0019,"Nay có 4 tổng, cộng 73 xã, thôn."
q14_15_page_15-0020,HUYỆN THANH-CHƯƠNG (do phủ thống-hạt)
q14_15_page_15-0021,"Ở phía đông-nam phủ Đông tây cách nhau 80 dặm, nam bắc cách nhau 53 dặm."
q14_15_page_15-0022,Đông giáp địa giới huyện La-Sơn thuộc tỉnh Hà-Tĩnh; tây giáp địa giới huyện Lương-Sơn; nam cũng giáp địa giới huyện La-Sơn (Hà-Tĩnh); bắc giáp địa giới huyện Nam-Đàn.
q14_15_page_15-0023,"Hồi thuộc Hán là đất huyện Hàm-Hoan, thuộc Minh là đất huyện Thổ-Du."
q14_15_page_15-0024,"Đời nhà Lê, gọi là huyện Thanh-Giang, sau mới đổi tên ngày nay là huyện Thanh-Chương."
q14_15_page_15-0025,Triều Nguyễn cũng theo như cũ mà đem lệ thuộc vào phủ Đức-Thọ.
q14_15_page_15-0026,"Năm Minh-Mạng thứ 7, mới cho lệ thuộc vào phủ Anh-Sơn."
q14_15_page_15-0027,Hiện gồm 5 tổng; 68 xã.
q14_15_page_16-0001,PHỦ DIỄN-CHÂU
q14_15_page_16-0002,Ở cách tỉnh-thành 70 dặm về phía bắc.
q14_15_page_16-0003,"Đông tây cách nhau 58 dặm, nam bắc cách nhau 85 dặm."
q14_15_page_16-0004,Đông cách bể 3 dặm; tây cách phủ Anh-Sơn và phủ Quỳ-Châu 55 dặm; nam cách địa giới phủ Hưng-Nguyên 20 dặm; bắc cách địa giới huyện Ngọc-Sơn (Thanh-Hóa) 65 dặm.
q14_15_page_16-0005,"Hồi thuộc Hán là đất huyện Hàm-Hoan, thuộc Đường là huyện Phù-Diễn đổi là Diễn-Châu."
q14_15_page_16-0006,Đời nhà Trần đổi là Diễn-Châu lộ.
q14_15_page_16-0007,"Đến niên-hiệu Quang-Thuận nhà Lê đổi là Diễn-Châu phủ, cho thuộc vào Thừa-tuyên Nghệ-An, kiêm lĩnh cả huyện Đông-Thành và huyện Quỳnh-Lưu."
q14_15_page_16-0008,"Đến triều Nguyễn cũng nhân theo cũ mà cho kiêm-lý huyện Đông-Thành, thống-hạt huyện Quỳnh-Lưu."
q14_15_page_16-0009,"Năm Minh-Mạng 18, (1837) lại đặt thêm huyện Yên-Thành cũng cho thuộc vào thống-hạt."
q14_15_page_16-0010,"Năm Tự-Đức thứ 4, lại đổi làm phủ kiêm-nhiếp, rồi năm Thành-Thái thứ 10, đề lại phủ thống-hạt."
q14_15_page_16-0011,Nay lĩnh 3 huyện.
q14_15_page_16-0012,HUYỆN ĐÔNG-THÀNH (do phủ kiêm-lý)
q14_15_page_16-0013,"Đông tây cách nhau 13 dặm, nam bắc cách nhau 59 dặm."
q14_15_page_16-0014,Đông giáp bể; tây giáp địa giới huyện Yên-Thành; nam giáp địa giới phủ Hưng-Nguyên; bắc giáp địa giới huyện Quỳnh-Lưu.
q14_15_page_16-0015,"Hồi thuộc Đường, đất này thuộc phủ Diễn-Châu."
q14_15_page_16-0016,Đến đời nhà Trần gọi là huyện Thổ-Thành.
q14_15_page_16-0017,"Hồi thuộc nhà Minh thì gọi là huyện Đông-Ngạn, lệ thuộc vào Hoan-Châu."
q14_15_page_16-0018,Đời nhà Lê đổi là huyện Đông-Thành.
q14_15_page_16-0019,Triều Nguyễn cũng theo như cũ cho thuộc vào phủ kiêm-lý.
q14_15_page_16-0020,"Đến năm Minh-Mạng 18 mới trích 5 tổng Vạn-Phần, Hoàng-Trường, Quỳ-Trạch, Quan-Hóa và Cự-Lâm ra huyện Yên-Thành."
q14_15_page_16-0021,"Đến năm Thành-Thái thứ 10, lại lấy 2 tổng Vân-Tụ và Quan-Trung thuộc vào huyện Yên-Thành, còn tổng Vạn-Phần và tổng Hoàng-Trường thì lại đề như trước."
q14_15_page_16-0022,"Nay lĩnh 5 tổng, cộng 132 xã, thôn."
q14_15_page_17-0001,HUYỆN YÊN-THÀNH (Thuộc phủ-thống-hạt.
q14_15_page_17-0002,Dưới căng thể) Ở phía tây-bắc phủ Diễn-Châu.
q14_15_page_17-0003,"Đông tây cách nhau 37 dặm, nam bắc cách nhau 44 dặm."
q14_15_page_17-0004,Đông giáp địa giới huyện Đông-Thành; tây giáp địa giới huyện Lương-Sơn và huyện Nghĩa-Đàn; nam giáp địa giới phủ Hưng-Nguyên; bắc giáp địa giới huyện Đông-Thành.
q14_15_page_17-0005,"Nguyên trước là đất huyện Đông-Thành; năm Minh-Mạng thứ 18, trích 5 tổng (đã nói ở trên) đặt ra huyện Yên-Thành này, cho thuộc vào phủ thống-hạt."
q14_15_page_17-0006,"Qua năm Minh-Mạng thứ 21, lại trích tổng Cự-Lâm ra để thuộc vào huyện Nghĩa-Đàn."
q14_15_page_17-0007,"Năm Tự-Đức thứ 4 (1851) bớt chức Tri huyện, đề phủ kiêm-nhiếp."
q14_15_page_17-0008,"Nguyên lĩnh 4 tổng, đến năm Thành-Thái thứ 10, lại đem 2 tổng Vân-Tụ và Quan-Trung trả về huyện Đông-Thành, và trích các xã thôn mới mộ dân khai khần đất ở ven núi, đặt ra tổng Văn-Hội, để thuộc vào huyện Yên-Thành cũng thuộc về phủ thống-hạt."
q14_15_page_17-0009,"Nay có 5 tổng, cộng 100 xã, thôn."
q14_15_page_17-0010,HUYỆN QUỲNH-LƯU
q14_15_page_17-0011,"Ở phía bắc phủ Đông tây cách nhau 60 dặm, nam bắc cách nhau 39 dặm."
q14_15_page_17-0012,Đông giáp bể; tây giáp địa giới huyện Nghĩa-Đàn; nam giáp địa giới hai huyện Đông-Thành và Yên-Thành; bắc giáp địa giới huyện Ngọc-Sơn tỉnh Thanh-Hóa.
q14_15_page_17-0013,Hồi thuộc nhà Đường là đất thuộc phủ Diễn-Châu.
q14_15_page_17-0014,"Hồi thuộc nhà Minh, thì 3 huyện Quỳnh-Lâm, Phù-Lưu và Trà-Thanh cùng là đất huyện Quỳnh-Lưu cả."
q14_15_page_17-0015,Đến đời nhà Lê mới đổi tên huyện là Quỳnh-Lưu; triều Nguyễn cũng theo đó mà cho thuộc về phủ thống-hạt.
q14_15_page_17-0016,"Nguyên lĩnh 1 tổng, đến năm Minh-Mạng thứ 21, trích ra 7 tổng Hạ-Sưu, Nghĩa-Hưng, Phác-Lỗ, Đường-Khê, Thuần-Hàm, Nhiêu-Hợp, Lâm-La, để thuộc vào huyện Nghĩa-Đàn."
q14_15_page_17-0017,"Nay lĩnh 4 tổng, cộng 86 xã, thôn."
q14_15_page_18-0001,PHỦ QUỲ-CHÂU
q14_15_page_18-0002,Ở phía tây-bắc tỉnh-thành 148 dặm.
q14_15_page_18-0003,"Đông tây cách nhau 82 dặm, năm bắc cách nhau 205 dặm."
q14_15_page_18-0004,Đông đến địa giới huyện Quỳnh-Lưu 12 dặm; tây đến địa giới huyện Sầm-Tộ 70 dặm; nam đến địa giới huyện Tương-Dương 182 dặm; bắc đến địa giới huyện Nông-Cống (Thanh-Hóa) 35 dặm.
q14_15_page_18-0005,Xưa là đất phủ Diễn-Châu.
q14_15_page_18-0006,"Năm Vĩnh-Lạc thứ 13 thuộc nhà Minh, trích ra làm châu, và cho thuộc vào phủ Diễn-Châu; năm Vĩnh-Lạc thứ 15, lại cho thuộc vào phủ Thanh-Hóa."
q14_15_page_18-0007,"Năm Quang-Thuận triều Lê lại cho thuộc quyền thừa-tuyên Nghệ-An, vẫn nguyên lĩnh huyện Thúy-Vân và huyện Trung-Sơn, do Thổ-quan ở đấy cai trị."
q14_15_page_18-0008,"Đến đời Gia-Long triều Nguyễn vẫn dùng Thổ-quan là chức Chánh-cai-huyện, phó-cai-huyện quản trị."
q14_15_page_18-0009,"Qua năm Gia-Long thứ 7, lại đổi chức Chánh cai-huyện làm Cai-huyện, còn chức phó Cai-huyện thì đổi làm Ký-huyện, kiêm-lý cả huyện Trung-Sơn, kiêm nhiếp cả huyện Thúy-Vân."
q14_15_page_18-0010,"Năm Minh-Mạng thứ 15, bổ quan Tri-phủ để cai trị."
q14_15_page_18-0011,"Năm Minh-Mạng thứ 17, đổi huyện Trung-Sơn làm huyện Quế-Phong."
q14_15_page_18-0012,"Đến năm thứ 21, lại đặt thêm huyện Nghĩa-Đường do phủ kiêm-nhiếp."
q14_15_page_18-0013,"Từ năm Tự-Đức trở về sau, lúc thì dùng quan người Kinh cai trị, lúc thì dùng người Thổ-trước ở đấy làm việc."
q14_15_page_18-0014,"Qua năm Thành-Thái thứ 18, trở đi mới bổ quan người Kinh cả."
q14_15_page_18-0015,Phủ Quỳ-Châu nay lĩnh 3 huyện.
q14_15_page_18-0016,HUYỆN NGHĨA-ĐÀN
q14_15_page_18-0017,"Đông tây cách nhau 118 dặm, nam bắc cách nhau 151 dặm."
q14_15_page_18-0018,Đông giáp địa-giới huyện Quỳnh-Lưu; tây giáp địa giới huyện Quỳnh-Lưu; tây giáp địa giới huyện Quế-Phong; nam giáp địa giới huyện Tương-Dương; bắc giáp địa giới huyện Nông-Cống (Thanh-Hóa).
q14_15_page_19-0001,Trước đây là đất 2 huyện Quỳnh-Lưu và Yên-Thành.
q14_15_page_19-0002,"Triều Nguyễn năm Minh-Mạng thứ 21, trích lấy 7 tổng của huyện Quỳnh-Lưu và 1 tổng của huyện Yên-Thành (đã nói ở trên) và lập thêm ra tổng Đàn-Lân mà đặt ra huyện Nghĩa-Đường, thuộc phủ thống-hạt."
q14_15_page_19-0003,"Năm Tự-Đức thứ 3, lại đổi làm kiêm-lý."
q14_15_page_19-0004,Đến năm đầu Đồng-Khánh (1886) vì tránh quốc-huý nên đổi là huyện Nghĩa-Đàn.
q14_15_page_19-0005,"Năm Thành-Thái 12, đặt làm huyện Thổ do phủ kiêm-lý."
q14_15_page_19-0006,"Năm Thành-Thái 14 (1902), ở tỉnh có tư xin bổ quan Kinh để cai trị, nhưng việc chưa thi hành."
q14_15_page_19-0007,"Đến năm Thành-Thái thứ 19, thì đổi làm Hoa-huyện mới đặt ra chức Tri huyện."
q14_15_page_19-0008,"Nay có 9 tổng, gồm 46 xã, thôn"
q14_15_page_19-0009,HUYỆN QUẾ-PHONG
q14_15_page_19-0010,Ở về phía tây phủ 115 dặm.
q14_15_page_19-0011,"Đông, tây, nam, bắc và tứ-chí cách bao nhiêu dặm thì chưa tường (huyện Thúy-Vân cũng thế)."
q14_15_page_19-0012,Đông giáp địa giới huyện Nghĩa-Đàn; tây giáp địa giới huyện Sầm-Tộ; nam giáp địa giới huyện Thúy-Vân; bắc giáp địa giới huyện Nông-Cống (Thanh-Hóa).
q14_15_page_19-0013,Triều Lê gọi là huyện Trung-Sơn.
q14_15_page_19-0014,"Triều Nguyễn năm Minh-Mạng thứ 17, đổi là huyện Quế-Phong, đặt Thổ-quan thuộc phủ thống-hạt."
q14_15_page_19-0015,Năm Tự-Đức thứ 3 bỏ đi.
q14_15_page_19-0016,"Đến năm Thành-Thái thứ 14, lại đặt Thổ-quan do phủ kiêm-lý."
q14_15_page_19-0017,"Huyện này có 4 tổng, gồm 36 xã, thôn."
q14_15_page_19-0018,HUYỆN THÚY-VÂN.
q14_15_page_19-0019,Ở phía tây phủ 146 dặm.
q14_15_page_19-0020,Đông giáp địa giới huyện Nghĩa-Đàn; tây giáp địa giới huyện Sầm-Tộ; nam giáp địa giới huyện Nghĩa-Đàn; bắc giáp địa giới huyện Quế-Phong.
q14_15_page_19-0021,"Huyện đặt từ đời nhà Lê, triều Nguyễn cũng theo đó và cho thuộc phủ kiêm-lý."
q14_15_page_19-0022,"Năm Tự-Đức thứ 3, đổi cho thuộc phủ kiêm-nhiếp."
q14_15_page_19-0023,"Năm Thành-Thái 14, đặt quan Thổ-trước làm việc, do phủ kiêm-lý."
q14_15_page_19-0024,"Hiện nay có 5 tổng, gồm 33 xã, thôn."
q14_15_page_20-0001,PHỦ TƯƠNG-DƯƠNG
q14_15_page_20-0002,Ở về phía tây tỉnh-thành 200 dặm.
q14_15_page_20-0003,"Đông tây cách nhau 133 dặm, nam bắc cách nhau 192 dặm."
q14_15_page_20-0004,Đông đến địa giới huyện Lương-Sơn 33 dặm; tây đến địa giới Quảng-huyện (thuộc phủ Trấn-Ninh) 100 dặm; nam đến địa giới huyện Thanh-Chương 100 dặm; bắc đến địa giới huyện Nghĩa-Đàn 93 dặm.
q14_15_page_20-0005,"Hồi nhà Trần gọi là Mật-Châu, hồi thuộc nhà Minh gọi là châu Trà-Lung, sau lại đổi là châu Trà-Thanh."
q14_15_page_20-0006,"Đến triều Lê đổi là phủ Trà-Lân kiêm lĩnh 4 huyện, tục gọi là Tứ-Lân."
q14_15_page_20-0007,"Sang triều Gia-Long nhà Nguyễn đặt chức Quản-phủ và Tri-phủ ở phủ, còn huyện thì đặt người Thổ-trước làm chức Cai-huyện và chức Ký-huyện."
q14_15_page_20-0008,"Đến năm Minh-Mạng thứ 3 (1822) đổi tên gọi là phủ Tương-Dương kiêm-lý huyện Tương-Dương, thống-hạt 3 huyện: Vĩnh-Hòa, Hội-Nguyên và Kỳ-Sơn."
q14_15_page_20-0009,"Năm Minh-Mạng thứ 9, mới đặt chức Tri huyện (chọn người tỉnh Nghệ-An ai làm việc được thì bổ nhiệm)."
q14_15_page_20-0010,"Đến sau bỏ huyện, lại đề do phủ kiêm-nhiếp."
q14_15_page_20-0011,"Nay lại đặt ra chức Tri-phủ người Thổ, có 4 huyện thuộc về phủ này."
q14_15_page_20-0012,HUYỆN TƯƠNG-DƯƠNG
q14_15_page_20-0013,"Đông tây cách nhau 76 dặm, nam bắc cách nhau 190 dặm."
q14_15_page_20-0014,Đông giáp địa giới huyện Lương-Sơn; tây giáp địa giới huyện Vĩnh-Hòa; nam giáp địa giới huyện Thanh-Chương; bắc giáp địa giới huyện Nghĩa-Đàn.
q14_15_page_20-0015,"Triều Lê đặt ra huyện, triều Nguyễn cũng theo đó để thuộc phủ kiêm-lý."
q14_15_page_20-0016,"Hiện nay có 3 tổng, gồm 7 xã."
q14_15_page_21-0001,HUYỆN VĨNH-HÒA
q14_15_page_21-0002,Ở phía tây-bắc phủ 44 dặm.
q14_15_page_21-0003,"Đông, tây, nam, bắc và tứ-chí cách nhau bao nhiêu dặm thì chưa tường (huyện Kỳ-Sơn, huyện Hội-Nguyên cũng thế)."
q14_15_page_21-0004,Đông giáp địa giới huyện Tương-Dương; tây và bắc cùng giáp địa giới huyện Hội-Nguyên; nam giáp địa giới phủ Trần-Định.
q14_15_page_21-0005,"Đời nhà Lê gọi là huyện Vĩnh-Khang, đến triều Nguyễn năm đầu Gia-Long (1802) mới đổi là huyện Vĩnh-Hòa, để thuộc phủ thống-hạt."
q14_15_page_21-0006,"Năm Tự-Đức thứ 3 (1850) lại bớt chức Tri huyện, đề phủ kiêm-nhiếp."
q14_15_page_21-0007,"Huyện có 3 tổng, gồm 5 xã."
q14_15_page_21-0008,"Huyện-ly trước ở xã Xuy-Vàng, nay bỏ."
q14_15_page_21-0009,HUYỆN KỲ-SƠN
q14_15_page_21-0010,Ở về phía tây phủ 179 dặm.
q14_15_page_21-0011,"Đông giáp địa giới huyện Hội-Nguyên; tây giáp địa giới Quảng-huyện thuộc phủ Trấn-Ninh; nam giáp địa giới phủ Trấn-Định; bắc giáp địa giới huyện Ngọc-Sơn (Thanh-Hóa) Đời Lê mới đặt huyện, triều Nguyễn cũng theo đề như trước."
q14_15_page_21-0012,"Năm Tự-Đức thứ 3, bớt chức Tri huyện đề do phủ-kiêm-nhiếp."
q14_15_page_21-0013,"Có 4 tổng, 7 xã."
q14_15_page_21-0014,"Huyện-lý trước ở làng Chấp-Mộ, nay bỏ."
q14_15_page_21-0015,HUYỆN HỘI-NGUYÊN
q14_15_page_21-0016,Ở về phía tây phủ Quỳ-Châu 103 dặm.
q14_15_page_21-0017,Đông và nam đều giáp địa giới huyện Vĩnh-Hòa; tây giáp địa giới huyện Kỳ-Sơn; bắc giáp địa giới châu Lương-Chánh (Thuộc tỉnh Thanh-Hóa).
q14_15_page_21-0018,Đời Lê gọi là huyện Hội-Ninh sau mới đổi là Hội-Nguyên.
q14_15_page_21-0019,Đến triều Nguyễn vẫn đề như cũ.
q14_15_page_21-0020,"Năm Minh-Mạng thứ 18, để thuộc huyện Kỳ-Sơn, kiêm-nhiếp."
q14_15_page_21-0021,"Đến năm Tự-Đức thứ 3, đề do phủ kiêm-nhiếp."
q14_15_page_21-0022,"Có 3 tổng, 5 xã."
q14_15_page_21-0023,"Huyện-ly trước ở làng Khê-Môn, nay bỏ."
q14_15_page_21-0024,CHÂU CƠ-MY
q14_15_page_21-0025,"Châu này nguyên trước là 5 phủ: Trấn-Ninh, Trấn-Biên, Trấn Định, Trấn-Tĩnh, Lạc."
q14_15_page_21-0026,"Biên, đều là đất Cơ-my (ràng buộc), nay thuộc về nước Ai-Lao."
q14_15_page_21-0027,"Hồi thuộc Pháp do người Pháp quản trị, nay chép ra đây để giúp sự khảo cứu."
q14_15_page_22-0001,PHỦ TRẤN-NINH
q14_15_page_22-0002,Ở về phía tây tỉnh-thành (cách xa bao nhiêu dặm chưa rõ.
q14_15_page_22-0003,Các phủ huyện ở dưới đây cũng thế).
q14_15_page_22-0004,Đông giáp địa giới huyện Kỳ-Sơn; tây giáp địa giới nước Nam-Chương; nam giáp địa giới nước Vạn-Tượng; bắc giáp địa giới phủ Trấn-Biên.
q14_15_page_22-0005,Phủ này nguyên trước là đất Bồn-Mam.
q14_15_page_22-0006,Đến đầu đời nhà Lê có người tên là Cầm-Công chiếm cứ ở đó.
q14_15_page_22-0007,"Sau vua Lê-Thánh-Tôn đẹp được mới đặt ra phủ Trấn-Ninh, lĩnh 7 huyện là: Quang-Vinh, Minh-Quảng, Cảnh-Thuần, Kim-Sơn, Thanh-Vị, Châu-Lương và Trung-Thuận, cho người Thổ-tù là họ Cầm-Lư được nối đổi làm chức Xà (Xà là chức hiệu của Man-trưởng)."
q14_15_page_22-0008,"Tới nay hơn 300 năm vẫn giữ chức triều cống, không hề gián đoạn."
q14_15_page_22-0009,"Nơi đây phía bắc kiêm cả đất Hồ-Mang (tức là Lão-Qua) phía tây thông đến nước Ai-Lao; đất rộng, dân đồng, to hơn cả các Mán."
q14_15_page_22-0010,"Đến cuối niên-hiệu Vĩnh-Hựu ông Lê-Duy-Mật lên đến chiếm giữ tới vài mươi năm; qua năm Cảnh-Hưng thứ 31 (1770) mới đẹp yên được, nhà vua lại cho họ Cầm-Lư làm chức Chánh-Xà, Phó-Xà, để chiều phủ dân trong hạt."
q14_15_page_22-0011,"Đến triều Nguyễn, năm đầu Gia-Long, nước Vạn-Tượng bắt đầu đem lễ vật đến xin phụ thuộc vào nước ta."
q14_15_page_22-0012,"Lại có công theo đi đánh giặc, nên sau khi đã bình định, vua Gia-Long mới cắt đất (trong bản chữ Hán không có) cho để thù lao."
q14_15_page_22-0013,"Năm Minh-Mạng thứ 8, nước Vạn-Tượng bị nước Tiêm."
q14_15_page_22-0014,"La đánh phá, Quốc trưởng Vạn-Tượng là Chiêu-A-Nỗ chạy sang ở đậu 3 động bên ta để cầu cứu."
q14_15_page_22-0015,Nước Nam-Chương thừa cơ xâm-lược đất Trấn-Ninh; viên Tù-trưởng là Thiệu-Nội liền đem đất ấy qui thuận về ta.
q14_15_page_22-0016,"Vua bèn trao cho Thiệu-Nội làm chức Phòng-ngữ-sứ phủ Trấn Ninh, đề quản trị các việc trong phủ."
q14_15_page_22-0017,"Lại đặt ra 7 huyện là: Khâm, Liên, Quảng, Khang, Cát, Xuy và Mộc, đều dùng những người Thổ-mục làm Tri-huyên, Huyện-thừa, thuộc phủ thống-nhiệp."
q14_15_page_22-0018,"Sau đó Thiệu-Nội có tội bị giết, triều-đình lại trao cho viên Thổ-Tri huyện ở đáy làm chức Phòng-ngữ-đồng-tri cùng với viên Thổ huyện-thừa cùng liệu lý các việc ở phủ."
q14_15_page_22-0019,"Sang năm Minh-Mạng thứ 13, lại đặt thêm huyện Liêm, rồi đến năm thứ 15 (1816); mới bổ quan Tri-phủ cai trị."
q14_15_page_22-0020,Phủ này kiêm lĩnh 8 huyện.
q14_15_page_23-0001,HUYỆN KHÃM
q14_15_page_23-0002,Ở về phía tây phủ.
q14_15_page_23-0003,Đông giáp huyện Kỳ-Sơn; tây giáp huyện Liêm; nam giáp huyện Quảng; bắc giáp huyện Man-Soạn.
q14_15_page_23-0004,"Năm Minh-Mạng thứ 8, dùng người Thổ-mục ở bản-xứ làm Thổ-Tri huyện, và làm Thổ-huyện-thừa (các huyện khác cũng thế)."
q14_15_page_23-0005,Huyện này có 3 tổng và 3 bản.
q14_15_page_23-0006,HUYỆN LIÊN
q14_15_page_23-0007,Ở về phía đông phủ.
q14_15_page_23-0008,Đông giáp huyện Quảng; tây giáp huyện Xuy; nam giáp nước Vạn-Tượng; bắc giáp huyện Cát.
q14_15_page_23-0009,Huyện này có 2 tổng và 2 bản.
q14_15_page_23-0010,HUYỆN QUẢNG
q14_15_page_23-0011,Ở phía đông-nam phủ Đông giáp huyện Mộc; tây giáp huyện-Cát; nam giáp nước Vạn-Tượng; bắc giáp huyện Khâm.
q14_15_page_23-0012,Huyện này có 2 tổng và 2 bản.
q14_15_page_23-0013,HUYỆN KHANG
q14_15_page_23-0014,Ở về phía tây-nam phủ.
q14_15_page_23-0015,Đông giáp huyện Khâm; tây giáp huyện Xuy; nam giáp huyện Cát; bắc giáp huyện Liêm.
q14_15_page_23-0016,"Huyện này có 2 tđng, 2 bản."
q14_15_page_24-0001,HUYỆN CÁT
q14_15_page_24-0002,Ở phía tây-nam phủ Đông tây cùng giáp huyện Quảng; nam giáp huyện Liên; bắc giáp huyện Khang.
q14_15_page_24-0003,"Huyện này có 2 tổng, 2 bản."
q14_15_page_24-0004,HUYỆN XUY
q14_15_page_24-0005,"Ở về phía tây-nam phủ Trấn-Ninh, Đông giáp huyện Liên; tây giáp nước Nam-Chương; nam giáp nước Vạn-Tượng; bắc giáp huyện Liên."
q14_15_page_24-0006,"Huyện này có 2 tổng, 3 bản."
q14_15_page_24-0007,HUYỆN MỘC
q14_15_page_24-0008,Đông giáp huyện Cát; tây giáp huyện Quảng; nam giáp phủ Trấn-Định; bắc giáp huyện Quảng.
q14_15_page_24-0009,"Huyện này có 2 tổng, 2 bản."
q14_15_page_24-0010,HUYỆN LIÊM
q14_15_page_24-0011,Ở về phía tây phủ Trấn-Ninh.
q14_15_page_24-0012,Đông giáp huyện Khâm; tây giáp nước Nam-Chương; nam giáp huyện Xuy; bắc giáp huyện Man-Soạn.
q14_15_page_24-0013,"Nguyên xưa đây là Mán Mang-Hiềm; năm Minh-Mạng thứ 13 mới thuộc vào nước ta, nên mới đặt ra huyện Liêm."
q14_15_page_24-0014,Huyện này có 2 tổng và 2 bản.
q14_15_page_24-0015,PHỦ TRẤN-BIÊN
q14_15_page_24-0016,Ở về phía tây-bắc tỉnh Nghệ-An.
q14_15_page_24-0017,"Phủ-ly chưa có, số đậm cũng chưa tường (các phủ huyện sau đây cũng thế)."
q14_15_page_24-0018,Đông giáp phủ Quỳ-Châu; tây giáp châu Ninh-Biên tỉnh Hưng-Hóa; nam giáp phủ Trấn-Ninh; bắc giáp châu Lang-Chánh (tỉnh Thanh-Hóa).
q14_15_page_24-0019,Phủ này trước là đất 7 Mán Mang-Hồ ở Ai-Lao.
q14_15_page_24-0020,"Từ triều Lê về trước, cứ 3 năm một lần đến cống."
q14_15_page_24-0021,"Hồi năm đầu Gia-Long, đem phủ Trấn-Ninh cho nước Vạn-Tượng, nên không còn cống hiến nữa."
q14_15_page_24-0022,"Đến năm Minh-Mạng thứ 8 (1827), nước Vạn-Tượng bị nước Tiêm-La đánh phá, vì phủ Trấn-Ninh đường thông cả với 7 Man, tên thổ-mục xứ này liền xin phụ thuộc vào với nước ta, nên ta cho đồ! làm 7 huyện là: Xa-Hồ, Sầm-Tộ, Mang-Lan, Man-Soạn, Trình-Cố, Săm-Nưa và Man-Xuy, đều đặt Thổ-Tri huyện và Huyện-thừa, theo về tỉnh Nghệ-An quản hạt."
q14_15_page_24-0023,"Đến năm Minh-Mạng thứ 9 (1828) mới đặt phủ Trấn-Biên, đem 7 huyện này lệ thuộc vào phủ cai trị."
q14_15_page_24-0024,"Được ít lâu lại đem huyện Trình-Cố, huyện Săm-Nưa, huyện Man-Xuy đặt làm phủ Trấn-Man đổi cho lệ thuộc vào tỉnh Thanh-Hóa."
q14_15_page_24-0025,Phủ này nay hiện lĩnh 4 huyện.
q14_15_page_25-0001,HUYỆN XA-HỒ
q14_15_page_25-0002,Đồng giáp địa giới huyện Sầm-Tộ; tây giáp địa giới huyện Man-Soạn; nam giáp địa giới huyện Khâm (thuộc phủ Trấn-Ninh); bắc giáp địa giới huyện Săm-Nưa phủ Trấn-Man.
q14_15_page_25-0003,"Huyện này nguyên là đất Man Mang-Hồ, đến năm Minh-Mạng thứ 8 mới đặt huyện."
q14_15_page_25-0004,"Hiện linh 4 tổng; 15 xã, thôn."
q14_15_page_25-0005,HUYỆN SẦM-TỘ
q14_15_page_25-0006,Đồng giáp địa giới huyện Thúy-Vân (thuộc phủ Quỳ-Châu); tây giáp địa giới huyện Mang-Lan; nam giáp địa giới huyện Xuy (thuộc phủ Trấn-Ninh); bắc giáp địa giới châu Lang-Chánh (thuộc tỉnh Thanh-Hóa).
q14_15_page_25-0007,Đất này nguyên trước thuộc Man Sầm-Tộ.
q14_15_page_25-0008,"Nay có 5 tổng, gồm 14 xã, thôn."
q14_15_page_25-0009,HUYÊN MANG-LAN
q14_15_page_25-0010,Đông giáp địa giới huyện Sầm-Tộ; tây giáp địa giới nước Nam-Chương; nam giáp địa giới huyện Khâm (thuộc phủ Trăn-Ninh); bắc giáp địa giới huyện. Xa-Hồ.
q14_15_page_25-0011,Huyện này nguyên trước là đất Mán Mang-Lan.
q14_15_page_25-0012,"Có 2 tổng, gồm 8 xã, thôn."
q14_15_page_25-0013,HUYỆN MAN-SOẠN
q14_15_page_25-0014,Đồng giáp địa giới huyện Xa-Hồ; tây giáp địa giới nước Nam-Chương; nam giáp địa giới huyện Liên (thuộc phủ Trần Ninh); bắc giáp địa giới huyện Săm-Nưa (thuộc phủ Trấn-Man).
q14_15_page_25-0015,"Đất này nguyên trước là động Mang-Tôn (thuộc châu Ninh-Biên, tỉnh Hưng-Hóa), năm Minh-Mạng thứ 8, Mán Man-Soạn về qui phụ với ta, nhân đặt ra huyện Man-Soạn này."
q14_15_page_25-0016,"Hiện có 4 tổng, 9 xã thôn."
q14_15_page_26-0001,PHỦ TRẤN-ĐỊNH
q14_15_page_26-0002,Ở về phía tây-nam tỉnh.
q14_15_page_26-0003,Bốn phía giáp đầu và cách xa bao nhiêu dặm chưa rõ.
q14_15_page_26-0004,Đất này nguyên trước thuộc về Ai-Lao.
q14_15_page_26-0005,"Đời Minh gọi là châu Ngọc-Ma, lệ thuộc vào phủ Nghệ-An."
q14_15_page_26-0006,"Khoảng đầu nhà Lê mới đặt ra phủ Ngọc-Ma, gồm 12 động, thuộc châu Trịnh-Cao, cứ 3 năm một lần tiến cống."
q14_15_page_26-0007,Đến triều Nguyễn vua Gia-Long đem đất này cho nước Vạn-Tượng.
q14_15_page_26-0008,"Năm Minh-Mạng thứ 8, nước Vạn-Tượng bị nước Tiêm-La đánh phá, thì Mán Cam-Cát, mán Cam-Muộn và Mán Phàm-Linh thuộc châu Trịnh-Cao xin thuộc vào nước ta."
q14_15_page_26-0009,"Triều ta mới đổi Mán Cam-Cát làm huyện Cam-Cát, Mán Cam-Muộn làm huyện Cam-Môn, Mán Phàm-Linh làm huyện Cam-Linh; đều đặt chức Thổ-Tri huyện và chức Huyện-thừa để cai trị."
q14_15_page_26-0010,"Đến năm Minh-Mạng thứ 9, đổi làm phủ Trấn-Định, đem 3 huyện này lệ thuộc vào phủ đó."
q14_15_page_26-0011,"Sau bị Mán-Lào xâm lược, thổ dân ở đấy sợ hãi, phải tan rã cả."
q14_15_page_26-0012,"Đến năm Minh-Mạng thứ 21, những Thổ-mục hai huyện Cam-Cát và Cam-Môn đem dân sang trú ngụ ở đất huyện Hương-Sơn và cho lệ thuộc vào phủ Đức-Thọ."
q14_15_page_26-0013,Hiện nay lĩnh 1 huyện.
q14_15_page_26-0014,HUYỆN CAM-LINH
q14_15_page_26-0015,Đất này nguyên trước thuộc Mán Phàm-Linh.
q14_15_page_26-0016,"Năm Minh-Mạng thứ 8, đổi đặt làm 4 tổng."
q14_15_page_26-0017,"Đến năm Minh-Mạng thứ 15, bị Man Lào đến cướp bóc, thổ-dân ở đấy sợ tản mác đi nơi khác, chưa trở về được."
q14_15_page_26-0018,PHỦ TRẤN-TĨNH
q14_15_page_26-0019,"Ở vệ phía tây-nam tỉnh, Bốn phía giáp đâu và cách xa bao nhiều dặm chưa rõ."
q14_15_page_26-0020,Phủ này nguyên xưa thuộc đất Bồn-Man nước Ai-Lao.
q14_15_page_26-0021,Đời vua Lê-Thái-Tổ mới vào cống hiến.
q14_15_page_26-0022,"Niên hiệu Thái-Hòa thứ 6, đời Lê Nhân-Tôn (1448), đổi là châu Quy-Hợp."
q14_15_page_26-0023,"Đến năm Quang-Thuận thứ 10, đời Lê-Thánh-Tôn (1469) mới đặt ra phủ Lâm-An, lĩnh một châu Quy-Hợp, gồm 12 động, 11 sách, lệ thuộc về tỉnh Nghệ-An."
q14_15_page_26-0024,"Qua triều Nguyễn, năm Gia-Long thứ 18, lấy sách Thanh-Lãng thuộc châu ấy (Quy-Hợp), đổi cho lệ thuộc vào tỉnh Quảng-Bình."
q14_15_page_26-0025,"Năm Minh-Mạng thứ 7, lại đem đất của Mán Tam-Thũng thuộc châu Quy-Hợp gần tỉnh Quảng-Bình cho lệ thuộc vào tỉnh ấy."
q14_15_page_26-0026,"Năm Minh-Mạng thứ 8, Tù-trưởng ở 3 động Thâm-Nguyên, Yên-Sơn và Mộng-Sơn đến trấn đẳng sản-vật địa phương, xin đem 3 động ấy nhập vào hộ tịch nước ta."
q14_15_page_26-0027,"Năm Minh-Mạng thứ 9, bỏ phủ Lâm-An và đặt là phủ Trấn-Tĩnh này; đổi 3 động làm huyện, đặt chức Thổ-Tri huyện và chức Huyện-thừa, cho viên Tù-trưởng ở đấy làm chức Tuyên-úy-đồng-tri đề quản lý các việc trong phủ."
q14_15_page_26-0028,"Năm Minh-Mạng thứ 10, lại bỏ tên châu Quy-Hợp mà đặt là tấn Quy-Hợp, cho lệ thuộc vào tỉnh hạt (Nghệ-An)."
q14_15_page_26-0029,"Năm Minh-Mạng thứ 20 (1839) lại đổi tấn Quy-Hợp làm tổng Quy-Hợp, đặt chức cai-tổng, tùy thuộc với tấn để làm việc công, và cho lệ thuộc về huyện Hương-Sơn."
q14_15_page_26-0030,Nay kiêm lĩnh 3 huyện.
q14_15_page_27-0001,HUYÊN THÂM-NGUYÊN
q14_15_page_27-0002,"Huyện này trước là động Thâm-Nguyên, năm Minh-Mạng thứ 9, mới đổi là huyện."
q14_15_page_27-0003,"Năm Minh-Mạng thứ 19, Man-Lào đến cướp bóc, thổ-dân ở đây sợ hãi, tản cư đi các nơi khác (2 huyện dưới đây cũng thế)."
q14_15_page_27-0004,HUYÊN YÊN-SƠ'N
q14_15_page_27-0005,Nguyên trước là động Yên-Sơn.
q14_15_page_27-0006,HUYỆN MỘNG-SƠN
q14_15_page_27-0007,Nguyên trước là động Mộng-Sơn.
q14_15_page_28-0001,PHỦ LẠC-BIÊN
q14_15_page_28-0002,"Ở về phía tây-nam tỉnh: Từ phủ-lỵ đến tỉnh-thành 12 ngày đường, đến thành cũ nước Vạn-Tượng 20 ngày đường, đến địa giới nước Tiêm-La phải đi 1 tháng."
q14_15_page_28-0003,Hồi xưa đất này thuộc Lạc-Hoàn Công-Man (nhóm mọi có tiến cống trong triều).
q14_15_page_28-0004,"Tiên tồ Man này là Ất-Nha-Lũng tự lập làm Tù-trường, đến đời con là Ất-Thăng qui phụ về nước Tiêm-La, vua Tiêm phong cho chức Phả-bố-lâm-mã-la (Bố-Lâm nghĩa là cũ); đến sau Ất-Thăng ngầm thông với Tây-Sơn, bị nước Tiêm bắt giam, rồi chết; bèn lập con rè Ất-Thăng là Mã-Xí-Xương lên thay."
q14_15_page_28-0005,"Sau Xí-Xương chết, lại lập con trai Ất-Thăng là Thiệu-Mạng nối chức Tù-trường."
q14_15_page_28-0006,"Năm Gia-Long triều Nguyễn, thì xứ ấy lại xin phụ thuộc vào nước ta, vẫn chịu phong chức và triều cống."
q14_15_page_28-0007,"Đến năm Minh-Mạng thứ 9, Thổ-tù đến dâng sản vật địa phương, xin nhập vào hộ tịch nước ta."
q14_15_page_28-0008,"Nước ta bèn đặt ra phủ Lạc-Biên, cho Tù-trường là Bồ-Lâm làm chức Tuyên-úy đồng-trị, để cai quản phủ hạt."
q14_15_page_28-0009,"Năm Minh-Mạng thứ 14, Bồ-Lâm làm phản bỏ đi, vua ta mới cho Thổ-mục là Thiệu-Bồng lên thay, và cho Phi-Xà-Nộn làm Thổ Tri-châu."
q14_15_page_28-0010,"Sau bị Man-Lào cướp phá, thổ dân sợ hãi tản đi hết."
q14_15_page_29-0001,HÌNH THẾ
q14_15_page_29-0002,"Tỉnh Nghệ-An phía đông giáp bể, phía tây có nhiều núi."
q14_15_page_29-0003,"Sông Lam quanh phía nam, khe Nước-Lạnh ngăn phía bắc."
q14_15_page_29-0004,"Mặt trước có núi Hồng-Lĩnh 99 ngọn, trùng trùng điệp điệp làm tiền án."
q14_15_page_29-0005,"Lại có sông Cấm sông Lam bao bọc; cửa Hội, cửa Vạn ngăn ngừa."
q14_15_page_29-0006,"Dãy núi Thiên-Nhận chạy dài như muôn ngựa đuồi nhau, làm yết hầu cho đường núi."
q14_15_page_29-0007,"Cửa biển Hội-Thống, có đảo Song-Ngư đứng sừng, làm trấn ngự cho cương-giới miền biển."
q14_15_page_29-0008,Miền thượng-du thì có các đường để ràng buộc phiên lạc.
q14_15_page_29-0009,"Phía tây-bắc thì tiếp liền với tỉnh Thanh tỉnh Hưng; phía tây-nam thì chống giữ với nước Tiêm nước Lào; thực đáng gọi là nơi tứ tắc (ngăn lấp cả 4 mặt), nghĩa là một trấn lớn, hình thề đẹp nhất ở Hữu-Kỳ (1) vậy."
q14_15_page_29-0010,(1) Hữu-Kỳ (từ Quảng-Trị đến Thanh-Hóa).
q14_15_page_30-0001,"Khí hậu Theo âm-lịch, tháng giêng hay có gió đông, tháng hai khi trời ấm áp."
q14_15_page_30-0002,"Từ tháng ba trở đi có nhiều gió nam; nếu khi sắp có gió to, thì 1, 2 đêm trước thường có chớp loè suốt đêm cho đến sáng."
q14_15_page_30-0003,"Lại có từng đám mây phon phớt bay khắp trên trời, hoặc mưa thưa thớt độ hon một giờ, rồi gió âm âm kéo đến, động rừng bay nóc, râm ran như sấm; sông bể thì sóng nổi dồn dập, hoặc 3, 4 ngày một lần, hoặc 7, 8 ngày một lần."
q14_15_page_30-0004,"Đến tháng 5 tháng 6 ta, thì nắng càng to, thường ít mưa."
q14_15_page_30-0005,"Tháng 8 tháng 9 thì hay có gió dữ (hoặc 1 năm một lần, hoặc 3, 4 năm 1 lần, hoặc một vài mươi năm một lần."
q14_15_page_30-0006,"Bắt đầu gió thổi từ phía đông-bắc, rồi hoặc chuyển sang đông đến nam thì tắt, hoặc chuyển tây sang nam thì tắt."
q14_15_page_30-0007,"Nếu chưa thấy trở gió nam mà đã tắt, thì sau đó thế nào cũng lại có gió to đến đổ cửa đổ nhà, nước bể dâng tràn ngập lụt)."
q14_15_page_30-0008,"Lúc sắp có gió thì phía đông-bắc có sáng như cầu vồng, tục gọi là gió-mẹ-bão vì cho cầu vồng là mẹ sinh ra bão vậy."
q14_15_page_30-0009,"Cũng có khi có những đám mây bay lẹ khắp trời, người ở bể gọi là gió-bão-nước-trào."
q14_15_page_30-0010,Những người Quảng-Đông hay vượt bể thì gọi là Lê-Đầu-Vân (Mây mũi cầy).
q14_15_page_30-0011,Bài phú «Cụ-Phong» (gió bão) của ông Tô-Đông-Pha có câu: Đoạn hồng âm giang nhi bắc chỉ?
q14_15_page_30-0012,Xích vân giáp nhật đi phi tường (Uống nước sông mà trở sang bắc; mây hồng sát mặt trời mà liệng bay cao).
q14_15_page_30-0013,Ấy là cái điềm sắp có bão vậy.
q14_15_page_30-0014,"Bão thường nổi cơn về mùa sâu lúa sinh sản, cho nên người ta hay gọi là bão-sâu-lúa."
q14_15_page_30-0015,"Mùa thu mùa đông không có sương tuyết, mà hay mưa lụt, có khi một tháng đến máy lần lụt."
q14_15_page_30-0016,Nước lụt thường từ miền núi đầu nguồn đổ xuống rất mạnh làm cho nhà cửa súc sản thường bị trôi giật.
q14_15_page_30-0017,"Nhưng vì núi cao lại gần bể, nước đổ xuống chỉ vài ngày đã tiêu hết, nên xưa nay không nghĩ đến chính sách đắp đê."
q14_15_page_30-0018,"Đây có tục xem mây để biết mưa tạnh: nếu mây từ miền bể đông-bắc bay lại, thì hay mưa nhiều; từ núi phía tây-nam bay lại, thì tạnh nhiều."
q14_15_page_30-0019,"Cho nên tục ngữ có câu; «Mây bể nắng ran, mây ngàn mưa trút»."
q14_15_page_31-0001,"Tiều-súc trong kinh Dịch nói: «một vấn bất vũ, tự ngã Tây giao (mây dày không mưa."
q14_15_page_31-0002,"Vì từ phía tây nước ta đến), cũng là một điều kinh nghiệm vậy."
q14_15_page_31-0003,"Đến tháng mười thì hết sấm, mà hay có gió bấc, thường mưa nhiều mà ít khí tạnh."
q14_15_page_31-0004,"Từ đó dần dần rét nhiều, sóng biển nổi to, nên người ở gần bể thường nghe tiếng sóng động hay êm thì biết là trời sắp mưa nay tạnh."
q14_15_page_31-0005,Sang tháng 11 âm lịch thì nước giá đông lại.
q14_15_page_31-0006,"Tháng chạp thì đã hơi ấm, và đã bắt đầu có sấm."
q14_15_page_31-0007,"Về vụ cày cấy thì có 2 mùa gặt: Tháng 11 cấy, thì tháng 4 lúa chín, tháng 6 cấy, thì tháng 10 lúa chín."
q14_15_page_31-0008,"Lại có thứ lúa gặt về tháng 3 và tháng 8 âm-lịch, tùy theo thổ nghi, đều có kết quả tốt cả."
q14_15_page_31-0009,"Duy về mùa hạ thì rất ký gió bấc, mà mùa đông thì rất ký gió nam (gió nam thì lúa biến ra trắng, mà gió bất thì lúa biến thành đen)."
q14_15_page_31-0010,Người ta thường lấy ngày Trùng-dương (mồng 9 tháng 9 âm-lịch) mà có mưa là điềm được mùa; ngày Đoan-ngọ (mồng 5 tháng 5) có mưa là điềm lúa bị sâu ăn; ngày Đông-Chí mà mưa là điềm sắp đại-hạn (nắng to).
q14_15_page_31-0011,"Các Phủ ở Thượng-du, cứ đến tháng 3, tháng 9, lam-chương rất thịnh."
q14_15_page_31-0012,"Việc làm ruộng bắt đầu từ mùa đông, vì khí hậu mỗi nơi sớm muộn hơi có khác nhau vậy."
q14_15_page_32-0001,PHONG TỤC
q14_15_page_32-0002,Sỹ-phủ Nghệ-An phần nhiều trọng khí-tiết.
q14_15_page_32-0003,"Có tính hào-hiệp, chăm học."
q14_15_page_32-0004,"Văn chương thì cứng rắn, chứ không chuộng hoa-lệ."
q14_15_page_32-0005,"Người làm thợ thường ở chỗ phổ phường, người đi buôn ngồi một nơi; người làm ruộng thì cày cấy, tập tục thì rất dè sẻn; cũng vì đất xấu dân nghèo cho nên như thế."
q14_15_page_32-0006,"Tuy vậy nhưng chất phác phúc hậu, giữ gìn cần chắc, chăm lo nghề nghiệp, kiêng sợ danh giáo, hăng hái đối với công-nghĩa và phong-tục trong tỉnh cùng giống nhau."
q14_15_page_32-0007,"Vì thế những bậc quan to đỗ cao, đời nào cũng có, nhiều người nổi tiếng, khắp nơi biên quận, triều đình, tên ghi trong sử sách."
q14_15_page_32-0008,"Sách «Minh-Chí» có khen «người Hoan-Châu thuần hậu, ưu tú, chăm học», chắc họ cũng đã trông thấy rõ ràng."
q14_15_page_32-0009,Truyện xưa có nói là «dân ở nơi đất xấu thì hay thích làm việc nghĩa» cũng là một chứng có vậy.
q14_15_page_32-0010,Khoảng triều nhà Lê lúc mới sáng nghiệp hay lúc trung-hưng có nhiều công-thần lập nên công lớn.
q14_15_page_32-0011,"Tuy những người đi lính đánh trận, cùng với Thanh-Hóa nổi tiếng là hạng ưu-binh (hạng lính ưu tú xuất sắc), nhưng đức tính trung nghĩa cũng có thể biết được."
q14_15_page_32_33-0001,"Ngoài ra lễ tiết trọng chốn dân-gian thì: ngày Nguyên-đán lễ tiên tồ; tháng trọng-xuân lễ Kỳ-cốc (cầu được mùa); tết Đoan-Ngọ (là tết mồng 5 tháng 5 âm lịch) treo lá ngài ở cửa để trừ lệ (trừ khí độc); tháng quí-hạ (tháng 6) lễ Thổ-kỳ (bản thổ Thành-Hoàng) để cầu phúc; tháng quý-thu (tháng 9) lễ báo-cốc (báo lúa đã chín); tháng mạnh-đông (tháng 10) lễ thường-tân (lễ cơm mới); phong tục cũng hơi giống như tỉnh Thanh-Hóa Còn về miền thượng-du, phủ Quỳ-Châu, phủ Tương-Dương, thì phong-tục còn quê mùa, dùng dao xói đất, dùng lửa đốt rãy để trồng tỉa, dùng sản vật đổi chác cho nhau, chứ chưa quen mua bán."
q14_15_page_33-0001,"Tháng 3 cũng lễ cầu-phúc, tháng 10 cũng lễ thường-tân, mà nhà nào cũng thờ yêu quỷ."
q14_15_page_33-0002,Nhất là phủ Trấn-Ninh lại càng quá nữa.
q14_15_page_33-0003,"Dân cư hay ở nhà sàn; áo, chỉ dùng mảnh vải để che thân."
q14_15_page_33-0004,Lễ Phật thì cúng phụ cả gia-tiên; tế thần thì khẩn cả vị man-trưởng.
q14_15_page_33-0005,"Đấy là những phong-tục ở nơi khu vực cơ-my, lễ-giáo chưa phổ-biến đến vậy."
q14_15_page_34-0001,THÀNH TRÌ
q14_15_page_34-0002,TỈNH-THÀNH
q14_15_page_34-0003,"Thành xây như hình con rùa, chung quanh rộng 630 trượng, cao 1 trượng."
q14_15_page_34-0004,"Trên thành có nữ-tường (tường nhỏ có lỗ nhỏm xây ở trên thành), cao 2 thước 5 tấc; hào sâu 8 thước; có 3 cửa, ngoài cửa đều có xây nguyệt-lũy (\mu đất hình tròn ở trước cửa)."
q14_15_page_34-0005,"Thành này ở vào địa phận 2 xã Yên-Trường và Vĩnh-Yên, thuộc huyện Nghi-Lộc."
q14_15_page_34-0006,"Trước đây về đời nhà Lê, dinh quan Thừa-hiến ở huyện Hưng-Nguyên gọi là Lam-thành."
q14_15_page_34-0007,Sau lại dời đến làng Yên-Dũng huyện Nghi-Lộc.
q14_15_page_34-0008,"Đến triều Nguyễn niên-hiệu Gia-Long thứ 3, dời đắp thành đất tại chỗ hiện nay."
q14_15_page_34-0009,"Đến năm Minh-Mạng thứ 12, xây lại bằng đá ong."
q14_15_page_34-0010,PHỦ-LỴ HƯNG-NGUYÊN
q14_15_page_34-0011,"Ở thôn Chính-Đích, thuộc tổng Đô-Yên."
q14_15_page_34-0012,"Hồi đầu triều Gia-Long là phủ-trị Anh-Sơn, đến năm thứ 12 lại đổi làm huyện-trị, không có thành trì."
q14_15_page_34-0013,"Năm Thành-Thái thứ 10, lại đổi làm phủ như ngày nay."
q14_15_page_34-0014,PHỦ THÀNH DIỄN-CHÂU
q14_15_page_34-0015,"Châu vi rộng 179 trượng 2 thước, cao 9 thước; hào rộng 1 trượng, sâu 6 thước; hai bên bờ đều xây đá ong, tới nay có chỗ thì còn, có chỗ thì lấy đá chờ về tòa sứ."
q14_15_page_34-0016,"Thành có 3 cửa, ở vào thôn Yên-Lãng thuộc xã Cao-Xá, quận Đông-Thành."
q14_15_page_34-0017,Triều Lê ngày trước đặt phủ-trị ở xã Đông-Lũy.
q14_15_page_34-0018,"Đời Tây-Sơn dời sang làng Tiên-Lý, gọi là bảo Tiên-Lý."
q14_15_page_34-0019,"Đến triều Nguyễn, năm Minh-Mạng thứ 3, đổi bảo Tiên-Lý làm phủ-thành Diễn-Châu."
q14_15_page_34-0020,Sang năm thứ 5 lại dời đắp thành đất ở đây và năm thứ 13 lại xây bằng đá đỏ.
q14_15_page_35-0001,PHỦ-TRỊ ANH-SƠN
q14_15_page_35-0002,"Ở thôn Nghiêm-Thắng, xã Đô-Lương huyện Lương-Sơn."
q14_15_page_35-0003,"Hồi triều Lê đặt ở xã Phúc-Phú, thuộc huyện Hưng-Nguyên."
q14_15_page_35-0004,Đến triều Nguyễn năm đầu Gia-Long dời sang thôn Chính-Đích thuộc huyện Hưng-Nguyên.
q14_15_page_35-0005,"Năm thứ 12 dời sang làng Hương-Lãm, huyện Nam-Đàn."
q14_15_page_35-0006,"Năm Minh-Mạng thứ 7, lại dời sang làng Thịnh-Lạc."
q14_15_page_35-0007,"Năm Tự-Đức thứ 4, lại dời đắp thành đất ở xã Phật-Kệ."
q14_15_page_35-0008,"Đến năm Đồng-Khánh thứ 2, lại dời về chỗ phủ hiện đóng ngày nay."
q14_15_page_35-0009,PHỦ-TRỊ QUỲ-CHÂU
q14_15_page_35-0010,Ở về Mộ-Sơn (núi Mộ) thôn Hiệp-Hòa huyện Nghĩa-Đàn.
q14_15_page_35-0011,"Trước đây ở xã Đồng-Lạc, huyện Thúy-Vân; đến năm Tự-Đức thứ 3 dời sang sách Nghĩa-Liệt."
q14_15_page_35-0012,"Sau lại dời sang xã Cự-Lâm và đến năm Thành-Thái thứ 8, mới đời sang chỗ ngày nay."
q14_15_page_35-0013,PHỦ-THÀNH TƯƠNG-DƯƠNG
q14_15_page_35-0014,"Chu vi 68 trượng, cao 4 thước 2 tấc ta; ở xã Chính-Yên huyện Tương-Dương."
q14_15_page_35-0015,"Trước ở xã Trầm. Hương; triều Nguyễn năm Minh-Mạng thứ 11, dời đắp thành đất ở nơi hiện nay."
q14_15_page_35-0016,PHỦ-TRỊ TRẤN-NINH
q14_15_page_35-0017,"Chu vi 78 trượng, lũy trồng rào tre; ở xứ Phù-Ban huyện Khâm."
q14_15_page_35-0018,"Trước đóng ở xứ Cổ-Đạo thuộc huyện Quảng, năm Minh-Mạng thứ 13 dời sang xứ Làng-Trình."
q14_15_page_35-0019,Đến năm thứ 13 lại dời sang đất Lạc-Điền thuộc huyện Cát.
q14_15_page_35-0020,Sau lại dời lại chỗ phủ đóng ngày nay.
q14_15_page_36-0001,HUYÊN-TRỊ NGHỊ-LỘC
q14_15_page_36-0002,Ở địa phận hai làng Kim-Nguyên và Cầm-Trường.
q14_15_page_36-0003,"Nguyên trước ở hai xã Ngô-Dương và Ngô-Xá, đến triều Gia-Long mới dời đến chỗ ngày nay."
q14_15_page_36-0004,HUYỆN-TRỊ QUỲNH-LƯU
q14_15_page_36-0005,"Ở làng Bào-Hậu. Nguyên trước ở xã Quỳnh-Tự, sau mới dời về đây."
q14_15_page_36-0006,HUYỆN-TRỊ YÊN-THÀNH
q14_15_page_36-0007,"Ở thôn Phụng-Luật, làng Công-Trung."
q14_15_page_36-0008,"Nguyên trước đóng ở làng Yên-Lý, năm Tự-Đức thứ 4, bỏ đi."
q14_15_page_36-0009,"Đến năm Thành-Thái thứ 10, lại đặt ở nơi huyện đóng ngày nay."
q14_15_page_36-0010,HUYỆN-TRỊ THANH-CHƯƠNG
q14_15_page_36-0011,"Ở làng Võ-Liệt, Nguyên trước ở xã Thổ-Hào (là sách Thổ-Dungày nay), cuối nhà Lê dời sang làng Lương-Trường."
q14_15_page_36-0012,Đến triều Nguyễn vẫn đề nguyên vậy.
q14_15_page_36-0013,Năm Thành-Thái thứ 12 mới dời sang chỗ hiện nay.
q14_15_page_36-0014,HUYỆN-TRỊ NAM-ĐÀN
q14_15_page_36-0015,Ở thôn Nghi-Lệ thuộc xã Diên-Lâm.
q14_15_page_36-0016,Huyện này mới đặt từ năm Thành-Thái thứ 10.
q14_15_page_37-0001,Học hiệu
q14_15_page_37-0002,TRƯỜNG TỈNH
q14_15_page_37-0003,"Ở về phía đông-nam tỉnh-thành, thuộc xã Vinh-Yên."
q14_15_page_37-0004,"Nguyên trước ở về phía bắc Văn-miếu, năm Thiệu-Trị thứ 7, mới dời lại đây."
q14_15_page_37-0005,TRƯỜNG THI
q14_15_page_37-0006,Ở về Hạ-Thôn xã Yên-Dũng thuộc tỉnh-thành.
q14_15_page_37-0007,"Tường xây bằng đá ong, chu vi 193 trượng, cao 4 thước 5 tấc."
q14_15_page_37-0008,Những nhà cửa trong trường đều lợp ngói.
q14_15_page_37-0009,Kiến thiết từ năm Thiệu-Trị thứ 3.
q14_15_page_37-0010,TRƯỜNG PHỦ HƯNG-NGUYÊN
q14_15_page_37-0011,"Ở thôn Chính-Địch phía nam phủ, Năm Thành-Thái thứ 10 đổi làm phủ, mới làm nhà học."
q14_15_page_37-0012,TRƯỜNG PHỦ DIỄN-CHÂU
q14_15_page_37-0013,Ở phía tây-nam phố Xuân-Yên xã Cao-Xá.
q14_15_page_37-0014,"Năm Minh-Mạng thứ 5 đã dựng ở phía nam thành phủ, sau nhân binh hỏa, nên năm Tự-Đức thứ 27 dời lại đây."
q14_15_page_37-0015,TRƯỜNG PHỦ ANH-SƠN
q14_15_page_37-0016,Ở thôn Phương-Liên thuộc phía tây phủ.
q14_15_page_37-0017,"Nguyên trước ở 3, 5 dặm về phía tây phủ-trị tại huyện Nam-Đàn."
q14_15_page_37-0018,"Năm Tự-Đức thứ 4, dời sang phía tây huyện-trị Thanh-Chương; năm thứ 8 lại dời sang phía nam phủ-trị (mới) tại huyện Lương-Sơn."
q14_15_page_37-0019,"Đến năm Thành-Thái 15, lại dòi về đây."
q14_15_page_38-0001,TRƯỜNG HUYỆN QUỲNH-LƯU
q14_15_page_38-0002,"Ở làng Bào-Hậu, thuộc phía tây huyện-trị; dựng từ năm Minh-Mạng thứ 12."
q14_15_page_38-0003,TRƯỜNG HUYỆN YÊN-THÀNH
q14_15_page_38-0004,"Ở thôn Phụng-Luật, phía tây huyện-trị."
q14_15_page_38-0005,"Nguyên trước ở xã Yên-Lý, đến năm Thành-Thái thứ 10, mới dựng ở đây."
q14_15_page_38-0006,TRƯỜNG HUYỆN THANH-CHƯƠNG
q14_15_page_38-0007,"Ở xã Lương-Trường, phía tây huyện-trị."
q14_15_page_38-0008,Năm Tự-Đức thứ 4 bớt chức Huấn-đạo đặt làm trường phủ.
q14_15_page_38-0009,"Đến năm thứ 6, lại đặt Huấn-đạo và cho là trường huyện như cũ."
q14_15_page_38-0010,TRƯỜNG HUYỆN NAM-ĐÀN
q14_15_page_38-0011,Ở làng Diên-Lãm phía nam huyện-trị; làm từ năm Thành-Thái thứ 10.
q14_15_page_39-0001,"Hộ khẩu Khoảng năm Gia-Long, nguyên ngạch số định hơn 65.400 người."
q14_15_page_39-0002,Khoảng năm Tự-Đức có 80.170 người (số định đạo Hà-Tĩnh cũng ở trong số này).
q14_15_page_39-0003,"Đến năm Thành-Thái thứ 10, định số là 37.996 người (trừ hạng chức-sắc miễn-sai không ở trong số này."
q14_15_page_39-0004,"Dưới đây cũng thế). Tiền thuế cộng 50.471 quan 8 tiền, 30 đồng."
q14_15_page_39-0005,"Năm Thành-Thái thứ 11, mới định nộp sưu bằng bạc (chính nạp có 2 hạng: Miễn-dao và đinh-tráng) cộng 40.775 người, thành số bạc cộng 88.754$40."
q14_15_page_39-0006,"Năm Thành-Thái thứ 18 có 45.926 người (trong số ấy hạng miễn-dao 1689 người, hạng chính-nạp 44.237 người), bạc thuế 97.997$00."
q14_15_page_39-0007,"Lại có lệ nộp thay 2 ngày công-ích, số bạc là 17.694$80."
q14_15_page_39-0008,Hợp cộng là 115.691$80.
q14_15_page_39-0009,THUẾ RUỘNG
q14_15_page_39-0010,"Khoảng năm Tự-Đức, nguyên ngạch điền thổ 170.976 mẫu, thóc thuế là 90.876 hộc, tiền thuế 143.006 quan, bạc 1.112 lạng (thuế điền thổ đạo Hà-Tĩnh cũng gồm trong số này)."
q14_15_page_39-0011,"Năm Thành-Thái thứ 10 điền thổ là 100.238 mẫu 5 sào 9 thước 4 tấc linh (đây là chưa kể hạng tạp-thuế), tiền thuế là 33.830 quan 4 tiền 18 đồng; thóc thuế 1632073 thăng, 3 hạp, 6 thược, 4 sao, 9 loát."
q14_15_page_39-0012,"Đến năm Thành-Thái thứ 11 (1899) mới định nộp thuế bằng bạc; điền thổ cộng 146.360 mẫu linh, thành bạc thuế là 95979đ."
q14_15_page_39-0013,"42. Năm Thành-Thái thứ 18 điền thổ là 213.064 mẫu, bạc thuế là 228."
q14_15_page_39-0014,303đ40. Lại phụ nạp 6 phần trăm là 11.
q14_15_page_39-0015,415đ15; hợp cộng là 239.
q14_15_page_39-0016,718đ55.
q14_15_page_40-0001,NÚI SÔNG
q14_15_page_40-0002,Núi Hùng-Lĩnh Ở địa phận 2 xã Đông-Liệt và Tú-Lâm.
q14_15_page_40-0003,"Bắt đầu từ núi Đại-Vạc qua các núi Thanh-Tuyền, Kim-Bồn, Hồ-Cương."
q14_15_page_40-0004,"Chử-Lâm, liên lạc đi tới, rồi nổi lên một ngọn cao lớn vuông thẳng; sông Cang chảy vòng phía bắc, sông Lam quanh phía nam."
q14_15_page_40-0005,"Dưới núi là vệ Vạn-An, là thành lũy cũ của vua Mai-Hắc-Đế còn lại, nay vẫn có miếu thờ ở đó."
q14_15_page_40-0006,Sách «Ốc-Lậu-Thoại» có thơ rằng «Hoan-Châu kim cự trân «Hùng-Lĩnh cĐ danh san.
q14_15_page_40-0007,«Hồ phân xuyên tử sắc.
q14_15_page_40-0008,«Giang hợp hdt tràng quan.»
q14_15_page_40-0009,(Hoan-Châu là một trấn to Kìa non Hùng-Lĩnh từ xưa vẫn còn.
q14_15_page_40-0010,Hồ chia sông bốn bên dồn Sông thông suốt bể hai đồn chắn ngắn.)
q14_15_page_40-0011,Vậy thì núi này cũng là một ngọn núi trấn cho tỉnh Nghệ-An vậy.
q14_15_page_40-0012,Núi Đại-Huệ Ở làng Nộn-Liễu thuộc huyện Nam-Đàn.
q14_15_page_40-0013,"Phía bắc trông sang núi Đại-Vạc, phía đông liền với các núi Đại-Bàn, Đại-Tứ, Đại-Hải."
q14_15_page_40-0014,"Trên đỉnh núi có động Thăng-Thiên, trong động có chùa Đại-Tuệ bên tả chùa có suối đọng thành như giếng đá, sườn núi có chè mọc xanh tốt, trông rất vui mắt."
q14_15_page_40-0015,"Cúi nhìn Nộn-Hồ (Bầu Nôn) thì có núi Hùng-Lĩnh chót vót ở bên mặt, núi Lam-Thành ở bên trái; Rào-Gang, Bầu-Nôn vòng quanh cả phía tây đông."
q14_15_page_40-0016,"Thắng ngắm sông Lam thì phía nam sông có núi Thiên-Nhận phô về xanh tươi gần như ôm giữ, thực là một nơi danh thắng nhất của tỉnh Nghệ-An vậy."
q14_15_page_40-0017,"Cụ Bùi-Huy-Bích, người huyện Thanh-Trì, khi lên chơi chùa Đại-Tuệ có để thờ rằng «Tiều thạch tăng loan tôi thượng đầu, «Kiền khôn diều diều ý du du."
q14_15_page_40-0018,"«Thiên tranh liệt chương hôn nghi dực, «Địa chiết trường giang lược tự cầu."
q14_15_page_40-0019,"«Khứ lộ xuyên điều tăng hiếp hồ, «Quy tiên khiều thái mục tuần ngưu."
q14_15_page_40-0020,"«Tôi liên thạch tình tuyền nguyên hoạt, «Thâm cận dung bình bất tận thu»."
q14_15_page_40-0021,"(Đá kia lớm chớm đầu non, Mịt mà trời đất đã bồn chồn lo."
q14_15_page_40-0022,"Núi giăng trông giống cánh cò, Sông kia uồn khúc tựa hồ tười câu."
q14_15_page_40-0023,"Sư quen hồ đất đường lau, Quẩy rau roi chỉ trẻ trâu càng vè."
q14_15_page_40-0024,"Rất yêu suối chảy trong khe, Sâu vừa bình nước chắng hè múc voi)."
q14_15_page_41-0001,MỘ-SƠN
q14_15_page_41-0002,"Ở địa phận xã Đô-Lương thuộc huyện Lương-Sơn, có 13 ngọn núi xúm quanh."
q14_15_page_41-0003,"Bốn bên trông thế núi đứng sừng sừng, có khe Quái lượn phía sau, sông Lam chảy ngang phía trước."
q14_15_page_41-0004,"ĐƯỜNG THỦY thì thông với sông Hiếu, sông Tương; đường bộ thì thông với phủ Anh, phủ Diễn; cũng là một nơi hiềm yếu quan trọng vậy."
q14_15_page_42-0001,ĐÀ-SƠN
q14_15_page_42-0002,"Ở làng Phật-Kệ, thuộc huyện Lương-Sơn."
q14_15_page_42-0003,"Từ phía đông núi Mộ-Sơn đổ xuống, đám đất bằng đột lên một quả núi đồ sộ."
q14_15_page_42-0004,"Phía nam gối sông Lam, dưới núi có chợ Đà, trên bến dưới thuyền tấp nập, cũng có tiếng là một nơi danh-thắng."
q14_15_page_42-0005,Ông Bùi-Huy-Bích đề thơ có câu «U tổng trắc quá thành thông kinh «Mật vụ tình lai xuất đại giang.»
q14_15_page_42-0006,(Tắt đường bụi rậm ghé qua Đại giang lần tới sương sa tan dần).
q14_15_page_42-0007,HÒ-SƠN
q14_15_page_42-0008,"Ở về địa phận làng Thanh-Thủy huyện Nam-Đàn Từ núi Thanh-Tuyền, núi Đại-Hoạch (vạc) đổ lại; phía tây liền với các núi Kim-Bồn, Chử Lâm, Nam-Phong; phía nam liền với các núi Hùng-Lĩnh, Vân-Đồn; phía bắc liền với núi Thanh-Tuyền."
q14_15_page_42-0009,"Sau núi có dòng Gang chảy quanh vào sông Lam, ngoài núi có khe Thanh-Thủy dồn lại làm thành Nộn-Hồ (Bầu Nôn), thật là một nơi hiềm yếu thiên-nhiên."
q14_15_page_42-0010,"Vào khoảng niên-hiệu Gia-Thái (1573-1575) đời Lê-Thế-Tôn, Tân-quốc-công Nguyễn-Cảnh-Mô cùng tướng nhà Mạc là Nguyễn-Quyện đóng qnân chống nhau ở đây, thành lũy cũ văn còn."
q14_15_page_42-0011,Ông Bùi-Huy-Bích người huyện Thanh-Trì có câu thơ «Hất kim di chỉ Hồ-Cương bạn «Tưởng tượng phong yên hộ chiến trần».
q14_15_page_42-0012,(Qua trông nền cũ bên đèo Tưởng như gió lửa còn theo chiến tràn).
q14_15_page_42-0013,NÚI TẢN
q14_15_page_42-0014,"Ở địa phận xã Nộn-Liễu, thuộc huyện Nam-Đàn."
q14_15_page_42-0015,"Từ phía đông núi Hùng-Lĩnh đổ xuống đồng bằng, quay sang phía bắc mọc lên thế núi nhọn đẹp như hình cái tàn."
q14_15_page_42-0016,"Phía tây núi có một vùng Nộn-Hồ tròn như hình mặt trăng, quang cảnh rất ưa."
q14_15_page_43-0001,NÚI CHUNG
q14_15_page_43-0002,Ở về xã Chung-Cự huyện Nam-Đàn.
q14_15_page_43-0003,"Từ phía đông núi Hùng-Lĩnh đã xuống đồng bằng, queo sang phía bắc, đột lên 7 ngọn núi; dân-cư ở cũng thưa thót."
q14_15_page_43-0004,NÚI NGỌC
q14_15_page_43-0005,"Ở xã Xuân-Lâm, huyện Nam-Đàn."
q14_15_page_43-0006,"Dưới núi có đầm, nước rất trong sạch."
q14_15_page_43-0007,"Tục truyền trên núi có khí ngọc, ban đêm, trông thường có bóng sáng, nên mới gọi núi này là núi Ngọc."
q14_15_page_43-0008,NÚI KIM-NHAN
q14_15_page_43-0009,"Ở thôn Kệ-Trường, huyện Lương-Sơn, Phía tây từ huyện Tương-Dương lại, núi non chồng chập, đến đây đột lên một ngọn cao nhọn chọc trời, trông như hình búp măng."
q14_15_page_43-0010,"Bốn phía các núi bao bọc, trông như hình hoa sen."
q14_15_page_43-0011,Trên chỗ cao chót có một cái hốc đến gần coi như miệng cá; dưới miệng có một lỗ hồng rất sâu không có vết chân người đi tới.
q14_15_page_43-0012,"Tục truyền từ xưa thường có một tia sáng đỏ, lúc thì dài như tấm lụa, lúc thì to như cái mui xe, do miệng hốc đi vào trong hố, sáng loé rực trời, có tiếng như sấm."
q14_15_page_43-0013,"Người bản xứ cho là những tỉnh anh vua chúa, hoặc các đại-tướng từ xưa chết đi đều thâu tụ ở đây, nên gọi là núi Thu-Tinh."
q14_15_page_43-0014,"Nhân có câu rằng «Thu tận tỉnh anh khi, «An-Nam tiều Thái-Sơn.»"
q14_15_page_43-0015,"(tỉnh anh thu hết đ núi này, là núi Thái-sơn nho nhỏ đ nước Việt-Nam)."
q14_15_page_43_44-0001,"Sách Ốc-Lâu-Thoại có bài thơ biện bạch việc đó như sau «Thạch cốt tràng tầng kính, Kim-Nhan nhất thốc thanh."
q14_15_page_44-0001,Cô tiêu hùng địa trấn Thần bút điềm thiên kinh.
q14_15_page_44-0002,Thiên-Nhận thao toàn thế Tam-Giang lăm thắng hình.
q14_15_page_44-0003,Thu-tỉnh truyền vọng dân Chung cĐ hoặc nan tinh».
q14_15_page_44-0004,(Non cao đá gợn mấy trùng Núi Kim-Nhan đó một vùng thanh thanh.
q14_15_page_44-0005,Riêng nêu hùng mạnh một thành Bút thần tổ diễm thiên-kinh rõ ràng.
q14_15_page_44-0006,Núi Thiên-Nhận giữ toàn địa thế Sông Tam-Giang năm trọn thắng hình.
q14_15_page_44-0007,Mơ hồ truyện cũ thu-tinh Nghìn xưa hoang đàn ai rành tỉnh cho).
q14_15_page_44-0008,Núi Thiên-Nhận Ở về địa-phận hai tổng Bích-Triều và Nam-Kim.
q14_15_page_44-0009,"Từ phía đông núi Kim-Nhan đổ xuống, mấy tầng chồng chập, ở giữa đột mọc 3 ngọn gọi là Tam-Thai."
q14_15_page_44-0010,"Kế đó liên tiếp tới 999 ngọn, cao, thấp xen nhau như muôn ngựa ruồi chạy, khí tượng trông rất hùng vĩ, gọi chung là Thíên-Nhận-Sơn (núi nghìn ngọn)."
q14_15_page_44-0011,Sách An-Nam-Chí nói: Cửu-Nhận-Sơn (núi chín ngọn) tức là chỗ này.
q14_15_page_44-0012,"Ở bên núi có ngọn Động-Chúa, lại có thành Lục-Niên (chép rõ ở mục Cổ tích dưới đây)."
q14_15_page_44-0013,"Sách Ôc-Lâu-Thoại có thơ vinh rằng «Địa tiếp Tam-Giang hiềm, «Sơn như vạn mã trì."
q14_15_page_44-0014,"«Chương, Hương phân lưỡng lộ, «Lam-Phố hội tam-kỳ."
q14_15_page_44-0015,"«Hoan Đức khoa hùng-trấn, «Trà Cao không viễn thủy."
q14_15_page_44-0016,«Bình Ngô đương nhật sự «Phá địch đi khai ky».
q14_15_page_44-0017,(Đất liền ba ngọn sông trường.
q14_15_page_44-0018,(Muôn trùng chồng chập núi dường ngựa bay.
q14_15_page_44-0019,"(Chương, Hương dường ấy chia tay."
q14_15_page_44-0020,(Kia miền Lam-Phố hợp ngay tam-kỳ.
q14_15_page_44-0021,"(Phủ Hoan phủ Đức hùng ghê, (Trà Cao hai huyện khống trì ngoài biển."
q14_15_page_44-0022,"(Bình Ngô lừng lấy đòi phen, (Dẹp tan quân giặc lập nên cơ đồ)."
q14_15_page_45-0001,NÚI HOÀNG-BẢNG
q14_15_page_45-0002,Ở làng Võ-Liệt huyện Thanh-Chương.
q14_15_page_45-0003,"Hình núi vuông vắn bằng phẳng như cái bảng, nên gọi là núi Hoàng-Bảng (Núi Bảng-Vàng)."
q14_15_page_45-0004,"Niên-hiệu Cảnh-Hưng thứ 30 triều Lê (1769) Đình quận-công Nguyễn, Đình-Đống, đóng quân đánh Lê-Duy-Mật ở chỗ này; thành lũy đến nay hãy còn."
q14_15_page_45-0005,"Ở bên núi này có núi Long-Ân; sông Dương và sông Võ cùng phát nguyên từ núi này Núi Thần-TÝ Ở về tĐng Võ-Liệt, phía tây huyện Thanh-Chương."
q14_15_page_45-0006,"Núi này từ huyện Tương-Dương đổ lại, từng đãy liên lạc, cao ngất chọc trời."
q14_15_page_45-0007,Sông Lai sông Lỗ phát nguyên từ đây.
q14_15_page_45-0008,Núi này cùng núi Thiên-Nhận đều là những núi có tiếng trong huyện hạt này.
q14_15_page_46-0001,PHAN-SO'N
q14_15_page_46-0002,Ở làng Thổ-Hào huyện Thanh-Chương.
q14_15_page_46-0003,"Từ núi Thiên-Nhận đồ xuông phía bắc, đột nhiên mọc đầy núi quanh co, như lá phườn phất phòi trước gió; nên gọi là Phan-Sơn (núi Phườn)."
q14_15_page_46-0004,NÚI GIÁN
q14_15_page_46-0005,"Ở xã Hoàng-Xá, huyện Thanh-Chương."
q14_15_page_46-0006,"Mạch núi từ Đại-Chi đổ ra, phía bắc trông ra sông Lam, thôn xóm xen ở quanh đó."
q14_15_page_46-0007,Ngoài sông có bến đồ đi lại trông như mắc cửi.
q14_15_page_46-0008,"Lên chơi núi có cảm tưởng như xa cách với cõi trần, nên mới gọi là Gián-sơn."
q14_15_page_46-0009,NÚI NGỘC-TƯỢNG.
q14_15_page_46-0010,"Ở xã Lương-Trường, huyện Thanh-Chương."
q14_15_page_46-0011,"Mạch núi từ núi Động-Chủ đổ lại, đột lên như hình con voi, rũ mũi xuống sông."
q14_15_page_46-0012,"Bên cạnh có một gò đất nhỏ, cỏ cây um tùm, tục gọi là thảo-quỹ (sọt cỏ)."
q14_15_page_46-0013,"Có khe Minh-chảy quanh, nước thủy-triều sông Lam lên đến đấy thì rút xuống ngay."
q14_15_page_46-0014,Tập Ốc-Lậu-Thoại có thơ rằng «Đột ngột lâm trung xuất «Y hi bút đề miêu.
q14_15_page_46-0015,«Đính xung thanh hán khoát «Ty tâm bích ba diều.
q14_15_page_46-0016,«Văn đối minh tuyền hoạt «Xuân thiêm quĩ thảo nhiêu.
q14_15_page_46-0017,«Ân nhiên hùng đại lực.
q14_15_page_46-0018,«Vạn cĐ trấn giang triều».
q14_15_page_46-0019,(Trong rừng đột ngột đổ ra Cảnh kia khéo mượn bút hoa vẽ vòi.
q14_15_page_46-0020,Đỉnh non xông tới mây trời Mũi voi chấm nước sóng trôi chập chồn.
q14_15_page_46-0021,Mây đưa tiếng suối reo dồn.
q14_15_page_46-0022,Bên gồ sọt cỏ xanh ròn thêm xuân.
q14_15_page_46-0023,Ngầm mạng sức mạnh vô ngần Muôn đời sừng sững chặn ngăn ngọn trào).
q14_15_page_47-0001,NÚI ĐẠI-HẢI
q14_15_page_47-0002,"Ở về làng Hương-Cái huyện Hưng-Nguyên, Từ núi Đại-Huệ đổ ra, liên lạc xuống phía đông, đến đây chợt dừng lại."
q14_15_page_47-0003,"Hình núi cao lớn ngay thẳng, trông như bức bình-phong."
q14_15_page_47-0004,"Phía đông cách đảo Ngư-Hải 5, 6 mươi dặm."
q14_15_page_47-0005,"Có lẽ vào thượng cổ, bể dâu biến đổi, cho nên núi này mới có cái tên là Đại-Hải."
q14_15_page_47-0006,Bên nam núi này có hòn núi Thai là tồ-quán Tây-Sơn Nguyễn-Nhạc.
q14_15_page_47-0007,"Ốc-Lậu-Thoại có thơ rằng «Dĩ phi sơn cận hải, «Do thị hải danh sơn."
q14_15_page_47-0008,"«Tang lỗ hà thời sự, «Can qua kỷ tải gian."
q14_15_page_47-0009,"-«Vân yên triều mộ cải, «Thụ thạch cổ kim nhân, «Cảng thượng đàm trần tích."
q14_15_page_47-0010,«Bồi hồi vị giải nhan».
q14_15_page_47-0011,"(Non kia tới biển còn xa, (Mà đem tên núi đặt là Hài-san."
q14_15_page_47-0012,"(Từ xưa dâu bể đa đoan, (Can qua mấy độ thời gian đã nhòa."
q14_15_page_47-0013,"(Khói mấy hôm sớm đổi qua, (Xưa nay cây đá vẫn là thong dong."
q14_15_page_47-0014,"(Bên gềnh truyện cũ bàn rông, (Cảm thương quanh quần mặt trông càng buồn)."
q14_15_page_47-0015,NÚI HÙNG
q14_15_page_47-0016,Ở về địa phận hai xã Nghĩa-Liệt và Phú-Điền thuộc huyện Hưng-Nguyên.
q14_15_page_47-0017,"Đòi xưa gọi là núi Đồng-Trú, lại có tên là núi Tuyên-Nghĩa, lại một tên nữa là núi Lam-Thành."
q14_15_page_47-0018,"Giữa nơi đồng bằng nổi lên một dãy sừng sững cao to, phía trước trông xuống sông Lam."
q14_15_page_47-0019,Trong đó có một ngọn núi là thành của Trương-Phụ nhà Minh (chú rõ ở mục Cổ-Tích dưới).
q14_15_page_47-0020,"Trên đỉnh có chỗ cấm cờ, tục truyền là chỗ đồng-trú ngày xưa."
q14_15_page_47-0021,"Triều Nguyễn, năm Minh-Mạng thứ II (1830), người làng Phú-Điền vào đào đá ong ở ven núi, nhật được hai cái ống hỏa-hiệu (tức ống lệnh) đem nạp vào vũ-khố (kho chứa đồ đánh trận), đó là của tướng Tàu Trương-Phụ còn bỏ sót lại."
q14_15_page_47-0022,Sườn núi có đền Tuyên-Nghĩa.
q14_15_page_47-0023,"Nguyên trước tướng nhà Minh là Xái-Phúc đóng giữ thành này, bị vua Lê-Thái-Tổ từ huyện Đỗ-Gia (tức là huyện Hương-Sơn tỉnh Hà-Tĩnh ngày nay) đến đánh, Phúc bị chết trận."
q14_15_page_47-0024,"Vua Thái-Tổ khen là người có tiết nghĩa, phong cho làm Tuyên-Nghĩa Sơn-Thần."
q14_15_page_47-0025,"Bên đền có ao, tục truyền là nơi người Tàu đề của, nên khi trâu xuống tâm đầm trong bùn lầy lội, thường thường có dấu vết tiền dính trên lưng trâu."
q14_15_page_47-0026,Chân núi có chùa An-Quốc (chùa rõ trong mục Tự-Quán ở dưới).
q14_15_page_47-0027,Ông Bùi-Huy-Bích người Thanh-Trì khi lên chơi núi này có đề thơ như sau «Tịch lịch bình lâm dược kính trưởng.
q14_15_page_47-0028,«Thu phong văn thủy trích vi lương.
q14_15_page_48-0001,«Thạch phân thụ ảnh tần di tọa «Hoa đn nham phùng mỗi khứu hương.
q14_15_page_48-0002,"«Xái-Phúc anh thành công thủ khốn «Lý binh độ hải, khứ lai mang."
q14_15_page_48-0003,«Kim nhân dần sách đăng lâm hứng «Thủy niệm đương niên nhất nào trường».
q14_15_page_48-0004,(Vâng sâu dây thuốc ven rirng (Gió thu hiu hắt cảnh chừng về hôm.
q14_15_page_48-0005,(Bóng cây rẽ đá dòi luôn (Bên khe hoa nép thoảng dồn mùi hương.
q14_15_page_48-0006,(Giữ thành Xái-Phúc hồn vương (Hoang mang quân Lý qua đường bể khơi.
q14_15_page_48-0007,(Người sau thừa hứng lên chơi (Nào ai nhó lại dưong thời chiến tranh?)
q14_15_page_48_49-0001,Tập Ôc-Lđu-Thoại có bài thơ «Việt cđ qui miền mịch.
q14_15_page_49-0001,"«Tần thời hiệu Lục-Lương «Phục-Ba đồng trụ diệt, «Anh-quốc Thạch-Thành hoang (I)."
q14_15_page_49-0002,"«Lam-thủy nam hoàn bắc, «Ngư dương lõ chuyền tang."
q14_15_page_49-0003,"«Duy dư du khách hứng, «Đại khối đại văn-chương»."
q14_15_page_49-0004,"(Việt-Nam truyền đời từ xưa, (Thuộc Tân mỏi gçi tên là Lục-Lương."
q14_15_page_49-0005,"(Cột đồng Mã-Viện mất bương, (Thạch-Thành Anh-Quốc hoang toàng còn chỉ."
q14_15_page_49-0006,"(Sông Lam nam bắc quanh về, (Ngư-Dương dâu bể mãy kỳ đối thay?"
q14_15_page_49-0007,"(Riêng còn dù khách qua đây, (Văn chương đại-khối đến nay còn truyền)."
q14_15_page_49-0008,NÚI ĐẠI-HOẠCH (Vạc)
q14_15_page_49-0009,Ở xã Cảo. Trình huyện Hưng-Nguyên.
q14_15_page_49-0010,"Thế núi lòm chòm sừng sừng như bức vách, là một ngọn núi cao nhất ở huyện này."
q14_15_page_49-0011,"Phía tây thì có sông Gang, phía nam có sông Cấm, cùng phát nguyên từ núi này."
q14_15_page_49-0012,Núi Long-Thủ Ở làng Hoàng-Lao huyện Hưng-Nguyên.
q14_15_page_49-0013,"Từ núi Đại-Hoạch đổ lại, đột lên cao ngất, hình như đầu rồng."
q14_15_page_49-0014,"Dưới chân núi có giếng, cách nơi nước mặn chỉ hơn thước, mà nước trong ngọt, nên tục cứ gọi là giếng Ngọc."
q14_15_page_49-0015,NÚI PHƯỢNG-HOÀNG
q14_15_page_49_50-0001,"Ở huyện Hưng-Nguyên. Hình núi cao chót vót, hai sông núi (z) Anh quốc-công Nguyên-Hữu-Tân nói ở mục Từ-Miều quyền 7, giáp nhau như hai cánh chim phượng."
q14_15_page_50-0001,"Đá núi liền tiếp, nhưng ở giữa có một quãng rất bằng phẳng như đường cái; tục truyền ông Cao-Biển đời Đường đào đứt long-mạch đề át khí nơi đó."
q14_15_page_50-0002,THIẾT-SƠN
q14_15_page_50-0003,"Ở xã Cảo-Trình, huyện Hưng-Nguyên."
q14_15_page_50-0004,"Dưới núi có mạch sắt, chân núi có mỏ sắt."
q14_15_page_50-0005,"Trên núi có chỏm, bậc đá gồ ghề lồi lõm không đều như hình lò rèn, tục gọi là Thiên-Lô (lò tròi)."
q14_15_page_50-0006,"Trên cao nhất có hai hòn đá đứng đối nhau, tục gọi là Thiết-phủ Thiết-phụ (chồng-sắt, vợ-sắt)."
q14_15_page_50-0007,Người bản xứ thường đào được sắt sống (quặng sắt) ở đấy rất có lợi.
q14_15_page_50-0008,NHUYỄN-SƠN
q14_15_page_50-0009,"Ở xã Mỹ-Du huyện Hưng-Nguyên, là một chi nhánh của núi Hùng-Sơn."
q14_15_page_50-0010,"Dưới núi có mấy cái gò rải rác, có khe Âm-Công, giòng nước chảy quanh phía nam vào sông Lam."
q14_15_page_50-0011,Phía đông trông ra núi Dũng-Quyết độ 10 dặm; cũng là một nơi hiềm yếu vậy.
q14_15_page_50-0012,NÚI HẠ-DƯƠNG
q14_15_page_50-0013,"Ở về xã Dương-Xá, huyện Hưng-Nguyên."
q14_15_page_50-0014,"Từ phía đông núi Hùng-Lĩnh đổ xuống, đột lên núi này."
q14_15_page_50-0015,"Phía nam có sông Lam, phía trước có gò đề tập bán."
q14_15_page_50-0016,NÚI DŨNG-QUYẾT
q14_15_page_50-0017,"Ở xã Dũng-Quyết, huyện Nghi-Lộc; từ phía núi Đại-Hải đổ lại, giữa quãng đất bằng đột lên ngọn núi, cúi trông xuống sông Lam."
q14_15_page_50-0018,"Phía nam núi có động đi ngang vào trong núi đến hơn trượng, ban ngày đốt đuốc vào chơi, thấy có hơi lạnh."
q14_15_page_50-0019,Tại cửa động có chùa Sơn-Quang.
q14_15_page_50-0020,Xét: khi triều Nguyễn mới bình định 7 huyện thuộc tỉnh Nghệ-An thì Trịnh-Ninh đóng quân ở dưới núi này để cầm cự với quan nhà Nguyễn và từng đánh nhau ở bến sông Quần-Mộc.
q14_15_page_50-0021,Vì thế tập Hoan-Châu Phong-Thồ-Ký có nói: «Núi Dũng-Quyết là một danh-sơn đề ba quân đóng giữ; bến Quần-Mộc là một đất cũ đề tranh chiến giáp sông».
q14_15_page_50-0022,"Ông Bùi-Huy-Bích ở Thanh-Trì có bài thơ «Dũng-Quyết sơn xuân vọng (cảnh xuân núi Dũng-Quyết) như sau «Nghi-Xuân địa nhập diễm dương sơ, «Nhất vọng thanh thương họa bất như."
q14_15_page_50-0023,"«Tế vũ quá thành sơn xuất lạc, «Chinh phầm phất thụ thủy thanh hư."
q14_15_page_50-0024,"«Vọng lâu thạch tích bình hoa đắng, «Tiền động cầm thanh cấu thảo lư."
q14_15_page_50-0025,«Tĩnh ngoạn vị càng thiền hải thủ.
q14_15_page_50-0026,«Long-xuyên diều diều hội Song-Ngư».
q14_15_page_51-0001,"(Nghi-Xuân vừa lúc chiều xuân, (Non xanh trông thoảng tinh-thần hon tranh."
q14_15_page_51-0002,"(Mưa phùn từ núi qua thành, (Cánh buồm cây lướt mặt duềnh nước trong."
q14_15_page_51-0003,"(Dưới lầu hoa đá thắng dong, (Tiếng đàn Tiên Động vang vùng lêu tranh."
q14_15_page_51-0004,(Lặng trông trời bể mông mênh.
q14_15_page_51-0005,(Song-Ngư man mác tới thành Long-Xuyên).
q14_15_page_51-0006,NÚI KỲ-LÂN
q14_15_page_51-0007,"Ở phía tây núi Dũng-Quyết, trông hình như con thú năm."
q14_15_page_51-0008,Cũng có tên nữa gọi là Miêu-Nhi-Phong (núi Con-Mèo).
q14_15_page_51-0009,Núi QUẦN-TÒNG Ở làng Thương-Xá huyện Nghi-Lộc.
q14_15_page_51-0010,"Giữa cánh đồng bàng (i) Song-Ngư là đảo Song-Ngư đột nhiên mọc lên, thế núi tròn trình xanh tốt đáng yêu."
q14_15_page_51-0011,"Phía tây có một giải sống núi trông như cái kiếm, nên gọi là Kiếm-Phong (ngọn kiếm); phía đông trông ra núi Động-Đình sừng sừng đứng thẳng như thế cây cờ giăng ra, nên cũng có tên gọi là Kỳ-Phong (núi cờ)."
q14_15_page_51-0012,"Về triều Lê, Cương-quốc-công Nguyễn-Xý lúc còn hàn-vi thường nấu muối ở dưới núi này."
q14_15_page_52-0001,NÚI LẬP-THẠCH
q14_15_page_52-0002,"Ở làng Đặng-Diễn huyện Nghi-Lộc, Giữa đám bãi cát mọc lên, cao đẹp lạ lùng."
q14_15_page_52-0003,Dưới chân núi có động; động lõm vào chân núi mà hẹp; trong có vách đá khác hai chữ «Trần Triều» (Triều nhà Trần) không biết có từ đời nào?
q14_15_page_52-0004,"Phía nam lần xuống chia ra những chân đá, chỗ cao, chỗ thấp lần lộn, liên lạc thành hàng."
q14_15_page_52-0005,"Trong đó có một hòn đá đứng thẳng, trông như hình người, người ta thường gọi là đá «người tiền»."
q14_15_page_52-0006,"Phía tây có hồ gọi là hồ Hải-Thủy, hiện nay còn có những xác sở, xác ốc dính vào với đá vụn."
q14_15_page_52-0007,"Thời xưa nước thủy-triều ở bể dâng lên, lâu ngày tang thương biến đổi, nên mới còn lại những dấu vết đó."
q14_15_page_52-0008,"Hồi cuối đời Lê, có người làng ấy là ông Hoàng-giáp Phạm-Nguyễn-An làm nhà ở trên hồ."
q14_15_page_52-0009,"Có dựng ra mấy thứ: Đình đá cao; dài gầy đàn; chỗ ngồi câu; cửa sồ ngồi thường trà; vách đề thơ; chỗ ngồi chơi; chỗ uống rượu; chỗ đánh cờ; chỗ đề nghiên mực; chỗ đặt giá sách, đều dùng những nơi có sẵn các phiến đá đề bài trí."
q14_15_page_52-0010,"Ông có đề bài thơ như sau «Song Sơn thiên dữ ngã gia ty, «Tiên tọa nguy nhiên hám điều-ky."
q14_15_page_52-0011,"«Song khá trà kiêm sàng khá tửu, «Dài kham cầm hựu cục kham kỳ."
q14_15_page_52-0012,"«Đắc đình dung nguyệt, trì ma mặc, «Hữu giá tàng thư, bích đãi thi."
q14_15_page_52-0013,"«Tha nhật liễu thanh hồ thì trái, «Nhất lư thường há quái ngầm chi»."
q14_15_page_53-0001,"(Trời dành đối núi cho ta (Chố câu, tiền tọa trông ra cũng gần."
q14_15_page_53-0002,"(Khi chè, khi rửa làm thân (Cuộc cờ tiêu khiến, cung cầm mua vui."
q14_15_page_53-0003,"(Giá thư, ao mực hôm mai (Vách kia dợi khách đã bài thơ chơi."
q14_15_page_53-0004,(Tang bĐng khi sqch nq rĐi.
q14_15_page_53-0005,(Cõi lừa dùng đỉnh chén mồi ngâm nga).
q14_15_page_53-0006,Tập Ốc-Lậu Thoại có vịnh bài thơ «Tiền nhân-thạch» rằng «Hà niên trích giáng thứ trăn hoàn?
q14_15_page_53-0007,«Bất tại Bồng-lai Lãng-uyền gian.
q14_15_page_53-0008,«Tang lõ mqc säu thiên địa cải «Hồ sơn biệt chiếm cổ kim nhân.
q14_15_page_53-0009,«Nhi tôn tiền hậu trưởng tường tính «Nhân chế đồng tây tổng bất quan.
q14_15_page_53-0010,«Kinh ký hối minh phong vũ thậm.
q14_15_page_53-0011,«Tri ông tâm sự độc kiến ngoan».
q14_15_page_53-0012,(Năm nào đây xuống cõi tràn?
q14_15_page_53-0013,(Sao không ở chốn Tiên-bông thành-thoi?
q14_15_page_53-0014,(Bể dâu bao quản đổi đời (Hồ sơn riêng chiếm một nơi thanh nhân (Trước sau con cháu miền man.
q14_15_page_53-0015,(Mặc đổi xuối ngược chẳng can hệ gl.
q14_15_page_53-0016,(Trdi bao gió bắc mưa chì (Biết ông tâm sự gan-lý tưởng-quân).
q14_15_page_53-0017,"Xét sách An-Nam-Chí có chép: núi Lập-Thạch ở huyện Châu-Phúc, người trước có dựng một hòn đá lớn để ghi ranh giới châu Ái và châu Diễn."
q14_15_page_53-0018,Sách Minh-Chí thì nói núi Lập-Thạch là một ngọn núi có tiếng trong số 21 danh-sơn của nước Việt-Nam.
q14_15_page_53-0019,"Về triều nhà Minh niên-hiệu Hồng-Vũ năm thứ 3 (1370) (1) vua Thái-Tổ nhà Minh có sai sứ (1) Hồng-Vũ là niên-hiệu vua Minh Thái-Tổ, năm thứ 3 là đời Trần Nghệ-Tôn năm đầu niên hiệu Thiệu-Khánh (1370) đến tế ở núi Lập-Thạch, và vẽ cả hình múi mang về."
q14_15_page_53-0020,NÚI LÔ Ở xã Vạn-Lộc huyện Nghi-Lộc.
q14_15_page_53-0021,"Dưới chân núi có máy hòn đá rất lớn như hình người ngồi, gọi là Ông Đồng-Thạch, một hòn gọi là Thiết-Hán-Thân."
q14_15_page_53-0022,"Lại có này ra nhiều thứ đá lạ, người ta lấy về để làm núi non-bộ."
q14_15_page_53-0023,Trên núi có chùa Phồ-Am.
q14_15_page_54-0001,NÚI KÊ-QUAN (Núi Mào Gà)
q14_15_page_54-0002,Ở làng Quỳ-Lăng huyện Yên-Thành.
q14_15_page_54-0003,"Hồi xưa-gọi là núi Phi-Liêm, phía tây là núi Động-Đinh, phía nam là núi Mã-Yên."
q14_15_page_54-0004,"Núi này ở vào quãng giữa, cao lớn um-tùm, là một tổ sơn của dãy núi đó."
q14_15_page_54-0005,"Trên đỉnh núi có ao Thiên-Trì rộng đến vài trượng, ở bên cạnh có động Tiên-Sư."
q14_15_page_54-0006,"Tục truyền có ông Phạm-Viên là người ở huyện ấy gặp Tiên-sư ở đấy, nên mới đặt là động Tiên Sư."
q14_15_page_54-0007,Về phía đông thì có sông Giát.
q14_15_page_54-0008,"Tập Ốc-Lâu-Thoại có thơ vịnh rằng «Long quận tây đầu thượng, «Kê-Quan đệ nhất phong."
q14_15_page_54-0009,"«Mạch phân Anh Diễn viễn, «Thế át Trăn Quỳ xung, «Tiên-động lam yên tòa, «Thiên-trì hãng giới chung."
q14_15_page_54-0010,«Thử châu đa kiệt khí.
q14_15_page_54-0011,«Côi lỗi vọng sơn dung».
q14_15_page_54-0012,"(Đầu tây Long-Quận trông lên, (Kê-Quan cao vốt nhất miền xung quanh."
q14_15_page_54-0013,"(Mạch chia châu Diễn châu Anh, (Phủ Quỳ, phủ Trấn thế thành yếu xung."
q14_15_page_54-0014,"(Khói che Tiên-Động mấy trùng, (Thiên-trì mấy móc cùng chung một màu."
q14_15_page_54-0015,"(Noi đây vượng khí từ lâu, (Ngất trời chót vốt đứng đầu tồ-sơn)."
q14_15_page_55-0001,Núi Động-Đỉnh Ở sách Quy-Lai huyện Yên-Thành.
q14_15_page_55-0002,Dưới núi trông suốt bằng phẳng rộng rãi.
q14_15_page_55-0003,"Phía tây có thành, trong thành có chứa đá như viên đạn."
q14_15_page_55-0004,Sử-ký có chép: Khi vua Lê-Thái-Tổ văn thành Nghệ-An có sai ông Đình-Lê đi tuần châu Diễn tức là chỗ này.
q14_15_page_55-0005,Phía đông núi có sông Bùng phát ra.
q14_15_page_55-0006,NÚI CÔN-SƠN.
q14_15_page_55-0007,"Ở về làng Quan-Triều huyện Yên-Thành, có tên nữa gọi là Thứu-Lãnh."
q14_15_page_55-0008,Thế núi cao lớn xanh tốt.
q14_15_page_55-0009,Trên núi có một cái vũng rất sâu gọi là Thiên-trì (Aọ trời).
q14_15_page_55-0010,"Hai bên tả hữu đều có lỗ tròn, tục gọi là Thiên-Nhãn (mắt trời)."
q14_15_page_55-0011,"Trên đỉnh núi có những đá lạ mọc liền nhau, tục gọi là Long-cảnh (cổ rồng)."
q14_15_page_55-0012,"Lại có một sống đá bò dài đến một dặm, chỗ nào có đá mọc, thì lại có cây che ở trên, tục gọi là Long-Thân (mình rồng)."
q14_15_page_55-0013,Vì thế nên có người gọi là Long-Sơn (núi Rồng).
q14_15_page_55-0014,NÚI VŨ-KỲ.
q14_15_page_55-0015,"Ở làng Yên-Tập huyện Yên-Thành, Giữa đám đất bằng đột lên vách đá, bày ngang như lá cò, trên có năm đầu nhọn như ngọn cây cờ vậy."
q14_15_page_55-0016,"Phía đông có cái động, trong động có cái bình đá, trên bình có cái lư hương đá, phía trên có lỗ thông lên trời."
q14_15_page_55-0017,"Thật là một cảnh tự nhiên xếp đặt, nên tục gọi là chùa Thiên-Tạo."
q14_15_page_55-0018,"Nơi đây cảnh trí thanh u, đẹp đẻ vô cùng."
q14_15_page_55-0019,NÚI MÃ-YÊN (Yên Ngựa)
q14_15_page_55-0020,"Ở xã Hương-Khê, huyện Yên-Thành."
q14_15_page_55-0021,"Một ngọn rất cao trong đám núi, trông như hình yên ngựa."
q14_15_page_55-0022,"Sườn núi có một hố sâu, rộng đến vài trượng, gọi là huyệt Vương-Mẫu."
q14_15_page_55-0023,"Tục truyền con vua Lê-Đại-Hành, giữ phủ Diễn-Châu (châu-lý đóng ở làng Công-Trung), có táng mộ bà mẹ ở đấy."
q14_15_page_55-0024,"Khi nhà Lý cướp ngôi nhà Lê, Lê Hoàng-Tử bèn giữ châu tự xưng làm đế."
q14_15_page_55-0025,"Nhà Lý đánh không nồi, phải ngầm mượn người đào mả ấy lên rồi sau mới dẹp tan được."
q14_15_page_55-0026,"Bởi thế ở làng Công-Trung còn có các tên hiệu như là Tiền-Nha, Hậu-Nha và Triều-Đường vẫn vẫn."
q14_15_page_55-0027,"Việc này ở Sứ-Ký ta không chép, nhưng xét bản sách Văn-Hiến-Thông-Khảo của Mã-Đoan-Lâm nhà Minh có nói đến việc ông Long-Toàn là con vua Lê-Đại-Hành cướp của kho trốn đi, có lẽ là việc này chẳng?"
q14_15_page_55-0028,"Lại xét Sứ-Ký có chép: Thân-Vương triều Trần là Quốc-Khang thường làm quan ở Diễn-Châu, có lấy một người vợ quê ở phủ Diễn-Châu, sinh được hai trai là Huệ-Nghĩa và Quốc-Trinh."
q14_15_page_55-0029,Đến sau chức Tri-châu ở đây đều do cháu ông Quốc-Khang nhận làm.
q14_15_page_55-0030,"Vậy chỗ này hoặc là phủ Thân-Vương của nhà Trần, mà cái mộ này là mộ bà mẹ Thân-Vương đời Trần cũng nên?"
q14_15_page_55-0031,Vậy xin biên vào đây để sau kê cứu.
q14_15_page_56-0001,Núi nhuệ Ở làng Đăng-Cao huyện Đông-Thành.
q14_15_page_56-0002,"Núi này từ đây Chùa-Viên, làng Tam-Lê, huyện Quỳnh-Lưu đổ lại; cao lớn, nhọn đẹp là một mạch núi phát ở tả-chi hạt huyện này."
q14_15_page_56-0003,Cũng có người gọi là Long-Sơn (núi Rồng).
q14_15_page_56-0004,NÚI CAO
q14_15_page_56-0005,"Ở làng Quan-Trung, huyện Yên-Thành."
q14_15_page_56-0006,"Cao lớn chót vót trông như hình cái xe, nên cũng có người gọi là Đại-Liên-Sơn."
q14_15_page_56-0007,"Trên núi mây khối mù mịt, cây cối xanh tốt, có ngôi miếu cũ thờ thần Gao-Các."
q14_15_page_56-0008,NÚI TƯỢNG (Núi Voi)
q14_15_page_56-0009,Ở làng Tiên-Thành huyện Đông-Thành.
q14_15_page_56-0010,"Núi này từ dãy Quy-Lai đã xuống hình núi cao lớn, đứng sứng như con voi phục."
q14_15_page_56-0011,"Phía trước có hồn đá lớn, trước hồn đá lại có quả núi nhỏ."
q14_15_page_56-0012,"Hoa cỏ tốt tươi rậm rạp, tục gọi là Tượng-thảo (cỏ của voi)."
q14_15_page_56-0013,NÚI LƯỠNG-KIÊN
q14_15_page_56-0014,"Ở làng Quỳ-Xá, huyện Đông-Thành, Từ núi Cao-Sơn đổ xuống, ở giữa đồng bằng đột lên, gồghề sừng sững, giữa cao mà hai bên thấp, trông giống như hai vai, nên gọi là Lưỡng-Kiên-Sơn (núi Hai-Vai)."
q14_15_page_56-0015,"Trong núi có động, trong động có bức đá đứng thẳng; ở vách động có những nhũ đá rủ xuống, đủ cả năm sắc."
q14_15_page_56-0016,Phía nam có hồn 3 đá đứng như hình người.
q14_15_page_56-0017,"Núi này không cao lắm, mà những người đi bể, cứ trông núi này để làm đích."
q14_15_page_56-0018,"Vua Lê-Thánh-Tôn, khi đi tuần phương Nam, từ ngoài biển trông vào núi này như mái tóc của người Tiên, nên đặt tên là Cáo-Sơn (núi Búi tóc)."
q14_15_page_56-0019,Chúa Trịnh Tĩnh-Vương gọi núi này là Di-Lặc-Sơn.
q14_15_page_56-0020,"Đến năm Gia-Thái thứ 3 (1575) đời Lê-Thế-Tôn, tướng nhà Mạc là Nguyễn-Quyên vào cướp tỉnh Nghệ-An, Lai-quốc-công là Phan-Tích từ Thanh-Hóa đem quân vào cứu, bị hãm ở đây."
q14_15_page_56-0021,Tập Ốc-Lậu-Thoại có thơ rằng «Diệp chưởng quân sơn tuần «Blnh nguyên nhất thạch sinh.
q14_15_page_56-0022,«Kinh thiên cô cốt kinh.
q14_15_page_56-0023,«Trấn hải lưỡng kiêm sanh».
q14_15_page_57-0001,(Xanh xanh dãy nhi điệp trùng (Đồng bằng một khoảng nđi chồng đá cao.
q14_15_page_57-0002,(Chống trời cốt cách cứng sao (Hai vai trân giữ ba dào bể khơi).
q14_15_page_57-0003,"Núi văn Ở làng Quan-Trung, huyện Yên-Thành."
q14_15_page_57-0004,"Từ núi Cao-Sơn đổ xuống phía bắc, sứng cao chót vót, có ba núi nhọn túa lên như hình ngọn cờ, nên nhà phong-thủy cũng gọi là núi Kỳ-Sơn (núi cờ)."
q14_15_page_57-0005,"Giữa núi có một lỗ tròn từ phía tây-nam có thể thông sang phía đông-bắc, nên đời xưa thường gọi là Hung-Sơn (Núi Bung)."
q14_15_page_57-0006,"Phía đông núi có giếng nước rất trong ngọt, mùa hè nắng hạn cũng không cạn."
q14_15_page_57-0007,Ốc-Lậu-Thoại có chép «Thạch cốt chân kỳ tuyệt «Sơn hang bán động nhiên.
q14_15_page_57-0008,«Cốc thân trưởng bất tử.
q14_15_page_58-0001,«Tâm pháp tự năng viên.»
q14_15_page_58-0002,(Nơi đây xương đá lq lùng (Sađt trong bụng núi một lòng trống không.
q14_15_page_58-0003,(Thần hang thọ với non sông.
q14_15_page_58-0004,(Cho hay tâm pháp viên thông dường nào?).
q14_15_page_58-0005,"Núi Tiểu-Thạch Ở thôn Trung-Phường, huyện Đông-Thành."
q14_15_page_58-0006,"Từ phía bắc Cao-Sơn đổ xuống đồng bằng, những ngọn đá đột lên trông như con hồ phục."
q14_15_page_58-0007,"Trên núi có động, trong động có châu đá thiên-tạo."
q14_15_page_58-0008,"Những năm đại-hạn, người bản xứ hay đến đây đảo-vũ (cầu mưa) vẫn có linh nghiệm, nên gọi là Thần-cáo (hang-Thần)."
q14_15_page_58-0009,NÚI NGỢC-BÔI
q14_15_page_58-0010,"Ở trang Thổ-Ngõa, huyện Đông-Thành."
q14_15_page_58-0011,"Từ phía đông núi Nhuệ đổ xuống đồng bằng, đột lên một núi đá, chạy dài như hình rắn bỏ, trông ra bốn mặt đồng lúa xanh tốt."
q14_15_page_58-0012,"Phía đông trông ra Cầu-Giát, quan khách xe ngựa đi lại đông đúc."
q14_15_page_58-0013,"Du-khách lên cao trông xuống, tâm hồn khoan khoái vô cùng."
q14_15_page_58-0014,Núi mộ-DA Ở về miền bể làng Tập-Phúc huyện Đông-Thành.
q14_15_page_58-0015,"Mạch từ núi Chầm-Thốt đổ lại, cây cối rậm tốt, có nhiều chim công, và có miếu thờ vua Thục An-Dương-Vương (có chú rõ trong mục Từ-Miếu ở dưới)."
q14_15_page_58-0016,"Xét trong SỬ-KÝ: Vua Thục cùng Triệu-Đà đánh nhau, vua Thục bị thua, chạy ra bãi bể, cầm cái văn-tế (1) 7 tấc đi thẳng xuống bể, tức là ở nơi này."
q14_15_page_58-0017,"Ông Bùi-Huy-Bích người huyện Thanh-Trì, khi đi qua miếu vua Thục có câu thơ rằng «Diều mang thủy thượng văn-tê khứ, «Đoạn tục lâm biên không tước lai.»"
q14_15_page_58-0018,(Văn tế lặn xuống bể khơi.
q14_15_page_58-0019,"(Chim công lần quất ở nơi ven rừng) (i) Sừng con tê có văn đẹp ở trên, là một vật rất quí đời cò."
q14_15_page_59-0001,NÚI PHI
q14_15_page_59-0002,"Ở huyện Đông-Thành. Nơi đây tầng núi xanh cao, nước sông quanh chảy, lên cao mà trông như đoá phù-dung."
q14_15_page_59-0003,"Trước có bà phi nhà Trần dựng tháp ở đây, nên gọi là núi Phi."
q14_15_page_59-0004,"Núi hỏ Ở thôn Trung-Phường, huyện Đông-Thành."
q14_15_page_59-0005,"Hình núi lờm chờm, nhe răng giơ móng, trông như con hồ ngồi ngạo nghề; sườn núi có hang sâu, tục gọi là hang TAM-PHỦ."
q14_15_page_59-0006,Phía tây núi có chùa Hưng-Phúc.
q14_15_page_59-0007,"Núi Long-thủ Ở hai làng Vân-Tụ và Quảng-Động thuộc huyện Yên-Thành, cũng có người gọi là núi Bồ-Hòa."
q14_15_page_59-0008,"Ngọn núi rất cao, hình như đầu rồng, có đền thờ Long-Thần."
q14_15_page_59-0009,"Dưới có đầm nước rất trong, thường năm đại hạn, cứ đảo-vũ (cầu mưa) ở đây, nhiều khi ứng nghiệm."
q14_15_page_59-0010,NÚI ĐÔNG-CÂU
q14_15_page_59-0011,"Ở bãi bể làng Đông-Câu huyện Đông-Thành, Từ núi Nhuệ đổ lại, đứng thắng chót vót, chân núi rải rác ra đến tàn bề."
q14_15_page_59-0012,Có nhiều chim nước (thủy điều) từ bốn phương bay tụ vào đấy.
q14_15_page_59-0013,"Sóng đánh rầm rầm, tiếng to như sẩm."
q14_15_page_59-0014,"Núi Trụ-Hải Ở làng Quỳnh-Lâm, huyện Quỳnh-Lưu."
q14_15_page_59-0015,"Thế núi cao lớn xanh tốt, các nhánh lan xuống tận bể, có thể như chận đứng sông gió, nên mới gọi là núi Trụ-Hải."
q14_15_page_59-0016,Phía đông núi này có sông Hoàng-Mai phát nguyên từ đấy.
q14_15_page_59-0017,NÚI BÀO-ĐỘT
q14_15_page_59-0018,"Ở làng Bào-Giang, huyện Quỳnh-Lưu."
q14_15_page_59-0019,"Từ phía đông núi Kê Quan đổ xuống, hình thế hiềm trở, có nước đầm chảy lượn xung quanh."
q14_15_page_59-0020,Trên đỉnh núi trước có miều vua Nhuận-Hồ.
q14_15_page_59-0021,"Sách SỬ-KÝ chép: Hồ-Hán-Thương niên-hiệu Khai-Đại năm đầu, có dựng các lăng miều ở làng Linh-Nguyên và làng Bào-Đột để phụng sự tiên tồ."
q14_15_page_59-0022,"Đến triều Lê niên-hiệu Cảnh-Hưng năm thứ 11 có giặc Nguyễn-Hữu-Cầu (tức Quận-Hèo) ở Hải-Dương (Bắc-Việt) vào cướp tỉnh Nghệ-An, đóng đồn ở đây, bị Hải-quận-công là Phạm-Đình-Trọng đuồi bắt được."
q14_15_page_59-0023,"Tập ỐC-LẬU-THOẠI có thơ rằng «Khuy khải tăng tam đế, «Hưng vong chỉ lục niên."
q14_15_page_59-0024,"«Duy dư thiên cĐ giám, «Di miếu thử sơn điên.»"
q14_15_page_59-0025,(Nhòm nghé suốt ba đời vua.
q14_15_page_59-0026,Ndi lên rồi mất chỉ vừa sáu năm.
q14_15_page_59-0027,"Nghìn xưa gương sáng không nhầm, Trơ ngôi miếu cổ âm thầm đầu non)."
q14_15_page_60-0001,NÚI TÙNG
q14_15_page_60-0002,"Ở làng Quỳnh-Lưu, huyện Quỳnh-Lưu."
q14_15_page_60-0003,"Có máy ngọn núi sản xuất toàn thông, xanh tốt đọng sương, tiếng như reo gió; cây cao đốt cứng không bút nào tả xiết tiết tháo của loài thông."
q14_15_page_60-0004,Ông Vương-Dật-Tử có nói: Cây thông thụ khí của tạo-hoá rất thuần túy nên không giống những loại cây khác.
q14_15_page_60-0005,"Núi Thất-Tinh Ở làng Lam-Cầu, huyện Quỳnh-Lưu."
q14_15_page_60-0006,"Từ núi Trụ-Hải đổ lại, 7 ngọn liền nhau."
q14_15_page_60-0007,"Dưới núi ruộng đất bằng phẳng rộng rãi, hoa cỏ phấp-phói, trông rất vui mắt."
q14_15_page_60-0008,LONG SƠN (Núi-Rồng)
q14_15_page_60-0009,"Ở làng Nhân-Sơn, huyện Quỳnh-Lưu."
q14_15_page_60-0010,"Từ núi Trụ-Hải đổ lại lần xuống đồng bằng, đột lên như vách; có nhiều hốc đá hôm sâu."
q14_15_page_60-0011,"Người bản xứ nhân đó đến thập hương, thờ Phật ở trong, không cần sửa sang mà hoá ra thắng cảnh."
q14_15_page_60-0012,Ông Bùi-Huy-Bích người huyện Thanh-Trì vịnh thơ có câu rằng «Thạch quát nham âm giai tác động.
q14_15_page_60-0013,«Tự thè sơn hồ bất vi gia» (Đá lõm hàm sáu đều mở động (Chùa bèn hốc núi chẳng cần nhà).
q14_15_page_61-0001,NÚI QUI-LÃNH
q14_15_page_61-0002,Ở về phía bãi bể làng Hiền-Lương huyện Quỳnh-Lưu.
q14_15_page_61-0003,"Từ núi Trú-Hải đổ lại, nằm ngang trên bãi, hai bên ôm lại, trông xa như hình con rùa."
q14_15_page_61-0004,"Sách SỬ-KÝ chép: Đời vua Trần-Anh-Tôn niên hiệu Hưng-Long thứ 20, vua thân chinh đi đánh nước Chiêm-Thành đóng dinh ở Bề-Cổn, đêm chiêm bao thấy thần-nữ, tức là nơi này."
q14_15_page_61-0005,NÚI TIÊN-KỲ
q14_15_page_61-0006,Ở bãi bể làng Hoàn-Nghĩa huyện Quỳnh-Lưu.
q14_15_page_61-0007,"Từ núi Trụ-Hải đổ lại, trên núi bằng phẳng như bàn cờ, có những hòn đá nhọn tự nhiên mọc lên như quân cờ."
q14_15_page_61-0008,"Phía đông có giếng, gọi là giếng Đồng-Hương, nước thơm ngọt; trải qua các triều vua ngự giá nam tuần văn lấy nước ở giếng này dâng vua dùng."
q14_15_page_61-0009,"Du-khách đến đây, nhờ đến câu thơ của người họ Lã «SĐ trước tàn Kỳ-Giang nguyệt hiều."
q14_15_page_61-0010,«Nhất thanh trường khiếu hải sơn thu».
q14_15_page_61-0011,(Trăng sông soi nước cờ tàn.
q14_15_page_61-0012,Trời thu một tiếng kêu ran non đoài).
q14_15_page_61-0013,Thi thoảng như mình đương ở Bồng-lai thế-giới vậy.
q14_15_page_61-0014,"Núi Thành-NAM Ở làng Trầm-Hương huyện Tương-Dương, cách thành Cô hơn một dặm."
q14_15_page_61-0015,Núi cao nghìn tầm như vách đứng.
q14_15_page_61-0016,"Dưới có cái động, chứa được đến vài mươi người, có đường hầm vào rất sâu (có ghi ở mọc Cổ-Tích dưới đây)."
q14_15_page_62-0001,ĐẢO SONG-NGƯ
q14_15_page_62-0002,"Ở ngoài biển Cửa-Hội, huyện Nghi-Lộc."
q14_15_page_62-0003,"Hai núi đối nhau, xanh dòn tròn trình, trông như đôi cá ngồi vòn ở nơi sóng gợn."
q14_15_page_62-0004,Cổ-ngữ có câu: Song ngư đáo địa (Đôi cá lên đất) tức là nơi này.
q14_15_page_62-0005,"Vua Lê-Thánh-Tôn khi nam-tuần đã có câu: «Đoạn tục song ngư tử thủy điềm (đôi cá đứt nối ở trên nước biếc), đáng làm kỳ-niệm."
q14_15_page_62-0006,"Tập Ôc-Lậu-Thoại có bài thơ «Sơn thế liên hành khóa vĩ lư, «Dược như sinh ý, hựu hà như."
q14_15_page_62-0007,"«Kiền khôn bất hạn đông tây ngoại, «Tạo hóa nan cùng hỗn độn sơ."
q14_15_page_62-0008,"«Yên thu hồng sơn, xuân vũ tế, «Phong phảm đan hải văn triều đư."
q14_15_page_62-0009,«Giang hồ giải hội Trang Châu ý.
q14_15_page_62-0010,«Tiện thị ngư sơn tiện thị ngư».
q14_15_page_62-0011,"(Núi qua rốn bể lạ thay, (Biết bao sinh ý hàng ngày phát sung."
q14_15_page_62-0012,(Kiền khôn chẳng hạn tây đông.
q14_15_page_62-0013,(Từ khi hôn độn vô cùng hóa cơ.
q14_15_page_62-0014,(Non Hồng mưa tạnh khói mò.
q14_15_page_62-0015,(Cánh buồm ngoài bể rán chờ nước lui.
q14_15_page_62-0016,(Ai mà hiều ý Trang Chu.
q14_15_page_62-0017,(Cá hay núi Cá cũng như một mà).
q14_15_page_62-0018,GÒ BẠN-CÁP
q14_15_page_62-0019,Ở địa phận các làng Hương-Quan và Tiên-Lý huyện Đông-Thành.
q14_15_page_62-0020,"Cũng có tên là gò Ngọa-Long, lại có khi gọi là gò Xác-Long, do những xác ốc xác sò lâu ngày chứa thành đồng."
q14_15_page_62-0021,"Lại có mấy con đường đá chỗ đứt, chỗ nối, như đoạn xương sống, đó là những khi dâu bể biến thiên mới thành ra thế."
q14_15_page_62-0022,"Ông Hành-tham-tụng tấn-sĩ Thanh-Trì là Bùi-Huy-Bích Có bài phú Bạn-Cáp-Sa rằng «Thử Bạn-cáp sa, kỳ lai hà tùng?"
q14_15_page_62-0023,«Năm tự Dq-son chi Thục-Vương miếu.
q14_15_page_62-0024,«Bắc đề phù ông Phùng.
q14_15_page_62-0025,"«Quyết hữu loa hạng, lạn nhược phấn toái, nhị lý chi địa, phân phân tràng tràng «Kỳ thâm tử ngũ xích, hồ tường niềm hợp dữ sa thĐ đồng."
q14_15_page_62-0026,"«Thđ nhân trâm chi, bộc vu liệt nhật, khả dĩ vi chuyên vi sở, diệc hoặc vi tượng mã chi trạng, dĩ tiến chi quỉ thần chi cung."
q14_15_page_62-0027,"«Kỳ địa cự La-Nham, Trừng-Bích hải khâu, các bất thượng nhị lý hứ; Cái kỳ sơ tắc hải dã, thiên phiên địa chuyền, phong hồi lãng khích nhi kết tụ vi thứ, tắc bất tri kỳ hà đông hỹ."
q14_15_page_62-0028,"«Tướng bí táo thạch, thời kiến kỳ tích, ý diệc thị hải chi thĐ biến hóa vu phong nhật chi trung."
q14_15_page_62-0029,"«Hóa ư hà niên, tụ ư hà ihòi? ức ư nhất nguyên thiên địa chi tiền, cận hữu tồn giả, thi dĩ chất chi Hồi-ông?"
q14_15_page_63-0001,"«Ngã thính hề hải trào, ngã ngâm hề thu-phong."
q14_15_page_63-0002,"«Du du ngã tư, vũ trụ hà cùng «Hải kim vi sa, an tri sa hậu bất vi hải."
q14_15_page_63-0003,"«Vũ trụ vô cùng, Hà thủy hà chung?"
q14_15_page_63-0004,"«Thủy bất khả tri, chung bất khả tri, duy kỳ khuất thân vãng lai vạn cĐ nhất lý, ngĐ thực dữ thiên địa nhi tường thông."
q14_15_page_63-0005,"«Uyên hồ viễn tai, quân-tử chi học, trí quảng đại nhi tận tính vi, cực cao minh nhi đạo trung dung» (Kìa sa Bạn-cáp từ đầu?"
q14_15_page_63-0006,"(Nam Thực-vương miếu; Bắc, châu Ông-Phùng."
q14_15_page_63-0007,(Có nhiều trái ốc lạ lùng.
q14_15_page_63-0008,(Suốt hai dặm đất trùng trùng chứa chan.
q14_15_page_63-0009,(Sâu bốn năm thước lan mạn.
q14_15_page_64-0001,(Càng lần đất cát dính tràn với nhau.
q14_15_page_64-0002,"(Người dân lấy về phơi lâu (Làm thành gách đá, thành đầu ngựa voi."
q14_15_page_64-0003,(Bày lên cung điện nơi nơi.
q14_15_page_64-0004,"(Quý thân chứng giám, người người tôi xem."
q14_15_page_64-0005,(La-Nham Trừng-Bích gần bên. (Hai cửa bể cách trên hai dặm đường.
q14_15_page_64-0006,(Trước kia là bể rõ ràng (Bể dâu biến đổi biết rằng bao năm?
q14_15_page_64-0007,(Hay từ trời đất xa xăm (Trước kia sót lại còn năm tro tro.
q14_15_page_64-0008,(Truyện kia ai biết bây giờ?
q14_15_page_64-0009,(Có khi ta phải hỏi do Hồi-Ong.
q14_15_page_64-0010,(Ta nghe tiếng sóng bể đông (Ta ngâm một khúc thu-phong đồ buồn.
q14_15_page_64-0011,(Lòng ta rằng rặc nhó luôn (Kìa trong vũ trụ bắt nguồn từ đâu?
q14_15_page_64-0012,(Bể xanh nay hóa nương dâu (Trăm năm bãi cát lại hữu bể khơi.
q14_15_page_64-0013,(Trước sau nào biết cơ trời.
q14_15_page_64-0014,(Chỉ còn một lẽ muốn đời cảm thông.
q14_15_page_64-0015,(Quân-tử phải học cho cùng.
q14_15_page_64-0016,(Cao minh hiều đạo Trung-dung nhiệm mãu).
q14_15_page_64-0017,CỒN-ĐIỆP
q14_15_page_64-0018,Ở xã Lam-Cầu huyện Quỳnh-Lưu.
q14_15_page_64-0019,"Phía đông còn có nhiều xác con cá điệp chồng chất thành gò lớn, cao đến 2 trượng, rộng đến hai dặm."
q14_15_page_64-0020,Bốn mặt đổ xuống đồng ruộng bằng phẳng.
q14_15_page_64-0021,Phía đông trông ra bể xa độ vài mươi dặm.
q14_15_page_64-0022,"Sách Sử-Ký chép: Về đời Trần Dụ-Tôn niên-hiệu Thiệu-Phong thứ 9 (1349) có đặt trấn Vân-Đồn, tức là nơi đây."
q14_15_page_64-0023,"Vì chỗ này xưa là bãi bể nên hồi thuộc nhà Đường, có tên gọi là Long-Trì (Ao Rồng) thuộc phủ Diễn-Châu; sau vì tang thương biến đổi khác đi"
q14_15_page_65-0001,HÒN PHU-PHỤ (Hồn Chồng-Vợ)
q14_15_page_65-0002,"Ở giữa sông Lam, thuộc làng Đồng-Luân, huyện Nam-Đàn."
q14_15_page_65-0003,"Hai hình đá đứng sứng, cao độ bốn năm thước, ngang hơn một trượng."
q14_15_page_65-0004,"Tục truyền trước khi hình đá cách nhau, ở giữa đi lọt con thuyền."
q14_15_page_65-0005,"Sau gần đây, hai hình ấy dần dần gần nhau thân mật, nên mới gọi là Hồn-Vợ Hồn-Chồng; cũng có người gọi là Công Mụ Thạch (Hồn Ông Bà)."
q14_15_page_65-0006,"Tập Ốc-Lậu-Thoại có thơ rằng «Tình danh đồng thị nhị ghi sinh, «Nhất nặc nhân duyên vạn cổ tình, «Nhật nguyệt chiếu lâm hình ảnh mật, «Kiền khôn khoan khoát thất gia bình."
q14_15_page_65-0007,"«Hồng trang la đời hà thiên lý, «Bích ủng dao bình lộ ngũ canh."
q14_15_page_65-0008,"«Ký độ giang hà thành biến cải, «Phong ba bất mỗi thứ kiền trình»."
q14_15_page_65-0009,"(Họ tên càng bởi trời sinh, (Một lời nguyên trúc khối tình muốn năm."
q14_15_page_65-0010,"(Hai vàng nhật nguyệt chiếu lắm, (Trời cao đất rộng âm thăm vui chung."
q14_15_page_65-0011,"(Dáng kia ngàn dặm đỏ hồng, (Năm canh sương móc biếc lồng bình dao."
q14_15_page_65-0012,(Non sông thay đổi biết bao?
q14_15_page_65-0013,(Kiên trinh một dạ ba dào không nhờ.)
q14_15_page_65-0014,SÔNG LAM
q14_15_page_65-0015,"Ở hai phủ Anh-Sơn và Hưng-Nguyên, bãi phía nam thuộc về phủ Đức-Thọ, tỉnh Hà-Tĩnh."
q14_15_page_65-0016,Sông này là một con sông lớn ở tỉnh Nghệ-An và tỉnh Hà-Tĩnh.
q14_15_page_65-0017,"Xưa gọi là sông Thanh-Long, có hai nguồn: một là nguồn Hiếu hai là nguồn Tương."
q14_15_page_65_66-0001,"Sông Hiếu phát nguyên từ Thanh-Động thuộc phủ Quỳ-Châu chảy ra phía đông-nam 8 dặm đến ngã ba Y-Lộ, lại chảy ra phía đông 9 dặm đến cửa Y-Động-Tam-Giang, qua 2 dặm nữa thì có sông Đạo-Động từ phía đông nhập vào."
q14_15_page_66-0001,Lại cách 10 dặm đến bến Bài-Tân thuộc động Thanh-Bốc.
q14_15_page_66-0002,"Lại 8 dặm nữa chảy tất đến bến Lõi-Tân, 30 dặm đến khe Kỳ-Chân, lại 59 dặm đến thôn Kỳ-Hiệu có sông Thu từ châu Vĩnh-Lộc chảy từ phía tây-bắc 44 dặm dồn vào."
q14_15_page_66-0003,"Lại 18 dặm nữa đến phía đông chợ Hiếu, 50 dặm đến bến Tri-Lê, 115 dặm qua khe Tả-Mã thuộc huyện Tương-Dương, 75 trượng đến cửa sông Tam-Giang, thuộc sách Tào-Giang cùng với nước nguồn Tương hợp một."
q14_15_page_66-0004,"Sông Tương thì phát nguyên từ thác đá thuộc huyện Kỳ-Sơn chảy ra phía đông 4 dặm qua khe Côi-Ưc, hơn 6 dặm đến khe Vị, 15 dặm qua khe Đi (thuộc huyện Kỳ-Sơn); 30 dặm qua khe Tráp, hai dặm qua huyện Hội-Nguyên, 17 dặm đến bến trạm Nam-Quận."
q14_15_page_66-0005,"Lại 15 dặm qua khe Thơi, 15 dặm qua bến trạm Xuy-Vàng, 6 dặm qua khe Phần thuộc huyện Vĩnh-Hòa, 15 dặm qua khe Xích-Trâm, 12 dặm qua bến gò Khồng-Tước (Con-Cuông), 19 dặm đến cửa sông Tam-giang, thuộc sách Tào-Giang, rồi hợp với nguồn sông Hiếu chảy ra phía đông 26 dặm đến bến phủ-lỵ phủ Tương-Dương."
q14_15_page_66-0006,"Lại 5 dặm đến bến Lãng-Điền, 3 dặm đến bến Hội-Tiên, lại 12 dặm đến cửa Khả-Lưu, 4 dặm qua khe Vạn-Hộ lại 5 dặm qua khe Yên-Lương, lại 30 dặm có sông Tam-Đường, sông Tháp từ phía bắc đổ lại."
q14_15_page_66-0007,Lại 5 dặm đến bến Đô-Lương thì có sông Giang nhập vào.
q14_15_page_66-0008,Lại 12 dặm nữa có sông Thanh-La từ phía nam chảy vào.
q14_15_page_66-0009,Lại 16 dặm có sông Võ-Liệt cũng từ phía nam chảy vào.
q14_15_page_66-0010,Lại 12 dặm có sông từ phía nam núi My-Sơn cũng chảy vào.
q14_15_page_66-0011,Lại 4 dặm có sông Bích-Triều từ phía nam chảy vào.
q14_15_page_66-0012,Lại 4 dặm có sông Đông-Liệt chảy vào.
q14_15_page_66-0013,"Lại 15 dặm qua bến đỗ Hương-Lâm (tục gọi là Sa-Nam), 4 dặm đến bến đồ Thịnh-Lạc, 16 dặm qua bến đồ Tuần-La."
q14_15_page_66-0014,"Lại 13 dặm đến bến đồ Mộc-Hoàn, 7 dặm nữa thì có sông Nghĩa-Liệt chảy vào."
q14_15_page_66-0015,Lại 5 dặm hội với sông La qua bến đồ Triều-Khâu có sông Phù-Thạch.
q14_15_page_66-0016,"Phía đông Phù-Thạch có bến đồ, đầu bến đồ đi về phía bắc có người Tàu buôn bán, thuyền bè đông đúc, gọi là phố Phù-Thạch."
q14_15_page_66_67-0001,"Nơi đây trước là bành-tại của vua Trùng-Quang nhà Trần, ánh nước sắc cây, phố xá làng mạc, phong cảnh như vẽ, cũng là một nơi danh thắng của tỉnh Nghệ-An."
q14_15_page_67-0001,Quan Tham-tri Nguyên-Trung-Ngạn đời Trần khi qua đây có bài thơ «Triều sinh triều lạc đông tây thủy «Vân hợp vân khai thượng hạ san.
q14_15_page_67-0002,«Ngư đình phù trầm yên cánh ngoại «Tăng gia ản ước họa đồ gian.»
q14_15_page_67-0003,(Thủy-triều lên xuống đông tây (Mây tan mây họp núi đầy thấp cao.
q14_15_page_67-0004,(Thuyền chải chìm nồi ngoài phao (Nhà chùa thấp thoáng xen vào bức tranh.
q14_15_page_67-0005,"Lại 5 dặm đến bến Chế sông Tam-Đăng, 12 dặm đến bến Hạc-Chủy, 1 dặm đến bến Dũng-Quyết; lại 13 dặm đến bến Yên-Lưu, 9 dặm nữa lại có sông Lộc-Thọ nhập vào rồi qua 13 dặm chảy dồn ra cửa Hội."
q14_15_page_67-0006,Triều Nguyễn năm Minh-Mạng thứ 17 đã khác hình sông này vào Tuyên-Định.
q14_15_page_67-0007,"Sang năm thứ 21 cho liệt vào hàng sông lớn, ghi vào tự-điền (sách ghi những nơi phải tế lễ)."
q14_15_page_67-0008,SÔNG DƯƠNG
q14_15_page_67-0009,"Ở về phía tây huyện Thanh-Chương, bắt nguồn từ phía đông núi Tứ-Dương huyện Trương-Dương chảy xuống."
q14_15_page_67-0010,"Phía bắc qua làng Man-Lâm, làng La-Mạc, phía nam qua làng Cao-Điền, làng Tiên-Hội, cách 100 dặm thì vào sông Lam."
q14_15_page_67-0011,SÔNG VÕ-LIỆT
q14_15_page_67-0012,"Ở phía tây huyện Thanh-Chương, có một tên nữa gọi là sông Rõ."
q14_15_page_67-0013,"Bắt nguồn từ các khe ở núi Tam-Thai chảy xuống, qua làng Trung-Lâm, làng Minh-Cảo đến làng Võ-Liệt, cách 13 dặm cùng chảy vào sông Lam."
q14_15_page_68-0001,SÔNG CƯƠNG (Rào Gang)
q14_15_page_68-0002,Ở địa phận hai huyện Lương-Sơn và Nam-Đàn.
q14_15_page_68-0003,"Phát nguyên từ đầu khe thôn An-Lăng thuộc huyện Đông-Thành, qua 56 dặm đến thôn Đa-Cương rồi chảy vào sông Lam."
q14_15_page_68-0004,SÔNG ĐAN-LAI
q14_15_page_68-0005,"Ở huyện Thanh-Thương. Phát nguyên từ phía bắc núi Đại-Sơn, núi Thanh-Loa chảy xuống, qua các làng Chi-Quân, Thượng-Thọ, Thanh-La rồi vào sông Lam."
q14_15_page_68-0006,SÔNG CẤM
q14_15_page_68-0007,Ở vào khoảng hai huyện Hưng-Nguyên và Nghi-Lộc.
q14_15_page_68-0008,Phát nguyên từ núi Đại-Hoạch thuộc huyện Hưng-Nguyên hợp với ngọn nước ở núi Đại-Huệ thuộc huyện Nam-Đàn.
q14_15_page_68-0009,"Phía đông chảy xuống tiếp với cảng Đa-Cái rồi chảy ra phía đông qua làng La-Nham, độ 20 dặm dồn vào bể Xá."
q14_15_page_68-0010,"Sông này ngang đường quan-lộ làng Kim-Khê, trước có cầu gỗ, gọi là Cầu-Cẩm, sau cầu gỗ hỏng, nay bắc cầu sắt."
q14_15_page_68-0011,SÔNG PHÙNG
q14_15_page_68-0012,Ở phía tây-bắc huyện Đông-Thành.
q14_15_page_68-0013,"Có 2 nguồn: một nguồn từ sông Vũ, sông Du thuộc tổng Vân-Tự và Khe-Cát thuộc tổng Quan-Trung; phía bắc chảy qua Thái-Xá và sông Bảo 20 dặm."
q14_15_page_68-0014,"Một nguồn từ phía đông-nam núi Môi chảy qua tổng Quan-Triều, 18 dặm hợp vào sông Bảo; phía đông chảy 11 dặm đến Thiết-Cảng, quanh phía bắc thành phủ, qua đồ ngang đường trạm làng Phùng-Xá 27 dặm đến cửa Vạn."
q14_15_page_68-0015,"Sông này ngang đường quan-lộ làng Tiên-Lý, trước có cầu Phùng làm bằng gỗ, nay đã bỏ đi."
q14_15_page_68-0016,SÔNG GIÁT
q14_15_page_68-0017,Ở về phía nam huyện Quỳnh-Lưu.
q14_15_page_68-0018,"Có 2 nguồn: 1 nguồn từ khe Thọ-Trường, chảy ra phía đông-nam 6 dặm; 1 nguồn từ khe An-Trương chảy ra phía đông-bắc 15 dặm, hợp với sông Thạch-Cầu, qua 1 dặm đến làng Đăng-Cao, 16 dặm nữa chảy sang phía nam tới cửa My."
q14_15_page_68-0019,"Lại 5 dặm tới cửa Tang, qua 3 dặm nữa tới cửa Thơi."
q14_15_page_68-0020,"Sông này ngang đường quan-lộ làng Nhân-Huống, trước có cầu Giát xây gạch, nay bắc cầu sắt."
q14_15_page_69-0001,SÔNG HOÀNG-MAI
q14_15_page_69-0002,Ở phía đông-bắc huyện Quỳnh-Lưu.
q14_15_page_69-0003,"Phát nguyên từ khe Tam-Lê: phía đông chảy 30 dặm đến đường trạm Hoàng-Mai, 7 dặm đến làng Kim-Lung; phía nam chảy đến cửa Tang, 5 dặm vế phía bắc chảy đến cửa Xước, lại 3 dặm chảy ra bề Cờn."
q14_15_page_69-0004,"Sông này ở ngang đường làng Hoàng-Mai, có đường cái quan và bến đỏ Hoàng-Mai."
q14_15_page_69-0005,SÔNG MỘ
q14_15_page_69-0006,"Ở phủ Tương-Dương. Phát-nguyên từ phủ Trấn-Ninh, chảy xuống, qua trạm Mang-Can và trạm Cự-Hào rồi hợp với sông Tương chảy ra sông Lam."
q14_15_page_70-0001,KHE DÀM
q14_15_page_70-0002,SUỐI VÕ-NGUYÊN
q14_15_page_70-0003,"Ở huyện Thanh-Chương, cũng có tên gọi là khe Bò-Đái ngọn suối từ trên núi Cơ cheo leo vài mười trượng chảy xuống sông Lam."
q14_15_page_70-0004,"Tục truyền hồi xưa nước suối chảy rầm rầm, vang ra đến ngoài 10 dặm, gần đây bị đất cát bồi lấp, suối vẫn chảy luôn, nhưng không nghe tiếng nước chảy nữa."
q14_15_page_70-0005,"Cổ-Quyết có câu rằng: «Bò-đái tuyệt thanh» (khe Bò-Đái ảng tiếng), tức là chỗ này."
q14_15_page_70-0006,SUỐI AN-QUỐC
q14_15_page_70-0007,"Ở phía tây núi Hùng, thuộc huyện Hưng-Nguyên."
q14_15_page_70-0008,"Từ trong hốc đá chảy ra, nước trong mà thơm nên cũng gọi là Hương-Khê."
q14_15_page_70-0009,"Bên suối có chùa. Ông Bùi-Huy-Bích người huyện Thanh-Trì, qua đây có thơ rằng «Tháp tiềm đn đn khung lâm bán, «Tiều đẳng thâm thâm cổ thụ điền."
q14_15_page_70-0010,"«Cao các đối giang sồ qui nhạn, «Thanh âm cứ thạch trạc phi tuyền.»"
q14_15_page_70-0011,"(Lờ mờ ngọn tháp giữa rừng, (Đường vào thăm thầm trông chừng ngọn cây."
q14_15_page_70-0012,"(Gác cao sông cả chim bay, (Thành thoi trên đá vung tay suối tràn)."
q14_15_page_71-0001,KHE NƯỚC LẠNH
q14_15_page_71-0002,Ở về phía bắc huyện Quỳnh-Lưu.
q14_15_page_71-0003,Nơi đây là chỗ phân giới giữa tỉnh Nghệ-An và tỉnh Thanh-Hóa.
q14_15_page_71-0004,"Khe từ trong hang núi chảy ra, nước lạnh buốt người, nên mới gọi là khe nước Lạnh."
q14_15_page_71-0005,NỘN HỒ (Bầu Nión) Ở làng Nộn-Liễu thuộc huyện Nam-Đàn.
q14_15_page_71-0006,Do các khe ở núi Đại-Huệ dồn vào thành cái hồ lớn tới vài nghìn mẫu.
q14_15_page_71-0007,"Về mùa xuân mùa hạ nước cạn, có thể làm ruộng cấy lúa cũng tốt."
q14_15_page_71-0008,"Đến mùa thu mùa đông, nước to lại lút, sóng gió rầm rầm."
q14_15_page_71-0009,"Cửa hồ có cầu Đại-Đồng chảy ra kênh Chân-Đích thuộc huyện Hưng-Nguyên, rồi chảy suốt ra sông Lam, thuyền bè vận tải rất tiện."
q14_15_page_71-0010,"Tục truyền hồ này hồi xưa rất sâu, làm hang cho loài thuồng-luồng."
q14_15_page_71-0011,"Đến niên-hiệu Dương-Hòa đời Lê Thần-Tôn (1635-1642) có quan Thị-lang Nguyễn Văn-Mệnh người làng Hương-Lãm, mới khai hồ này cho nước chảy thông, nên sau thành ruộng cây cấy được."
q14_15_page_71-0012,Xét sách Minh-Chí có chép rằng: Việt-Thường là một cảnh trong 6 ngọn nước của nước Việt-Nam.
q14_15_page_71-0013,"Niên-hiệu Hồng-Vũ thứ 3 đời Minh, có sai sứ sang tế, tức là nơi này."
q14_15_page_71-0014,"HỒ HẢI-THỦY Ở dưới núi Lập-Thạch thuộc làng Đặng-Điền, huyện Nghi-Lộc, rộng chừng 4 mẫu."
q14_15_page_71-0015,Phía đông hồ có núi Tiên-Nhân.
q14_15_page_71-0016,"Ông Hoàng-giáp Phạm-Nguyễn-Du làm nhà ở phía tây, có làm bài phú «Thừa sà du hồ» (Cưỡi bè chơi hồ)."
q14_15_page_71-0017,Cuối bài có một đoạn «Phi Ngô-trung khách; Phi Túy-Hương hầu.
q14_15_page_71-0018,«Phi Tô-công đường; Phi Vương-Xán lâu.
q14_15_page_71-0019,«Phi Mã-Đương thuyền; phi Xich-Bich châu.
q14_15_page_72-0001,«Phi Bác-Vọng cầu danh chi phiếm; Phi Đào-Chư ty họa chi du.
q14_15_page_72-0002,«Ninh bất đắc chi nhi phấn nhiêm; Xứng tâm nhi ngưng mâu.
q14_15_page_72-0003,«Ngọa hoa tiền hề tước vô tklu chi vị; Tọa nguyệt trung hề thùy bất nhỹ chi câu.
q14_15_page_72-0004,"«Ích phù ngô sà, cùng ngô hồ dì vì lạc hề; Dữ vô hà hữu tịnh du."
q14_15_page_72-0005,(Ta không phải khách Ngô-Châu (Cũng không phải khách như hầuTúy-Hương.
q14_15_page_72-0006,(Nhà ta không phải Tô-Đường.
q14_15_page_72-0007,(Không lâu Vương-Xán khoa trương với đời.
q14_15_page_72-0008,(Mã-Đương (I) thuyền ấy khác với.
q14_15_page_72-0009,(Không như Xich Bích thuyền chơi năm nào.
q14_15_page_72-0010,(Không như Bác-Vọng (2) chơi phào.
q14_15_page_72-0011,(Không như Phạm-Lãi choi hầu xa bay.
q14_15_page_72-0012,(Cũng khôug đắc chỉ dương vây.
q14_15_page_72-0013,(Cũng không thỏa dạ đề ngay mắt vào.
q14_15_page_72-0014,(Trước hoa nhắm nháp phì phào.
q14_15_page_72-0015,(Dưới trăng ta thả cần phao không mồi.
q14_15_page_72-0016,(Hồ ta ta thả bè chơi.
q14_15_page_72-0017,(Vui thay vui vòi quãng tròi noi đầu).
q14_15_page_72-0018,"Ở làng Đồ-Lâm thuộc huyện Hưng-Nguyên, rộng chừng 10 mẫu."
q14_15_page_72-0019,"Phía tây là nước ở Thanh-Khê chảy đến, phía đông lại chảy ra sông Cấm, phía nam thì chảy ra cảng Hương-Cái."
q14_15_page_72-0020,Trên đầm ngày xưa có đền.
q14_15_page_72-0021,"Tục truyền lúc tế thần mà đánh trống, thì cá ở (I) - Tên núi ở tỉnh An-Huy bên Trung-Quốc."
q14_15_page_72_73-0001,"(2) Bác-Vọng-háu là Trương-Khiên đời Hán bên Trung-Quốc, cũng thả bè dong chơi, đầm ra nghe, gần đây đền hư không dựng lại nữa."
q14_15_page_73-0001,Xét sách Minh. Chí có chép: Cửu-Đức là một trong 6 cảnh sông hồ của nước Việt-Nam.
q14_15_page_73-0002,"Niên-hiệu Hồng-Vũ thứ 3 nhà Minh có sai sứ sang tế, tức là nơi này."
q14_15_page_73-0003,Đầm Ô Ở thôn Diệu-Ốc thuộc huyện Yên-Thành.
q14_15_page_73-0004,"Đầm dài vài dặm, phía tây có nước ở núi Mã-Yên chảy xuống, phía đông thông ra sông Vạn-Soát."
q14_15_page_73-0005,Chiều sâu đầm này không thể đo lường được.
q14_15_page_73-0006,Tục truyền vẫn có loài thuồng-luồng ở đấy.
q14_15_page_73-0007,Đầm QUỲ Ở thôn Chân-Canh thuộc huyện Yên-Thành.
q14_15_page_73-0008,"Chu vị rộng vài dặm; phía tây chứa nước ở núi Kê-Quan chảy tới, phía đông thông ra sông Na-Sở."
q14_15_page_73-0009,"Trên đầm có đền thờ Long-Thần, mỗi khi đảo-vũ (cầu mưa) thường có ứng nghiệm."
q14_15_page_73-0010,ĐÍCH CĂNG.
q14_15_page_73-0011,"Ở huyện Hưng-Nguyên. Phía tây-nam chứa nước Bầu-Nôn (Nộn Hồ) chảy tới, qua các làng Hữu-Biệt và Thái-Lão, chảy quanh đến thôn Chân-Đích."
q14_15_page_73-0012,"Lại một cảng nữa từ cửa Đích chảy sang phía nam qua các làng Vinh-Yên-Yên-Trường đến phía nam tỉnh-thành, quanh co hơn 40 dặm chảy vào sông Lam, gọi là cảng Vinh, cùng tên gọi là cảng Vinh."
q14_15_page_73-0013,Triều Nguyễn năm Gia-Long thứ 8 (1809) có bắt đầu khai cảng đó.
q14_15_page_73-0014,"Một cảng nữa từ cửa Đích-Cảng sang phía bắc chảy qua làng Hương-Cái, làng Bùi-Ngõa, quanh núi Đại-Hoạch về phía tây 11 dặm phóng ra sông Cấm gọi là cảng Hương-Cái."
q14_15_page_73_74-0001,"Sách Việt-Sử chép: Đời Lê Đại-Hành vào khoảng năm Ứng-Thiên thứ 16 (994-1005) vua ngự vào Hoan-Châu khai cảng Đa-Cái, tức là nơi đây (Xét đời Tiền-Lê Đại-Hành có đến năm Ứng-Thiên 12 là hết, rồi đến Lê-Long-Đinh, đây nói Lê Ứng-Thiên năm 16 là sai)."
q14_15_page_74-0001,THIẾT CẢNG (Cửa sắt)
q14_15_page_74-0002,"Ở phía đông-bắc huyện Hưng-Nguyên, và phía nam huyện Đông-Thành, cùng cách huyện thành 15 dặm."
q14_15_page_74-0003,"Phía nam từ sông Cấm 30 dặm chảy về phía bắc vào sông Phùng, vì ở bờ tây nam có sắt, nên gọi tên ấy."
q14_15_page_74-0004,Còn có tên nữa gọi là cảng Thiên-Uy.
q14_15_page_74-0005,"Sách Việt-Sử Ngoại-Ký có chép: về đời Đường, năm Hàm-Thông thứ 8, Cao-Biển đi tuần đến sông Dong-Châu, có nhiều phiến đá to, thuyền bè đi qua chạm phải là bị đắm, bèn sai bọn Trường-sử là Lâm-Phúng và Hồ-Nam Tướng-quân là Dư-Tồn-Cổ đem quân lính đến khai."
q14_15_page_74-0006,"Việc làm hơn một tháng sắp xong, nhưng quãng giữa còn một hòn đá lớn đứng sững đến vài trượng dao búa không sao phá được, đã toan bỏ dờ; chợt một hôm nổi mưa gió to có mấy trăm tiếng sấm sét, hòn đá bị đánh tan nát."
q14_15_page_74-0007,Trong «văn-tập» của Sử-thần Ngô-Sý có nói: Cảng này ở về huyện Bác-Bạch thuộc Ngô-Châu (nay thuộc tỉnh Quảng-Tây).
q14_15_page_74-0008,Sách Quảng-Thuận Đồ-Thuyết cũng nói rằng: Cảng này ở quãng châu Ung châu Quảng.
q14_15_page_74-0009,Lại nói là cảng này đào từ đời nhà Trần.
q14_15_page_74-0010,Vậy tục truyền cảng này tức cảng Thiên-Uy là lầm.
q14_15_page_74-0011,Xem thế thì rõ ràng là cái cảng mà Cao-Biển đào không phải thuộc về cương-giới nước ta.
q14_15_page_74-0012,"Về triều Nguyễn, năm Thiệu-Trị thứ 2 (1842) vua ngự Bắc tuần, có làm bài thơ vịnh cảng cho khác vào đá, dựng nhà đề bia ngay bên đường thiên-lý tại làng."
q14_15_page_74-0013,CẢNG MY
q14_15_page_74-0014,Ở về phía Đông-Nam huyện Đông-Thành.
q14_15_page_74-0015,Phía nam từ sông Phùng 25 dặm chảy về phía bắc vào sông Giát.
q14_15_page_74-0016,"Sách Sử-Ký: Đời nhà Trần (Thái-Tôn) năm Kiến-Trung thứ 7 (1231) vua sai Nguyễn-Bang-Cốc (Hoạn-Quan) đem quân các phủ đào các cảng ở Trầm-Hào từ tỉnh Thanh-Hóa đến phủ Diễn-Châu, tức là nơi này."
q14_15_page_75-0001,CẢNG TANG
q14_15_page_75-0002,Ở phía đông-nam huyện Quỳnh-Lưu.
q14_15_page_75-0003,"Từ hạ-lưu sông Giát 7 dặm, phía bắc chảy đến sông Hữu-Hậu, rồi phóng ra phía đông đến cửa bể Quyền-Hải."
q14_15_page_75-0004,"Lại có một đoạn qua làng Thanh-Viên 24 dặm, chảy vào sông Hoàng-Mai."
q14_15_page_75-0005,CẢNG XƯỚC
q14_15_page_75-0006,Ở phía đông-nam huyện Quỳnh-Lưu.
q14_15_page_75-0007,"Phía bắc từ khe núi Xước (thuộc tỉnh Thanh-Hóa) chảy về phía nam 20 dặm đến làng Hữu-Lập, gặp hạ-lưu sông Hoàng-Mai, cùng chảy ra cửa Cờn."
q14_15_page_76-0001,CỔ TÍCH
q14_15_page_76-0002,THÀNH CŨ VẠN-AN
q14_15_page_76-0003,"Ở phía đông huyện Nam-Đàn tức là thành cũ của Mai-Hác-Đế, di tích đến nay vẫn còn (có chép rõ trong mục Từ-Miều ở dưới)."
q14_15_page_76-0004,THÀNH CŨ BÌNH-NGÔ
q14_15_page_76-0005,"Ở về phía tây-nam huyện Thanh-Chương, và phía nam ngọn Động-Chủ núi Thiên-Nhận."
q14_15_page_76-0006,"Thành dài ước một dặm, dưới thành có đá trông như hình người ngựa dảo mác."
q14_15_page_76-0007,"Sách Sứ-Ký chép: Vua Lê-Thái-Tổ lúc mới khởi nghĩa, đại quân từ phủ Tương-Dương theo đường núi xuống miền đông đến tổng Bích-Triều, nhân đóng đồn ở trên để giữ chỗ hiềm yếu, quân nhà Minh do đường thủy đến đánh, bị thua to, phải rút quân về."
q14_15_page_76-0008,Vì vậy nên gọi là thành Bình-Ngô.
q14_15_page_76-0009,Di tích đến nay vẫn còn.
q14_15_page_76-0010,THÀNH CŨ LỤC-NIÊN
q14_15_page_76-0011,"Ở về bên trái ngọn Lạp núi Thiên-Nhận, thuộc huyện Thanh-Chương, vuông rộng chừng 5, 6 mẫu."
q14_15_page_76-0012,"Thành này do vua Lê-Thái-Tổ đắp, để chống với tướng Phương-Chính nhà Minh, và đóng quân ở đấy 6 năm, nên mới gọi là thành Lục-Niên."
q14_15_page_76-0013,"Cũng có thuyết từ lúc vua Lê khởi nghĩa, đến lúc vào đánh lấy Nghệ-An là 6 năm nên mới có tên ấy."
q14_15_page_76-0014,"Xét sách Sử-Ký chép: Vua Lê từ cửa ải Khả Lưu đem quân đến làng Đa-Lôi thuộc huyện Thổ-Du (Thôn Trung--Hội làng Nam-Kim nay còn có xứ Đa-Lôi, tức là chỗ này), thì già trẻ tranh nhau đem trâu bỏ heo rượu đón mừng khao quân, tức là nơi đây."
q14_15_page_76-0015,"Người sau qua đây có vịnh bài thơ rằng «Phi giản đối hàn nham hạ lạc, «Thành phong tổng ảnh thụ biên qua."
q14_15_page_76-0016,«Nguy nguy Thái-tồ hành doanh tại.
q14_15_page_76-0017,«Diệt tặc công cao thạch bất mạ.»
q14_15_page_76-0018,"(Dưới đèo nước chảy xuống ghềnh, (Gió hiu hiu thổi bên cành bóng qua."
q14_15_page_76-0019,"(Hành dinh Thái-Tổ nguy nga, (Công cao diệt giặc chưa nhòa đá bia.)"
q14_15_page_76-0020,"Đến cuối đời Lê, La-Sơn Cao-sĩ Nguyễn-Thiếp làn ở nơi này."
q14_15_page_77-0001,THÀNH CŨ HÙNG-SƠN
q14_15_page_77-0002,"Ở trên đỉnh núi Hùng-Sơn, thuộc huyện Hưng-Nguyên."
q14_15_page_77-0003,"Thành cao 6, 7 thước, chu vi ước một dặm, Tục truyền thành này do tướng Trương-Phụ nhà Minh đắp."
q14_15_page_77-0004,"Lại có một gò đá cao độ 4, 5 thước, tương truyền là nơi Trương-Phụ dùng để cắm cờ, đến nay di tích hãy còn."
q14_15_page_77-0005,"Phía tây thành, chỗ ngang làng Nghĩa-Liệt, hồi trước là ty Hiến-sát-sứ đời Lê, chỗ ngang làng Triều-Khâu là ty Thừa-chánh, và chỗ ngang với phường vệ-sờ là dinh Trấn-thủ"
q14_15_page_77-0006,THÀNH CŨ CỰ-LẠI
q14_15_page_77-0007,"Ở phía bắc huyện Đông-Thành, chu vi dài ước hơn 100 trượng, cao hơn 5 thước., toàn xây bằng đá."
q14_15_page_77-0008,"Ba mặt đều có sông bao quanh, một mặt thì gần dân cư làng Tây-Lũy."
q14_15_page_77-0009,Tương-truyền thành này là người nhà Minh đắp.
q14_15_page_78-0001,THÀNH CŨ TƯƠNG-DƯƠNG
q14_15_page_78-0002,"Ở phía đông huyện Tương-Dương, đắp từ đời nhà Trần."
q14_15_page_78-0003,Nhân thành này ở về phía nam sông Lam nên cũng có tên gọi là Thành Nam.
q14_15_page_78-0004,Quan Thái-tề nhà Lê là Phùng-Khắc-Khoan bị trích về ở nơi đây.
q14_15_page_78-0005,"Đến nay thành bị nước sông chảy xiết lở dần, chỉ trợ những đá còn đứng lại ở lòng sông."
q14_15_page_78-0006,Ông Bùi-Huy-Bích ở Thanh-Trì có thơ rằng «Thảo đc dĩ thành giang thượng thủy «Đào-nguyên do tưởng khúc trung nhân.»
q14_15_page_78-0007,(Nhà nay nước lã ra sông.
q14_15_page_78-0008,(Đào-nguyên còn nhờ người trong khúc này.)
q14_15_page_79-0001,ĐẠI-NAM NHẤT-THỐNG-CHÍ QUYỂN 15
q14_15_page_79-0002,TỈNH NGHỆ-AN
q14_15_page_79-0003,TỪ MIẾU
q14_15_page_79-0004,ĐÀN XÃ-TÁC
q14_15_page_79-0005,"Ở phía tây tỉnh-thành, thuộc quận Nghi-Lộc."
q14_15_page_79-0006,"Đàn đắp vuông 4 trượng 2 thước 3 tấc, cao 2 thước 5 tấc; năm Minh-Mạng thứ 13 (1832) mới dựng."
q14_15_page_79-0007,ĐÀN SƠN-XUYÊN
q14_15_page_79-0008,"Ở phía nam tỉnh-thành, lập từ năm Tự-Đức thứ 5 (1852)."
q14_15_page_80-0001,ĐÀN TIÊN-NÔNG
q14_15_page_80-0002,"Ở phía đông tỉnh-thành Đàn đắp vuông 4 trượng 6 thước, cao 2 thước 7 tấc."
q14_15_page_80-0003,Lập từ năm Minh-Mạng thứ 18 (1837).
q14_15_page_80-0004,VĂN-MIẾU
q14_15_page_80-0005,Ở phía đông tỉnh-thành. Phía tây là miếu Khải-Thánh.
q14_15_page_80-0006,Lập từ năm Gia-Long thứ 3 (1804).
q14_15_page_80-0007,VĂN-MIẾU PHỦ HƯNG-NGUYÊN
q14_15_page_80-0008,"Ở thôn Lãng, tổng Thông-Lãng; 3 gian đều lợp ngói."
q14_15_page_80-0009,"Trước ở thôn Chính-Đích thuộc tổng Đô-Yên, năm Tự-Đức thứ 6 (1853) dời lại đây."
q14_15_page_80-0010,VĂN-MIẾU PHỦ DIỄN-CHÂU
q14_15_page_80-0011,Văn-miếu này ở làng Lý-Trai thuộc huyện Đông-Thành.
q14_15_page_80-0012,Khi tế thì cả huyện Đông-Thành và huyện Đông-Yên cùng hợp tế.
q14_15_page_80-0013,"Miếu có 6 tòa thì 2 tòa đều 5 gian, còn 4 tòa thì mỗi tòa 3 gian, đều lợp ngói."
q14_15_page_80-0014,"Vào khoảng đời vua Hàm-Nghi loạn lạc bị đốt hết, đến năm Thành-Thái thứ 6 (1894) mới dựng lại."
q14_15_page_80-0015,VĂN-MIẾU PHỦ ANH-SƠN
q14_15_page_80-0016,"Văn-miếu này ở làng Thanh-Lưu, thuộc tổng Đô-Lương."
q14_15_page_80-0017,"Tất cả có 4 tòa, 2 tòa đều 7 gian, còn 2 tòa đều 3 gian, cùng lợp ngói cả."
q14_15_page_80-0018,Dựng từ năm Tự-Đức thứ 9 (1856).
q14_15_page_80-0019,VĂN-MIẾU PHỦ QUỲ-CHÂU
q14_15_page_80-0020,"Văn-miếu này ở sách Nghĩa-Liệt, tổng Thạch-Khê."
q14_15_page_80_81-0001,"Tất cả có 4 tòa nhà, một tòa 3 gian, một tòa 5 gian, còn 2 tòa đều 1 gian 2 chái, cùng lợp tranh."
q14_15_page_81-0001,"Trước ở làng Tri-Lễ, tổng Cự-Lâm, đến năm Thành-Thái 18 (1906) mới dời về đây."
q14_15_page_81-0002,VĂN-MIẾU HUYỆN NAM-ĐÀN
q14_15_page_81-0003,Văn-miếu này ở làng Diên-Lãm tổng Xuân-Liễu.
q14_15_page_81-0004,"Tất cả có 2 tòa, một tòa 1 gian 2 chái, một tòa 3 gian 2 chái, đều lợp ngói, lập từ năm Cia-Long nguyên niên (1802)."
q14_15_page_81-0005,VĂN-MIẾU HUYỆN THANH-CHƯƠNG
q14_15_page_81-0006,"Văn-miếu này ở làng Lương-Trường, tổng Bích-Triều."
q14_15_page_81-0007,"Tất cả có 3 tòa, nội 2 tòa đều 3 gian 2 chái, 1 tòa 3 gian, đều lợp ngói."
q14_15_page_81-0008,"Trước ở tổng Thổ-Hào, đến năm Thành-Thái thứ 7 (1895) mới dời về đây."
q14_15_page_81-0009,VĂN-MIẾU HUYỆN NGHI-LỘC
q14_15_page_81-0010,Ở làng Kim-Nguyên và làng Cầm-Trường thuộc tổng Kim-Nguyên.
q14_15_page_81-0011,"Tất cả có 7 tòa, 5 tòa đều 3 gian, 2 tòa đều 1 gian, lợp ngói."
q14_15_page_81-0012,Lập từ năm Đồng-Khánh thứ 3 (1888).
q14_15_page_81-0013,VĂN-MIẾU HUYỆN QUỲNH-LƯU
q14_15_page_81-0014,"Ở thôn Quỳnh-Đôi, tổng Phú-Hậu."
q14_15_page_81-0015,"Tất cả có 2 tòa, 1 tòa 5 gian, một tòa 3 gian, đều lợp ngói."
q14_15_page_81-0016,Dựng từ đầu niên-hiệu Minh-Mạng (1820).
q14_15_page_81-0017,MIẾU THÀNH-HOÀNG
q14_15_page_81-0018,"Ở phía bắc tỉnh-thành, dựng từ năm Gia-Long thứ 2 (1803)."
q14_15_page_81-0019,MIẾU THÀNH-HOÀNG
q14_15_page_81-0020,Ở phía bắc tỉnh-thành; dựng từ năm Gia-Long thứ 2.
q14_15_page_82-0001,MIẾU QUAN-CÔNG
q14_15_page_82-0002,"Ở phía nam tỉnh-thành, do các viên-chức dựng từ năm Minh-Mạng thứ 18 (1837)."
q14_15_page_82-0003,Nay đã liệt vào tự-điền.
q14_15_page_82-0004,MIẾU VUA AN-DƯƠNG-VƯƠNG
q14_15_page_82-0005,"Ở núi Mộ-Dạ, do ba làng Hương-Ái (nay đổi là Cao-Ái), Tập-phúc và Hương-Quan (ở huyện Đông-Thành) cùng phụng tự."
q14_15_page_82-0006,"Sách Việt-Sử Ngoại-Ký chép: Vua tên là Phán, người quận Ba-Thục, ở ngôi được 50 năm, nhân mất quy-trảo thần-nỗ (Nỏ thần làm bằng vuốt con rùa) rồi bị Triệu-Đà đánh thua, phải chạy về phía nam, tay cầm cái văn-tế 7 thước đi xuống bề mất."
q14_15_page_82-0007,"Tục truyền núi Mộ-Dạ ở làng Cao-Xá, tức là ở đây."
q14_15_page_82-0008,"Núi này nhiều chim công, mà không ai dám bắt."
q14_15_page_82-0009,"Đến triều Minh-Mạng năm thứ 21, gặp khánh tiết lớn, vua sai quan kinh ra tế, hiện đã liệt vào tự-điền miếu thờ vua chúa các đời."
q14_15_page_82-0010,"Còn ở tỉnh, hàng năm có lệ quốc-tế."
q14_15_page_82-0011,"Đến năm Thành-Thái thứ 5 (1893), viên Toàn-quyền Đa-La (người Pháp) từ Hà-Nội do đường bộ lên xem, và hỏi sự tích, rồi giao cho Công-sứ tỉnh Nghệ-An lập bia ký-niệm đến nay vẫn còn."
q14_15_page_82-0012,Năm Thành-Thái thứ 14 (1902) có trích tiền công 300 đồng đề tu bồ lại.
q14_15_page_82-0013,ĐềN VUA MAI-HÁC-ĐẾ Ở làng Hương-Lâm huyện Nam-Đàn.
q14_15_page_82-0014,"Vua họ Mai tên tự là Thúc-Loan; từ lúc sinh ra, mặt sắt mình đen, trạng mạo rất hùng vĩ, được nhiều người trông mong quy phục."
q14_15_page_82-0015,"Khoảng đời Khai-Nguyên nhà Đường, Nguyên-Sở-Khách sang làm đô-hộ nước ta, chính sách tham bạo, dân không chịu được, nhiều người trốn tránh vào rừng núi, rồi ra các nơi cướp bóc."
q14_15_page_82-0016,"Khi ấy, Thúc-Loan đi đến đầu, trộm cướp đều ra đầu hàng."
q14_15_page_82-0017,"Ông nhận kết liên với các nước Lâm-Ấp và Chân-Lạp, quân số có tới 30 vạn người, giữ châu xưng Đế, đóng đô ở thành Vạn An."
q14_15_page_82-0018,Nhà Đường sai quan nội-thị là Dương-Tư-Húc sang đánh.
q14_15_page_82-0019,Vua lui quân đóng ở núi Hùng-Sơn để chống nhau với quân Đường.
q14_15_page_82-0020,"Được vài năm ông bị bệnh mất, táng ở phía nam núi."
q14_15_page_82-0021,Người bản-xứ có dựng đền thờ.
q14_15_page_83-0001,ĐÈN UY-MINH-VƯƠNG NHÀ LÝ
q14_15_page_83-0002,Ở núi Quả-Sơn làng Bạch-Đường thuộc huyện Lương-Sơn.
q14_15_page_83-0003,"Vua là con thứ 8 vua Lý-Thái-Tổ tên tự là Nhật-Quang, được phong làm Uy-Minh-Vương."
q14_15_page_83-0004,"Trước đã làm Tri-châu Nghệ-An, dân rất tín phục."
q14_15_page_83-0005,"Nước Chiêm-Thành nghe tiếng, cũng xin cung cống."
q14_15_page_83-0006,"Sau nước Chiêm xảy ra việc bộ lạc phản bội, chúa Chiêm cho người sang cầu cứu, vua đem quân đến thẳng cửa bể Thị-Nại, đóng quân ở dưới núi Tam-Tòa."
q14_15_page_83-0007,"Những bộ lạc nước Chiêm nghe tiếng, đều đến cửa dinh xin hàng, và từ nay xin theo mạnh lệnh chúa Chiêm, vua liền kéo quân về."
q14_15_page_83-0008,"Người nước Chiêm nhớ ơn, có lập đền thờ ở dưới núi Tam-Tòa (việc có chép rõ ở quyền Bình-Định Tình Chí)."
q14_15_page_83-0009,"Sau vua dời châu-ly về xã Bạch-Đường, rồi lâm-bệnh mất ở đấy."
q14_15_page_83-0010,"Dân truy nhớ công đức, lập đền thờ ngay đấy."
q14_15_page_83-0011,"Dân các làng trong hạt cũng nhiều nơi lập đền thờ, gọi là Thành-Hoàng Tam-Tòa."
q14_15_page_83-0012,"Đền Cần-Hải Ở làng Hương-Cần, thuộc huyện Quỳnh-Lưu."
q14_15_page_83-0013,"Khoảng năm Tường-Hưng nhà Tống, quân Tống bị thua ở Nhai-Sơn, bà Dương Thái-Hậu cùng 3 công-chúa đều nhảy xuống bề."
q14_15_page_83-0014,"Trời chợt nổi gió bão, xác trồi giạt vào cửa Cờn, mà sắc vẫn như lúc sống."
q14_15_page_83-0015,Người ở đây liền lập đến để thờ.
q14_15_page_83-0016,"Sách Sứ-Ký nhà Trần có chép rằng: Năm Hưng-Long thứ 12 (1304) vua Anh-Tôn thân chinh Chiêm-Thành, khi thuyền đến cửa Cờn, đêm thấy Thần báo mộng rằng: «Thiếp là Phi-Tử nhà Triệu-Tống, bị giặc đuồi gấp, phải khốn đốn ở nơi sống gió, nay Thượng-Đế sắc phong cho làm Thần ở cửa bể này đã lâu, vậy xin giúp vua đề diệt giặc»."
q14_15_page_83-0017,"Vua chợt tỉnh dậy, cho sửa lễ kính tế."
q14_15_page_83-0018,"Khi vua cất quân ra đi, sóng gió yên lặng, quân vào thẳng thành Đồ-Bàn, quân Chiêm phải ra hàng."
q14_15_page_83-0019,"Khi khải-hoàn, vua gia phong là «Quốc-Gia Nam-Hải Đại-Cờn Thánh-Nương» và làm thêm đền miếu."
q14_15_page_83-0020,"Đến triều nhà Lê, năm Hồng-Đức (1470), vua Thánh-Tôn thân chinh Chiêm-Thành."
q14_15_page_83-0021,"Khi thuyền qua cửa Cờn, có đến đền mật đảo, thấy sóng êm gió lặng; quân kéo vào đánh, thẳng được quân Chiêm."
q14_15_page_83-0022,"Khi kéo quân về, thuyền vua đã đi qua cửa Biện, tự nhiên gió đông nổi lên, quay buồm cho thuyền lại trờ lại dưới đền, vua bèn gia phong, cho dựng thêm đền miếu, và đặt tên chỗ quay thuyền là thôn Đông-Hồi."
q14_15_page_83-0023,"Về sau đền này vẫn thường linh ứng, hàng năm cứ đến tháng chạp có hội đua thuyền, thiên hạ đến xem rất đông."
q14_15_page_83-0024,Triều Nguyễn cũng thường gia-phong.
q14_15_page_83-0025,Nay khắp trong nước nhiều nơi có đền thờ.
q14_15_page_84-0001,ĐÈN BÀ LIỄU-HẠNH CÔNG-CHÚA
q14_15_page_84-0002,"Ở thôn Thạnh-Mỹ, làng Cao-Xá, huyện Đông-Thành; lại ở làng La-Hoàng huyện Hưng-Nguyên cũng có thờ (Sự tích đã chép rõ ở tập Nam-Định Tỉnh Chí)."
q14_15_page_84-0003,ĐỀN THỜ THẦN CAO-VƯƠNG
q14_15_page_84-0004,"Do hai tổng Quan-Trung, và Thái-Xá (thuộc huyện Đông-Thành) cùng thờ (Sự tích đã chú rõ ở tập Hai-Dương Tỉnh-Chí)."
q14_15_page_84-0005,"Đền Tống-Chinh Ở làng Lương-Trường huyện Thanh-Chương, thờ thần Nghĩa-quận-công họ Tống, tên là Tất-Thắng (Sự tích có chép rõ ở Nhân-Vật-Chí."
q14_15_page_85-0001,"Đền Triều-Khẩu Ở thôn Hưng-Phước thuộc huyện Hưng-Nguyên, thờ thần Chiêu-Trưng-Vương họ Lê tên là Khôi, cũng thường gọi là đền Chiêu-Trưng (Sự tích chép rõ ở Thanh-Hóa Tinh-Chi)."
q14_15_page_85-0002,ĐÈN TẤN-QUẬN-CÔNG.
q14_15_page_85-0003,"Ở làng Xuân-Ò huyện Nam-Đàn, thờ ông Nguyễn-Cảnh-Hoan (Sự tích chép rõ trong Nhân-Vật-Chí)."
q14_15_page_85-0004,ĐÈN ĐỘC-LÔI
q14_15_page_85-0005,"Ở núi Độc-Lôi, làng Hữu-Biệt thuộc huyện Nam-Đàn."
q14_15_page_85-0006,"Tục truyền thời nhà Lý có vị tướng-quân họ Phạm, được lệnh đi bình Man, đóng quân ở đây; chợt nghe trên trời có một tiếng sám, rồi tướng-quân bay lên trời đi mất."
q14_15_page_85-0007,"Việc tâu lên, vua nhà Lý sai lập đền thờ, vẫn có tiếng là linh ứng, nhân đặt tên đền là Độc-Lôi và tên núi cũng đặt là Độc-Lôi-Sơn."
q14_15_page_85-0008,Cỏ cây xanh tốt không ai dám đến chặt.
q14_15_page_85-0009,"Xét quyền Hoan-Châu Phong-Thồ-Ký có nói: Núi Độc-Lôi cây cối cao ngất trời, ai chặt thì có tai họa."
q14_15_page_86-0001,TỰ QUÁN
q14_15_page_86-0002,CHÙA HƯƠNG-LÂM
q14_15_page_86-0003,"Ở làng Nộn-Hồ, thuộc huyện Nam-Đàn, phong cảnh tính mịch đáng cho người ta thưởng ngoạn."
q14_15_page_86-0004,CHÙA BỘT-ĐÀ
q14_15_page_86-0005,"Ở dưới núi Bột-Đà, tại xã Phật-Kệ thuộc huyện Lương-Sơn, có am viện rộng rãi."
q14_15_page_86-0006,CHÙA AN-QUỐC
q14_15_page_86-0007,"Ở trên núi Hùng-Sơn, xã Nghĩa-Liệt, thuộc huyện Hưng-Nguyên."
q14_15_page_86-0008,"Sau chùa có núi Tượng-Đầu, phía trước có khe Tiên-Đan thường có nước thơm chảy ra, người ta thường gọi là suối An-Quốc."
q14_15_page_86-0009,Ông La-Sơn Nguyễn-Biểu đời nhà Trần tuần tiết ở đây.
q14_15_page_86-0010,Sự tích đã chép ở tập Hà-Tĩnh Tỉnh-Chi.
q14_15_page_86-0011,CHÙA LINH-VÂN
q14_15_page_86-0012,"Ở làng Yên-Trường thuộc huyện Nghi-Lộc, do ông Cao-Biển nhà Đường lập ra; phía trước có sông, bên cạnh có giếng đá, phong cảnh rất nên thơ."
q14_15_page_86-0013,CHÙA LÃ-SƠN
q14_15_page_86-0014,Ở làng Ấng-Độ thuộc huyện Nghi-Lộc.
q14_15_page_86-0015,Cũng là một cảnh danh thắng vậy.
q14_15_page_87-0001,CỬA Ải và CỬA bể 2
q14_15_page_87-0002,CỬA KHẢ-LƯU
q14_15_page_87-0003,"Ở bờ phía bắc sông Lam, về phía tây cách huyện Lương-Sơn 20 dặm."
q14_15_page_87-0004,Xưa vua Lê-Thái-Tổ cùng với tướng nhà Minh đánh nhau ở đây.
q14_15_page_87-0005,"Trước có đồn đóng, nay bỏ."
q14_15_page_87-0006,CỬA AN-QUỐC
q14_15_page_87-0007,"Ở bờ phía bắc sông Lam, về phía tây cách huyện Hưng."
q14_15_page_87-0008,Nguyên 33 dặm. Nguyên trước là cửa Khu-Độc thuộc huyện Nghi-Xuân.
q14_15_page_87-0009,Đến năm Tự-Đức thứ 4 (1851) mới dời về đây đổi là cửa An-Quốc.
q14_15_page_87-0010,"Trước có đồn đóng, nay bỏ."
q14_15_page_87-0011,CỬA LÃNG-ĐIỀN
q14_15_page_87-0012,Ở phía tây cách Huyện Lương-Sơn 26 dặm.
q14_15_page_87-0013,Trước có 50 quân đóng.
q14_15_page_87-0014,Năm Tự-Đức thứ 3 (1850) bãi bỏ; giao lại cho dân sở-tại canh giữ.
q14_15_page_87-0015,CỬA LỬƠNG-TRƯỜNG
q14_15_page_87-0016,Ở bờ phía nam sông Lam thuộc huyện Thanh-Chương.
q14_15_page_87-0017,Đối diện bên kia sông có chợ Sa-Nam.
q14_15_page_87-0018,"Nơi đây phía tây bắt nguồn từ nguồn núi, phía đông suốt ra đến cửa bể, phía bắc thông với PHỦ Diễn-Châu."
q14_15_page_87-0019,"ĐƯỜNG THỦY đường bộ tấp nập, thật là một nơi đồ hội của tỉnh Nghệ-An."
q14_15_page_87-0020,"Trước có đồn đóng, nay bỏ."
q14_15_page_88-0001,ĐỒN BẢO VĨNH-LỘC
q14_15_page_88-0002,"Phía bắc cách huyện Quỳnh-Lưu 29 dặm, giáp giới tỉnh Thanh-Hóa."
q14_15_page_88-0003,"Trước có đặt một viên suất-đội, và 50 lính canh phòng, nhưng nay bỏ."
q14_15_page_88-0004,ĐỒN BẢO MANG-THIÊN
q14_15_page_88-0005,Ở giáp giới huyện Kỳ-Sơn.
q14_15_page_88-0006,"Trước có lính lệ canh giữ, nay bỏ."
q14_15_page_88-0007,ĐỒN KỲ-LÂN
q14_15_page_88-0008,"Ở làng Yên-Dũng phía nam huyện Nghi-Lộc, nay bỏ."
q14_15_page_88-0009,ĐỒN HỘI-THỐNĆ
q14_15_page_88-0010,"Ở làng Hội-Thống, phía đông huyện Nghi-Lộc, nay bỏ."
q14_15_page_88-0011,ĐỒN CỬA-HỘI
q14_15_page_88-0012,Ở phía đông-nam huyện Nghi-Lộc cách 27 dặm.
q14_15_page_88-0013,Bờ phía nam là địa giới huyện Nghi-Xuân.
q14_15_page_88-0014,"Cửa bể rộng 35 trượng, lúc nước triều lên sâu 7 thước 3 tấc, nước xuống thì sâu 5 thước 3 tấc."
q14_15_page_88-0015,"Cách bãi bể vài dặm có đảo Song-Ngư, ngoài đảo Song-Ngư có đảo Quỳnh-Nhai."
q14_15_page_88-0016,"Cửa bể có những bãi cát chìm quanh co, thuyền buôn ra vào rất khó khăn."
q14_15_page_88-0017,"Đồn đặt ở làng Lộc-Châu có một chức Thủ-ngữ, một chức Hiệp-thủ và 30 lính."
q14_15_page_88-0018,Đầu năm Đồng-Khánh bãi bỏ.
q14_15_page_88-0019,"Xét cửa Hội này trước gọi là Đan-Thái, cũng có tên gọi là Đan-Nhai."
q14_15_page_88_89-0001,"Vua Lê-Thánh-Tôn khi nam-tuần đến cửa bể này có thơ rằng «Tường hải án nhiên yêu thận tức, «Tâm cơ vong xứ chử âu miền."
q14_15_page_89-0001,«Hy kỳ tam tọa thanh u cảnh.
q14_15_page_89-0002,«Đoạn tục song ngư tử thủy điền.»
q14_15_page_89-0003,"(Bể lành yên hẳn quái yêu, (Tâm cơ quên hẳn chim đu ngủ lỳ."
q14_15_page_89-0004,(Ba tòa cảnh rất thanh kỳ.
q14_15_page_89-0005,(Song-Ngư đảo ấy xanh rì đầu non).
q14_15_page_89-0006,"Khi triều Nguyễn tấn đánh tỉnh Nghệ-An, Phó-tướng thủy-sư là Nguyễn-Cửu-Kiều đánh vỡ được quân chúa Trịnh ở cửa bể Đan-Nhai, tức là nơi này."
q14_15_page_89-0007,"Cửa bể này trước có đền thờ ông Vương-Bột (đời Đường), nhưng bỏ đã lâu."
q14_15_page_89-0008,"Sách Nghệ-An Phong-ThĐ-Ký của ông Bùi-Dương-Lịch có chép: Về đời nhà Trần có ông Đoàn-Nhữ-Hài đi đánh nước Ai-Lao bị thua chết đuối ở đây, không biết có phải không?"
q14_15_page_89-0009,"Sách Thủy-Kinh-Chú nói: Nước Lâm-Ấp đến cướp quận Cửu-Đức, đi lối đường Hội-Phố, tức là chỗ này."
q14_15_page_89-0010,CỬA TẤN XÁ-HẢI
q14_15_page_89-0011,"Ở về phía đông-bắc huyện Nghi-Lộc cách huyện 13 dặm, là chỗ phân địa giới với huyện Hưng-Nguyên."
q14_15_page_89-0012,"Cửa tấn rộng 30 trượng, do nước sông Cẩm chảy vào."
q14_15_page_89-0013,"Nước thủy-triều lên sâu 6 thước 5 tấc, nước rồng sâu 2 thước 5 tấc."
q14_15_page_89-0014,"Trước có đồn canh. Từ năm Tự-Đức thứ 3 (1850) bãi bỏ, giao cho dân sở-tại canh giữ."
q14_15_page_89-0015,CỬA TẤN HIỀN-HẢI
q14_15_page_89-0016,"Ở phía đông-bắc huyện Hưng-Nguyên, cách huyện 35 dặm; là chỗ phân địa giới huyện Hồng-Thành."
q14_15_page_89-0017,Cửa này do nước ở sông La Hoàng và Nề-Khê chảy vào.
q14_15_page_89-0018,"Trên khe có cảng sắt, nước cạn cát đầy, thuyền bè đi lại rất khó, thường phải ra cửa Vạn rồi vào cửa Hiền thì mới thuận tiện."
q14_15_page_89-0019,"Người ta thường gọi là «Truyền-Môn-Phiếm», nay cát bồi lấp hẳn."
q14_15_page_90-0001,CỬA VẠN
q14_15_page_90-0002,"Ở phía đông huyện Đông-Thành, cách huyện 4 dặm, rộng 20 trượng."
q14_15_page_90-0003,Cửa này do nước sông Phùng chảy vào.
q14_15_page_90-0004,Nước lên sâu 6 thước 5 tấc; nước xuống sâu 2 thước 5 tấc.
q14_15_page_90-0005,Nguồn sông nông và gần mà nước thủy-triều dâng lên rất xa.
q14_15_page_90-0006,CỬA THAI
q14_15_page_90-0007,"Ở phía đông huyện Quỳnh-Lưu, cách huyện 12 dặm."
q14_15_page_90-0008,Đây là chỗ phân địa giới với huyện Yên-Thành do nước sông Giát chảy vào.
q14_15_page_90-0009,"Cửa bể rất hẹp, lại có chân núi đá Kiến-Sơn nằm ngang, nên thuyền bè ra vào không tiện."
q14_15_page_90-0010,CỬA QUYỀN
q14_15_page_90-0011,"Ở phía đông bắc huyện Quỳnh-Lưu, cách huyện 32 dặm."
q14_15_page_90-0012,"Cửa bể này do nước sông Hoàng-Mai, sông Ngọc-Đề chảy vào, rộng 37 trượng."
q14_15_page_90-0013,"Nước triều lên sâu 9 thước, nước xuống sâu 5 thước, có đảo Long-Dữ đứng ở quãng đó."
q14_15_page_90-0014,"Lúc nước xuống, ở hốc đá có tiếng như tiếng trống, tục thường gọi là «Thủy cổ» (trống nước)."
q14_15_page_90-0015,CỬA CỜN.
q14_15_page_90-0016,"Ở phía đông-bắc huyện Quỳnh-Lưu, cách huyện 30 dặm."
q14_15_page_90-0017,"Cửa này do nước sông Hoàng-Mai chảy vào, lúc nước lên sâu 7 thước, nước xuống sâu 3 thước."
q14_15_page_90-0018,"Nguồn sông nông và gần, nước mặn dâng ngược lên rất xa."
q14_15_page_90-0019,Khi vua Lê-Thánh-Tôn nam-tuần có thơ rằng
q14_15_page_92-0001,DỊCH TRẠM
q14_15_page_92-0002,"(Ngày trước có đặt 5 trạm ở đường Thiên-Lý, lại mới đặt 25 trạm ở các đường quan báo) TRẠM YÊN-QUỲNH."
q14_15_page_92-0003,"Ở làng Quỳnh-Văn, huyện Quỳnh-Lưu."
q14_15_page_92-0004,"Phía bắc đến trạm Thanh-Khoa thuộc tỉnh Thanh-Hóa 38 dặm, phía nam đến trạm Yên-Lũy 34 dặm."
q14_15_page_92-0005,TRẠM YÊN-LŨY
q14_15_page_92-0006,"Ở làng Tây-Lũy, thuộc huyện Đông-Thành."
q14_15_page_92-0007,Phía nam đến trạm Yên-Hương 24 dặm.
q14_15_page_92-0008,TRẠM YÊN-HƯƠNG
q14_15_page_92-0009,Ở làng Hương-Ấi thuộc huyện Đông-Thành.
q14_15_page_92-0010,Phía nam đến trạm Yên-Kim 20 dặm.
q14_15_page_92-0011,TRẠM YÊN-KIM
q14_15_page_92-0012,"Ở làng Kim-Khê, thuộc huyện Nghi-Lộc."
q14_15_page_92-0013,Phía nam đến trạm Yên-Dũng 29 dặm.
q14_15_page_92-0014,TRẠM YÊN-DŨNG
q14_15_page_92-0015,Ở làng Dũng-Quyết thuộc huyện Nghi-Lộc.
q14_15_page_92-0016,Phía nam đến trạm Tĩnh-Liêu (nay đổi là Tinh-Liêu tức trạm Treo thuộc tỉnh Hà-Tĩnh) 33 dặm.
q14_15_page_93-0001,TRẠM BẢO-NHAM
q14_15_page_93-0002,"Ở thôn Bảo-Nham, thuộc huyện Yên-Thành."
q14_15_page_93-0003,"Từ đây trở xuống 14 trạm, từ phủ Diễn-Châu đến các đường thuộc phủ Anh-Sơn, Tương-Dương, cách nhau bao nhiêu dặm chưa rõ"
q14_15_page_93-0004,TRẠM LƯƠNG-PHƯỚC
q14_15_page_93-0005,"Ở thôn Phước-Thụy, làng Đô-Lương, thuộc huyện Lương-Sơn."
q14_15_page_93-0006,TRẠM LƯƠNG-THỌ
q14_15_page_93-0007,"Ở thôn Đông-Thọ, thuộc huyện Lương-Sơn."
q14_15_page_93-0008,TRẠM LƯƠNG-LẺ
q14_15_page_93-0009,"Ở làng Tri-Lê, thuộc huyện Lương-Sơn."
q14_15_page_93-0010,TRẠM LƯƠNG-LÃNG
q14_15_page_93-0011,"Ở làng Quan-Lăng, thuộc huyện Lương-Sơn."
q14_15_page_93-0012,TRẠM CON-CUÔNG
q14_15_page_93-0013,"Ở làng Chính-Yên, thuộc phủ Tương-Dương."
q14_15_page_93-0014,TRẠM KHE-QUANG
q14_15_page_93-0015,"Ở làng Môn. Sơn, thuộc phủ Tương-Dương."
q14_15_page_94-0001,TRẠM BÃI-XA
q14_15_page_94-0002,"Ở làng Quang-Lãng, thuộc phủ Tương-Dương."
q14_15_page_94-0003,TRẠM NA-KHAM
q14_15_page_94-0004,"Ở làng Bảo-An, thuộc phủ Tương-Dương."
q14_15_page_94-0005,TRẠM CANH-THÁP
q14_15_page_94-0006,"Ở làng Thạch-Giám, thuộc phủ Tương-Dương."
q14_15_page_94-0007,TRẠM CỬA-RÀO
q14_15_page_94-0008,"Ở làng Xá-Lượng, thuộc phủ Tương-Dương."
q14_15_page_94-0009,TRẠM KHE-KIỀN
q14_15_page_94-0010,"Ở làng Thạch-Khuông, thuộc phủ Tương-Dương."
q14_15_page_94-0011,TRẠM CA-NAN
q14_15_page_94-0012,Ở làng Chiều-Lưu thuộc phủ Tương-Dương.
q14_15_page_94-0013,TRẠM MANG-THEN
q14_15_page_94-0014,"Ở làng Hiếu-Kiệm, thuộc phủ Tương-Dương."
q14_15_page_94-0015,TRẠM YÊN-THÁI
q14_15_page_94-0016,"Ở làng Thái-Lão, thuộc phủ Hưng-Nguyên."
q14_15_page_94-0017,Từ đây trở xuống 3 trạm đều ở vào các con đường từ phủ Hưng-Nguyên đến huyện Nam-Đàn và huyện Thanh-Chương
q14_15_page_94-0018,TRẠM NAM-DIÊN
q14_15_page_94-0019,"Ở làng Diên-Lãm, thuộc huyện Nam-Đàn."
q14_15_page_95-0001,TRẠM VÕ-LIỆT
q14_15_page_95-0002,"Ở làng Võ-Liệt, thuộc huyện Thanh-Chương."
q14_15_page_95-0003,TRẠM MẶC-TẢO.
q14_15_page_95-0004,"Ở làng Mặc-Tảo, thuộc huyện Đông-Thành."
q14_15_page_95-0005,Từ đây trở xuống 3 trạm ở vào các con đường từ phủ Diễn-Châu đi Quỳ-Châu TRẠM TAM-LỄ.
q14_15_page_95-0006,Ở làng Tam-Lễ thuộc huyện Quỳnh-Lưu.
q14_15_page_95-0007,TRẠM ĐẠI-TRUNG.
q14_15_page_95-0008,"Ở làng Phác-Lỗ, huyện Nghĩa-Đàn."
q14_15_page_96-0001,ĐƯỜNG SÁ
q14_15_page_96-0002,ĐƯỜNG SẮT
q14_15_page_96-0003,"Đường sắt này phía nam từ Hạ-Thôn làng Yên-Dũng thuộc huyện Nghi-Lộc) phía bắc đến thôn Vĩnh-Lộc thuộc huyện Quỳnh-Lưu, công 8700 thước tây, thành 21.750 thước ta."
q14_15_page_96-0004,Đấp từ năm Thành-Thái thứ 3 (1891).
q14_15_page_96-0005,ĐƯỜNG THIÊN-LÝ
q14_15_page_96-0006,"Một con đường từ Đồ-Lạch sông Lam, qua trạm Yên-Dũng và Yên-Kim, qua sở-tại huyện Nghi-Lộc, đến bờ phía nam sông Cấm, dài 46 dặm."
q14_15_page_96-0007,"Lại từ bờ phía bắc sông Lam qua địa giới phủ Hưng-Nguyên, đến làng Tập-Phúc giáp giới huyện Đông-Thành 8 dặm."
q14_15_page_96-0008,"Lại do quán Tuần qua trạm Yên-Hương, qua phủ-thành Diễn-Châu, chuyển sang trạm Yên-Lũy đến phía nam cầu Giát, dài 56 dặm."
q14_15_page_96-0009,"Lại từ phía bắc cầu Giát qua địa giới huyện Quỳnh-Lưu, chuyển sang trạm Yên-Quỳnh đến khe Nước-Lạnh, giáp địa giới tỉnh Thanh-Hóa dài 29 dặm."
q14_15_page_96-0010,Từ nam tới bắc dài suốt 139 dặm.
q14_15_page_96-0011,ĐƯỜNG QUAN-BÁO
q14_15_page_96-0012,"Một con đường từ phía đông phủ-lỵ Anh-Sơn, qua địa giới huyện Lương-Sơn, huyện Nam-Đàn đến Cầu-Đước, rồi qua phủ-lỵ Hưng-Nguyên đến tỉnh-thành, dài 86 dặm 51 trượng."
q14_15_page_97-0001,"Một con đường từ phía tây phủ-lỵ Anh-Sơn, giáp giới phủ Tương-Dương dài 51 dặm."
q14_15_page_97-0002,"Một con đường từ phủ-lỵ Tương-Dương, phía bắc qua các trạm Thạch-Giám, Cự-Hào đến trạm Mang-Then giáp địa giới phủ Trấn-Ninh, hành trình đi 5 ngày."
q14_15_page_97-0003,"Một con đường từ phủ-lỵ Tương-Dương, qua trạm Trầm-Hương đến cửa sông Tam-Giang thuộc thôn Tào-Giang, giáp địa giới phủ Anh-Sơn, hành trình đi 2 ngày."
q14_15_page_97-0004,"Một con đường từ phủ-lỵ Quỳ-Châu, phía đông qua sách Phác-Lỗ giáp con đường thiên-lý huyện Quỳnh-Lưu, hành trình mất già nửa ngày."
q14_15_page_97-0005,ĐƯỜNG NHỎ
q14_15_page_97-0006,"Một con đường từ địa giới phủ Anh-Sơn, phía bắc đến giáp giới huyện Yên-Thành, dài 115 trượng."
q14_15_page_97-0007,"Một con đường từ địa-giới phủ Anh-Sơn, phía nam đến địa giới huyện Thanh-Chương, dài 120 trượng."
q14_15_page_97-0008,"Một con đường thuộc huyện Thanh-Chương: Từ chỗ huyện ly cũ ở làng Lương-Trường, cứ theo bờ sông sang phía tây-bắc, qua cầu thôn Bích-Triều, rồi qua bến đỏ sông Rỗ, lại qua cầu thôn Ngọc-Lâm, rồi qua 2 bến đỏ sông Lai và sông Dương đến làng Cát-Ngạn giáp giới huyện Lương-Sơn và phủ Tương-Dương, dài 179 dặm."
q14_15_page_97-0009,"Một con đường cứ theo bờ sông sang phía nam qua cầu Ngũ-Phúc và cầu Trung-Hội đến bến đò thôn Tường-Xá giáp giới huyện La-Sơn thuộc tỉnh Hà-Tĩnh, dài hơn 150 dặm."
q14_15_page_97-0010,"Một con đường phía đông qua Đồ-Vạn thuộc huyện Thanh-Chương, giáp địa giới huyện Nam-Đàn, dài 60 trượng."
q14_15_page_97-0011,"Một con đường ở phủ Hưng-Nguyên, phía nam qua thôn Kim Mã, thôn Xuân-Thịnh đến Làng Triều-Khâu thuộc tổng Văn-Viên giáp giới huyện La-Sơn tỉnh Hà-Tĩnh, dài 10 dặm."
q14_15_page_97-0012,"Một con đường về phía bắc, qua thôn Hưng-Long, thôn Bảo-Đà, đến làng Thiết-Sơn thuộc tổng Vân-Trình, giáp giới huyện Đông-Thành, dài 20 dặm."
q14_15_page_97-0013,"Một con đường ở huyện Nghi-Lộc, từ huyện-lỵ phía tây qua làng Cao-Xá thuộc tổng Kim-Nguyên-giáp làng Thanh-Phong, làng Bùi-Châu thuộc phủ Hưng-Nguyên, dài 5 dặm."
q14_15_page_98-0001,"Một con đường phía đông đến đồn Cửa-Hội ở làng Lộc-Châu, dài hơn 33 dặm."
q14_15_page_98-0002,"Một con đường phía đông qua làng Văn-Xá, làng Thượng-Xá đến đồn Cửa-Xá, dài hơn 22 dặm."
q14_15_page_98-0003,"Một con đường ở phủ Diễn-Châu, từ phủ thành phía đông đến Cửa-Vạn dài 3 dặm."
q14_15_page_98-0004,"Một con đường từ phía tây phủ-thành, qua tổng Vân-Tụ thuộc huyện Yên-Thành giáp địa giới phủ Anh-Sơn, dài 55 dặm."
q14_15_page_98-0005,"Một con đường ở huyện Quỳnh-Lưu, từ huyện-lỵ phía đông qua sông Hào, đến làng Phú-Nghĩa suốt ra đến đồn Cửa-Quyền, dài hơn 13 dặm."
q14_15_page_98-0006,"Một con đường từ huyện-lỵ Quỳnh-Lưu, phía tây đến thôn Xuân-Thọ giáp phủ Quỳ-Châu, dài hơn 39 dặm."
q14_15_page_98-0007,"Một con đường ở phủ Quỳ-Châu, từ phía tây phủ-lỵ qua huyện Thúy-Vân, giáp giới phủ Tương-Dương, hành trình đi 4 ngày rưỡi."
q14_15_page_98-0008,"Một con đường từ phía nam phủ-lỵ qua làng Tri-Chỉ, làng Tri-Lê, giáp giới phủ Tương-Dương và phủ Anh-Sơn, hành trình nửa ngày."
q14_15_page_98-0009,"Một con đường từ phía bắc phủ Quỳ-Châu, qua huyện Quế-Phong giáp địa giới tỉnh Thanh-Hóa, hành trình một ngày rưỡi."
q14_15_page_99-0001,ĐƯỜNG THỦY
q14_15_page_99-0002,"Phủ Tương-Dương có một con sông lớn gọi là sông Mộ, từ phủ Trấn-Ninh chảy xuống, hợp với sông Tương dài 47 dặm."
q14_15_page_99-0003,"Lại từ sông Tương qua các huyện Kỳ-Sơn, Hội-Nguyên, Vĩnh-Hoà, Tương-Dương qua phủ-lỵ đến phường Tam-Giang thuộc huyện Lương-Sơn dài 153 dặm."
q14_15_page_99-0004,"Phủ Quỳ-Châu có một con sông gọi là sông Hiếu, từ huyện Sầm-Tộ chảy xuống, qua phủ hạt đến phường Tam-Giang thuộc huyện Lương-Sơn dài 120 dặm."
q14_15_page_99-0005,"Lại từ ngã-ba sông Lương hợp lại chảy vào sông Lam, qua các phủ huyện Lương-Sơn, Nam-Đàn, Thanh-Chương, Hưng-Nguyên, Nghi-Lộc, đến cửa Hội dài 468 dặm."
q14_15_page_99-0006,"Phủ Diễn-Châu có một con sông lớn, gọi là sông Phùng, từ giáp Yên-Vinh tổng Vân-Tú thuộc huyện Yên-Thành chảy xuống phía đông, qua bến đỏ Tam-Kỳ thuộc thôn Thổ-Hậu làng Hạnh-Lâm tổng Lý-Trai suốt ra cửa Vạn dài hơn 20 dặm."
q14_15_page_99-0007,"Huyện Quỳnh-Lưu có một con sông lớn gọi là sông Hoàng-Mai từ bến Nghi chảy xuống, qua bến đò Hoàng-Mai suốt ra cửa Cờn dài 18 dặm."
q14_15_page_99-0008,"Phủ Diễn-Châu có một con sông nhỏ gọi là sông Giát, từ thôn Trường-Hậu qua cầu Giát đến cửa Đài, dài 16 dặm rog trượng."
q14_15_page_99-0009,"Huyện Quỳnh-Lưu có một con sông nhỏ, từ cửa Ngọc-Huy xứ Tam-Kỳ chảy suốt ra cửa Quyền dài 24 dặm."
q14_15_page_99-0010,"Huyện Thanh-Chương có một con sông nhỏ gọi là sông Dương, từ tổng Môn-Sơn thuộc phủ Tương-Dương chảy xuống, suốt ra bến đỏ sông Dương dài 112 dặm."
q14_15_page_99_100-0001,"Một con sông nữa gọi là sông Lai, từ núi Thần-Iý chảy xuống phía đông, qua phường làng Hòa-Quân, làng Thanh-Khiết đến bến đò sông Lai dài 32 dặm."
q14_15_page_100-0001,"Một con sông nữa gọi là sông Ro từ núi Thần-Tý chảy xuống, qua 5 xã thôn là Thanh-Chử, Lai-Nhã, Bão-Đức, Mô-Vịnh, Minh-Quả, đến bến đồ sông Rỗ dài 21 dặm."
q14_15_page_100-0002,"Phủ Hưng-Nguyên có một con sông nhỏ từ sông lớn ở thôn Phước-Xuyên chia dòng chảy xuống; vòng quanh các làng Xuân-Nha Ngũ-Lộc (thuộc huyện Nghi-Xuân) tỉnh Hà-Tĩnh, lại chảy vào sông cái, dài 2 dặm."
q14_15_page_100-0003,"Một con sông từ sông Lam chia nhánh chảy lượn về phía bắc, qua cửa bên hữu tỉnh-thành chảy suốt ra cầu Đích đến sông Cấm, rồi chảy ra phía đông đến cửa Xá, dài 8 r dặm."
q14_15_page_100-0004,ĐƯỜNG CẢNG.
q14_15_page_100-0005,Phủ Hưng-Nguyên có một con đường thủy từ sông Cấm chia nhánh phía bắc qua 2 làng La-Vân giáp làng Tập-Phúc (thuộc huyện Đông-Thành) dài 10 dặm.
q14_15_page_100-0006,"Phủ Diễn-Châu có một con đường từ thôn Thổ-Hậu qua làng Phú-Hậu (thuộc tổng Quan-Trung), làng Nho-Lâm (thuộc tổng Cao-Xá) chảy quanh suốt ra đò Cấm ở cảng Sát, dài 9 dặm."
q14_15_page_100-0007,Lại một con đường từ đồ Vạn thuộc xã Vạn-Phần đến địa phận cảng xã Văn-Phúc (thuộc huyện Quỳnh-Lưu) dài 25 dặm.
q14_15_page_100-0008,"Hnyện Quỳnh-Lưu có một con đường thủy gọi là Mỹ-Cảng, dài 20 dặm 45 trượng."
q14_15_page_100-0009,"Lại một con đường nữa gọi là cảng Tang, dài 9 dặm 50 trượng."
q14_15_page_100-0010,"Một đường nữa gọi là cảng Xước chảy qua làng Dị-Nậu đến Khe Nước-Lạnh giáp địa giới Thanh-Hóa, dài 20 dặm 132 trượng."
q14_15_page_101-0001,BẾN ĐÒ
q14_15_page_101-0002,BẾN' SÔNG LẠCH
q14_15_page_101-0003,"Ở làng Dũng-Quyết thuộc huyện Nghi-Lộc, bên kia bờ là làng An-Lạc thuộc huyện Nghi-Xuân tỉnh Hà-Tĩnh."
q14_15_page_101-0004,BẾN SÔNG PHŬNG
q14_15_page_101-0005,"Ở làng Phùng-Xá và làng Lý-Trai, hai làng đối ngạn nhau ở hai bên bờ sông, cùng thuộc huyện Đông-Thành."
q14_15_page_101-0006,BẾN HOÀNG-MAI
q14_15_page_101-0007,Ở làng Hoàng-Mai thuộc huyện Quỳnh-Lưu.
q14_15_page_101-0008,Từ đây trở lên 3 bến đỏ này đều ở giáp đường thiên-lý.
q14_15_page_101-0009,BẾN SA-NAM
q14_15_page_101-0010,"Ở làng Lương-Lãm thuộc huyện Nam-Đàn, đối ngạn là làng Lương-Trường thuộc huyện Thanh-Chương."
q14_15_page_101-0011,BẾN ĐÒ GANG
q14_15_page_101-0012,"Ở thôn Đa-Cương thuộc huyện Nam-Đàn, đối ngạn là làng Xuân-Phùng."
q14_15_page_101-0013,BẾN PHÙ-THẠCH
q14_15_page_101-0014,Ở thôn Phúc-Xuyên thuộc phủ Hưng-Nguyên.
q14_15_page_101-0015,Đối ngạn là
q14_15_page_103-0001,CẦU ĐẬP
q14_15_page_103-0002,"CẦU THƯỢNG-THÔNG (Từ đây trở xuống toàn cầu sắt) Ở thôn Vĩnh-Yên thuộc huyện Nghi-Lộc, dài 17 thước tây, ngang 4 thước tây."
q14_15_page_103-0003,CẦU BẦU
q14_15_page_103-0004,"Ở thôn Xuân-Dài thuộc huyện Nghi-Lộc, dài 6 thước, ngang 7 thước 2 tấc."
q14_15_page_103-0005,CẦU CẤM
q14_15_page_103-0006,"Ở làng Trí-Thủy huyện Nghi-Lộc, dài 112 thước, ngang 8 thước"
q14_15_page_103-0007,CẦU CỐNG-GIÁT
q14_15_page_103-0008,"Ở làng Tập. Phúc huyện Đông-Thành, dài 8 thước ngang 6 thước 5 tấc."
q14_15_page_103-0009,CẦU CAO
q14_15_page_103-0010,Ở thôn Đông-Khê huyện Đông-Thành dài 2 thước 8 tấc ngang 7 thước.
q14_15_page_103-0011,CẦU HÀNH
q14_15_page_103-0012,"Ở làng Yên-Lý huyện Đông-Thành, dài 2 thước 5 tấc, ngang, 7 thước."
q14_15_page_104-0001,CẦU CẨM-BÀO
q14_15_page_104-0002,"Ở thôn Cầm-Bào thuộc huyện Đông-Thành, dài 37 thước 2 tấc, ngang 6 thước 4 tấc."
q14_15_page_104-0003,CẦU BÔNG
q14_15_page_104-0004,"Ở thôn Ngọc-Bội huyện Đông-Thành dài 3 thước 4 tấc, ngang 6 thước 4 tấc."
q14_15_page_104-0005,CẦU ĐỒNG-ĐEN
q14_15_page_104-0006,"Ở địa phận thôn Kỳ-Ngải và thôn Đông-Trung, dài 3 thước, ngang 6 thước 4 tấc."
q14_15_page_104-0007,CẦU GIÁT
q14_15_page_104-0008,"Ở làng Nhân-Huống thuộc huyện Đông-Thành, dài 28 thước 8 tấc, ngang 6 thước 5 tấc."
q14_15_page_104-0009,CẦU PHÚC-THIÊM
q14_15_page_104-0010,"Ở thôn Phúc-Thiêm, thuộc huyện Đông-Thành, dài 41 thước 6 tấc, ngang 7 thước 2 tấc."
q14_15_page_104-0011,CẦU LỖI
q14_15_page_104-0012,"Ở thôn Tây-Khê thuộc huyện Đông-Thành, dài 26 thước 4 tấc, ngang 4 thước 5 tấc."
q14_15_page_104-0013,CẦU ĐỒ-ĐAO
q14_15_page_104-0014,"Ở địa phận thôn Yên-Xuân và thôn Trung-Hậu thuộc huyện Đông-Thành, dài 93 thước 6 tấc, ngang 8 thước 4 tấc."
q14_15_page_104-0015,CẦU LÀNG-ĐỒNG
q14_15_page_104-0016,"Ở làng Cao-Hậu thuộc huyện Đông-Thành, dài 4 thước, ngang 4 thước."
q14_15_page_105-0001,CẦU HẠ-PHAN
q14_15_page_105-0002,"Ở thôn Thỏa-Châu thuộc huyện Quỳnh-Lưu: dài 45 thước 5 tấc, ngang 1 thước 4 tấc."
q14_15_page_105-0003,CẦU BÁNG
q14_15_page_105-0004,"Ở thôn Thạch-Cầu huyện Quỳnh-Lưu: dài 26 thước, ngang 4 thước 1 tấc."
q14_15_page_105-0005,CẦU CÂY SANH
q14_15_page_105-0006,CẦU CÁT
q14_15_page_105-0007,Ở thôn Hữu-Vinh.
q14_15_page_105-0008,CẦU BÀ MỘ
q14_15_page_105-0009,"Ở thôn Hữu-Vĩnh, huyện Quỳnh-Lưu: dài 4 thước."
q14_15_page_105-0010,CẦU ĐỒNG-SƠ
q14_15_page_105-0011,Ở làng Quỳnh-Văn dài 4 thước.
q14_15_page_105-0012,CẦU KHE-BIỆN
q14_15_page_105-0013,Ở làng Quỳnh-Tự thuộc huyện Quỳnh-Lưu.
q14_15_page_105-0014,CẦU LỊCH-AO
q14_15_page_105-0015,"Dài 2 thước, cũng ở làng Quỳnh-Tụ."
q14_15_page_105-0016,CẦU HỊCH
q14_15_page_105-0017,"Dài 35 thước, ở thôn Lạc-Sơn thuộc huyện Quỳnh-Lưu."
q14_15_page_105-0018,CẦU ĐỒNG-SỐ
q14_15_page_105-0019,"Dài 17 thước 5 tấc, ở thôn Thọ-Vinh thuộc huyện Quỳnh-Lưu."
q14_15_page_106-0001,CẦU TỰ-BỘT
q14_15_page_106-0002,Ở thôn Hải-Lê thuộc huyện Quỳnh-Lưu: dài 2 thước.
q14_15_page_106-0003,CẦU KHE-SƠN
q14_15_page_106-0004,"Dài 8 thước, khoát 7 thước 1 tấc, cũng ở thôn Hải-Lê."
q14_15_page_106-0005,CẦU ĐẤT
q14_15_page_106-0006,"Dài 4 thước, ở thôn Vĩnh-Lộc."
q14_15_page_106-0007,CẦU LÃNH-NOÃN CẦU CHÍ
q14_15_page_106-0008,"Dài 100 thước, ngang 7 thước 5 tấc ở thôn Quý-Vinh thuộc huyện Quỳnh-Lưu."
q14_15_page_106-0009,CẦU CHÂU
q14_15_page_106-0010,"(Các cầu dưới đây đều bằng cây gỗ) Dài 4 thước, ngang 4 thước."
q14_15_page_106-0011,Ở thôn Trung-Mỹ phủ Anh-Sơn
q14_15_page_106-0012,CẦU TIÊN
q14_15_page_106-0013,"Dài 4 thước, ngang 4 thước."
q14_15_page_106-0014,Ở làng Phật-Kệ phủ Anh-Sơn.
q14_15_page_106-0015,CẦU ĐỒNG
q14_15_page_106-0016,"Dài 6 thước 5 tấc, ngang 4 thước; ở thôn Xuân-Như phủ Anh-Sơn."
q14_15_page_106-0017,CẦU THẦN
q14_15_page_106-0018,"Dài 22 thước 5 tấc, ngang 4 thước, ở thôn Phú-Nhuận phủ Anh-Sơn."
q14_15_page_106-0019,CẦU LỘNG
q14_15_page_106-0020,"Dài 10 thước, ngang 4 thước; ở thôn Khả-Phong và thôn Mộc-An phủ Anh-Sơn."
q14_15_page_107-0001,CẦU ĐỘN
q14_15_page_107-0002,"Dài 9 thước, ngang 4 thước; ở thôn Vĩnh-Yên phủ Anh-Sơn."
q14_15_page_107-0003,CẦU THIỆU
q14_15_page_107-0004,"Dài 22 thước, ngang 4 thước; ở địa phận 3 thôn: Vĩnh-Yên, Yên-Phú, và Yên-Lĩnh, thuộc phủ Anh-Sơn."
q14_15_page_107-0005,CẦU CHÙA
q14_15_page_107-0006,"Dài 30 thước, 5 tấc, ngang 4 thước; ở thôn Đa-Thọ phủ Anh-Sơn"
q14_15_page_107-0007,CẦU THÁP
q14_15_page_107-0008,Dài 30 thước ngang 4 thước; cũng ở thôn Đa-Thọ.
q14_15_page_107-0009,CẦU VỰC
q14_15_page_107-0010,"Dài 4 thước, ngang 4 thước; cũng ở thôn Đa-Thọ."
q14_15_page_107-0011,CẦU TẤN
q14_15_page_107-0012,"Dài 26 thước, ngang 4 thước; ở địa phận thôn Đa-Thọ, và thôn Tri-Lê."
q14_15_page_107-0013,CẦU ĐÀI
q14_15_page_107-0014,"Dài 29 thước 5 tấc, ngang 4 thước; ở làng Tri-Lê phủ Anh-Sơn."
q14_15_page_107-0015,CẦU ĐỒNG-KHAI
q14_15_page_107-0016,"Dài 6 thước 5 tấc, ngang 4 thước."
q14_15_page_107-0017,CẦU CỐI
q14_15_page_107-0018,"Dài 28 thước, ngang 4 thước."
q14_15_page_107-0019,CẦU SƠ
q14_15_page_107-0020,"Dài 40 thước, ngang 4 thước."
q14_15_page_108-0001,CẦU BẦNG
q14_15_page_108-0002,"Dài 23 thước, ngang 4 thước."
q14_15_page_108-0003,CẦU VĨNH
q14_15_page_108-0004,"Dài 34 thước, ngang 4 thước; ở thôn Thanh-Lãng, phủ Anh-Sơn."
q14_15_page_108-0005,CẦU NHỆN
q14_15_page_108-0006,"Dài 18 thước, ngang 4 thước; ở địa phận bai xã thôn Xuân-Dương và Phúc-Sơn, phủ Anh-Sơn."
q14_15_page_108-0007,CẦU CỤT
q14_15_page_108-0008,"Dài 31 thước, ngang 4 thước; ở thôn Phúc-Sơn."
q14_15_page_108-0009,CẦU SỬNG
q14_15_page_108-0010,"Dài 31 thước, ngang 4 thước; ở làng Xuân-Dương phủ Anh-Sơn."
q14_15_page_108-0011,CẦU ĐẠP-MÃ
q14_15_page_108-0012,Dài 18 thước: ở địa phận 2 làng Xuân-Dương và Quan-Lăng.
q14_15_page_108-0013,CẦU TRẦU
q14_15_page_108-0014,Dài 8 thước 5 tấc; ở làng Xuân-Dương.
q14_15_page_108-0015,"CẦU MAI, CẦU MÕ"
q14_15_page_108-0016,Dài 8 thước; cũng ở làng Xuân-Dương.
q14_15_page_108-0017,CẦU Ô-Ô
q14_15_page_108-0018,Dài 7 thước; cũng ở làng Xuân-Dương.
q14_15_page_108-0019,CẦU SUỐI
q14_15_page_108-0020,CẦU CỤT
q14_15_page_109-0001,Dài 8 thước; ở làng Hội-Lâm Dài 20 thước; cũng ở làng Hội-Lâm.
q14_15_page_109-0002,Dài 32 thước; ở thôn Bình-Lãng.
q14_15_page_109-0003,Dài 14 thước; cũng ở thôn Bình-Lãng.
q14_15_page_109-0004,Dài 9 thước; ở làng Phú-Điền.
q14_15_page_109-0005,CẦU LẮM
q14_15_page_109-0006,CẦU CÂY CHANH-NÁY CẦU CÂY CHANH-CON
q14_15_page_109-0007,CẦU RỪNG-RẺ
q14_15_page_109-0008,CẦU VẠC
q14_15_page_109-0009,CẦU QUÁN.
q14_15_page_109-0010,CẦU KẠN
q14_15_page_109-0011,CẦU VÔI
q14_15_page_109-0012,Dài 22 thước; ở địa phận 2 thôn Khả-Phong và Xuân-Chi.
q14_15_page_109-0013,CẦU ĐÍCH
q14_15_page_109-0014,"Dài 21 thước ngang 4 thước; ở thôn Chính-Đích, phủ Hưng-Nguyên."
q14_15_page_109-0015,CẦU CẤN
q14_15_page_109-0016,"Dài 20 thước, ngang 4 thước; cũng ở thôn Chính-Đích."
q14_15_page_109-0017,Phủ Hưng-Nguyên.
q14_15_page_109-0018,CẦU KHE-VÃNG
q14_15_page_110-0001,CẦU HƯNG-NHÂN
q14_15_page_110-0002,Dài 9 thước; ở thôn Hưng-Nhân.
q14_15_page_110-0003,CẦU TRƯỜNG-ĐÈ
q14_15_page_110-0004,Dài 15 thước; ở thôn Trường-Đề.
q14_15_page_110-0005,CẦU HẠ
q14_15_page_110-0006,Dài 21 thước; ở làng Mậu-Lâm.
q14_15_page_110-0007,CẦU THƯỢNG
q14_15_page_110-0008,Dài 10 thước; cũng ở làng Hậu-Lâm.
q14_15_page_110-0009,CẦU MỸ-LÂM
q14_15_page_110-0010,Dài 15 thước; ở làng Mỹ-Lâm.
q14_15_page_110-0011,CẦU CỔ-VĂN
q14_15_page_110-0012,Dài 15 thước; ở làng Cổ-Văn.
q14_15_page_110-0013,CẦU SỞ
q14_15_page_110-0014,"Dài 27 thước 1 tấc, ngang 3 thước; ở thôn Yên-Sở, thuộc huyện Đông-Thành."
q14_15_page_110-0015,CẦU BÀ
q14_15_page_110-0016,"Dài 21 thước, ngang 3 thước; ở làng Thư-Phủ."
q14_15_page_110-0017,CẦU SUỐI
q14_15_page_110-0018,"Dài 12 thước, ngang 1 thước 8 tác; ở thôn Kỳ-Trân huyện Nghi-Lộc."
q14_15_page_110-0019,CẦU TRỊ
q14_15_page_110-0020,"Dài 8 thước ngang 2 thước 2 tấc; ở thôn Long-Trào, huyện Nghi-Lộc."
q14_15_page_111-0001,CẦU NGÂM
q14_15_page_111-0002,"Dài 8 thước, ngang 3 thước 8 tấc; ở thôn Khánh-Duệ, huyện Nghi-Lộc."
q14_15_page_111-0003,CẦU LĂNG
q14_15_page_111-0004,"Dài 10 thước, ngang 3 thước 7 tác; ở thôn Văn-Trạch, huyện Nghi-Lộc."
q14_15_page_111-0005,CẦU MỰC
q14_15_page_111-0006,"Dài 4 thước 5 tấc, ngang 3 thước 7 tấc; ở thôn Hoà-Cam huyện Nghi-Lộc."
q14_15_page_111-0007,CẦU CHU
q14_15_page_111-0008,"Dài 13 thước 2 tấc, ngang 3 thước 8 tấc; ở làng Nam-Sơn huyện Nghi-Lộc."
q14_15_page_111-0009,CẦU TRAI
q14_15_page_111-0010,"Dài 13 thước 2 tấc, ngang 3 thước 8 tấc; ở làng Lộc-Châu huyện Nghi-Lộc."
q14_15_page_111-0011,CẦU TRUNG-THÔNG
q14_15_page_111-0012,"Dài a1 thước 7 tấc, ngang 3 thước 8 tấc; ở làng Vĩnh-Yên huyện Nghi-Lộc."
q14_15_page_111-0013,CẦU HẠ-THÔNG
q14_15_page_111-0014,"Dài 20 thước, ngang 5 thước 5 tấc; ở làng Vĩnh-Yên huyện Nghi-Lộc."
q14_15_page_111-0015,CẦU NGƯỜI
q14_15_page_111-0016,"Dài 11 thước 3 tấc, ngang 3 thước 7 tấc; ở làng Yên-Dũng huyện Nghi-Lộc."
q14_15_page_112-0001,CẦU TRỊ
q14_15_page_112-0002,"Dài 17 thước, ngang 6 thước; ở làng Yên-Dũng huyện Nghi-Lộc."
q14_15_page_112-0003,CẦU TRAI
q14_15_page_112-0004,"Dài 11 thước 3 tấc, ngang 3 thước 7 tấc; ở thôn Đức-Hậu huyện Nghi-Lộc."
q14_15_page_112-0005,CẦU ÚY
q14_15_page_112-0006,"Dài 13 thước 9 tấc, ngang 3 thước 7 tấc; ở làng Ân-Hậu huyện Nghi-Lộc"
q14_15_page_112-0007,CẦU ÔNG-CÁC
q14_15_page_112-0008,Dài 3 thước 3 tấc; ở thôn Phan huyện Nghi-Lộc.
q14_15_page_112-0009,CẦU BÃI
q14_15_page_112-0010,"Dài 11 thước; ở làng Yên-Lạc, huyện Nghi-Lộc."
q14_15_page_112-0011,CẦU LÀNG-VANG
q14_15_page_112-0012,"Dài 16 thước 4 tấc, ngang 4 thước; ở thôn Yên-Vinh huyện Nghi-Lộc."
q14_15_page_112-0013,CẦU HÓI-LẠC
q14_15_page_112-0014,"Dài 16 thước, ngang 4 thước; ở thôn Trung-Mỹ, huyện Nghi-Lộc."
q14_15_page_112-0015,CẦU CỬA-TRẠM
q14_15_page_112-0016,"Dài 5 thước, ngang 2 thước 5 tấc; ở làng Kim-Khê huyện Nghi-Lộc."
q14_15_page_112-0017,CẦU ĐẠP-HỮU
q14_15_page_112-0018,"Dài 7 thước, ngang 2 thước 5 tấc."
q14_15_page_112-0019,CẦU TRƯỜNG
q14_15_page_113-0001,CẦU KHUÔN
q14_15_page_113-0002,"Dài 17 thước 5 tấc, ngang 2 thước 7 tấc; ở thôn Yên-Lăng, huyện Yên-Thành."
q14_15_page_113-0003,CẦU HỐNG
q14_15_page_113-0004,"Dài 20 thước 8 tấc; ở thôn Trú-Pháp, huyện Yên-Thành"
q14_15_page_113-0005,CẦU THẠCH
q14_15_page_113-0006,"Dài 9 thước 5 tấc, ngang 3 thước."
q14_15_page_113-0007,CẦU LIỄU
q14_15_page_113-0008,"Dài 20 thước 9 tấc, ngang 3 thước; ở làng Vân-Tú huyện Yên-Thành."
q14_15_page_113-0009,CẦU THÔNG
q14_15_page_113-0010,Dài 20 thước 8 tấc; ở thôn Mậu-Long.
q14_15_page_113-0011,CẦU LIÊN-TRÌ
q14_15_page_113-0012,Dài 6 thước 8 tấc; ở thôn Liên-Trì.
q14_15_page_113-0013,CẦU ĐINH
q14_15_page_113-0014,"Dài 7 thước 2 tấc, ngang 2 thước 5 tấc; ở thôn Đồng-Mỹ huyện Yên-Thành."
q14_15_page_113-0015,CẦU KIM-THẦNH
q14_15_page_113-0016,"Dài 12 thước, ngang 3 thước; ở làng Kim-Thành."
q14_15_page_113-0017,CẦU BÀ
q14_15_page_113-0018,Dài 20 thước ngang 3 thước; ở làng Công-Trung huyện Yên-Thành.
q14_15_page_114-0001,CẦU DINH
q14_15_page_114-0002,"Dài 26 thước, ngang 2 thước 8 tấc; ở làng Trường-Thành."
q14_15_page_114-0003,CẦU QUỲ-LĂNG
q14_15_page_114-0004,"Dài 32 thước, ngang 2 thước; ở làng Quỳ-Lăng."
q14_15_page_114-0005,CẦU CỘ
q14_15_page_114-0006,"Dài 16 thước 2 tấc, ngang 4 thước 3 tấc; ở làng Thanh-Thủy huyện Nam-Đàn."
q14_15_page_114-0007,CẦU ĐỒN
q14_15_page_114-0008,"Dài 13 thước 6 tấc, ngang 4 thước 3 tấc; ở làng Vân-Sơn huyện Nam-Đàn."
q14_15_page_114-0009,CẦU TÂN-ĐƯỜNG
q14_15_page_114-0010,"Dài 6 thước, ngang 4 thước; ở về địa phận 2 làng Xuân-Hồ và Đan-Nhiêm."
q14_15_page_114-0011,CẦU ĐỐC
q14_15_page_114-0012,"Dài 8 thước, ngang 4 thước; ở thôn Yên-Quả huyện Nam-Đàn."
q14_15_page_114-0013,CẦU DI
q14_15_page_114-0014,Dài 6 thước 3 tấc; ở vào địa-phận 2 thôn Kim-Liên và Đa-Lạc.
q14_15_page_114-0015,CẦU MIẾU
q14_15_page_114-0016,Dài 22 thước 5 tấc (lợp ngói); ở làng Hữu-Biệt.
q14_15_page_114-0017,CẦU ĐÁ-MANG
q14_15_page_114-0018,"Dài 4 thước, ngang 3 thước."
q14_15_page_115-0001,CHỢ PHỐ
q14_15_page_115-0002,"(Trừ thuế chợ ở thành-phố do tòa sứ thu, ngoài ra còn 87 nơi, bậc thuế hiện thu 5.580$.)"
q14_15_page_115-0003,PHỐ TỈNH
q14_15_page_115-0004,"Phố Vinh-Yên ở phía đông-nam tỉnh-thành, phố xá liên-tiếp, hàng hoá tấp nập, người Tàu ở lần với Ta, nhưng thuế-thân và thuế môn-bài thì phải nộp riêng."
q14_15_page_115-0005,CHỢ TỈNH
q14_15_page_115-0006,"Túc gọi là chợ Vĩnh: Trong dựng hơn 40 gian chợ, hàng hoá đầy đầy, trên bến, dưới thuyền, rất là tấp nập."
q14_15_page_115-0007,CHỢ LƯỜNG
q14_15_page_115-0008,Ở xã Đô-Lương; là một chợ to nhất ở phủ Anh-Sơn.
q14_15_page_115-0009,CHỢ DỪA
q14_15_page_115-0010,Ở làng Quan-Lăng; là một chợ to thứ 3 ở phủ Anh-Sơn.
q14_15_page_115-0011,CHỢ HIẾU
q14_15_page_115-0012,Ở Sách Nghĩa-Hưng; là một chợ to thứ 3 ở phủ Quỳ-Châu.
q14_15_page_115-0013,CHỢ GIÁT
q14_15_page_115-0014,Ở làng Nhân-Huống; là một chợ to thứ 3 ở huyện Quỳnh-Lưu
q14_15_page_116-0001,CHỢ ĐỒN
q14_15_page_116-0002,Ở làng Đan-Nhiễm; là một chợ vào hạng tư ở huyện Nam-Đàn.
q14_15_page_116-0003,CHỢ LIẺU
q14_15_page_116-0004,"Một nửa thuộc thôn Mỹ-Châu huyện Nam-Đàn, một nửa thuộc làng Dương-Xá huyện Hưng-Nguyên; là chợ hạng tư."
q14_15_page_116-0005,CHỢ RỖ
q14_15_page_116-0006,"Ở làng Võ-Liệt, huyện Thanh-Chương; là chợ hạng tư."
q14_15_page_116-0007,CHỢ NGÔ
q14_15_page_116-0008,"Ở làng Thanh-Sơn, huyện Quỳnh-Lưu; là chợ hạng tư."
q14_15_page_116-0009,CHỢ LÈN
q14_15_page_116-0010,"Ở thôn Trung-Phường, huyện Yên-Thành; là chợ hạng tư."
q14_15_page_116-0011,CHỢ SA-NAM
q14_15_page_116-0012,"Ở địa phận 3 thôn: Nghi-Lê, Đức-năm và năm-Đông; là chợ hạng 5, thuộc huyện Nam-Đàn."
q14_15_page_116-0013,CHỢ GIANG-ĐÌNH
q14_15_page_116-0014,"Ở làng Văn-Tú; là chợ hạng 5, ở huyện Yên-Thành."
q14_15_page_116-0015,CHỢ BỘNG
q14_15_page_116-0016,"Ở thôn Viên-Sơn; là chợ hạng 5, thuộc huyện Yên-Thành."
q14_15_page_116-0017,CHỢ DINH
q14_15_page_116-0018,"Ở làng Trường-Thành; là chợ hạng 5, thuộc huyện Yên-Thành."
q14_15_page_116-0019,CHỢ CHÙA
q14_15_page_116-0020,Ở làng La-Mạc; là chợ hạng 6 thuộc huyện Thanh-Chương.
q14_15_page_117-0001,CHỢ RẠNG
q14_15_page_117-0002,Ở làng Hiến-Lãng; là chợ hạng 6 ở huyện Nam-Đàn.
q14_15_page_117-0003,CHỢ MŨ
q14_15_page_117-0004,Ở thôn Đức-Hậu; là chợ hạng 6 ở huyện Yên-Thành.
q14_15_page_117-0005,CHỢ SỸ
q14_15_page_117-0006,Ở làng Lý-Trai; là chợ hạng 6 ở huyện Đông-Thành.
q14_15_page_117-0007,CHỢ TRIỀN
q14_15_page_117-0008,"Ở địa-phận 2 thôn Thọ-Vinh và Quý-Vinh, huyện Quỳnh-Lưu."
q14_15_page_117-0009,CHỢ ĐÀ
q14_15_page_117-0010,"Ở làng Bột-Đà; là chợ hạng 7, thuộc phủ Anh-Sơn."
q14_15_page_117-0011,CHỢ LÃNG
q14_15_page_117-0012,"Ở làng Lãng-Điền; là chợ hạng 7, thuộc phủ Anh-Sơn."
q14_15_page_117-0013,CHỢ TRÀNG
q14_15_page_117-0014,Ở làng Văn-Tràng; là chợ hạng 7 thuộc phủ Anh-Sơn.
q14_15_page_117-0015,CHỢ PHÚ
q14_15_page_117-0016,"Ở làng Cự-Phú; là chợ hạng 7, thuộc phủ Anh-Sơn."
q14_15_page_117-0017,CHỢ SƠN
q14_15_page_117-0018,"Ở thôn Long-Trào, huyện Nghi-Lộc; là chợ hạng 7."
q14_15_page_117-0019,CHỢ CŨI
q14_15_page_117-0020,Ở địa-phận thôn Ân-Hậu và thôn Đức-Thịnh; là chợ hạng 7 thuộc huyện Nghi-Lộc.
q14_15_page_118-0001,CHỢ MỚI
q14_15_page_118-0002,"Ở thôn Xuân-Viên; là chợ hạng 7, thuộc huyện Yên-Thành."
q14_15_page_118-0003,CHỢ KHUÔN
q14_15_page_118-0004,"Ở thôn Yên-Lăng; là chợ hạng 7, thuộc huyện Yên-Thành."
q14_15_page_118-0005,CHỢ LỘC
q14_15_page_118-0006,Ở làng Kim-Thành; là chợ hạng 7 thuộc huyện Yên-Thành.
q14_15_page_118-0007,CHỢ ĐỒN
q14_15_page_118-0008,Ở làng Tiên-Lý; là chợ hạng 7 thuộc huyện Đông-Thành.
q14_15_page_118-0009,CHỢ HUYỆN
q14_15_page_118-0010,"Ở làng Yên-Lý; là chợ hạng 7, ở huyện Đông-Thành."
q14_15_page_118-0011,CHỢ HẬU
q14_15_page_118-0012,Ở làng Phú-Hậu; là chợ hạng 7 ở huyện Quỳnh-Lưu
q14_15_page_118-0013,CHỢ MOI
q14_15_page_118-0014,Ở làng Phú-Thanh; là chợ hạng 7 thuộc huyện Quỳnh-Lưu.
q14_15_page_118-0015,CHỢ HUỎNG
q14_15_page_118-0016,"Ở địa phận làng Thổ-Hào và làng Bích-Triều, cũng có tên gọi là chợ Phường; là chợ hạng 8 ở huyện Thanh-Chương."
q14_15_page_118-0017,CHỢ VỰC
q14_15_page_118-0018,Ở làng Phù-Xá; là chợ hạng 8 thuộc phủ Hưng-Nguyên.
q14_15_page_118-0019,CHỢ VẠC
q14_15_page_118-0020,Ở thôn Thanh-Đàm; là chợ hạng 8 thuộc huyện Nam-Đàn.
q14_15_page_118-0021,CHỢ DÒNG
q14_15_page_118-0022,Ở làng Đại-Đồng; là chợ hạng 8 thuộc huyện Nam-Đàn.
q14_15_page_119-0001,CHỢ CÂY
q14_15_page_119-0002,"Ở làng Nam. Sơn; là chợ hạng 8, thuộc phủ Anh-Sơn."
q14_15_page_119-0003,CHỢ QUỲ
q14_15_page_119-0004,"Ở thôn Tam-Thọ; là chợ hạng 8, thuộc huyện Yên-Thành."
q14_15_page_119-0005,CHỢ CẢM
q14_15_page_119-0006,"Ở thôn Xuân-Nguyên; là chợ hạng 8, thuộc huyện Yên-Thành."
q14_15_page_119-0007,CHỢ CO
q14_15_page_119-0008,"Ở thôn Trụ-Pháp, là chợ hạng 8, thuộc huyện Yên-Thành."
q14_15_page_119-0009,CHỢ CHÙA
q14_15_page_119-0010,"Ở làng Đào-Viên; là chợ hạng 8, thuộc huyện Đông-Thành."
q14_15_page_119-0011,CHỢ NHẦN
q14_15_page_119-0012,Ở làng Đông-Tháp; là chợ hạng 8 thuộc huyện Đông-Thành.
q14_15_page_119-0013,CHỢ sò Ở thôn Tuấn-Kiệt; là chợ hạng 8 thuộc Huyện Đông-Thành
q14_15_page_119-0014,CHỢ NỒI
q14_15_page_119-0015,Ở thôn Quỳnh-Đôi; là chợ hạng 8 thuộc huyện Quỳnh Lưu.
q14_15_page_119-0016,CHỢ CỜN
q14_15_page_119-0017,Ở thôn. Phương-Cần; là chợ hạng 8 thuộc huyện Quỳnh-Lưu.
q14_15_page_119-0018,CHỢ TUẦN
q14_15_page_119-0019,"Ở thôn Tam-Lê; là chợ hạng 8, thuộc huyện Quỳnh-Lưu."
q14_15_page_119-0020,CHỢ DƯƠNG
q14_15_page_119-0021,"Ở làng Đức-Nhuận; là chợ hạng 9, thuộc huyện Thanh Chương."
q14_15_page_120-0001,CHỢ SEN
q14_15_page_120-0002,"Ở làng Cát-Ngạn; là chợ hạng 9, thuộc huyện Thanh-Chương."
q14_15_page_120-0003,CHỢ RỒNG
q14_15_page_120-0004,"Ở làng Dương-Liều; là chợ hạng g, thuộc huyện Thanh-Chương"
q14_15_page_120-0005,CHỢ ĐÌNH
q14_15_page_120-0006,Ở làng Nam-Kim; là chợ hạng 9 thuộc huyện Thanh-Chương.
q14_15_page_120-0007,CHỢ TRÀNG
q14_15_page_120-0008,"Ở thôn Hưng-Phúc; là chợ hạng g, thuộc phủ Hưng-Nguyên."
q14_15_page_120-0009,CHỢ CẦN
q14_15_page_120-0010,"Ở làng Hoàng-Cần; là chợ hạng 9, thuộc phủ Hưng-Nguyên."
q14_15_page_120-0011,CHỢ HÉN
q14_15_page_120-0012,"Ở thôn Thượng; là chợ hạng g, thuộc phủ Hưng-Nguyên."
q14_15_page_120-0013,CHỢ MOГI
q14_15_page_120-0014,"Ở làng Nguyệt-Tỉnh; là chợ hạng 6, thuộc phủ Hưng-Nguyên."
q14_15_page_120-0015,CHỢ ĐÀ
q14_15_page_120-0016,Ở thôn Khoa-Đà; là chợ hạng g thuộc phủ Hưng-Nguyên.
q14_15_page_120-0017,CHỢ TRƯỜNG ĐÊ
q14_15_page_120-0018,"Ở làng Trường-Đê; là chợ hạng 9, thuộc phủ Hưng-Nguyên."
q14_15_page_120-0019,CHỢ CỒN
q14_15_page_120-0020,"Ở làng Xuân-Dương; là chợ hạng 9, thuộc huyện Nam-Đàn."
q14_15_page_120-0021,CHỢ LÒ
q14_15_page_120-0022,"Ở làng Vạn-Lộc; là chợ hạng 9, thuộc Hyện Nghi-Lộc."
q14_15_page_121-0001,CHỢ QUÁN
q14_15_page_121-0002,Ở thôn Trung-Hậu; là chợ hạng g thuộc huyện Nghi-Lộc.
q14_15_page_121-0003,CHỢ ĐÌNH
q14_15_page_121-0004,"Ở làng Kim-Nguyên; là chợ hạng g, thuộc huvện Nghi-Lộc."
q14_15_page_121-0005,CHỢ SEN
q14_15_page_121-0006,"Ở làng Cầm-Trường; là chợ hạng g, thuộc huyện Nghi-Lộc."
q14_15_page_121-0007,CHỢ MỚI TRÊN
q14_15_page_121-0008,"Ở làng Lộc-Hải; là chợ hạng 9, thuộc huyện Nghi-Lộc."
q14_15_page_121-0009,CHỢ TRỤ
q14_15_page_121-0010,"Ở làng Yên-Lưu; là chợ hạng 9, thuộc huyện Nghi-Lộc."
q14_15_page_121-0011,CHỢ ĐỒN
q14_15_page_121-0012,"Ở làng Đô-Lương; là chợ hạng g, thuộc phủ Anh-Sơn"
q14_15_page_121-0013,CHỢ DIÊN
q14_15_page_121-0014,"Ở làng Đại-Điền; là chợ hạng 9, thuộc phủ Anh-Sơn."
q14_15_page_121-0015,CHỢ MOI
q14_15_page_121-0016,"Ở thôn Yên-Phúc; là chợ hạng 9, thuộc phủ Anh-Sơn."
q14_15_page_121-0017,CHỢ SO
q14_15_page_121-0018,"Ở làng Tri-Lê; là chợ hạng 9, thuộc phủ Anh-Sơn."
q14_15_page_121-0019,CHỢ LỞ
q14_15_page_121-0020,"Ở thôn Lương-Sơn; là chợ hạng g, thuộc phủ Diễn-Châu."
q14_15_page_121-0021,CHỢ ONG
q14_15_page_121-0022,"Ở làng Đồng-Thống; là chợ hạng 9, thuộc huyện Yên-Thành."
q14_15_page_122-0001,CHỢ SÀNG
q14_15_page_122-0002,"Ở thôn Xuân-Trường; là chợ hạng g, thuộc huyện Yên-Thành"
q14_15_page_122-0003,CHỢ YÊN
q14_15_page_122-0004,"Ở thôn Yên-Mã; là chợ hạng g, thuộc huyện Yên-Thành."
q14_15_page_122-0005,CHỢ SỪNG
q14_15_page_122-0006,"Ở làng Quỳ-lăng; là chợ hạng 9, thuộc hyện Yên-Thành."
q14_15_page_122-0007,CHỢ VẠN
q14_15_page_122-0008,"Ở làng Vạn-Phần; là chợ hạng 9, thuộc huyện Đông-Thành."
q14_15_page_122-0009,CHỢ ĐÌNH
q14_15_page_122-0010,"Ở thôn Đông-Xương; là chợ hạng 9, thuộc huyện Đông-Thành"
q14_15_page_122-0011,CHỢ́ CÓ
q14_15_page_122-0012,Ở làng Nho-Lâm; là chợ hạng 9 thuộc huyện Đông-Thành.
q14_15_page_122-0013,CHỢ DÂM
q14_15_page_122-0014,"Ở địa phận 3 làng: Tập-Phúc, Cao-Quan và Cao-Ấi; là chợ hạng 9, thuộc huyện Đông-Thành."
q14_15_page_122-0015,CHỢ MÔN
q14_15_page_122-0016,"Ở thôn Tiền-Song; là chợ hạng 9, thuộc huyện Đông-Thành."
q14_15_page_122-0017,CHỢ PHỦ
q14_15_page_122-0018,"Ở thôn Yên-Lăng; là chợ hạng 9, thuộc huyện Đông-Thành."
q14_15_page_122-0019,CHỢ GIẾNG
q14_15_page_122-0020,"Ở thôn Cao-Hậu-Đoài; là chợ hạng 9, thuộc huyện Đông-Thành."
q14_15_page_123-0001,CHỢ TRÙ
q14_15_page_123-0002,"Ở làng Cự-Lâm; là chợ hạng 9, thuộc huyện Nghĩa-Đàn."
q14_15_page_123-0003,CHỢ DONG
q14_15_page_123-0004,"Ở địa-phận 2 thôn; Kỳ-Ngải, và Đông-Trung; là chợ hạng 9, thuộc huyện Đông-thành."
q14_15_page_123-0005,CHỢ HÀ
q14_15_page_123-0006,"Ở làng Kim-Bảng; là chợ hạng 9, thuộc huyện Đông-Thành."
q14_15_page_123-0007,CHỢ ĐÌNH
q14_15_page_123-0008,"Ở thôn Thanh-Đàm; là chợ hạng 9, thuộc huyện Quỳnh-Lưu."
q14_15_page_123-0009,CHỢ BẦU
q14_15_page_123-0010,"Ở làng Bào-Hậu; là chợ hạng 9, thuộc huyện Quỳnh-Lưu."
q14_15_page_123-0011,CHỢ MAI
q14_15_page_123-0012,"Ở thôn Phù-Lương; là chợ hạng 9, thuộc huyện Quỳnh-Lưu."
q14_15_page_123-0013,CHỢ VÂN
q14_15_page_123-0014,"Ở làng Quỳnh-Trụ; là chợ hạng 9, thuộc huyện Quỳnh-Lưu."
q14_15_page_123-0015,CHỢ SEN
q14_15_page_123-0016,"Ở làng Tri-Lê; là chợ hạng 9, thuộc huyện Nghĩa-Đàn."
q14_15_page_124-0001,NHÂN VẬT
q14_15_page_124-0002,(Về đời nhà Trần)
q14_15_page_124-0003,BẠCH-LIÊU
q14_15_page_124-0004,"Người làng Nguyễn-Xá, thuộc huyện Đông-Thành; đồ Trại-trạng-nguyên năm Thiệu-Long thứ 9 (1266) đời Trần Thánh-Tôn."
q14_15_page_124-0005,Ông thiên tư thông minh mắn đạt.
q14_15_page_124-0006,"Có khiếu nhờ lâu, đọc sách xem suốt mười hàng."
q14_15_page_124-0007,"Hồi Thượng-tướng Trần-Quang-Khải làm Quản-đốc tỉnh Nghệ-An, ông chỉ làm môn-khách, chứ không chịu ra làm quan."
q14_15_page_124-0008,"Sau ông mất, được phong làm Phúc-Thần."
q14_15_page_124-0009,Hồ THỐC Người làng Quỳ-Trạch thuộc huyện Đông-Thành.
q14_15_page_124-0010,"Tiền tổ nguyên người tỉnh Chiết-Giang bên Trung Hoa, là dòng dõi Quan Thái-thú Diễn-Châu Hồ-Hưng-Dật về đời Hậu-Hán."
q14_15_page_124-0011,"Ông đỗ sớm, nổi tiếng tài danh."
q14_15_page_124-0012,Một hôm nhân tiết nguyên-tiêu.
q14_15_page_124-0013,Có đạo-sỹ là Lê-Pháp-Quan đặt tiệc mời các văn-khách đến thường rượu làm thơ cho vui.
q14_15_page_124-0014,"Ông nhận lời đến dự, ngay trước tiệc rượu (ng làm đến trăm bài thơ, mọi người đều thân phục."
q14_15_page_124-0015,Từ đây ông nổi tiếng ở Kinh-sư.
q14_15_page_124-0016,"Trước hồi ông làm An-phủ-sứ, có việc xâm-hiếp của dân, bị phát giác, Vua Nghệ-Tôn lấy làm lạ, hồi ông, ông tạ rằng: «Nhất tử thụ hoàng-đn, toàn gia thực thiên lộc (một con đội ơn vua, cả nhà hưởng lộc trời)."
q14_15_page_124-0017,Vua cũng lượng tình mà không bắt tội.
q14_15_page_124-0018,"Đến đời vua Phế-Đế, năm Xương-Phù thức 10 (1386) ông làm Hàn-lâm Học-sỹ, kiêm chức Thầm hình-viện-sứ."
q14_15_page_124-0019,Đến năm hơn 80 tuổi thì mất.
q14_15_page_124-0020,Ông có làm tập thơ «Tháo-Nhân-Hiệu-Tần-Thi-Tập.
q14_15_page_124-0021,"Sách Sứ-Ký của ông Thị-lang Ngô-Sĩ-Liên trong bài tựa có nói: Bản Việt-Sứ-Cương-Mục của ông Hồ-Thốc thận trọng mà giữ đúng phép, bàn việc rất xác đáng mà không nhầm, nhưng vì loạn lạc, sách ấy thất truyền."
q14_15_page_124-0022,"Xét trong Truyền-Kỳ-Mạn-Lục có chép: Hồi ông Hồ-Thốc sang sứ Tàu, khi qua đền thờ Hạng-Vương có đề bài thơ rằng «Bách Nhị sơn hà khỉ chiến phong."
q14_15_page_124-0023,«Huề tường tử đệ nhập Quan-Trung.
q14_15_page_124-0024,«Yên tiêu Hàm-Cơc chu-cung lãnh.
q14_15_page_124-0025,«Tuyết tán Hồng-Môn ngọc đầu không.
q14_15_page_124-0026,"«Nhất bại hữu thiên Vương Trạch-Tà «Trùng lai, vô địa đáo Giang-Đông."
q14_15_page_124-0027,«Kinh dinh ngũ tái thành hà sự.
q14_15_page_124-0028,«Tiêu đắc khu khu táng Lõ-Công.»
q14_15_page_124-0029,Một trận non sông chiến họa bùng Dật dầu tử đệ tới Quan-Trung Cung son Hàm-Cốc máy mò lạnh Chén ngọc Hồng-Môn tuyết hết đông.
q14_15_page_124-0030,Trạch-Tả trời kia làm mất sạch.
q14_15_page_124-0031,"Giang-Đông đất nọ trở về không, Năm năm tranh đấu nên gì nhì?"
q14_15_page_124-0032,Thêm được ngôi mồ táng Lõ-Công.
q14_15_page_125-0001,"Sau con ông là Hồ-Đốn, cháu là Hồ-Thành, đều đồ Trạng-nguyên triều nhà Trần."
q14_15_page_125-0002,"Bài thơ Thượng-tướng Trần-Quang-Khải mừng, có câu rằng Lưỡng thế phương danh tiêu nhạn-tháp."
q14_15_page_126-0001,Nhất gia thịnh sự đặt long-môn.
q14_15_page_126-0002,Hai đời nhạn tháp nêu danh giá.
q14_15_page_126-0003,Một họ sản rồng lâm vẻ vang.
q14_15_page_126-0004,"Đến sau có quan Thị-lang Hồ-Binh-Quốc (ở làng Binh-Lăng huyện Can-Lộc và Thượng-thư Hồ-Sĩ-Dương, Hồ-phi-Tích, Thị-chế Hồ-Sĩ-Tân, Thượng-thư Hồ-Sĩ-Đống ở làng Hoàn-Hậu huyện Quỳnh-Lưu, đều là dòng dõi họ Hồ này cả."
q14_15_page_126-0005,(đời nhà Lê)
q14_15_page_126-0006,ÔNG NGUYỄN XÍ
q14_15_page_126-0007,"Người làng Thượng-Xá, huyện Nghi-Lộc, năm 9 tuổi, cùng với anh là Nguyễn-Biện theo vua Lê-Thái-Tổ vào Lam-Sơn."
q14_15_page_126-0008,"Khi ấy Vua có nuôi 30 con chó săn, giao ông Xí cho ăn; ông chia com làm 30 phần, giao hẹn cứ đánh 3 tiếng thanh-la, thì chó đều phải quì xuống nhận r phần; đánh r tiếng nữa thì đều đứng dậy mà ăn, chỉ huy rất có phương-pháp, Vua Thái-Tổ khen là người có tài."
q14_15_page_126-0009,"Đến khi khởi nghĩa, ông thường theo đi đánh giặc lập được nhiều công trạng, nên được theo họ nhà Vua, phong là Công-thần."
q14_15_page_126-0010,"Năm Thuận-Thiên thứ 6, (1433), ông được vâng Cố-mạng."
q14_15_page_126-0011,(Lời trối trăng khi Vua sắp thăng hà).
q14_15_page_126-0012,"Ông trải thờ Vua Thái-tôn gặp việc Nghi-Dân khởi biến ông đứng đầu xưởng nghĩa giết được nghịch-đảng là bọn Phạm-Truân, Phan-Ban, và Trần-Lăng hơn trăm người, rồi bỏ Nghi-Dân lập Thánh-Tôn lên làm Vua."
q14_15_page_126-0013,"Ông được tấn phong chức Thái-phó Cương-quốc-công; hưởng thọ 69 tuổi, lúc mất được truy tặng chức Thái-sư."
q14_15_page_126-0014,"Ông được 16 con trai, có Nguyễn-Sư, Nguyễn-Hồi, Nguyễn-Sường, Nguyễn-Kế, Nguyễn-Sài đều quí hiền và có người được lấy Công-chúa."
q14_15_page_126-0015,"Cháu là Bá-Nhật, Bá-Ký, Bá-Quynh, Bá-Kỳ đều Tước Quận-công."
q14_15_page_126-0016,"Cháu năm đời là Bá-Ngự được phong Thận-quận-công, cháu bầy đời là Nguyễn-Hành được phong Hành-quận-công."
q14_15_page_126-0017,Đến triều Nguyên có Chương-dinh Nguyễn-Đình-Đắc cũng là dòng dõi ấy.
q14_15_page_126-0018,"Năm đầu Gia-Long (1802) được liệt vào bậc khai-quốc đê-nhất công-thần triều Lê, cho một người trong họ được ấm-thụ để giữ việc tế tự, và hai người trong họ giữ việc quét tước."
q14_15_page_126-0019,Năm Minh-Mạng thứ 4 (1823) lại cho được tổng tự vào miếu Lịch-Đại Đế Vương.
q14_15_page_126-0020,Đến nay dòng dõi rất là phồn thịnh.
q14_15_page_127-0001,NGUYỄN VĨNH-LỘC
q14_15_page_127-0002,"Người huyện Đông-Thành. Cuối đời Trần, người nhà Minh sang xâm lược."
q14_15_page_127-0003,Ông Lộc đem nghĩa bình đến yết kiến vua Lê-Thái-Tổ ở phủ Tương-Dương rồi thường được theo đi đánh giặc.
q14_15_page_127-0004,"Ông là người dũng cảm, lại có nưu lược Khi ấy quân Minh tích tdữ sẵn lương thảo, cứ cầm chừng không chịu giao chiến, ông tâu vua nên đốt dinh giặc, rồi quân ta giả đò chạy, tất nhiên giặc đuồi đánh, ta dự đặt phục binh đề đợi, thì chắc có phần thắng."
q14_15_page_127-0005,"Vua Thái-Tổ theo kế đó, giặc quả nhiên tấn quân đuồi; phục binh của ta bùng dậy đánh úp, chém được hơn 5.000 người, và thu được nhiều thuyền bè khí giời; thừa thắng đánh thắng vào tỉnh Nghệ-An, đóng quân ở núi La-Sơn và núi Mã-Yên."
q14_15_page_127-0006,Quân giặc giữ thành không chịu ra đánh.
q14_15_page_127-0007,"Ông Lộc lại tâu xin làm nhiều người bù nhìn bằng cỏ, đến đêm cứ đốt đuốc, ngầm cho quân ta đổi nhau đi đi lại lại như hình có quân tiếp viện lại họp để cho giặc trông thấy, nghĩ rằng có viện binh thật, tất phải bỏ trốn."
q14_15_page_127-0008,"Vua Thái-Tổ cũng theo kế đó, giặc Minh quả nhiên bỏ thành chạy về Thanh-Hóa, quân ta đuồi đánh phá được."
q14_15_page_127-0009,"Đến năm đầu Thuận-Thiên (1428), bàn xét công trạng, ông được phong chức Nhập-nội Hành-khiền, coi việc sồ hộ quân lính nhân đinh và hộ khầu ở Hoan-Châu."
q14_15_page_127-0010,"Con cháu sau là ông Vĩnh-Thọ được tập chức Thị-trung, và sau có công đánh nhà Mạc được làm quan to."
q14_15_page_128-0001,NGUYỄN-THIỆN-CHƯƠNG
q14_15_page_128-0002,Người làng Nam-Hoa huyện Thanh-Chương.
q14_15_page_128-0003,18 tuổi đồ đồng Tấn-sỹ khoa Kỳ Sửu (1455).
q14_15_page_128-0004,"Năm Quang-Thuận đời Lê-Thánh-Tôn, làm quan đến Hữu-thị-lang."
q14_15_page_128-0005,"Năm 33 tuổi, can vua không nghe, xin cáo về nghỉ."
q14_15_page_128-0006,"Con là Nguyễn-Hảo, Nguyễn-Hải đều đỗ Hương cống."
q14_15_page_128-0007,"Con cháu rất phồn thịnh, đời nào cũng có người văn học."
q14_15_page_128-0008,CAO QUÝNH
q14_15_page_128-0009,"Người làng Cao-Xá huyện Đông-Thành, đồ tấn-sỹ-cập-đệ đệ-tam danh (tức Thám-hoa) khoa Ất-Vị (1475) khoảng Hồng-Hức, đời Lê-Thánh-Tôn."
q14_15_page_128-0010,"Trước ông tên là Lô, sau được vua đổi tên là Cao-Quýnh."
q14_15_page_128-0011,Làm quan đến Đông-các đại-học-sĩ Các đời triều Nguyễn trải phong Thượng đẳng Phúc-Thần.
q14_15_page_128-0012,ĐẶNG-MINH-BÍCH
q14_15_page_128-0013,Người làng Bạch-Đàn huyện Nam-Hàn.
q14_15_page_128-0014,"Đỗ Tấn-sỹ khoa Giáp-Thin (1484) niên hiệu Hồng-Đức đời Lê-Thánh-Tôn, làm quan đến Thượng-thư."
q14_15_page_128-0015,"Trong tập thơ đề lại, bài vịnh Quách-Cự chôn con có câu rằng «Thiên dục hiếu từ giai lưỡng đắc."
q14_15_page_128-0016,«Hoàng Kim phân thục huyệt trung nhi.
q14_15_page_128-0017,Nghĩa là Trời cho vẹn cả hiếu từ Được vàng chuộc cả con vừa chực chôn Đời bấy giờ nhiều người truyền tụng.
q14_15_page_128-0018,PHẠM-HUY
q14_15_page_128-0019,"Người làng Đông-Hải huyện Nghi-Lộc, tiền tồ nguyên ở tỉnh Hải-Dương."
q14_15_page_128-0020,"Ông là con ông Phạm-Thái-Bảo; lúc còn trẻ có đến học ở huyện Nghi-Lộc, rồi nhập tịch ở đấy, Ông đỗ đồng-Tấn-sĩ khoa Quý-Sửu (1493) niên-hiệu Hồng-Đức đời Lê-Thánh-Tôn, làm quan đến Cấp-sự-trung Nay người làng có lập đền thờ."
q14_15_page_129-0001,TỔNG TẤT-THẮNG
q14_15_page_129-0002,Người làng Nam-Hoa-Thượng huyện I hanh-Chương.
q14_15_page_129-0003,"Lúc trẻ mồ côi, nhà nghèo, có tính chăm học, những sách binh-pháp trận-đồ không sách nào là không đọc."
q14_15_page_129-0004,"Năm 18 tuổi đổ Đồng-tấn-sỹ khoa Ất-Sửu (1505) niên hiệu Hoan-Khánh đời Lê-Uy-Mục, làm quan đến Lại-bộ Thượng-thư ghĩa-quận-công."
q14_15_page_129-0005,"Ông tính thanh liêm, trung thành, lại có mưu lược thường đánh giặc Sầm, và đánh Chiêm-Thành, đánh đầu được đấy."
q14_15_page_129-0006,"Sau đi đánh Ai-Lao, lúc khải hoàn mất ở trong quân Làng Lương-Trường lập đến thờ ở trên núi Ngũ-Nhạc gọi là đền Tông-Chinh."
q14_15_page_129-0007,"Con cháu sau đời sang ở làng Yên-Âp huyện Hương-Sơn, đổi họ là Trần, thường gọi là họ Trần Tống, và đời nào cũng có sinh những người Văn học."
q14_15_page_129-0008,NGUYỄN CẢNH-MÔ
q14_15_page_129-0009,Người làng Nông-Sơn huyện Nam-Đàn.
q14_15_page_129-0010,"Tiên tồ nguyên quán huyện Đông-Triều (thuộc tỉnh Hải-Dương), cuối đời nhà Hồ, mới dời vào ở tỉnh Nghệ-An."
q14_15_page_129-0011,Lúc còn trẻ học cử nghiệp (lối văn thi cử) đỗ Hương-cống.
q14_15_page_129-0012,"Gặp lúc Mạc-Đăng-Dung cướp ngôi, trong được rối loạn, ông mới học binh-thư của họ Tôn họ Ngô."
q14_15_page_129-0013,"(Tôn-Tân Ngô-Khởi). Đến năm Thống-Nguyên đời Lê-Cung-Hoàng, ông cùng cha là Nguyễn Huy khởi nghĩa ở trại Chiêu-Mộ."
q14_15_page_129-0014,"Đời Lê-Anh-Tôn, niên-hiệu Chính-Trị thứ 13 (1570), vua sai ông Trịnh-Tùng tiết chế các dinh đề đánh giặc."
q14_15_page_129-0015,Trịnh-Tùng hội các Tướng đặt yến tiệc đề ủy lạo.
q14_15_page_129-0016,"Cảnh-Mô cùng Vinh-quận-công Hoàng-Đình-Ái và Lai-quận-công Phan-công-Tích chỉ tay lên trời mà thề, rồi đào hào dựng lũy để chống quân Mạc, Trịnh-Tùng khuyên ông Mô đổi họ là họ Trịnh Lúc ấy Mạc-Kinh-Điền vào cướp Thanh-Hóa, Cảnh-Mô đem quân ra lõi bên trái lấy huyện Yên-Đinh, qua huyện Vĩnh-Phúc đánh cướp huyện Tống-Sơn thường phá được quân nhà Mạc, được thăng thiếu-phó Tấn-quân-công."
q14_15_page_129-0017,"Chưa bao lâu Mạc-Kinh-Điền lại vào cướp tỉnh Nghệ-An, đất Nghệ-An hết thầy thuộc về nhà Mạc."
q14_15_page_129-0018,"Cảnh-Mô cùng Công-Tích lại đánh lấy lại được Đến năm Gia-Thái (1573-1578) đời Lê-Thế-Tôn, tướng nhà Mạc là Nguyễn-Quyện lại vào cướp tỉnh Nghệ-An."
q14_15_page_129-0019,"Cảnh-Mô đem quân đến cứu, cầm cự vài tháng, đánh mãi không được, phải thu quân lui về Thanh-Hóa."
q14_15_page_129-0020,"Nguyễn-Quyện đuồi bắt được ông, dụ ông đầu hàng, ông có phúc thư rằng: «Người ta sinh ở trong khoảng trời đất, nên đủ cái lẽ của trời đất, mà lẽ ấy thì cương-thường là trọng nhất."
q14_15_page_129-0021,"Người đại-trượng-phủ lập tiân mà bỏ cương-thường, thì không khác gì loài cầm-thú mà mặc áo-xiêm vậy."
q14_15_page_129-0022,"Nay triều Lê là chính-thống, mà họ Mạc là tiếm-ngôi, trước cha người biết đổi lòng qui thuận, nay người gặp gia biến mới được một năm, đã đổi cái đạo của cha, thì không những là bất-trung lại mang cả tội bất hiếu nữa."
q14_15_page_129-0023,"Nay đã không biết lõi thì chớ, lại còn dám bắt chước Vệ-Luật khuyên ông Tô-Vũ hàng Hung-Nô ư?"
q14_15_page_129-0024,"Chí ta đã quyết, người đừng nói nữa»."
q14_15_page_129-0025,"Rồi ông bị hại, được truy tặng Thái-phó."
q14_15_page_129-0026,"Đến sau làng Ngọc-Sơn, làng Nông-sơn, làng Hồ-sơn đều lập đền thờ."
q14_15_page_130-0001,"Bùi-húy-Bích người huyện Thanh-Trì khi qua Hồ-Cương có vịnh câu thơ rằng «Mạc phủ tích công thành lão tướng» «Sa-trường toàn tiết tác danh thần (Khi ở nơi Mạc phủ có nhiều công lao, thành bậc lão-tướng."
q14_15_page_130-0002,"Khi ở nơi Sa-trường toàn được tiết thảo, đáng là bậc danh-thần)."
q14_15_page_130-0003,"Con là Cảnh-Kiên được phong Thư-quận-công, con thứ là Hào-quận-công, cháu là Lý-quận-công, Thắng-quận-công đời đời quy hiền."
q14_15_page_130-0004,"Đến triều Nguyễn, vua Tự-Đức có thơ vịnh sử rằng «Hoan-Châu tùy phục hưu tùy luân «Lực kiệt thân luy chí vị dân» «Vệ-Luật nan dao Tơ-Vũ tiết «Túc linh qui tử nhị tâm thăn (Châu Hoan lấy lại mất liền tay."
q14_15_page_131-0001,(Sức kiệt thân già chỉ khó lay (Tô-Vũ đầu nghe lời Vệ-Luật (Hai long then chết với tôi ngay.
q14_15_page_131-0002,PHAN-CÔNG-TÍCH
q14_15_page_131-0003,"Người làng Thái-Xá, huyện Đông-Thành."
q14_15_page_131-0004,Tính khảng-khái và có dũng-lược.
q14_15_page_131-0005,"Vào khoảng năm Thống-Nguyên (Đời Lê-Cung-Hoàng), họ Mác cậy mạnh tiếm ngôi, ông cùng ba em là Cương, Kỳ, và Tư ứng-nghĩa phù-Lê, cùng các tướng rước vua Trang-Tôn ở Ai-Lao về lập làm vua, thề đều cùng lòng đánh giặc."
q14_15_page_131-0006,Ông được phong Lai-quận-công Đến niên-hiệu Chính-Trị đời Lê-Anh-Tôn.
q14_15_page_131-0007,"Mạc-Kinh-Điền, vào cướp Thanh-Hóa, ông đem quân ra đường lối bên hữu, lấy được huyện Lôi-Dương, huện Nông-Cống, đánh cướp huyện Quảng-Xương."
q14_15_page_131-0008,"Thường cùng chống nhau với quân Mạc, đánh đầu được đấy."
q14_15_page_131-0009,"Niên-hiệu Hồng-Phúc năm đầu (đời Lê-Anh-Tôn), ông lĩnh quân đi cứu tỉnh Nghệ-An, quân Mạc phải rút lui."
q14_15_page_131-0010,"Ông lại đi kinh-lý tỉnh Thuận-Hòa, úy-lạo các tướng-sỹ."
q14_15_page_131-0011,"Đời vua Thế-Tôn, niên-hiệu Gia-Thái thứ 2 (1575), Tướng Mạc là Nguyễn-Quyện lại vào cướp tỉnh Nghệ-An."
q14_15_page_131-0012,"Ông cùng ông Cảnh-Mô đi cứu, nhưng bị phục-binh đánh úp bắt được, ông không chịu khuất, nên bị hại được truy-tặng Lai-quốc-công."
q14_15_page_131-0013,"Các em là bọn Kỳ, vì có quân công nên được phong tước quận-công cả."
q14_15_page_131-0014,"Đến con là Phan-Ngạn cũng theo quân đi đánh giặc, thường phá được quân Mạc, phong là Kế-quận-công."
q14_15_page_131-0015,"Sau Ngạn lại đem quân phụ với nhà Mạc, bị quân của vợ ông Bùi-văn-Khuê bắn chết."
q14_15_page_131-0016,"Con thứ cũng được phong là Quận-Công, đời đời đều quí hiền."
q14_15_page_132-0001,THÁI-BÁ-DU
q14_15_page_132-0002,"Người huyện Lương-Sơn. Khoảng niên-hiệu Nguyên-Hòa đời Lê-Trang-Tôn (1533-1545), ông theo Vinh-quận-công Hoàng-Đình-Ái đi đánh họ Mạc có công, phong Thượng-tướng-quân Chân-quận-công."
q14_15_page_132-0003,"Khoảng niên-hiệu Chính-Trị (đời Lê-Anh-Tôn) niên hiệu Gia-Thái (đời Lê-Thế-Tôn), Mạc-Kinh-Điền cùng Nguyễn-Quyên thường vào cướp phá tình Thanh tỉnh Nghệ, ông cùng con trai là Kiêm-quận-công Bá-Kỳ ra sức đánh chém đến hơn ngàn quân địch."
q14_15_page_132-0004,"Quân Mạc phải lui vào trong núi, ông cùng Nguyễn-cảnh-Mô triệt đường về của quân giặc, và đặt phục-binh đánh quân Mạc phải tan vỡ, đuồi ra tới cửa bể mới trở lại."
q14_15_page_132-0005,Ông được gia phong chức Tả-tư-mã thái-phó.
q14_15_page_132-0006,"Con cháu cũng nhiều người lập được quân công, đều quí hiền cả."
q14_15_page_132-0007,ĐINH-BAT-TỤY
q14_15_page_132-0008,Người làng Bùi-Khồng buyên Hưng-Nguyên.
q14_15_page_132-0009,"Đồ đầu Chế-khoa, khoa Giáp-Dần (1554) năm Thuận-Bình đời Lê-Trung-Tôn."
q14_15_page_132-0010,Ông là người có đủ văn-tài vũ-lược.
q14_15_page_132-0011,"Hồi bấy giờ họ Mạc cậy mạnh chiếm ngôi, ông ngoài thì coi việc binh-nhung."
q14_15_page_132-0012,"Ở trong triều lại tham bàn các việc cơ mật quan trọng, động bàn là trúng cơ-nghi."
q14_15_page_132-0013,Đời gọi là bậc công-thần thời trung-hưng.
q14_15_page_132-0014,Ông làm quan đến Thượng-thư bộ Binh tước Khê-quận-công.
q14_15_page_132-0015,Về tri-sĩ năm 84 tuổi thì mất; được tặng lhiếu-Bảo và cấp 30 mẫu tự-điền.
q14_15_page_133-0001,Làng Bùi-Ngõa có lập đến thờ.
q14_15_page_133-0002,"Con cháu phồn-thịnh, đời đời sinh người văn-học, cũng nhiều người quí-hiền"
q14_15_page_133-0003,HOÀNG-NGHĨA-LÃNG
q14_15_page_133-0004,"Người huyện Hưng-Nguyên. Cha là Thái-phó Quốc-công Hoàng-Nghĩa-Kiều, nguyên người huyện Kim-Động tỉnh Hưng-Yên (trước thuộc Sơn-Nam)."
q14_15_page_133-0005,"Hồi làm Thống-binh ở Nghệ-An, nhân có lấy người vợ quân làng Dương-Xá thuộc huyện Hưng-Nguyên, sinh ra Nghĩa-Lãng, mới theo đinh-tịch ở quê mẹ."
q14_15_page_133-0006,"Ông là thế-phiệt công-thần, đi đẹp quân Mạc, lập nhiều chiến-công, được phong Phú-quận-công."
q14_15_page_133-0007,"Sau đem quân tới Sơn-Nam đánh nhau với quân Mạc bị chết trận, được tặng Thiếu-úy."
q14_15_page_133-0008,"Con trai là Nghĩa-Phúc cũng do chiến-công được quí-hiền, phong tước Định-quận-công."
q14_15_page_133-0009,"Đến triều Nguyễn, năm đầu Gia-Long (1802), được liệt vào đệ nhị Công-thần thời Trung-Hưng nhà Lê, cho một người trong họ được tập-ấm để giữ việc tế-tự."
q14_15_page_133-0010,"Năm Minh-Mạng thứ 10, (1829), cấp cho họ Hoàng 100 mẫu đất phù-sa mới nồi, đặt ra một làng gọi là làng Hoàng-Nghĩa."
q14_15_page_133-0011,NGÔ-TRÍ-HÒA
q14_15_page_133-0012,"Người làng Lý-Trai, huyện Đông-Thành, là con quan Giám-Sát Ngự-sử Ngô-Trí-Tri."
q14_15_page_133-0013,"Niên-hiệu Quang-Hưng đời Lê-Thế-Tôn, khoa thi Nhâm-Thin (1592)."
q14_15_page_133-0014,"Ngô-Trí-Tri đỗ Hội-nguyên, con là Trí-Hòa đồ Đinh-nguyên (Hoàng-giáp), cha con cũng đồ một bảng, đời bấy giờ cho là một sự rất vẻ vang."
q14_15_page_133-0015,"Trí-Hòa học vấn uyên-bác hơn người, lại giỏi về thuật trị-dân, thường phụng mạng sang sứ Tàu."
q14_15_page_133-0016,"Là bậc danh-thần 3 triều, làm quan đến Thượng-thư bộ Hộ, hàm Thiếu-bảo tước Hầu."
q14_15_page_133-0017,Lúc mất được tặng Xuân-quận-công.
q14_15_page_133-0018,"Con là Sĩ-Vinh, tảng-tôn là Công-Trạc."
q14_15_page_133-0019,"Hưng-Giáo, đều đồ tấn-sĩ."
q14_15_page_134-0001,LÊ-KÍNH
q14_15_page_134-0002,"Người làng Quan-Trung huyện Đông-Thành, đồ Đồng-tấn-sĩ khoa Mậu-Thin (1959) niên-hiệu Vinh-Tộ đời Lê Thần-Tôn, làm quan đến l'hượng-thư bộ Công phong Hầu-trước."
q14_15_page_134-0003,"Khi mất, tặng Thái-bảo Thạc-quận-công."
q14_15_page_134-0004,"Con là Lê-Hạo cũng đỗ Tấn-sĩ, làm quan đến Thị-lang."
q14_15_page_134-0005,"Hồ-Sĩ-Dương Người làng Hoàn-Hậu, huyện Quỳnh-Lưu, cũng là dòng đối ông Hồ-Thốc."
q14_15_page_134-0006,Có tiếng là bậc văn-học giỏi.
q14_15_page_134-0007,"Trước đó Giải-nguyên, sau vì đi thi hộ cho người nên bị tội sung-quân."
q14_15_page_134-0008,Sau lại đó Đồng tấn-sĩ khoa Nhâm-Thìn (1592).
q14_15_page_134-0009,Năm Khánh-Đức đời Lê-Thần-Tôn Kế đó vào thi Đông-các cũng đó.
q14_15_page_134-0010,"Khoảng niên-hiệu Cảnh-Trị (1663-1671) đời Lê-Huyền-Tôn, ông làm Thị-lang bộ Lại, đem quân đi kinh-lược tỉnh Tuyên-Quang bắt được tướng giặc là Ma-phúc-Lan, lại được sung chức Chánh-sứ sang sứ nhà Thanh bên Trung-Hoa."
q14_15_page_134-0011,"Khi về được thăng Công bộ-Thượng-thư, Duệ-quận-công."
q14_15_page_134-0012,"Năm đầu niên-hiệu Vĩnh-Trị (1675), ông được trông coi việc sửa lại Quốc-sử."
q14_15_page_134-0013,Khi mất được tặng Thiếu-bảo.
q14_15_page_134-0014,"Họ hàng hiền-đạt, đời đời sinh người văn-học."
q14_15_page_134-0015,NGUYỄN-ĐÌNH-CỔN
q14_15_page_134-0016,"Người làng Bích-Triều, huyện Thanh-Chương."
q14_15_page_134-0017,"Thiên-tư minh-mẫn, tính tình hào-mại, có danh-vọng trong hàng sĩ-phu."
q14_15_page_134-0018,Đồ Đông-tấn-sĩ khoa Bính-Thìn (1676) niên-hiệu Vĩnh-Trị đời Lê-Hi-Tôn.
q14_15_page_134-0019,"Kế trúng luôn khoa thi Đông-các, một năm 2 lần vinh-qui xưa nay cũng ít có."
q14_15_page_134-0020,"Ông làm quan đến chức Thiêm-đô-ngự-sử phụng mạng đi sứ, không may đến giữa đường thì mất."
q14_15_page_134-0021,Được truy tặng Tả-thị-Lang tước Nam.
q14_15_page_135-0001,HÒ-РHI-TÍCH
q14_15_page_135-0002,"Cùng họ với Hồ-sĩ-Dương, đỗ Tấn-sĩ khoa Canh-Thin (1700), niên-hiệu Chinh-Hoà đời Lê-Hy-Tôn."
q14_15_page_135-0003,"Niên-hiệu Vĩnh-Thịnh năm thứ 7 (1711) đời Lê-Dụ-Tôn, vua hạ chiếu cầu lời nói thắng."
q14_15_page_135-0004,"Hồi đó ông đương làm Ngự-sử, có bày tỏ các việc đều rõ ràng cặn kẻ, được ban thưởng bạc và lụa."
q14_15_page_135-0005,"Đến năm Bảo-Thái đời Lê-Dụ-Tôn, ông phụng mạng đi sứ có công lại được đi tra xét địa-giới tỉnh Tuyên-Quang và Hưng-Hóa."
q14_15_page_135-0006,"Niên-hiệu Bảo-Thái năm thứ 10 (1629) có lụt lớn, ông phụng mạng đi khai sông; ông xin phát thóc kho ở Vị-Hoàng đề chân cấp cho dân bị tai nạn."
q14_15_page_135-0007,"Ông làm quan đến Hình-bộ Thượng-thư, phong Quận-công, về trí sĩ."
q14_15_page_135-0008,Khi mất được tặng Thiếu-bảo.
q14_15_page_135-0009,Cùng họ với Hồ Phi-Tích.
q14_15_page_135-0010,"Tính đơn giản thầm kín, không hay giao du phiếm."
q14_15_page_135-0011,"Đồ Tấn-sỹ khoa Nhâm-Thìn (1772) niên-hiệu Cảnh-Hưng đời Lê-Hiền-Tôn, thi hội thi đình đều đồ đầu, thường sung chức Phó-sứ sang sứ nhà Thanh."
q14_15_page_135-0012,"Khi ấy Trịnh-Sâm chuyên quyền, có ý đồm ngó ngôi vua, ngầm làm tờ biều, nhờ Chánh-sứ là Vũ-Khâm-Tự xin với nhà Thanh cầu làm phó-vương và dấu không cho Sỹ-Đống biết."
q14_15_page_135-0013,"Khi đi, Khâm-Tự lo sơ thành bệnh."
q14_15_page_135-0014,"Lúc đến Động-Đình, khi sắp chết, Khâm-Tự mới đem việc ấy nói cho Sỹ-Đống biết, nhận lấy tờ biều ra đốt đi rồi việc ấy đành bỏ."
q14_15_page_135-0015,"Khi về, Sỹ-Đống cũng làm thinh như là không biết gì đến việc đó mà Trịnh-Sâm cũng không hỏi đến nữa."
q14_15_page_135-0016,"Ông thăng dần dần đến chức Binh-bộ Thượng-thư Giác quận-công, và thường được cử đến tỉnh Quảng-Nam kinh lý việc biên-giới."
q14_15_page_135-0017,"Sỹ-Đống thấy quan Trấn thủ ở Thuận-Hóa là Phạm-Ngô-Cầu không đủ tài trấn giữ nơi đó, đã nhiều lần xin cử tướng khác đến thay."
q14_15_page_135-0018,"Sau vì ông mất, nên việc ấy lại thôi, và cũng do đó mới xảy có cái họa Tây-Sơn Nguyễn-Nhạc."
q14_15_page_135-0019,Khi Sỹ-Đống sang sứ nhà Thanh có làm tập thơ «Hoa-Trình-Khiền-Hứng» truyền lại đời sau.
q14_15_page_136-0001,BÙI-HƠU-NHẮM
q14_15_page_136-0002,Người làng Thanh-Tuyền huyện Nam-Đàn.
q14_15_page_136-0003,Đồ Đồng tấn-sỹ khoa Canh-Thìn (1709) niêu-hiệu Chính-Hòa đời Lê-Hy-Tôn.
q14_15_page_136-0004,"Tính cương trực, làm việc không kiêng nề những hạng có thể lực, nên những kẻ cường-hào đều phải nín hơi."
q14_15_page_136-0005,"Ông thường đi qua trấn Cao-Bằng, thấy trong hạt ấy có ngôi đền thờ yêu-quái, được nhiều người sùng tín, ông bắt đốt đi."
q14_15_page_136-0006,"Ông làm đến chức Cấp-sự-trung, khi mất được tặng Tham-chính."
q14_15_page_136-0007,"Con cháu phồn thịnh, đời đời thường sinh những người văn-học."
q14_15_page_136-0008,NGUYỄN-TRỘNG-THƯỜNG
q14_15_page_136-0009,Người làng Trung-Cần huyện Thanh-Chương.
q14_15_page_136-0010,Đồ Đồng-tán-sỹ khoa Nhâm-Thìn (1712) niên-hiệu Vinh-Thịnh đời Lê-Dụ-Tôn.
q14_15_page_136-0011,"Tính ngay thẳng trung-hậu, trải làm quan các tỉnh Lạng-Sơn, Sơn-Tây, đến đầu dân cũng ca-tụng."
q14_15_page_136-0012,"Năm Long-Đức thứ 3 (1734) đời Lê-Thuần-Tôn, sang sứ Trung-Hoa, lúc về mất ở Hán-Khầu, được truy tặng Lại-bộ Tả-thị-lang tước Quận-công."
q14_15_page_136-0013,Con là Trọng-Đang cháu là Trọng-Đường đều đồ Tán-sỹ.
q14_15_page_136-0014,NGUYỄN-THỜI-PHÙNG
q14_15_page_136-0015,"Người làng Hoa-Lâm, huyện Nam-Đàn, đổ Đồng-tấn-sỹ khoa Ât-vị (1715) niên-hiệu Vĩnh-Thịnh, đời Lê Dụ-Tôn."
q14_15_page_136-0016,"Làm quan đến Tả-thị-lang bộ Hình, rồi về trí-sĩ, Ông văn học uần-súc, phần đông nhân tài thời bấy giờ cũng nhiều người học ở cửa ông mà ra."
q14_15_page_136-0017,"Con là Bá-Quýnh cũng đỗ Tấn-sỹ, làm quan đến chức Tư-nghiệp."
q14_15_page_136-0018,Hai cha con cùng làm quan một triều.
q14_15_page_137-0001,NGUYỄN-TRỌNG-ĐANG
q14_15_page_137-0002,"Con Trọng-Thường, đồ Đồng tấn-sỹ khoa Kỳ-Sửu (1769) niên-hiệu Cảnh-Hưng, đời Lê Hiền-Tôn."
q14_15_page_137-0003,"Làm quan đến chức Đốc-trấn tỉnh Lang-Sơn, chính sự chỉ chuộng nhân-từ đức-huệ những người Trung-Hoa ngụ ở tỉnh Lang-Sơn, cảm ơn đức ông, có lập sinh-từ, và làm văn đề ký-niệm công-đức."
q14_15_page_137-0004,"Sau ông đổi sang chức Đốc-thị đạo Thuận-Quảng, gặp loạn Tây-Sơn thành bị hãm, ông cũng chết theo."
q14_15_page_137-0005,NGUYỄN-THẾ-BÌNH
q14_15_page_137-0006,"Người làng Cát-Ngạn huyện Thanh-Chương, đỗ Đồng-tấn sỹ khoa Ất vị (1775) niên-hiệu Cảnh-Hưng đời Lê-Hiền-Tôn."
q14_15_page_137-0007,"Tính ông ngay thắng, không sợ cường-hào, làm quan đến chức Đốc-đồng tỉnh Sơn-Tây và Hiệp-tấn việc quân."
q14_15_page_137-0008,Hồi đó gặp Tây-Sơn nổi dậy ông thân đốc quân đánh chim hơn 60 chiếc thuyền bên địch.
q14_15_page_137-0009,"Sau lại cùng quân địch đánh nhau, nhưng sức không chống nồi đành phải chết theo."
q14_15_page_137-0010,PHẠM-NGUYỄN-DU
q14_15_page_137-0011,Người làng Đặng-Điền huyện Nghi-Lộc.
q14_15_page_137-0012,"Lúc còn trẻ đã nổi tiếng hay chữ, năm 20 tuổi đỗ Hương-cống, rồi đỗ Tấn-sỹ và Hội-nguyên vào khoa Kỳ-Hợi (1779) niên-hiệu Cảnh-Hưng, đời Lê-Hiền-Tôn."
q14_15_page_137-0013,"Sau khi đỗ ông chăm nghiên cứu đề hiều rõ đạo lý trong nền học vấn, Ông soạn tập LUẬN-NGỮ NGU-ÁN và soạn các bài tựa Trung, Tiên, Hậu sách LUẬN-NGỮ, chia ra 4 mục Thánh, Học, Sĩ Và Chính, đều có ngành ngọn rõ ràng."
q14_15_page_137-0014,"Ông làm quan đến chức Đốc-đồng tỉnh Nghệ-An, Hồi Tây-Sơn nổi dậy, ông không chịu thần phục, mới lánh sang ở huyện Thanh-Chương, rồi chiêu mộ hương-binh để ngăn chống."
q14_15_page_137-0015,"Nhưng thế Tây-Sơn quá mạnh không thề địch nồi, phần uất mà chết."
q14_15_page_137-0016,"Lúc sắp mất, có ngâm câu thơ rằng «Dĩ hỹ Anh hùng vô dụng vũ «Quá nhiên thiên ý táng tư văn."
q14_15_page_138-0001,Thế là thôi!
q14_15_page_138-0002,Anh hùng không còn có đất dùng võ Thật là ý tròi muốn làm cho chôn mất cái văn hóa kia vậy.
q14_15_page_138-0003,"Đến triều Nguyễn, Vua Gia-Long có xét cho con rề ông là Nguyễn-Huy được nhiêu-Ấm đề trông coi việc tế-tự."
q14_15_page_138-0004,NGUYỄN-TRỌNG-ĐƯỜNG
q14_15_page_138-0005,"Là cháu Nguyễn-Trọng-Thường, kêu Trọng-Đang là bác."
q14_15_page_138-0006,"Đồ Đồng tấn-sỹ khoa Kỳ-Họi (1779). niên-hiệu Cảnh-Hưng đời Lê-Hiền-Tôn, làm quan đến chức Đốc-trấn tỉnh Lạng-Sơn."
q14_15_page_138-0007,"Khoảng đời vua Xuất-Đế (Chiêu-Thống), gặp lúc Tây-Sơn nổi dậy, ông không muốn nhơ bần vào mình, ngầm ần một nơi đề dậy học."
q14_15_page_138-0008,"Đến triều Nguyễn, vua Gia-Long vời ra yết kiến, phong làm Kim-ba-điện Học-sĩ bổ chức Đốc-học tỉnh Sơn-Nam-Thượng."
q14_15_page_138-0009,"Mười năm sau lại làm chức Quốc-sử Toản-tu, nhưng ông cáo bệnh không nhận, rồi mất."
q14_15_page_138-0010,"Họ nhà ông cả ông cháu, chú cháu đều sang sứ Tàu, người Tàu tặng bài thơ có câu rằng α Ngũ vân Chi-Thước khai hành điện «Tam thế y quan bái thánh nhân."
q14_15_page_138-0011,Lời chú của địch-giả: Chi-Thước là tên một cái quán của vua Hán Vũ-Đê lập ngày xưa để tiềp đón nhân tài.
q14_15_page_138-0012,"Hai câu này nửa trên ý nói vua Trung-Quốc, nửa dưới là khen Trọng-Đường luôn ba đời đi sứ Trung-Quốc."
q14_15_page_139-0001,Nghĩa là (Điện Chi-Thước mở máy năm sắc (Khách áo Xiêm châu Thánh ba đời).
q14_15_page_139-0002,Con là Trọng-Vũ làm quan triều Nguyễn đến chức Tham-tri và hai lần đi sứ Tầu.
q14_15_page_139-0003,Người Tầu tặng thơ có câu «Tứ-thế ngũ Hoàng-Hoa (Bốn đời 5 lần đi sứ).
q14_15_page_139-0004,NGUYỄN-KHUÊ
q14_15_page_139-0005,Người làng Đặng-Xá huyện Nghi-Lộc.
q14_15_page_139-0006,"Lúc trẻ có tiếng hay chữ, trước đó Hương-cống, ra làm Tri huyện."
q14_15_page_139-0007,"Gặp lúc Tây-Sơn nổi lên, ông mộ quân để bảo vệ."
q14_15_page_139-0008,"Vua Lê khen là trung, thăng cho chức Đồng-tham-tri-chính-sự, kiêm coi việc quân cả bốn thành."
q14_15_page_139-0009,"Đến khoa Đinh-Vị (1787), năm đầu Lê-Chiêu-Thống, vào thi hội đó Đồng tấn-sĩ, rồi được cử đi Quản-đạo Sơn-Nam, đốc thu lương xướng Khi thành Thăng-Long thất thủ, ông theo vua Chiêu-Thống chạy sang Tàu; mới đến núi Mục-Sơn, huyện Yên-Thế, thì quân địch chợt đến, quan quân bị tan vỡ, ông tâu với vua là việc gấp đến nơi xin vua đi trước, đề mình ở lại sau chống giữ."
q14_15_page_139-0010,"Nhưng sức chống không nồi, bị quân địch giết."
q14_15_page_139-0011,"Qua triều Nguyễn châu là Nguyễn-Ngọc đó Song-nguyên Tấn-sỹ, (đó đầu cả 2 trường) khoa Tân-Sửu (1841) đời vua Thiệu-Trị."
q14_15_page_139-0012,LÊ-DUẬT
q14_15_page_139-0013,"Người huyện Nam-Đàn, đỗ Hương-cống, thi hội trúng, tam trường."
q14_15_page_139-0014,"Năm đầu Chiêu-Thống (1787) tuyền vào chức Thị---iảng, rồi đổi ra Trấn-thủ tỉnh Thanh-Hóa."
q14_15_page_139-0015,"Gặp lúc lây-Sơn nổi lên, ông đánh nhau với tướng Tây-Sơn là Tư-mã Ngô-Văn-Sở ở sông Mã, quân bị tan vỡ, một mình hết sức đánh rồi bị hại."
q14_15_page_139-0016,NGUYỄN-VIẾT-TRIỆU
q14_15_page_139-0017,Người làng Thanh-Thủy huyện Nam-Đàn.
q14_15_page_139-0018,"Khoảng năm Cảnh-Hưng đời Lê Hiền-Tôn, đỗ Hương-cống."
q14_15_page_139-0019,"Gặp lúc Tây-Sơn nđi dậy, ông mộ quân vào bảo vệ nhà vua, được sung chức phó Đề-linh."
q14_15_page_139-0020,"Khi tướng nhà Thanh là Tôn-Sĩ-Nghị thua, vua Lê-Chiêu-Thống phải chạy sang Tàu, ông cầm cương ngựa đi theo đến Nam-Quan trước, to vị quan khác tiếp tục đến sau, cùng uống máu ăn thề, dâng biều xin vua Tàu giúp quân sang đánh Tây-Sơn, nhưng vua Tàu không nhận giúp, sau bị quỉ kế của bọn Hòa-Khôn, Kim-Giản bắt xiềng tay đưa đi các ngà, Viết-Triệu cùng Lê-văn-Trương đều bị an-trí ở tỉnh Nhiệt-Hà."
q14_15_page_139-0021,"Được 2 năm, vua Chiêu-Thống băng-hà, ông nghe tin, cùng với Lê-Văn-Trương đặt bài vị tế vua, khóc lóc thảm thiết mê man hồi lâu mới tỉnh; Nhân thế sinh bệnh rồi mất."
q14_15_page_139-0022,"Đến triều Nguyên, năm Gia-Long thứ 3 (1804), rước di-hài vua Chiêu-Thống về nước, rồi đem cả hài cốt các Vong-thần về phụ táng ở gần lăng vua Chiêu-Thống."
q14_15_page_139-0023,"Năm Tự-Đức thứ 11, (1858), đem thờ cả vào đền Tiết-Nghĩa nhà Lê, Vua Tự-Đức vịnh sử có câu thơ rằng «Bách lý khuê ly thùy hãn vệ «Đăn tường nhất đồng tuần quân thân» Nghĩa là: «Xa xôi ai kẻ giữ gìn «Chỉ đem cái chết theo liền quân thân"
q14_15_page_140-0001,LÊ-VĂN-TRƯƠNG
q14_15_page_140-0002,Người huyện Nam-Đàn. Sự trạng cũng giống như Nguyễn Viết-Triệu ở trên.
q14_15_page_140-0003,LÊ-HÂN
q14_15_page_140-0004,Người huyện Nam-Đàn. Năm Cảnh-Hưng đời Lê Hiền-Tôn làm chức Huyện-thừa.
q14_15_page_140-0005,"Gặp lúc Tây-Sơn nổi dậy, ông bỏ của ra mộ quân, thường cùng đánh nhau với Tây-Sơn, dần được thăng chức Trấn-thủ Kinh-Bắc, kịp khi tướng nhà Thanh là Tôn-Sĩ-Nghị đến tiếp viện, ông suất quân cùng đi đánh 6 trận đều được cả."
q14_15_page_140-0006,"Sau quân nhà Thanh bị thua, vua Chiêu-Thống phải chạy sang Tàu."
q14_15_page_140-0007,"Ông cùng Lê-văn-Trương lục tục theo đến Yên-Kinh, uống máu ăn thề, dâng tờ biều xin vua Thanh giúp quân, bị vua Thanh ngăn trờ, lại xiềng đưa về an trí ở tỉnh Phụng-Thiên."
q14_15_page_140-0008,Ông ở đây 16 năm.
q14_15_page_140-0009,"Có tiếng làm thuốc hay, được quan Thái-thú họ Lưu gả con gái cho."
q14_15_page_140-0010,"Đến triều Nguyễn, năm Gia-Long thứ 3, ông theo tang vua Chiêu-Thống về đến Thăng-Long, thì bị bệnh mất, được phụ táng ở lăng vua."
q14_15_page_140-0011,"Năm Tự-Đức thứ 12, được thờ vào đền Tiết-Nghĩa nhà Lê."
q14_15_page_141-0001,NGUYỄN-ĐÌNH-VIỆN
q14_15_page_141-0002,"Người huyện Hưng-Nguyên Đỗ Hương-cống năm Cảnh-Hưng đời Lê Hiền-Tôn, trải làm quan ở ty Hiến-sát-sứ tỉnh Tuyên-Quang."
q14_15_page_141-0003,"Cuối đời Lê, nghe quân Tây-Sơn đã đến tỉnh Nghệ tỉnh Thanh, ông xin về mộ quân chia giữ các chỗ hiềm yếu, cùng quân Tây-Sơn đánh, thế không địch nồi, phải lui về quê nhà, chế thêm binh khí."
q14_15_page_141-0004,"Quân Tây-sơn vây nhà ông, ông đem con và rề cùng hương-dũng ở làng đánh suốt 3 ngày đêm, kiệt sức rồi cùng con là Ngọc-Liễn, Ngọc-Triệu, Ngọc-Chấn, rề là Thiều cháu là Hợp, đều chết cả."
q14_15_page_141-0005,"Khi ấy vợ Ngọc-Liễn là Vũ-Thị-Luyện mới 17 tuổi, Vợ Ngọc-Triệu là Hồ-Thị-Viện mới 21 tuổi, đều thủ tiết, người đời khen là bậc tiết-liệt."
q14_15_page_141-0006,"Đến triều Nguyễn, năm Tự-Đức thứ 11, được thờ vào đến Tiết-Nghĩa Nhà Lê, con với rề đều được thờ theo vào đó."
q14_15_page_141-0007,NGUYỄN-NHƯ-TIẾN
q14_15_page_141-0008,"Người huyện Yên-Thành, giỏi về nghề võ."
q14_15_page_141-0009,"Hồi chúa Tây-Sơn Nguyễn-Nhạc từ Bắc-thành về qua làng Hoàng-Trường, ông suất thủ-hạ phá cầu đón đánh; đã suýt bắt được Nguyễn-Nhạc."
q14_15_page_141-0010,"Chợt quân Tây-Sơn lại tiếp thêm đến, ông biết thế không địch nồi, dẫn quân rút lui."
q14_15_page_141-0011,"Quân Tây-Sơn đuồi riết, ông hết sức đánh bị chết."
q14_15_page_141-0012,NGUYỄN-TRỌNG-KHƯƠNG
q14_15_page_141-0013,"Người huyện Nghi-Lộc. Cuối đời Cảnh-Hưng nhà Lê, làm chức Đội-trưởng, lệ thuộc dưới quyền Nguyễn-Chỉnh, khi Nguyễn-Chỉnh tỵ nạn theo Tây-Sơn."
q14_15_page_141-0014,"Trọng-Khương cũng theo đi, sau lại trở về."
q14_15_page_141-0015,"Khoảng đầu đời vua Chiêu-Thống, Nguyễn-Chỉnh đem quân về bảo vệ nhà vua, Trọng-Khương lại đi theo."
q14_15_page_141-0016,"Khi ấy giặc bề hay quấy nhiều Hải-Dương và tỉnh Quảng-Yên, vua cho Trọng-Khương ra trấn thủ Quảng-Yên, đánh tan được đám giặc bề."
q14_15_page_141-0017,Đến khi Tây-Sơn lại đến đánh cướp Thăng-Long.
q14_15_page_141-0018,"Vua phải chạy sang Kinh-Bác, Trọng-Khương nghe tin quan Thống-lĩnh Hoàng-viết-Tuyền còn ở Sơn-Nam, liền đem thủy-quân lại hợp, tôn Viết-Tuyền lên làm Thống-soái, đề hợp quân đánh địch."
q14_15_page_141-0019,"Lúc đó Viết-Tuyền có ý muốn hàng giặc, dùng dảng chưa quyết."
q14_15_page_141-0020,"Trọng-Khương bèn tuốt gươm ra và nói: Nay thành Thăng-Long đã mất, vua cha phải chạy ra nước ngoài, ấy là lỗi ai? anh có giết tôi đề hàng giặc thì giết, nếu không thì tôi cũng trói anh đề ở đầu mũi thuyền, rồi đánh thẳng vào trận giặc»."
q14_15_page_141-0021,"Viết-Tuyền bất đắc đi phải hợp quân với Trọng-Khương tiến đến cửa sông Luộc, thẳng xông vào trận làm cho quân Tây-Sơn phải tan vỡ, và bắt được thuyền bè binh trượng rất nhiều."
q14_15_page_141-0022,"Sau đó Tây-Sơn kéo thêm quân đến đánh, Trọng-Khương phải lui về giữ sông Vỵ-Hoàng, rồi gặp gió bão, quân bị tan vỡ, còn Trọng-Khương không biết thất lạc nơi đầu."
q14_15_page_142-0001,NGUYỄN-BẬT-HÀI
q14_15_page_142-0002,"Nguời huyện Yên-Thành trước đỗ Hương-cống, vào thi Hội trúng tam-trường."
q14_15_page_142-0003,"Khoảng năm Cảnh-Hưng đời Lê Hiền-Tôn, sung chức Tả-mạc ở ty Thừa-chánh-sứ trấn Nghệ-An."
q14_15_page_142-0004,"Gặp khi Tây-Sơn nổi dậy, Bật-Hài đứng lên chiêu dụ nghĩa-sĩ và tuyên bố rằng: Cơm áo đều nhờ ơn vua ban cho, nếu nay gặp loạn mà chỉ mong sống đề tạm yên thân, thì sĩ-phủ rất lấy làm thẹn."
q14_15_page_142-0005,Ta thề không cùng giặc sống chung.
q14_15_page_142-0006,"Liền đem hết của nhà để nuôi quân, cùng Tây-Sơn đánh chống, nhưng vì ít quân không đích nồi, rồi bị bắt."
q14_15_page_143-0001,"Triều Nguyễn NGUYỄN-ĐÌNH-ĐÁC Người huyện Nghi-Lộc, là cháu 14 đời Cương-quốc-công Nguyễn-Xi."
q14_15_page_143-0002,"Ông có sức mạnh hơn người, tập biết binh-pháp."
q14_15_page_143-0003,"Năm Đinh-Tị (1787) vượt bể vào tỉnh Gia-Định ứng nghĩa, bắt đầu làm Cai-cơ, thường theo đi đánh giặc, có nhiều công lao được thăng chức Tả-quân Phó-tướng."
q14_15_page_143-0004,Năm đầu Gia-Long (1802) thăng Khâm sai chường-dinh lĩnh chức Trấn-thủ Sơn-Nam-Thượng-Trấn.
q14_15_page_143-0005,"Năm Gia-Long thứ 5 (1806) về kinh, vua Gia-Long hỏi về việc quan hay dờ, và sự đau khồ của dân, gian?"
q14_15_page_143-0006,"Đinh-Đác điều trần 18 việc, đều làm đến nơi được cả."
q14_15_page_143-0007,"Năm Gia-Long thứ 7, lại lĩnh chức Trấn-thủ trấn Sơn-Nam-Thượng."
q14_15_page_143-0008,"Hồi đó trộm cướp như ong, Đinh-Đác đều dẹp yên được."
q14_15_page_143-0009,"Năm Gia-Long thứ 10 (1811), lại được triệu về kinh, bị bệnh rồi mất, được tặng Thiếu-bảo."
q14_15_page_143-0010,"Năm đầu Minh-Mạng (1820), được liệt thờ vào miếu Trung-Hưng Công-Thần."
q14_15_page_143-0011,VÕ-NGUYÊN-LƯỢNG
q14_15_page_143-0012,Người huyện Yên-Thành. Trước làm chức Câu-kê đời nhà Lê.
q14_15_page_143-0013,"Năm Nhâm-Dần (1782) vượt bể vào tỉnh Gia Định ứng nghĩa, được giữ chức Chiêu-thảo-sứ, và vâng lệnh ra Bắc-Thành chiêu dụ các hào-mục."
q14_15_page_143-0014,"Khi đó bị giặc là tên Thùy bắt được, ông không chịu khuất, nên bị hại."
q14_15_page_143-0015,"Năm đầu Gia-Long được truy tặng Cai-cơ, cho con được ấm thọ đề coi việc tế-tự, và được cấp tự-điền 20 mẫu."
q14_15_page_143-0016,HÒ-VĂN-HUỆ
q14_15_page_143-0017,"Người huyện Đông-Thành. Năm đầu nhà Nguyễn trung-hưng vào nam ứng nghĩa, trải làm quan đến chức Phó-vệ-uy vệ Phấn-nghĩa."
q14_15_page_143-0018,"Sau không may bị chết trận, được thờ vào đền Bao-Trung tỉnh Bình-Định, và miếu Trung-Hưng Công-Thần."
q14_15_page_144-0001,PHAN-BÁ-ĐỒNG
q14_15_page_144-0002,"Người huyện Đông-Thành. Năm đầu nhà Nguyễn trung-hưng cùng với Hồ-văn-Huệ vào nam ứng nghĩa, trải làm quan đến chức phó-vệ-uy vệ Phấn-uy, lập được nhiều chiến-công."
q14_15_page_144-0003,"Khi mất được thờ vào đền Biều-Trung, tỉnh Phú-Yên, và miều Trung-Hưng Công-Thần."
q14_15_page_144-0004,PHAN-BÁ-XÁC
q14_15_page_144-0005,"Người huyện Đông-Thành. Khoảng đầu niên-hiệu Gia-Long, vào nam ứng nghĩa, theo quân đi đánh giặc có công, sau lúc đại-định, hàng được thăng đến chức Phó-vệ-uy vệ Tráng-uy, dần thăng lên chức Cai-cơ."
q14_15_page_144-0006,Năm Minh-Mạng thứ 3 (1822) lại được cất nên chức Chương-cơ (tức như chức Lãnh-binh ngày nay).
q14_15_page_144-0007,"Khi đem quân ra Bắc-Thành đánh giặc, bị bệnh mất ở trong quân."
q14_15_page_144-0008,NGUYỄN-TRUNG-MÂU
q14_15_page_144-0009,"Người huyện Đông-Thành, đỗ Hương-cống khoa Đinh-Mão (1807) đời vua Gia-Long."
q14_15_page_144-0010,"Trải làm quan đến Thượng-thư bộ-Lê, sung Cơ-mật-viện đại-thần."
q14_15_page_144-0011,"Trải thờ 3 triều. Tính người ôn hòa, đồn hậu thanh liêm, thận trọng giữ mình, rất am hiều việc lê nghi."
q14_15_page_144-0012,Khi mất được tặng Hiệp-biện Đại-học-sỹ.
q14_15_page_144-0013,LÊ-NGUYÊN-TRUNG
q14_15_page_144-0014,"Người huyện Thanh-Chương, đỗ Hương-cống khoa Quý Dậu (1813) đời vua Gia-Long."
q14_15_page_144-0015,"Tính lỗi lạc. Có khí tiết, trải thờ 4 triều làm quan khắp trong ngoài, có tiếng là một người thanh-cần."
q14_15_page_144-0016,"Sau làm đến Tuần-phủ, Hộ-lý Tông-đốc tỉnh Bình-Định, rồi mất tại chức."
q14_15_page_144-0017,"Con là Nguyên-Thứ đồ Cử-nhân, cháu là Bá-Đôn đồ Giải-nguyên, tầng-tôn là Bá-Hoan đồ Đồng-tấn-sỹ."
q14_15_page_145-0001,Vũ-HUY-QUÝNH Người huyện Yên-Thành Đồ Cử-nhân đời vua Gia-Long cược bồ Tri huyện Nghi-Dương.
q14_15_page_145-0002,"Tính cương-trực thanh-giới, được nha-lại nhân-dân kính sợ mà yêu mến Khoảng năm Minh-Mạng, trải thăng chức Tham-hiệp hai tỉnh Hải-Dương và Sơn-Nam, sau nhân gan việc bị mất chức."
q14_15_page_145-0003,"Đến năm Minh-Mạng thứ 15, được khai phục chức Tư-vụ, đổi đi Tri-châu Vạn-Ninh, bị bệnh về rồi mất."
q14_15_page_145-0004,VÕ-DUY-TÂN
q14_15_page_145-0005,"Người huyện Thanh-Chương, đỗ Cử-nhân năm Gia-Long thứ, 12 (1813)."
q14_15_page_145-0006,"Lúc còn làm chức Thú lệnh (tức là Tri-phủ Tri huyện) đến đầu cũng lập điều-ước, lấy việc trọng luân-thường sửa hạnh-kiềm làm tôn-chỉ."
q14_15_page_145-0007,Trải làm Đốc-học tỉnh Sơn-Tây và tỉnh Hà-Nội rồi làm chức Tư-nghiệp Quốc-tử-giám.
q14_15_page_145-0008,Có nhiều học trò làm nên.
q14_15_page_145-0009,NGUYỄN-THẾ-CÁT
q14_15_page_145-0010,"Người huyện Đông-Thành, đồ Cử-nhân năm Gia-Long thứ 12, (1813) được bồ Tri huyện Phù-Ninh."
q14_15_page_145-0011,"Ông có sửa văn-từ hàng huyện, đặt ruộng tự-điền, làm việc lợi bỏ việc hại, dân được nhờ rất nhiều."
q14_15_page_145-0012,"Sau đem quân đi bắt những đảng cướp, rồi bị hại được truy tặng Đồng-tri-phủ và được thờ vào đền Trung-Nghĩa."
q14_15_page_145-0013,PHAN-HỮU-TÍNH
q14_15_page_145-0014,"Người huyện Quỳnh-Lưu. Năm Minh-Mạng thứ 3 (1822) thi đỗ Tấn-sỹ, Trải làm Tri-phủ, rồi thăng Đốc-học, lại đổi sang chức Tư-nghiệp."
q14_15_page_145-0015,"Sau làm Làng-trung bộ Binh, theo làm việc tòa binh ở Bắc-Thành."
q14_15_page_145-0016,"Ông ở nơi làm quan văn thanh liêm và kiệm ước, không khác gì cảnh người học trò nghèo, người đời đều phục là bậc nho nhã có độ-lượng."
q14_15_page_145-0017,TRẦN-HUY-PHÁC
q14_15_page_145_146-0001,"Người huyện Đông-Thành, đỗ Tấn-sỹ năm Minh-Mạng thứ 10 (1829), khi làm Ấn-sát tỉnh Lạng-Sơn, gặp tướng cướp Nùng-Văn-Vân vây chặt tỉnh-thành."
q14_15_page_146-0001,Tuần-phủ là ông Hoàng-Văn-Quyền bị giặc bắt được; ông ở một mình trong thành đóng cửa cố giữ.
q14_15_page_146-0002,Độ hơn một tháng thành được giải vây.
q14_15_page_146-0003,Ông được thăng làm Bố-chánh-sứ tỉnh Cao-Bằng.
q14_15_page_146-0004,"Sau nhân có việc, phải đổi sang làm Viên-ngoại-lang bộ-Lễ."
q14_15_page_146-0005,Không bao lâu lại thăng Ấn-sát-sứ tỉnh Quảng-Bình.
q14_15_page_146-0006,Đến năm đầu Thiệu-Trị (1841) lại đổi ra tỉnh Thanh-Hóa.
q14_15_page_146-0007,"Ông đến đầu cũng có tiếng là ông quan thanh-liêm cần-mẫn, duy ông giữ tỉnh cương-trực nên đồng-liêu nhiều người không hợp."
q14_15_page_146-0008,Sau gặp việc lại bị mất chức.
q14_15_page_146-0009,"Nhân được phái đi công cán ở Tân-Gia-Ba, bị nạn gió to, không biết bạt đi đầu mất."
q14_15_page_146-0010,TẠ-HỮU-KHUÊ
q14_15_page_146-0011,Người huyện Đông-Thành. Cha là Tạ-Hữu-Độ có tiếng là một người có hiếu.
q14_15_page_146-0012,"Hữu-Khuê đồ cử-nhân năm Minh-Mạng thứ 9, (1828) trải qua chức phủ-huyện, lại chuyên sang chức đài-gián (giữ việc can ngăn)."
q14_15_page_146-0013,"Khoảng đầu niên hiệu Tự-Đức, đổi ra làm Ấn-sát tỉnh Quảng-Bình, rồi thăng Bố-chánh."
q14_15_page_146-0014,"Sau nhân mắc việc, phải giáng xuống Thị-giảng, sung vào chức Biên-tu sử-quán, rồi cáo bệnh về."
q14_15_page_146-0015,"Khi làm quan, có tài làm việc."
q14_15_page_146-0016,"Đến sau về làm ruộng ông thường khuyên dân sửa đường thủy, lập nghĩa-thương dân được nhờ rất nhiều."
q14_15_page_146-0017,LÊ-LƯỢNG-BẠT
q14_15_page_146-0018,"Người huyện Nghi-Lộc, đỗ Cử-nhân năm Minh-Mạng thứ 15 (1834)."
q14_15_page_146-0019,"Khoảng năm Tự-Đức bồ làm Bố-chánh tỉnh Thanh-Hóa, chính sự thanh-liêm bình-dị, không nhiều dân."
q14_15_page_146-0020,"Dần thăng chức Tham-tri bộ Hộ, bộ Lê, bộ Lại, quyền coi công việc bộ Lại."
q14_15_page_146-0021,"Sau nhân có việc phải thiên sang chức Thị-giảng Học-sỹ, sung làm việc ở Sử-quán, rồi mất tại chức, được truy tặng Hàn-lâm-viện Trực-học-sỹ."
q14_15_page_147-0001,ĐINH NHẬT-THẬN
q14_15_page_147-0002,"Người huyện Thanh-Chương Đỗ Tấn-sỹ khoa Mậu-Tuất năm Minh-Mạng thứ 19 (1838), làm quan đến Tri-phủ, sau lỡ việc bị cách."
q14_15_page_147-0003,"Ông thiên tư rất thông minh, sách xem qua một lượt là nhó, làm văn hệ cất bút là thảo thành bài ngay, không cần xếp đặt trước."
q14_15_page_147-0004,"Khi còn ở kinh, có người muốn thử tài, mới đưa cho ông một quyền Tự-điền dặn xem kỹ, ông nhận xem một hôm rồi đem trả, Người kia liền hỏi luôn mấy chỗ trong sách, thì chỗ nào ông cũng nhớ hết."
q14_15_page_147-0005,Người ấy rất lấy làm lạ.
q14_15_page_147-0006,NGUYỄN NGỌC
q14_15_page_147-0007,"Người huyện Nghi-Lộc. Năm đầu niên hiệu Thiệu-Trị (1841) đổ Nhị-giáp Tấn-sỹ, làm quan đến Tu-soạn."
q14_15_page_147-0008,"Nhân đi chấm trường chỉ-phê (đã phê rồi lại sửa đổi khác đi) bị lỗi, sau được khai phục hàm Điền-bạ, rồi mất."
q14_15_page_147-0009,VĂN ĐỨC-KHUÊ
q14_15_page_147-0010,"Người huyện Quỳnh-Lưu, ở làng có tiếng là người hiếu hạnh."
q14_15_page_147-0011,"Trước ông tên là Giai năm Thiệu-Trị thứ 4 (1844) đỗ Tấn-sỹ-Khoảng năm Tự-Đức, thăng đến chức kinh-kỳ-đạo Chương-ấn."
q14_15_page_147-0012,"Đến năm Tự-Đức 14 (1861), Nam-Kỳ có loạn, ông đi mộ phủ đề tổng quân, rồi được giữ chức Lang-trung bộ Binh, sung Tán-tường quân-vụ."
q14_15_page_147-0013,"Khi hòa-nghị xong, cải sang hàm Hồng-lô tự-khanh, lĩnh chức Tuyên-phủ-sứ tỉnh Phú-Yên, dần được triệu về làm Biện-lý bộ Hình."
q14_15_page_147-0014,"Năm Tự-Đức thứ 16, (1863), ở Hải-An cướp bề lan tràn, ông lại sung chức Quân-thứ-Tán-lý, cùng Hiệp-thống đại-thần Trương-Quốc-Dụng chia quân đánh giặc, Quốc-Dụng bị giặc giết, Đức-Khuê sống sót, than rằng: Đại-thần đả chết, thì ta mặt mũi nào nỡ sống một mình."
q14_15_page_147-0015,"Bèn suất quân xông vào trận giặc đề chết theo, được truy tặng Bố-chánh-sứ."
q14_15_page_147-0016,Lúc tại chức ông vẫn có tiếng là người liêm giời.
q14_15_page_148-0001,DƯƠNG-DOÃN-AM
q14_15_page_148-0002,"Người huyện Quỳnh-Lưu, đổ Cử-nhân năm Thiệu-Trị thứ 3 (1843)."
q14_15_page_148-0003,"Năm Tự-Đức thứ 13 (1860) trải làm quan đến chức Ấn-sát tỉnh Thanh-Hóa; dần đổi sang tỉnh Ninh-Bình, bắt được bọn cướp ở phủ Nho-Quan, được thăng chức Bố-chánh sứ tỉnh Thanh-Hóa."
q14_15_page_148-0004,"Đến năm Tự-Đức thứ 17 (1864), giữ chức Hộ-lý Võ-khố Thị-lang, ra sung chức Quân-thứ tán-lý ở Hải-An, rồi làm lỡ việc bị ngưng chức."
q14_15_page_148-0005,"Năm Tự-Đức thứ 23 (1870) vùng Ninh-Thái có biến loạn, quan tổng-thống Hoàng-Tá-Viêm dâng sờ xin cho ông theo đi Quân-thứ, thường lập được chiến-công, được quyền chức Quân-thứ Tán-tường."
q14_15_page_148-0006,"Kế đó phá được đồn giặc, lại được thăng chức Thị-giảng Tán-lý quân-vụ, rồi dần sung vào việc đồn-điền đạo Tân-Hóa, chiêu mộ điền-tốt."
q14_15_page_148-0007,"Gặp việc ông thường xung phong làm trước, mời trong khoảng vài năm, đã thành nơi đồng đúc vui vẻ."
q14_15_page_148-0008,"Năm Tự-Đức 31 (1878) được thăng Quang-lộc-tự Thiếu-khanh, sung chức Tán-lý đạo Sơn-Hưng-Tuyên, rồi bị bệnh mất ở trong quân."
q14_15_page_148-0009,PHAN-HỮU-TỰ
q14_15_page_148-0010,"Người huyện Đông-Thành. Lúc còn trẻ đã có tiếng hay chữ, đồ Cử-nhân năm Thiệu-Trị thứ 3 (1843), thường dày học ở làng; Năm đầu Tự-Đức (1848), lĩnh chức Hậu-bồ tỉnh Hưng-Yên, rồi thăng Giáo-thụ phủ Khoái-Châu, thường đi quyền nhiếp các phủ-huyện có tiếng là một ông quan trong sạch giỏi giang."
q14_15_page_148-0011,"Năm Tự-Đức thứ 9 (1856), xin cáo quan về nuôi mẹ già, liền được đổi về Giáo-thụ phủ Diễn-Châu rồi thăng Tri huyện Đông-Sơn (thuộc tỉnh Thanh-Hóa)."
q14_15_page_148-0012,"Dần thăng Tri-phủ Thiệu-Hóa, để tiện được gần nhà nuôi mẹ."
q14_15_page_148-0013,"Năm Tự-Đức thứ 14 (1861), miền biển Nam-Kỳ xây có việc biến loạn, lại đổi sang bang-biện các việc giang-vận (vận tải trên sông) và hải-phòng (phòng giữ mạn bề) ở phủ Diễn-Châu."
q14_15_page_148-0014,Kiêm lĩnh các việc phủ Quy-Châu.
q14_15_page_148-0015,"Năm Tự-Đức thứ 15, được thăng chức Viên-ngoại lang bộ Lại."
q14_15_page_148-0016,"Không bao lâu xin cáo về nuôi mẹ và dậy học, học trò tới học rất đông."
q14_15_page_148-0017,"Năm Tự-Đức thứ 17, tổng-đốc Võ-Trọng-Blnh dâng sở xin cử ông giữ chức Kiêm-biện phủ Diễn-Châu."
q14_15_page_148-0018,"Khi mất đã 60 tuổi, ông thờ mẹ có hiếu, dậy người thì cần dậy hạnh nghĩa trước rồi sau mới đến văn nghệ, những kẻ đến học có nhiều người thành đạt, có người làm đến chức đầu tỉnh."
q14_15_page_149-0001,"Hồ SỸ-TUẦN Người huyện Quỳnh-Lưu, đỗ Tấn-sỹ năm Thiệu-Trị thứ 4 (1844)."
q14_15_page_149-0002,"Khoảng năm Tự-Đức trải làm đến Thị-giảng Học-sỹ, sung chức Toản-tu ở Sử-quán, dần đổi sang Biện-lý bộ Lê."
q14_15_page_149-0003,"Năm Tự-Đức 14 (1861) thụ chức Tuần-phủ tỉnh Quảng-Yên, có bất được bọn cướp, rồi bị bệnh mất ở trong quân, được truy thụ hàm Bố-chánh."
q14_15_page_149-0004,"Lúc làm quan, có tiếng thanh liêm và cần thận."
q14_15_page_149-0005,PHAN THÚC-TRỰC
q14_15_page_149-0006,"Người làng Vân-Tự huyện Yên-Thành (1) Trước tên là Dưỡng-Hạo, tính thông minh, xem sách rộng, do chân Tú-tài được quan địa-phương cử vào học ở Quốc-tử-giám."
q14_15_page_149-0007,"Năm Thiệu-Trị thứ 7 (1847)-Ông đỗ Tấn-sỹ-cập-đệ thứ 3, (tức Thám-hoa) về triều Nguyễn ông là người khai-khoa Đệ-nhất-giáp tỉnh Nghệ-An."
q14_15_page_149-0008,"Năm đầu Tự-Đức (1848) sung chức Thị-giảng ở viện Tập-hiền, lại sung chức Kinh-diên khỉ-cư-chú."
q14_15_page_149-0009,"Những thi-văn ứng chế, ông thường được vua khen ngợi."
q14_15_page_149-0010,Khi mất được truy tặng Thị-giảng Học-sỹ.
q14_15_page_149-0011,"Những sách ông làm có các bản: DIỂN-CHẠU PHỦ-CHÍ, HIỆU-TẦN THI-TẠP, VÀ BÁC HÀNH NHẬT LAN-PHÒ-THI-TẠP."
q14_15_page_149-0012,"Ấp ông ở có con sông Cầm-Giang năm nào cũng bị nước lựt, ruộng phần nhiều bị lầy, đề cỏ mọc không cấy được, ông vì dân khai cử đắp đập, nên cả dân vùng ấy được nhờ."
q14_15_page_149-0013,Lúc mất dân nhớ công đức có lập đền thờ.
q14_15_page_149-0014,(1) sách Đang-Khoa-Lyc chép: ông người huyện Đông-Thành.
q14_15_page_150-0001,CAO-TRỌNG-SÍNH
q14_15_page_150-0002,"Người huyện Đông-Thành đỗ Cử-Nhân năm Thiệu-Trị thứ 7 (1847), trải làm quan 4 huyện, rồi thăng Đốc-học tỉnh Quảng-Bình."
q14_15_page_150-0003,"Năm Tự-Đức thứ 17 (1864) đổi sang chức Tư-nghiệp, sau lại đổi sang lang-trung bộ Binh."
q14_15_page_150-0004,"Kế đó vì việc sửa sông ở huyện Hoàng-Hóa không đúng cách thức, án nghĩ bắt phải bồi thường 4 ngàn quan tiền, cho triền hạn nộp dần."
q14_15_page_150-0005,"Sau lại được ra lĩnh chức Đốc-học tỉnh Bình-Định, rồi đổi đi tỉnh Bình-Thuận, được các học trò và hào mục tỉnh nguyện xin nộp tiền bồi thường thay ông."
q14_15_page_150-0006,"Triều-đình cho là ông làm quan lâu được lòng dân, nên được thăng chức Thị-giảng Học-sỹ, lĩnh chức Ấn-sát-sứ tỉnh Bình-Thuận."
q14_15_page_150-0007,"Sau tuổi già xin về hưu dậy học ở quê nhà, học trò nhiều người thành đạt, có người làm đến chức quan đầu tỉnh."
q14_15_page_150-0008,HÒ-TRỌNG-ĐĨNH
q14_15_page_150-0009,"Người huyện Quỳnh-Lưu. Là dòng đối Hồ-Thốc, đã Cử-nhân năm Thiệu-Trị thứ 7 (1847)."
q14_15_page_150-0010,"Khoảng năm Tự-Đức, trải qua chức phủ-huyện, thăng Ngự-sử Lang-trung, rồi thiên sang chức kinh-triệu-thừa và ra sung việc hà-đê (coi đáp đê) Bắc-Kỳ."
q14_15_page_150-0011,"Gặp lúc miền Bắc giặc cướp đầy đầy, ông được thăng Quang-lộc-tự-khanh, sung chức Tán-lý quân-vụ."
q14_15_page_150-0012,"Năm Tự-Đức thứ 24 (1871), được thăng Bố-chánh Hộ-lý Tuần-phủ tỉnh Quảng-Yên."
q14_15_page_150-0013,"Ông rất được dân mến phục, nên đương lúc các tỉnh ở Bắc-Kỳ loạn lạc, thành bị cô nguy, mà ông hết sức giữ được vô sự."
q14_15_page_150-0014,"Sau nhân việc ra xử trí lưu-đân nhà Thanh được xong xuội, vua càng khen thường."
q14_15_page_150-0015,"Năm Tự-Đức thứ 31 (1878) được thăng Tham-tri bộ-Lại, kiêm quản viện Độ-sát."
q14_15_page_150-0016,"Trải qua các chức Tham-tri bộ Hình bộ Hộ, bộ Công, rồi thăng-thự Thượng-thư bộ Công."
q14_15_page_150-0017,Sau bị bệnh cáo về rồi mất.
q14_15_page_151-0001,PHAN-SỸ-THỤC
q14_15_page_151-0002,"Người huyện Thanh-Chương, đỗ Tấn-sỹ năm Tự-Đức thứ 3 (1850)."
q14_15_page_151-0003,"Trải làm quan đến Đốc-học tỉnh Nghệ-An, học trò rất tín phục."
q14_15_page_151-0004,"Sau đổi về Bộ, thăng chức Thị-lang bộ Lại, được cử sang sứ nhà Thanh."
q14_15_page_151-0005,Khi về lĩnh chức Tuần-phủ Quảng-Trị.
q14_15_page_151-0006,"Nhân có việc phải giáng xuống Viên-ngoại-lang, và bắt phải về."
q14_15_page_151-0007,"Sau lại được khôi phục, và được thăng hàm Quang-lộc-tự-khanh, lĩnh chức Đốc-học tỉnh Nghệ-An."
q14_15_page_151-0008,Sinh blnh ông có tiếng là người liêm giới; học trò ông nhiều người thành đạt.
q14_15_page_151-0009,NGUYỄN THÁI ĐỄ
q14_15_page_151-0010,"Người huyện Lương-Sơn. Lúc còn trẻ đã có tiếng hay chữ, đồ Cử-nhân khoa Giáp-Ngọ về đời Minh-Mạng (1834), vì việc đi chấm trường cải phê bị phát giác, nên bị truất."
q14_15_page_151-0011,"Sau về làng dạy học, rất đông học trò, nhiều người thành đạt."
q14_15_page_151-0012,"Năm đầu Tự-Đức (1848) lại đồ Cử-nhân, và đồ luôn Tấn-sỹ, làm quan đến chức Thị-độc."
q14_15_page_151-0013,NGUYỄN-THÁI
q14_15_page_151-0014,"Người huyện Nam-Đàn, đồ giải-nguyên khoa Đinh-Vy, (1847) đời vua Thiệu-Trị."
q14_15_page_151-0015,"Năm Tân-Hợi đời vua Tự-Đức, vào thi hội trúng Ất-bảng (tức phó-bảng), liền trúng luôn Chế-khoa đệ-nhị-giáp Tấn-sỹ."
q14_15_page_151-0016,Trải làm quan đến Án-sát tỉnh Hưng-Yên.
q14_15_page_151-0017,"Trong đời ông đi thi 6 khoa đồ cả sáu, chưa hề bị hỏng bao giờ."
q14_15_page_151-0018,Người ta đều lấy làm lạ.
q14_15_page_151-0019,LÊ-ĐÌNH-THỨC
q14_15_page_151-0020,"Người huyện Thanh-Chương, đồ Phó-bảng năm Tự-Đức nguyên-niên (1848) Trải lĩnh chức Lang-trung bộ-Hình."
q14_15_page_151-0021,"Năm Tự-Đức thứ 14 (1861), được phái ra tỉnh Thái-Nguyên thanh tra án giặc, quan tỉnh xin lưu ông ở lại, gặp lúc giặc vây đánh tỉnh-thành, ông đốc quân chống giữ."
q14_15_page_151-0022,"Sau thành bị hãm, ông bị chết theo, được truy tặng Lang-trung, và thờ vào đền Trung-Nghĩa."
q14_15_page_152-0001,NGUYỄN-DY
q14_15_page_152-0002,"Người huyện Yên-Thành, đỗ Cử-nhân năm đầu niên-hiệu Tự-Đức."
q14_15_page_152-0003,"Tự-Đức thứ năm 17 (1864), trải làm quan đến chức Án-sát-sứ tỉnh Hưng-Hóa."
q14_15_page_152-0004,"Năm Tự-Đức thứ 22, nhân giặc Hoàng-Anh nhà Thanh sang cướp các châu huyện, ông được cử sung chức Tán-tường quân-vụ hiệp sức đánh lấy lại được huyện Trấn-An."
q14_15_page_152-0005,"Ông lại cùng quan Đề-đốc Nguyễn-Hùng đuồi giặc đến làng Đông-Lý, lấy núi làm thành lũy, cùng giặc cầm cự, sau giặc kéo đến vây kín; ông vì lương thiếu, đường cứu viện cũng tuyệt vọng, liền cùng Nguyễn-Hùng nhân lúc đêm mở cửa thành ra đánh, giặc bốn mặt bản vào như mưa, nên bị hại, được truy tặng Hàn-lâm-viện Trực học-sỹ, cho một người con được ấm thọ hàm chánh Bát-phầm văn-giai."
q14_15_page_152-0006,"Ông tính khảng khái, lúc ở quan thanh liêm và kiệm ước, có tiếng là một ông quan chính tích khá."
q14_15_page_152-0007,Ông có soạn tập ỨNG-VẬT THI-VĂN đề truyền cho đời.
q14_15_page_152-0008,NGUYỄN-NGỌC-CHẤN
q14_15_page_152-0009,"Là con Nguyễn Thế-Cát, có sức khỏe, đỗ Cử nhân năm đầu niên hiệu Tự-Đức (1848)."
q14_15_page_152-0010,"Năm Tự-Đức thứ 14, theo Văn-Đức-Khuê đi quân-thứ ở tỉnh Biên-Hòa, dần được đi tri-phủ Kiến-Thụy."
q14_15_page_152-0011,"Gặp lúc giặc bề cướp bóc các làng ở ven sông, ông đem quân chận gường giặc, nên bị giặc sát hại; được truy tặng hàm Thị-độc, và thờ vào đền Trung-Nghĩa."
q14_15_page_152-0012,"Ông Ngọc-Chấn hai cha con một nhà trung nghĩa, nên người đời rất kính trọng."
q14_15_page_152-0013,NGUYỄN ĐỨC ĐẠT
q14_15_page_152-0014,"Người làng Nam Kim tổng Trung-Cầu, huyện Thanh-Chương."
q14_15_page_152-0015,"Năm Tự-Đức thứ 6 (1853) đỗ tấn-sỹ cập-đệ thứ 3, cùng người trong 150 tổng là Nguyễn-văn-Giao đổ liền một bảng Thám-hoa, thực là xưa nay ít có, đời bấy giờ ai cũng lấy làm vinh hạnh; ông được sung chức Thị-giảng viện Tập-hiền, rồi thăng Cấp-sự-trung."
q14_15_page_152-0016,"Vì còn cha mẹ già, ông xin về phụng dưỡng; nên được đổi về Đốc-học tỉnh nhà."
q14_15_page_152-0017,"Sau về đinh-gian (tức là cư tang) và dậy học, học trò các nơi đến học rất đông."
q14_15_page_152-0018,"Quan tỉnh tâu lên, vua lại cho kiêm lĩnh cả chức Quận-học, rồi đổi Ấn-sát tỉnh Thanh-Hóa, thăng lên Tuần-phủ tỉnh Hưng-Yên."
q14_15_page_152-0019,"Sau cáo bệnh về, lấy việc trước-thuật làm vui, Học trò nhiều người thành đạt, cũng nhiều người đổ cao, làm quan to, có tiếng ở quận ở triều."
q14_15_page_152-0020,Những sách ông soạn có tập: NAN-SƠN SONG-KHÓA.
q14_15_page_152-0021,"HỔ-DẠNG THI, VINH-SỬ THI, VIỆT-SỬ DẮN-BÌNH, CẦN-KIỆM-VỰNG-BIÊN, VÀ KHẢO-CÔ-ỨC-THUYẾT, các sách này còn truyền ở đời."
q14_15_page_153-0001,NGUYỄN-VĂN-GIAO
q14_15_page_153-0002,"Người làng Trung-Cần huyện Thanh-Chương, đồ Cử-nhân khoa Giáp-Ngọ (1834) về đời Minh-Mạng."
q14_15_page_153-0003,"Sau vì việc đi chấm trường cải phê, bị phát giác nên bị truất."
q14_15_page_153-0004,"Đến khoa Nhâm-Tý (1852) triều Tự-Đức, lại đồ cử-nhân và đồ luôn Tấn-sỹ-cập-đệ thứ 3 (tức Thám-hoa)."
q14_15_page_153-0005,Trước sau ông chỉ làm quan ở Hàn-các.
q14_15_page_153-0006,"(Viện Hàn-lâm Nội-các), có tiếng là một nhà văn học, nên được vua rất yêu mến."
q14_15_page_153-0007,"Phụng sắc vua sai soạn sử-luận, ông nhân tập cả những thành cú 13 kinh dâng lên, được vua rất khen ngợi."
q14_15_page_153-0008,"Sau làm đến chức Tham-biện ở Nội-các, khi mất được tặng hàm Quang-lộc-tự-khanh."
q14_15_page_153-0009,Ông có soạn bộ QUÂT-LÂM-THI-VĂN còn truyền ở đời.
q14_15_page_153-0010,NGUYỄN-HỮU-ĐIỄN
q14_15_page_153-0011,"Người huyện Nam-Đàn, thờ mẹ có tiếng là người hiếu."
q14_15_page_153-0012,Năm Tự-Đức thứ 6 (1853) đỗ Tấn-sỹ.
q14_15_page_153-0013,"Năm thứ 9, được bồ thự Tri-phủ Bình-Giang."
q14_15_page_153-0014,"Gặp lúc quân thổ-khấu ở tỉnh Hưng-Yên cướp phá hạt ông, thế rất hung ngược, ông đem quân chống giữ, bị quân giặc giết, được truy tặng Thị-độc, và được thờ vào đền Trung-Nghĩa."
q14_15_page_154-0001,NGUYỄN-HỮU-LẬP
q14_15_page_154-0002,"Là cháu ông Nguyễn-văn-Giao, đỗ Tấn-sỹ đinh-nguyên khoa Nhâm-Tuất (1862) triều Tự-Đức."
q14_15_page_154-0003,"Làm quan trải các địa phương và ở Bộ Các, do văn học được vua biết tiếng và trọng dụng, cho làm Chánh-sứ sang sứ nhà Thanh."
q14_15_page_154-0004,Có tập thi văn cùng người Tàu xướng họa.
q14_15_page_154-0005,Sau làm đến chức Tham-tri bộ Binh.
q14_15_page_154-0006,NGUYỄN-XUÂN-ÔN
q14_15_page_154-0007,"Người huyện Đông-Thành, đỗ Tấn-sý khoa Tân-Vy (1871) đời vua Tự-Đức."
q14_15_page_154-0008,"Trải làm Ấn-sát tỉnh Bình-Định, tỉnh Quảng-Nghĩa, rồi đổi sang Biện-lý bộ Hình."
q14_15_page_154-0009,"Khi đến tỉnh Quảng-Bình điều tra vụ Ấn, vì giấy tờ trong hồ-sơ không hợp thức, nên bị giáng chức."
q14_15_page_154-0010,Sau lại được đổi đi Đốc-học tỉnh Quảng-Bình.
q14_15_page_154-0011,"Đến hồi kinh thành hữu sự, ông về làng tụ hợp thân hào, rồi bị đổi vào kinh, liền bị bệnh mất."
q14_15_page_154-0012,"Lúc chưa đồ, nhà không được sẵn sách, phải mượn sách về xem một lượt là nhớ ngay."
q14_15_page_154-0013,"Ông làm văn cất bút là viết thành bài, nên người đời thường khen là Phúc-Cảo (bài thảo sẵn ở trong bụng)."
q14_15_page_154-0014,HỒ-BÁ-ÔN
q14_15_page_154-0015,"Người làng Quỳnh-Đôi, huyện Quỳnh-Lưu, đồ Phó-bảng khoa Ất-Hợi (1875) triều Tự-Đức, trải làm quan đến Án-sát tỉnh Nam-Định."
q14_15_page_154-0016,"Năm Tự-Đức thứ 36, thành Nam-Định thất thủ, ông bị chết trận, được truy tặng hàm Quang-lộc tự-khanh, và được thờ vào đền Trung-Nghĩa."
q14_15_page_155-0001,NGUYỄN-DOÃN-PHÙNG
q14_15_page_155-0002,"Người huyện Đông-Thành, Cuối đời nhà Lê, ông bố phải đi tuyền linh."
q14_15_page_155-0003,"Doãn-Phùng xin đi thay, sau có quân-công được thăng chức Thiên-hộ Thiêm-sự tổng-tri."
q14_15_page_155-0004,"Khi cha mẹ mất, ông thương khóc không lúc nào ngợi."
q14_15_page_155-0005,"Từ lúc phát tang, đến khi hết tang."
q14_15_page_155-0006,"Ông thường khóc ngày khóc đêm không ngót, và mỗi tháng 3 lần ra mả thăm viếng."
q14_15_page_155-0007,"Năm Minh-Mạng thứ 8, được ban thường để nêu gương."
q14_15_page_155-0008,TẠ-HỮU-ĐỘ
q14_15_page_155-0009,"Người huyện Đông-Thành, Lúc còn nhỏ đã mờ côi cha, mẹ mới 20 tuổi, bị giặc bắt toan giết."
q14_15_page_155-0010,Hữu Độ xin chết thay mẹ.
q14_15_page_155-0011,Giặc thấy thế không nỡ giết mà tha cho về.
q14_15_page_155-0012,Kịp khi mẹ già bị bệnh.
q14_15_page_155-0013,"Ông thân chăm thuốc thang, trong 5 năm không trê nhắc."
q14_15_page_155-0014,Khi mẹ mất luôn 3 năm thường nằm khóc lóc ở bên mộ.
q14_15_page_155-0015,"Năm Minh-Mạng thứ 8, được vua ban thường để nêu gương."
q14_15_page_155-0016,NGUYỄN-XUÂN-ÁNG
q14_15_page_155-0017,"Người huyện Đông-Thành. Cha mất sớm, ông thờ mẹ và đối đãi với em, lúc nào cũng tỏ vẻ kính thuận."
q14_15_page_155-0018,"Một hôm cùng mẹ và người nhà đi gặt lúa, đến chiều về chợt gặp con hồ bà mẹ sợ ngã lăn ra đường, ông một mình cầm gậy đứng chận đường chống cự với hồ để bảo vệ cho mẹ."
q14_15_page_155-0019,"Một lúc sau con hồ bỏ đi, ông mới vực mẹ về nhà."
q14_15_page_155-0020,"Kịp khi mẹ mất trong 3 năm cư tang, ông thường ngày tới mộ thương khóc."
q14_15_page_155-0021,Năm Minh-Mạng thứ 18 được vua ban thường để nêu gương.
q14_15_page_156-0001,LÊ-VĂN-TRÌNH
q14_15_page_156-0002,"Người huyện Quỳnh-Lưu, tính thuần cần và có hiếu hạnh."
q14_15_page_156-0003,"Bà mẹ ông bị chứng đau bụng, chữa mãi không khỏi."
q14_15_page_156-0004,"Thày thuốc nói là bệnh này vì ăn nhầm phải thịt công mà sinh ra, chỉ có dạ-dầy con nhím mới chữa khỏi được."
q14_15_page_156-0005,"Từ đấy ông cứ đi một mình vào núi tìm hết ngày ấy sang ngày khác, cũng không bắt được nhím."
q14_15_page_156-0006,"Một đêm nọ ông cầu đảo thần Bạch-Y, thì bông ngày hôm sau bắt được một con nhím, đem về chữa thuốc cho mẹ, mẹ được khỏi bệnh."
q14_15_page_156-0007,"Năm Minh-Mạng thứ 3 (1822) bị cướp vào bắt mất cha, đòi chuộc 150 lạng bạc, ông phải bán hết gia sản, mới được 98 lạng, nhưng bọn cướp vẫn chưa bằng lòng, toan giết người cha ông khóc lóc cầu xin chết thay; rồi bọn cướp cảm thấy là người có hiếu mới lấy bạc mà tha cho cha ông về."
q14_15_page_156-0008,"Ông liền đem cha ra lánh nạn ở phủ Diễn-Châu, khi cha chết, ông làm nhà ra ở mộ đầy một năm."
q14_15_page_156-0009,"Năm Minh-Mạng thứ 11, được vua ban thưởng để nêu gương."
q14_15_page_156-0010,PHAN-ĐĂNG-DANH
q14_15_page_156-0011,"Người huyện Đông-Thánh, cha mẹ mất sớm, có bà tồ-mẫu bị cướp bắt, lấy dầu đốt ngón tay, người nhà sợ chạy cả, ông Danh khi ấy mới 13 tuổi, vội chạy đến dập tắt lửa, rồi kêu khóc xin tha cho bà cụ."
q14_15_page_156-0012,"Bọn cướp cảm động tha không bắt nữa, sau bà tồ-mẫu bị bệnh nửa năm."
q14_15_page_156-0013,"Ông ngày đêm chăm nom thuốc thang, không ngót lúc nào."
q14_15_page_156-0014,Làng xóm đều khen là đứa cháu hiếu thuận.
q14_15_page_156-0015,"Năm Minh-Mạng thứ 8, được vua ban thưởng để nêu gương."
q14_15_page_157-0001,NGUYỄN-ĐÌNH-VIÊN
q14_15_page_157-0002,"Người huyện Nghi-Lộc. Tính chất-phác thực-thà, chăm nghề làm ruộng, không tranh-giành với ai bao giờ."
q14_15_page_157-0003,"Một hôm cho con đi mua nhà, khi dỡ nhà có bắt dược một nén bạc ở dưới hôn đá tảng."
q14_15_page_157-0004,"Người con thuật cho nghe, ông liền bảo con rằng: của ấy chắc là của chủ nhà cũ cất dấu? không phải của mình mà mình lấy là bất nghĩa»."
q14_15_page_157-0005,"Lập tức ông sai đem số bạc ấy trả cho người chủ nhà cũ, không hề ham tiếc."
q14_15_page_157-0006,Năm Minh-Mạng thứ 8 được triều-đình ban thưởng để nêu gương.
q14_15_page_158-0001,LIỆT.
q14_15_page_158-0002,NỮ.
q14_15_page_158-0003,(Về Triều Lê)
q14_15_page_158-0004,PHAN-THỊ-VIÊN
q14_15_page_158-0005,"Người huyện Hưng-Nguyên, năm 16 tuổi về làm vợ lẽ ông Tấn-sỹ Đinh-Nho-Hoàn quán làng An-Ấp huyện Hương-Sơn."
q14_15_page_158-0006,Vào khoảng năm Vinh-Thịnh đời Lê Dụ-Tôn (1705 - 1719) ông Nho-Hoàn sang sứ Tàu mất ở giữa đường.
q14_15_page_158-0007,"Khi rước linh-cữu về đến làng, bà lập tức thất cổ chết, đề chọn theo chồng."
q14_15_page_158-0008,"Việc tâu lên triều-đình, được truy tặng A-Thuận Phu-nhân, được dựng đền thờ, ban cho biên đề Tiết-phụ, và cấp cho 20 mẫu ruộng tự-điền."
q14_15_page_158-0009,CHÂN THỊ-BÁT
q14_15_page_158-0010,"Người huyện Quỳnh-Lưu. Người có nhan sắc, là vợ lẽ quan Binh-bộ Thượng-thư Hồ-Phi-Tích, khi Phi-Tích mất bà giữ mình ở góa."
q14_15_page_158-0011,"Sau gặp lúc giặc Nguyễn-Hữu-Cầu đến làng cướp bóc, bắt ép bà phải lấy."
q14_15_page_158-0012,Bà nói dõi là xin về lẽ bàn thờ chồng rồi sẽ cùng đi.
q14_15_page_158_159-0001,"Giặc dẫn bà đến chỗ thờ, bà khóc lậy xong rồi lấy dao ở trong mình ra tự vẫn mà chết, (về Triều Nguyễn)"
q14_15_page_159-0001,HOÀNG THỊ-HÂN
q14_15_page_159-0002,"Người huyện Hợp-Hòa tỉnh Bắc-Ninh, là vợ quan Chiêu-thảo Võ-Nguyên-Lượng bị giặc giết, bà rất đau xót nên năm Tân-Dậu lên đến đồn quân Thị-Nại nhờ ông Đặng-Trần-Thường dẫn vào yết kiến vua và đem tỉnh trạng của giặc tâu lên vua rõ."
q14_15_page_159-0003,Rồi bà thừa mệnh vua về Bắc chiêu dụ hào-mục.
q14_15_page_159-0004,"Sau việc tiết lộ, bị giặc là tên Thùy bắt được, bà không chịu khuất, lấy gươm tự từ chết."
q14_15_page_159-0005,"Bà không có con, nên hồi năm đầu niên-hiệu Gia-Long, vua hạ chiếu cho một người cháu của bà được ấm thọ, để giữ việc cúng tế."
q14_15_page_159-0006,"Năm Gia-Long thứ 3, được cấp ruộng tế mười mẫu tự-điền về tỉnh Bắc-Ninh, rồi đến năm Thiệu-Trị thứ 3 (1843) lại đổi cấp 10 mẫu tự-điền về tỉnh Nghệ-An đề cùng thờ chung với ông Võ-Nguyên-Lượng."
q14_15_page_159-0007,NGUYỄN-THỊ-THANH
q14_15_page_159-0008,Người huyện Hoàng-Hóa tỉnh Thanh-Hóa.
q14_15_page_159-0009,"Năm 18 tuổi, lấy làm chính-thất quan tấn-sỹ Phạm-Du ở làng Đặng-Điền huyện Nghi-Lộc."
q14_15_page_159-0010,Gặp lúc Tây-Sơn nổi lên ông Du uống thuốc độc chết.
q14_15_page_159-0011,"Bà Thanh chưa có con, làm nhà ra bên mộ ở 3 năm, Quan của Tây-Sơn hai ba lần cậy mối lái đến hỏi làm vợ, nhưng bà thề không lấy ai, rồi cắt tóc mặc áo nhà chùa, giả làm điên đại, trước sau giữ được toàn tiết."
q14_15_page_159-0012,"Năm Minh-Mạng thứ 10, được vua nêu khen."
q14_15_page_159-0013,THÁI-THỊ-OANH
q14_15_page_159-0014,"Người huyện Đông-Thành. Năm 20 tuổi về nhà chồng, 3 năm mới có mang thi chồng mất, rồi bố chồng cũng mất."
q14_15_page_159-0015,Mẹ chồng già yếu nhà nghèo.
q14_15_page_159-0016,"Bà chịu tang nuôi mẹ chồng, khi đủ tháng sinh được đứa con trai."
q14_15_page_159-0017,"Sau có người thấy bà có nhan sắc, ép bố đẻ bắt bà tái giả, nhưng bà không nghe, rồi người ấy cứ đem liều sinh lễ đến nhà."
q14_15_page_159-0018,"Bà lập tức đem mẹ chồng và con đi lánh xa, mời được yên thân, vài năm sau mời về, nên thủy chung giữ được toàn tiết."
q14_15_page_159-0019,"Năm Minh-Mạng thứ 8, được triều-đình ban khen."
q14_15_page_160-0001,VÕ-THỊ-TRUYÈN
q14_15_page_160-0002,"Người huyện Quỳnh-Lưu. Năm 15 tuổi, lấy người cùng thôn là Đồ-Danh-Sỹ."
q14_15_page_160-0003,"Năm 20 tuổi sinh được một con trai, chồng bị bệnh chết."
q14_15_page_160-0004,"Bà đề tang chồng, thờ cha mẹ chồng và nuôi con nhỏ."
q14_15_page_160-0005,"Có nhiều tay hào phú đến hỏi, nhưng không chịu lấy ai."
q14_15_page_160-0006,Sau tự chặt một ngôn tay phải đề thề là nhất định ở vậy.
q14_15_page_160-0007,"Năm Minh-Mạng thứ 11, được triều-đình ban thưởng để nêu khen."
q14_15_page_161-0001,TIÊN THÍCH
q14_15_page_161-0002,PHẠM-VIÊN
q14_15_page_161-0003,"Người huyện Đông-Thành, là con thứ quan Tấn-sỹ Thị-lang Phạm-Chất, ông người rất đẹp đẽ, thường học phép tu luyện."
q14_15_page_161-0004,"Một hôm vào núi Hồng-Lĩnh hái thuốc gặp một ông cụ già, Viên qui xuống để bày tỏ ý mình."
q14_15_page_161-0005,"Cụ già bảo cùng đi, chừng độ nửa dặm đường, thấy có mấy gian nhà tranh; Viên theo cụ già vào, thấy trên bàn có mấy quyền sách, dưới bàn có vỏ nước, cụ già đưa gáo cho uống nước và trao cho một cái túi mà dặn rằng: «Người về cứ tìm xem sẽ có thầy dậy ở đó», Rồi chợt không thấy ông già và nhà cửa đầu nữa?"
q14_15_page_161-0006,"Viên trở về, chốc lát đến nhà thì đã 12 năm rồi."
q14_15_page_161-0007,"Sau có khi ông năm đến hơn 10 ngày không dậy, chỉ ăn mấy thìa cháo mà thôi, nên ông bố cứ gọi ông là cuồng-sĩ, Viên có bà cô-ruột đã 70 tuổi, góa không có con, cảnh nhà thiếu thốn, Viên cho bà cô 21 đồng tiền và dặn rằng: Cứ tiêu 20 đồng còn đề lại một đồng, thì có thề đủ ăn suốt đời."
q14_15_page_161-0008,"Bà cô cũng theo như lời dặn, thì thấy buổi sáng tiêu rồi mà chiều hôm lại vẫn còn đủ số tiền 21 đồng."
q14_15_page_161-0009,"Sau khi bà cô mất, thì tiền ấy cũng mất."
q14_15_page_161_162-0001,"Viên thường ra chơi chùa Ngọc-Sơn ở HÀ-NỘI, và thường nằm ở nhà trọ."
q14_15_page_162-0001,"Một hôm bảo bà chủ trọ rằng: «ở đây không bảo lâu nữa chắc sẽ có hỏa-tai; tôi cho một vò rượu này, hế thấy cháy thì nên lấy rượu này mà vầy, cho khỏi cháy lan ra»."
q14_15_page_162-0002,"Mấy hôm sau quả nhiên trong làng phát hỏa, bà chủ quán lấy rượu ra vầy, tự nhiên thấy mưa to lửa tắt, trong nước mưa có hơi rượu, 3 ngày không tan."
q14_15_page_162-0003,"Ông Viên thường đi chơi qua huyện Hoàng-Hóa, thấy có một ông già đi ăn xin, ông thương người già, liền cho một cái gậy và đặn rằng: «Cứ đến chợ nào cũng cảm cái gậy ấy ở bên đường, thì ai đi qua cũng lấy tiền cảm vào đầu gậy mà cho, hề thấy đủ 100 đồng thì thôi»."
q14_15_page_162-0004,"Ông già kia theo thế mà làm, thì đủ ăn được 3 năm, sau ông già chết, thì cái gậy ấy cũng mất."
q14_15_page_162-0005,"Năm ông Viên 40 tuổi, cha làm quan ở Kinh."
q14_15_page_162-0006,"Ông Viên ở nhà cho sửa nhà tế, và sảm đồ may áo tang đem vào Kinh."
q14_15_page_162-0007,Được mấy hôm thì cha là ông Chất mất.
q14_15_page_162-0008,"Đến khi rước cứu về ma chay xong, thì ông lậy mẹ rồi xin đi chơi."
q14_15_page_162-0009,"Được 5 năm sau bà mẹ mất, tang lễ xong thì đến đêm nghe ngoài mà có tiếng khóc, đến sáng người nhà ra xem, thì thấy trước mộ có một cái hôm, trên đề là đồ lễ của con là Phạm-Viên."
q14_15_page_162-0010,"Người nhà mở ra xem, thì thấy 100 lạng bạc, 500 quan tiền, và cố bàn bánh trái."
q14_15_page_162-0011,"Từ đấy về sau, cũng có khi người ta gặp ông ở thành Thăng-Long, có khi người ta gặp ở Núi tại cửa bể Thần-Phù."
q14_15_page_162-0012,Sau không biết là ông đi đầu.
q14_15_page_163-0001,THỔ SẢN
q14_15_page_163-0002,NGỌC-THỤC-THỬ (lúa ngồ)
q14_15_page_163-0003,Các Huyện đều có. HÒ GIÁ (cây mía) Sản xuất ở huyện Thanh-Chương.
q14_15_page_163-0004,CHI-MA (mè hay vàng) Các huyện đều có.
q14_15_page_163-0005,"BỐ, BẠCH, SINH-TY (Vài, lạa và tơ sống) ĐỚI ĐẬU (Đồ đải-áo) Sản xuất ở huyện Hưng-Nguyên, quả dài, giáp 2 bę vào với nhau, trong có hột, bę dài độ một thước ta, quả non ăn rất ngon."
q14_15_page_164-0001,"Sách Bán-Tháo có nói: Giống đầu đỏ 2 bẹ ấp vào giáp nhau mỗi nhánh 2 quả, cùng đủ dài đều nhau, có ý nghĩa là tượng Tập-Khảm (Khảm là thủy, tức là nước, Tập-Khảm là như hình 2 quẻ Khảm). xích-ĐẬu, quỷ-cửu (Đậu đỏ, đậu quỷ): Thường sản xuất ở các núi cao, và ở núi Cao-Sơn thuộc huỳện Yên-Thành."
q14_15_page_164-0002,THỰ-DỰ (Cá-Mài)
q14_15_page_164-0003,Sản xuất ở các nơi có nhiều núi.
q14_15_page_164-0004,Các thày thuốc bắc thường gọi là Sơn-Dược.
q14_15_page_164-0005,ĐIỀN-VU (Khoai-lang) VU-KHÔI (Khoai.
q14_15_page_164-0006,"Ngťra) Loài khoai này có 2 giống; Một giống tia, một giống trắng."
q14_15_page_164-0007,"Giống bẹ tia thì trong ruột vàng như sáp-ong, mềm nhuyền, ăn có phần ngon hơn: Còn loài bẹ hơi trắng thì cù nó ăn có thề chữa được bệnh kiết-ly."
q14_15_page_165-0001,"Thường sản xuất ở làng Man-Lâm, thuộc huyện Thanh-Chương làng Lăng-Điền thuộc huyện Lương-Sơn, làng Quỳnh-Văn thuộc huyện Quỳnh-Lưu và làng Văn-Tú thuộc huyện Đông-Thành."
q14_15_page_165-0002,CẢM-LÃM (quá Trám) Thường sản xuất ở làng Cát-Ngạn thuộc huyện Thanh-Chương.
q14_15_page_165-0003,"Trám có 2 giống, đen và trắng."
q14_15_page_165-0004,"Giống quả đen ăn rất ngon, giống quả trắng thì hơi chua."
q14_15_page_165-0005,BÒNG DIỆP (Lá bưởng hay lá kè)
q14_15_page_165-0006,Thường các nơi ở ven núi có nhiều.
q14_15_page_165-0007,Duy ở gần 2 nguồn sông Tương và sông Hiếu thì tốt hơn.
q14_15_page_165-0008,"Cây cao đến vài mươi trượng, quả rất sai, chấm muối ăn cũng ngọn."
q14_15_page_165-0009,"Lá già dùng lợp nhà được đến hơn mươi năm không dột, lá non dùng để lợp nón."
q14_15_page_165-0010,QUÁN-CHÚNG THẢO
q14_15_page_165-0011,Thường sản xuất nhiều ở các vùng sông bãi có nước mặn.
q14_15_page_165-0012,"Lá như hình cánh chim, dân các làng ở ven sông thường lấy về lợp nhà, lâu năm không đột."
q14_15_page_165_166-0001,"E QUẢN-TỊCH (Cói đặt chiến) Sản xuất ở làng Yên-Dũng thuộc huyện Chân-Lộc, và làng Thái-Xá thuộc huyện Đông-Thành."
q14_15_page_166-0001,"TÙNG-CHI (Nhựa-Thông) Thường sản xuất ở làng Quỳnh-Văn, thuộc huyện Quỳnh-Lưu, như Núi Tùng-Linh có những cây thông xanh tốt cao ngất, người bản xứ lấy nhựa đề bản."
q14_15_page_166-0002,Sản xuất ở huyện Thanh-Chương.
q14_15_page_166-0003,QUÉ-BÌ
q14_15_page_166-0004,Thường sản xưất ở phù Quỳ-Châu.
q14_15_page_166-0005,Duy quế ở huyện Quế-Phong là tốt hơn cả.
q14_15_page_166-0006,MA-VÕNG (Võng gai) Thường sản xuất ở huyện Đông-Thành.
q14_15_page_166-0007,TƯỢNG-NHA (Ngà-Voi)
q14_15_page_166-0008,Ở các rừng đều có.
q14_15_page_166-0009,"TÊ GIÁC (sừng con Tê) Có thứ O-tê, Hoa-tê, Thông-thiên tê vân vân, ở các rừng đều có."
q14_15_page_167-0001,"LỘC-NHUNG, MY, CHƯƠNG, LY-NGƯU (bò-tốt) KHỎNG"
q14_15_page_167-0002,THỦY-DU (các thứ dầu-nước) Như dầu Lai dầu Trảu dầu Vùng vân vân.
q14_15_page_167-0003,THIẾT LÂM MỘC (gđ Lim)
q14_15_page_167-0004,Sản xuất ở phù Quy-Châu.
q14_15_page_167-0005,THIẾT-TỨ MỘC (gỗ Táu)
q14_15_page_167-0006,THIẾT-LIỄN (gỗ sến)
q14_15_page_167-0007,HOÀNG-TÂM MỘC-KHÔI (gỗ vàng-tâm)
q14_15_page_167-0008,SA-TRÚC (cây Nứa) THỎ-KHÍ (đồ gốm) Các đồ này ở huyện Lương-Sơn có nhiều.
q14_15_page_167-0009,THIẾT-KHÍ (đồ đúc bằng sắt) Ở Huyện Đông-Thành có nhiều.
q14_15_page_167-0010,"MỘC-KHÍ (đồ dùng bằng gỗ) THẠCH-HOA (rau câu) Sản xuất ở trong đá biển, người ta lấy đem về phơi khô, rồi nấu cho nát ra, và lấy rây lọc kỹ, để nó đọng lại thành khối."
q14_15_page_168-0001,Sản xuất ở sông Lam-Giang thì ngon.
q14_15_page_168-0002,THỤC-THIẾT (sắt ngapi)
q14_15_page_168-0003,Ở huyện Đông-Thành và huyện Hưng-Nguyên đều có.
q14_15_page_168-0004,TÂN-LANG (cau tươi)
q14_15_page_168-0005,Phần nhiều sản xuất ở huyện Lương-Sơn.
q14_15_page_168-0006,ÁT-THÀO (Cò Ất)
q14_15_page_168-0007,"Thường sản xuất ở hai bên sông La và sông Lam, người ta thường hải về ăn."
q14_15_page_168-0008,"THÚY-VŨ (cánh chim Trà, Nam-Kỳ gọi là chim sà) Ở các huyện thuộc phủ Quỳ-Châu thường có."
q14_15_page_168-0009,Lại có loài chim Sơn-Cốt-Tử lông cũng đẹp.
q14_15_page_168-0010,"Sách ĐịA-DU-CHÍ của Nguyễn-Trãi chép: «Quỳ-Châu mao vũ, tức là loài Thúy-vũ này."
q14_15_page_168-0011,MĂU LỆ (vỏ con Hầu Trang-Kỳ có người gọi là vỏ sò).
q14_15_page_168-0012,"Thường dùng để xây tường, và dùng để chữa bệnh đàn bà."
q14_15_page_168-0013,Sản xuất ở huyện Yên-Thành.
