id,sentence
q2_3_4_page_13-0001,ĐẠI NAM NHẤT THỐNG CHÍ
q2_3_4_page_13-0002,QUYỂN I
q2_3_4_page_13-0003,KINH SƯ
q2_3_4_page_13-0004,"Kinh sư là nơi miền núi, miền biển đều họp về, đứng giữa miền Nam miền Bắc, đất đai cao ráo, non sông phẳng lặng."
q2_3_4_page_13-0005,"Đường thủy thì có cửa Thuận An, cửa Tư Hiền sâu hiểm; đường bộ thì có Hoành Sơn, ải Hải Vân chặn ngăn; sông lớn giăng phía trước, núi cao giữ phía sau, rồng cuốn hổ ngồi, hình thế vững chãi, ấy là do trời đất xếp đặt, thật là thượng đô của nhà vua."
q2_3_4_page_13-0006,"Xem sự ghi chép trong các sách, thì thấy: từ đời Đường Nghiêu đến đời Thành Chu, đây là đất Việt Thường thị, đời Hán là quận Nhật Nam; từ An Nam dựng nước đến đời Trần là lộ Thuận Hoá, đời Lê là Thuận Hoá thừa tuyên."
q2_3_4_page_13-0007,"Xét: hai xứ Thuận Quảng, đời Hán là huyện Tượng Lâm, đời Tấn, Đường là nước Lâm Ấp, đời Tống là nước Chiêm Thành."
q2_3_4_page_13-0008,"Đường thư, Địa lý chí chép: giáp Châu Hoành Sơn quận có 5 huyện là đất Thuận Hoá bây giờ."
q2_3_4_page_13-0009,"Đời Lý Thánh Tông, năm Thiên huống Bảo Tượng thứ 2 (1069), vua đi đánh Chiêm Thành, bắt chúa Chiêm Thành là Chế Củ đem về, Chế Củ xin dâng ba châu Địa Lý, Ma Linh và Bố Chính để chuộc tội, vua y cho và tha cho Chế Củ về nước."
q2_3_4_page_13-0010,"Nhân năm Thái Ninh thứ 4 (1075) đời Nhân Tông đổi châu Địa Lý làm châu Lâm Bình, châu Ma Linh làm châu Minh Linh, chiêu tập nhân dân đến ở, do đấy, từ Đèo Ngang trở vào Nam mới thuộc vào bản đồ nước ta."
q2_3_4_page_13-0011,"Năm Long Phù thứ 3 (1103), chúa Chiêm Thành là Chế Ma Na lấn cướp lấy lại ba châu; năm thứ 4 vua sai Lý Thường Kiệt đi đánh, Chế Ma Na lại nộp trả ba châu này."
q2_3_4_page_13-0012,"Thần Tông năm Thiên Thuận thứ 5, Chiêm Thành cùng Chân Lạp liên kết với nhau đem quân cướp Nghệ An."
q2_3_4_page_13-0013,"Đời Trần Anh Tông năm Hưng Long thứ 14 (1306), chúa Chiêm Thành là Chế Mân sai sứ sang cầu hôn, vua gả Huyền Trân công chúa cho, Chế Mân dâng đất hai châu Ô, Lý làm lễ cưới; năm thứ 15, đổi hai châu Ô, Lý làm hai châu Thuận, Hoá."
q2_3_4_page_13-0014,"Năm thứ 20 (1312), vua thân đi đánh Chiêm Thành, đến trại Câu Chiêm (1), dụ chúa là Chế Chí ra hàng."
q2_3_4_page_13-0015,"Năm thứ 21, Chiêm Thành bị người La Hộc (2) lấn cướp, Anh Tông sai Đồ Thiên Thử làm Kinh lược sứ Nghệ An, Lâm Bình."
q2_3_4_page_14-0001,"(1) Tức Kẻ Chàm, nay là đất Quảng Nam."
q2_3_4_page_14-0002,"(2) 2) La Hộc vốn là tên nước phía Nam nước Xiêm, sau La Hộc tiến chiếm nước Xiêm, xưng là Xiêm La Hộc, từ năm Hồng Vũ thứ 10 nhà Minh của Trung Quốc gọi là Xiêm La."
q2_3_4_page_15-0001,"Dụ Tông năm Thiệu Phong thứ 13 (1353), Chiêm Thành cướp châu Hoá, vua sai Trương Hán Siêu thống lãnh các quân Thần sách để trấn giữ."
q2_3_4_page_15-0002,"Năm Đại Trị thứ 4 (1361) lấy Phạm A Song làm Tri phủ Lâm Bình (tức châu Lâm Bình, không rõ thăng làm phủ từ thời nào); lại sai Đỗ Tử Bình tuyển bổ quân lính Lâm Bình, Thuận Hoá, đắp thành Hoá Châu."
q2_3_4_page_15-0003,"Năm thứ 9 (1366), Chiêm Thành đánh cướp Lâm Bình nhưng bị Phạm A Song đánh tan; năm thứ 10, Chiêm Thành lại làm phản, vua sai Trần Thế Hưng đi đánh, đến Chiêm Động thì thua chết."
q2_3_4_page_15-0004,"Nghệ Tông năm Thiệu Khánh thứ 2 (1371), Chiêm Thành vào cướp kinh đô (Thăng Long), đốt phá cướp bóc rồi kéo quân về."
q2_3_4_page_15-0005,"Duệ Tông năm Long Khánh thứ 3 (1375), đổi phủ Lâm Bình làm phủ Tân Bình."
q2_3_4_page_15-0006,"Ngoài ra, xem phần Quảng Bình và Thừa Thiên."
q2_3_4_page_15-0007,"Bản triều Thái Tổ Gia Dụ Hoàng Đế (1) chịu mệnh trời cho, gây dựng cơ nghiệp ở miền Nam, bắt đầu đóng dinh ở Ái Tử, sau dời đến Trà Bát (Ái Tử và Trà Bát đều là tên xã, thuộc huyện Đăng Xương, gọi là Dinh Cát)."
q2_3_4_page_15-0008,"Sau đó, Hi Tông Hiếu Văn Hoàng Đế (2) lại từ Dinh Cát dời đến Phúc Yên (tên xã, thuộc huyện Quảng Điền)."
q2_3_4_page_15-0009,"(1) Tên là Nguyễn Hoàng, tức chúa Tiên (1558-1613)."
q2_3_4_page_15-0010,"(2) Tên là Phúc Nguyên, tức chúa Phật (1614-1635)."
q2_3_4_page_16-0001,"Thần Tông Hiếu Chiêu Hoàng Đế (1) nhận thấy Kim Long (tên xã, thuộc huyện Hương Trà) là nơi hình thế đẹp, lại dời dinh đến đấy."
q2_3_4_page_16-0002,"Đến đời Anh Tông Hiếu Nghĩa Hoàng Đế (2) lại dời dinh đến Phú Xuân (tên xã, thuộc huyện Hương Trà), gọi là Chính dinh; về sau Thế Tông Hiếu Vũ Hoàng Đế (3) mới gọi là đô thành."
q2_3_4_page_16-0003,"Những địa điểm đóng dinh đều là đất Thuận Hóa, phía bắc vượt sông Gianh, phía nam mở mang sang đất Chiêm Lạp (tức Chiêm Thành và Chân Lạp), các chúa thánh thần nổi tiếp nhau hơn hai trăm năm."
q2_3_4_page_16-0004,"Khoảng năm Giáp Ngọ, đời Duệ Tông Hiếu Định Hoàng Đế (4), bị quân Trịnh lấn chiếm, sau lại bị Tây Sơn chiếm cứ 30 năm."
q2_3_4_page_16-0005,"Thế Tổ Cao Hoàng Đế (5) ta nổi dậy, thừa mệnh trời đánh dẹp."
q2_3_4_page_16-0006,"Mùa thu năm Mậu Tuất (1778), thu phục đến Gia Định, mùa hè năm Tân Dậu (1801) lấy lại đô thành cũ, mùa hè năm Nhâm Tuất (1802) bắt được giống giặc ở phía Bắc, thống nhất đất nước, cương vực rộng lớn, phía nam đến Xiêm La, Chân Lạp, phía bắc đến Vân Nam, Lưỡng Quảng, phía đông đến biển, phía tây đến Lão Qua, Ai Lao, lại theo vết cũ, mở rộng mãi ra, đóng đô ở Phú Xuân, mới gọi là (1) Tên là Phúc Lan, tức chúa Thượng (1636-1648)."
q2_3_4_page_16-0007,"(2) Tên là Phúc Trăn, tức chúa Ngãi (1687-1691)."
q2_3_4_page_16-0008,"(3) Tên là Phúc Khoát, hiệu Từ Tế đạo nhân (1739-1765)."
q2_3_4_page_16-0009,"(4) Tên là Phúc Thuần, hiệu Khánh Phủ đạo nhân (1766-1777)."
q2_3_4_page_16-0010,"(5) Tên là Ánh, là Chủng, niên hiệu Gia Long (1802-1819)."
q2_3_4_page_17-0001,"Kinh sư. Kinh sư đóng nơi chính giữa, đường triều cống đều nhau, không khác gì nóc nhà ở cao mà bốn mặt châu vào, sao Bắc thần đứng ngôi mà các sao châu vào, nước nhà ta được vững bền như núi Thái, gây nền từ đây, thật là tốt đẹp."
q2_3_4_page_17-0002,THÀNH TRÌ
q2_3_4_page_17-0003,KINH THÀNH
q2_3_4_page_17-0004,"Chu vi 18 dặm linh, cao 1 trượng 5 thước 3 tấc, dày 5 trượng, xây gạch, mở 11 cửa: phía trước 4 cửa là Thể Nhân, Quảng Đức, Chính Nam và Đông Nam; phía tả 3 cửa là Chính Đông, Đông Bắc và Trấn Bình; phía hữu hai cửa là Chính Tây và Tây Nam; phía sau hai cửa là Chính Bắc và Tây Bắc; hào chu vi 19 dặm linh, rộng 7 trượng 5 thước, sâu 1 trượng."
q2_3_4_page_17-0005,Các cửa thành đều bắc cầu đá qua hào.
q2_3_4_page_17-0006,Mặt trước chính giữa xây Kỳ đài.
q2_3_4_page_17-0007,"Bốn phía trên mặt thành xây 24 pháo đài: phía trước là Nam Minh, Nam Hưng, Nam Thắng, Nam Chính, Nam Xương và Nam Hanh; phía tả là Đông Thái, Đông Trường, Đông Gia, Đông Phụ, Đông Vĩnh và Đông Bình; phía hữu là Tây Thành, Tây Tuy, Tây Tĩnh, Tây Dực, Tây An và Tây Trinh; phía sau là Bắc Định, Bắc Hòa, Bắc Thanh, Bắc Trung, Bắc Thuận và Bắc Điện; lại đặt 455 xưởng súng và điểm canh, 95 phường."
q2_3_4_page_18-0001,"Trong thành đào sông gọi là Ngự Hà, xây 3 cầu đá qua sông, từ đường cái cửa Đông Nam, đến cửa Chính Bắc gọi là cầu Ngự Hà, từ phía bắc hoàng thành đến phía tả cung Khánh Ninh gọi là cầu Khánh Ninh, từ đường cái cửa Chính Nam đến cửa Tây Bắc gọi là cầu Vĩnh Lợi."
q2_3_4_page_18-0002,"Ngoài ra còn có hai cầu gỗ: từ phía tây trước cửa Kinh Thương đến phía nam ruộng Tịch Điền gọi là cầu Bác Tế, từ con đường phía hữu hoàng thành đến phía tả cung Bảo Định gọi là cầu Bình."
q2_3_4_page_18-0003,Mặt thành về phía đông và phía tây xây hai cửa cống gọi là Đông Thành thủy quan và Tây Thành thủy quan.
q2_3_4_page_18-0004,"Lại đầu quách về phía tây xây cầu đá gọi là cầu Hoàng Tế, đầu quách về phía đông bắc cầu gỗ gọi là cầu Hàm Tế."
q2_3_4_page_18-0005,Khu đất ngoài quách và ngoài hào chu vi 20 dặm.
q2_3_4_page_18-0006,"Trước tới sông Hương, có hai bến đò, bến cửa Chính Nam và bến cửa Đông Nam."
q2_3_4_page_18-0007,"Ba mặt tâ, hữu và sau thành đào sông Hộ thành đều bắc cầu gỗ, ở đầu quách cửa Chính Đông đầu thành gọi là cầu Đông Gia, đầu quách cửa Chính Bắc ngoài thành gọi là cầu Đông Hội, ngoài quách cửa Chính Bắc ngoài thành gọi là cầu Trường Lợi, đầu quách phía tây nam gọi là cầu Lợi Tế, ngoài quách cửa Chính Tây gọi là cầu Cửu Lợi, ở đầu quách phía Tây Bắc gọi là cầu Tịnh Tế."
q2_3_4_page_18-0008,"Về góc đông bắc ngoài cửa Trấn Bình lại xây một tầng thành chu vi 246 trượng 7 thước 4 tấc, cao 1 trượng 2 thước 3 tấc, dày 3 trượng 5 thước, hào rộng 7 trượng."
q2_3_4_page_19-0001,"Kính xét: kinh thành năm Gia Long thứ 4 đắp ""đất; năm thứ 17 xây gạch mặt trước và mặt hữu năm Minh Mệnh thứ 3, xây gạch mặt sau và mặt tả."
q2_3_4_page_19-0002,"Ngự Hà: đầu đời Gia Long đào từ phía tả sông Hộ Thành đến Vũ Khố, gọi là Thanh Câu; năm Minh Mệnh thứ 6 lại đào từ phía tây Vũ Khố thông đến phía hữu sông Hộ Thành và cho tên hiện nay."
q2_3_4_page_19-0003,Cửa Thể Nhân: đầu đời Gia Long gọi là cửa Thể Nguyên; năm Minh Mệnh thứ 17 đổi tên hiện nay.
q2_3_4_page_19-0004,Đài Trấn Bình và cửa Trấn Bình: đầu đời Gia Long gọi là đài Thái Bình và cửa Thái Bình; năm Minh Mệnh thứ 17 đổi tên hiện nay.
q2_3_4_page_19-0005,"Cầu Ngự Hà: đầu đời Gia Long bắc cầu gỗ gọi là cầu Thanh Câu; năm Minh Mệnh thứ 1 đổi xây gạch và đổi tên hiện nay, hai bên cầu xây lan can, làm nhà trên cầu để hành khách trú chân trong khi mưa nắng."
q2_3_4_page_19-0006,Cầu Khánh Ninh: xây đắp từ năm Minh Mệnh thứ 2.
q2_3_4_page_19-0007,Về bờ bắc hai cầu đều kính khắc văn thánh chế vào bia và dựng nhà bia.
q2_3_4_page_19-0008,Cầu Vĩnh Lợi: bắc từ năm Minh Mệnh thứ 7 đời Thiệu Trị xây nhà ngói trên cầu.
q2_3_4_page_19_20-0001,"Cửa cống Đông Thành đầu đời Gia Long bắc cầu gỗ gọi là cầu Thanh Long; năm Minh Mệnh thứ 17 xây cầu gạch, dưới cầu đặt cánh cửa để tiện mở đóng, trên cầu xây lan can và có xưởng đại bác và đổi tên như hiện nay."
q2_3_4_page_20-0001,"Cửa cống Tây Thành xây năm Minh Mệnh thứ 7, cũng đặt cánh cửa ở dưới, trên cầu đặt xưởng đại bác và cho tên hiện nay."
q2_3_4_page_20-0002,"Cầu Gia Hội: trước gọi là cầu An Hội, năm Minh Mệnh thứ 18 đổi tên hiện nay."
q2_3_4_page_20-0003,"Cầu Đông Gia: trước gọi là cầu Đông Hoa (ba), năm Minh Mệnh thứ 20 đổi tên hiện nay."
q2_3_4_page_20-0004,Cầu Đông Hội: trước gọi là cầu Thanh Tước năm Minh Mệnh thứ 19 đổi tên hiện nay.
q2_3_4_page_20-0005,"Cầu Lợi Tế: trước gọi là cầu Bạch Hổ, năm Minh Mệnh thứ 20 đổi tên hiện nay."
q2_3_4_page_20-0006,"Cầu Cửu Lợi: trước gọi là cầu Bạch Yến, năm Minh Mệnh thứ 2 đổi tên là Kim Long, năm thứ 20 đổi tên hiện nay."
q2_3_4_page_20-0007,"Cầu Tịnh Tế: trước là cầu Huyền Hạc, năm Minh Mệnh thứ 20 đổi tên hiện nay."
q2_3_4_page_20-0008,Cầu Trường Lợi: trước gọi là cầu Huyền Yến năm Minh Mệnh thứ 20 đổi tên hiện nay.
q2_3_4_page_20-0009,"Lại xét: thành cũ Phú Xuân ở góc đông nam trong Kinh thành bây giờ, đến đời Anh Tông Hiếu Nghĩa Hoàng Đế, năm Đinh Mão (1687) bắt đầu dời dựng phủ mới ở đấy, lấy núi trước mặt làm tiền án, tức núi Ngự Bình bây giờ, đắp tường quanh, xây cung thất, trước mặt đào hồ lớn, thể chế to đẹp; lại thấy rằng ở thượng lưu sông chảy xói vào phía hữu, bèn dựng cây tháp (1) ở bờ sông để trấn."
q2_3_4_page_20-0010,"Năm Giáp Tuất thứ 16 (1754), Thế Tông Hiếu Vũ Hoàng Đế mới cho xây dựng đô ấp, gọi là Đô thành, dựng điện Kim Hoa, điện Quang Hoa, các Dao Trì, các Triêu Dương, điện Quang Văn, nhà Tựu Lạc, nhà chính Quan, nhà Trung Hòa, nhà Di Nhiên, nhà Sương Xuân; lại dựng đình Thụy Vân, hiên Đồng Lạc, am Nội Viện, đình Giáng Hương."
q2_3_4_page_20-0011,"Ở thượng lưu sông Hương lại dựng phủ Dương Xuân, điện Trường Lạc, hiên Duyệt Vũ."
q2_3_4_page_20-0012,"Ở hậu uyến thì có núi giả, đá lạ, ao vuông, hồ quanh, phi kiều, thủy tạ; trong ngoài xây hai lần tường, đắp hình rồng, hổ, lân, phượng, cỏ, hoa, v v."
q2_3_4_page_20-0013,"Các Triêu Dương trông ra sông, qui chế rất là rộng rãi."
q2_3_4_page_20-0014,"Phía tả trên dưới Đô thành la liệt từng dãy trại quân và nhà quan; phần ngoài Đô thành thì chợ phố liền nhau; dưới sông thì thuyền chài, tàu buôn, ngược xuôi như mắc cửi."
q2_3_4_page_20-0015,Thật là một đô hội lớn.
q2_3_4_page_21-0001,(1) Tức là tháp chùa Thiên Mụ.
q2_3_4_page_22-0001,HOÀNG THÀNH
q2_3_4_page_22-0002,"Chu vi 4 dặm linh, cao 1 trượng 5 thước, dày 2 thước 6 tấc, xây gạch, nam và bắc đều dài 151 trượng 5 thước, đông và tây đều dài 155 trượng 5 thước, mở 4 cửa: phía trước là Ngọ Môn, phía tả là cửa Hiển Nhân, phía hữu là cửa Chương Đức, phía sau là cửa Hòa Bình."
q2_3_4_page_22-0003,"Phía trong Ngọ Môn là điện Thái Hòa là chính điện đại triều, trước điện là đan bệ, dưới đan bệ là Long Trì; trước mặt trông ra hồ Thái Dịch, phía nam và phía bắc hồ đều dựng cột đồng chạm hình rồng và cửa phường Linh Tinh (1)."
q2_3_4_page_22-0004,"Giữa cửa Ngọ Môn xây đường Trung Đạo, phía đông cầu là Tả đãi lậu viện, phía tây là Hữu đãi lậu viện."
q2_3_4_page_22-0005,"Phía tả cửa Hiển Nhân là đài Đông Khuyết, phía hữu cửa Chương Đức là đài Tây Khuyết, phía tả cửa Hòa Bình là đài Bắc Khuyết."
q2_3_4_page_22-0006,"Bốn mặt ngoài thành đào hồ Kim Thủy, chu vi hơn 5 dặm, rộng 4 trượng, sâu 7 thước 5 tấc."
q2_3_4_page_22-0007,Phía trước cửa Ngọ Môn xây ba cầu đá qua hồ.
q2_3_4_page_22-0008,"Trước ba đài Đông Khuyết, Tây Khuyết và Bắc Khuyết đều xây cầu đá."
q2_3_4_page_22-0009,"Kính xét: Hoàng thành: đầu đời Gia Long, chỗ chính giữa phía trước mặt là đài Nam Khuyết, trên dựng điện Kiền Nguyên, hai cửa tả hữu là Tả Đoan (1) Có nghĩa là lấy được kẻ sĩ giỏi, nên cửa ở trước Khổng Miếu cũng gọi là cửa Linh Tinh."
q2_3_4_page_23-0001,Môn và Hữu Đoan Môn.
q2_3_4_page_23-0002,"Đến năm Minh Mệnh thứ 14 đổi dựng 5 cửa: giữa là Ngọ Môn, hai cửa Tả Giáp Môn, Hữu Giáp Môn và hai cửa Tả Khuyết Môn, Hữu Khuyết Môn, trên dựng lầu Ngũ Phượng."
q2_3_4_page_23-0003,"Tả đãi lậu viện, Hữu đãi lậu viện: đầu đời Gia Long, phía tả là Vũ công thự, phía hữu là Văn công thự."
q2_3_4_page_23-0004,"Năm Minh Mệnh thứ 4 đổi là Tả Triều Đường, Hữu Triều Đường; năm thứ 14 đổi tên hiện nay."
q2_3_4_page_23-0005,"Cửa Hòa Bình: đầu đời Gia Long gọi là cửa Củng Thần; năm Minh Mệnh thứ 2 đổi làm cửa Địa Bình, năm thứ 14 đổi tên hiện nay."
q2_3_4_page_23-0006,"Hồ Kim Thủy ngoài thành đầu đời Gia Long đào ba mặt tả, hữu và sau; năm Minh Mệnh thứ 14 đào mặt trước, nước trong hồ lưu thông."
q2_3_4_page_23-0007,TỬ CẤM THÀNH
q2_3_4_page_23-0008,"Chu vi hơn 2 dặm, cao 9 thước 2 tấc, dày một thước 8 tấc, xây gạch, nam và bắc đều dài 81 trượng, đông và tây đều dài 72 trượng 6 thước 7 tấc, mở 7 cửa: phía nam là cửa Đại Cung, phía đông là cửa Hưng Khánh và cửa Đông An, phía tây là cửa Gia Tường và cửa Tây An, phía bắc là cửa Tường Loan và Tường Lân (năm Minh Mệnh thứ 2 đổi tên cửa Tường Lân làm cửa Nghi Phượng)."
q2_3_4_page_23-0009,"Phía trước là cung Kiến Thành, điện phía trước điện Cần Chính là chính điện thường triều, phía trước điện là Tả vu Hữu vu."
q2_3_4_page_24-0001,"Tiền điện ở phía đông điện Cần Chính là điện Văn Minh, ở phía tây là điện Võ Hiển, phía đông Tả vu dựng điện Đông Các, phía nam điện Đông Các là điện Tụ Khuê thư lâu."
q2_3_4_page_24-0002,"Phía bắc điện Cần Chính là điện Kiền Thành; lại phía bắc là cung Khôn Thái, phía tây là cung Gia Thọ; phía bắc cung Gia Thọ là cung Trường Minh."
q2_3_4_page_24-0003,Còn thể chế của điện đình thì không dám chép.
q2_3_4_page_24-0004,"Kính xét: Tử cấm thành: xây dựng từ năm Gia Long thứ hai, gọi là Cung thành, năm Minh Mệnh thứ 2 đổi tên hiện nay."
q2_3_4_page_24-0005,"Chính giữa mặt trước thành, hồi đầu niên hiệu Gia Long dựng điện Thái Hòa, phía tả và hữu điện mở hai cửa là Tả Túc và Hữu Túc."
q2_3_4_page_24-0006,"Năm Minh Mệnh thứ 14 dời điện Thái Hòa nhích về phía nam, bỏ hai cửa Tả Túc và Hữu Túc, dùng chỗ đất này dựng cửa Đại Cung, phía đông và tây ngoài cửa Đại Cung dựng hai cửa phương, phía đông là cửa Nhật Tinh, phía tây là cửa Nguyệt Anh (trước là Nguyệt Hoa, năm Thiệu Trị thứ 1 đổi là Nguyệt Anh)."
q2_3_4_page_24-0007,"Hai cung Kiền Thành và Khôn Thái: dựng ở trong đại nội đầu đời Gia Long, chưa có tên cung, năm Minh Mệnh thứ 14, quy chế đầy đủ, mới định lấy các điện ở trước điện Trung Hòa làm cung Kiền Thành; các điện ở sau điện Kiền Thành làm cung Khôn Thái."
q2_3_4_page_25-0001,Hai điện Văn Minh và Võ Hiển: đầu đời Gia Long gọi là Tả Phương Đường và Hữu Phương Đường.
q2_3_4_page_25-0002,"Năm Minh Mệnh thứ tư đổi là Võ Hiển điện, hữu làm Văn Minh điện, năm thứ 14 lại đổi tả làm Văn Minh, phía hữu làm Võ Hiển."
q2_3_4_page_25-0003,"Cung Gia Thọ: đầu đời Gia Long gọi là cung Trường Thọ, năm Minh Mệnh thứ 1 tu sửa lại, dâng tên là cung Từ Thọ."
q2_3_4_page_25-0004,Hồi đầu niên hiệu Tự Đức lại tu bổ và dâng tên hiện nay.
q2_3_4_page_25-0005,ĐÀN MIẾU
q2_3_4_page_25-0006,ĐÀN NAM GIAO
q2_3_4_page_25-0007,"Ở địa phận xã Dương Xuân về phía nam Kinh thành, dựng từ năm Gia Long thứ 5, hằng năm cứ đến tháng trọng xuân (tháng 2 âm lịch), bói được ngày tốt thì cử hành lễ đại tế."
q2_3_4_page_25-0008,"Quy chế của đàn chia làm ba tầng Tầng thứ nhất, đàn đắp hình tròn, có 5 án thờ: án chính giữa thờ Hiệu Thiên Thượng Đế và Hoàng địa kỳ; án phối hưởng thứ nhất phía tả thờ Thái Tổ Gia Dụ Hoàng Đế, án phía hữu thờ Thế Tổ Cao Hoàng Đế; án phối hưởng thứ hai phía tả thờ Thánh Tổ Nhân Hoàng Đế, án phía hữu thờ Hiến Tổ Chương Hoàng Đế."
q2_3_4_page_25-0009,"Đàn cao 6 thước 8 tấc, chu vi 30 trượng 3 thước 5 tấc, tô màu xanh, bốn mặt có thêm: ngọ giai (bậc phía nam) 15 bậc, đông, tây, bắc đều 9 bậc."
q2_3_4_page_26-0001,"Tầng thứ hai, đàn vuông, có 8 án tòng tự: phía tả, án thứ nhất thờ thần Đại Minh, án thứ nhì thờ các vì sao trong bầu trời, án thứ ba thờ thần Mây, thần Mưa, thần Gió và thần Sấm, án thứ tư thờ thần Thái Tuế và thần Nguyệt Tướng."
q2_3_4_page_26-0002,"Phía hữu, án thứ nhất thờ thần Dạ Minh, án thứ nhì thờ thần Núi, thần Biển, thần Sông và thần Chầm, thần các núi Triệu Tường, Khải Vận, Hưng Nghiệp và Thiên Thọ đều tòng tự ở án này, án thứ ba thờ thần giữ thờ thần giữ các lăng tẩm, án thứ tư thờ các thần trong thiên hạ."
q2_3_4_page_26-0003,"Tầng thứ ba, đàn cao 2 thước 1 tấc, vuông, mỗi bề 32 trượng 7 thước, bốn mặt thềm đều bốn bậc."
q2_3_4_page_26-0004,"Góc đông nam là lò phần sài, góc tây bắc là huyệt ế mao huyết."
q2_3_4_page_26-0005,"Ba tầng đàn, xung quanh đều xây lan can, tầng thứ nhất tô màu xanh, tầng thứ hai tô màu vàng, tầng thứ ba tô màu đỏ."
q2_3_4_page_26-0006,Khoảng đất vuông ngoài đàn đều trồng cây thông.
q2_3_4_page_26-0007,"Ngoài khoảng đất vuông xây tường bằng đá, chu vi 152 trượng 9 thước, bốn mặt đều mở ba cửa rộng."
q2_3_4_page_26-0008,"Phía đông bắc ngoài tường là thần khố (nhà kho), thần trù (nhà bếp), kho tế khí và nhà sát sinh; phía tây nam là trai cung, xung quanh xây tường gạch, mở hai cửa trước sau, trong tường và ngoài tường trống nhiều cây thông."
q2_3_4_page_27-0001,"Kính xét: theo thể lệ cũ đời Gia Long, đàn Nam Giao tế lộ thiên."
q2_3_4_page_27-0002,"Năm Minh Mệnh thứ 20, ngày tế, tầng thứ nhất căng màn xanh gọi là Thanh ốc, tầng thứ hai căng màn vàng gọi là Hoàng ốc, tế xong triệt bỏ đi."
q2_3_4_page_27-0003,"Năm Thiệu Trị thứ 6, đổi màn xanh gọi là Hoàng khung vũ, đến đời Tự Đức theo đấy đặt làm chế độ thường hành."
q2_3_4_page_27-0004,"Lễ đại tự: đầu đời Gia Long, tế vào tháng trọng xuân (tháng 2 âm lịch), năm Minh Mệnh thứ 20 đổi tế vào tháng quý xuân (tháng ba), năm Tự Đức thứ 1 lại đổi tế vào tháng trọng xuân."
q2_3_4_page_27-0005,"Lại xét: năm Minh Mệnh thứ 17 đúc cửu đỉnh: khắc hình tượng Mặt trời và biển Đông vào Cao đỉnh; hình tượng Mặt trăng và biển Nam vào Nhân đỉnh; hình tượng Ngũ tinh (Kim, Mộc, Thủy, Hỏa, Thổ) và biển Tây vào Chương đỉnh; hình tượng Bắc Đẩu và Ngân hán vào Anh đỉnh; hình tượng Nam Đẩu vào Nghị đỉnh; hình tượng Gió vào Thuần đỉnh; hình tượng Mây vào Tuyên đỉnh; hình tượng Sấm vào Dụ đỉnh; hình tượng Mưa và Cầu vồng vào Huyền đỉnh (1)."
q2_3_4_page_27-0006,"(1) Minh Mệnh đúc cửu đỉnh lại đặt tên riêng cho từng cái, là có ý để dùng làm miếu hiệu của các vua nhà Nguyễn như Gia Long là Thế Tổ Cao Hoàng Đế, Minh Mệnh là Thánh Tổ Nhân Hoàng Đế, Thiệu Trị là Hiến Tổ Chương Hoàng Đế, Tự Đức là Dực Tông Anh Hoàng Đế, Kiến Phúc là Giản Tông Nghị Hoàng Đế, Đồng Khánh là Cảnh Tông Thuần Hoàng Đế, Khải Định là Hoàng Tông Tuyên Hoàng Đế."
q2_3_4_page_27-0007,Nhưng mới được 7 đời thì nhà Nguyễn đổ.
q2_3_4_page_28-0001,ĐÀN XÃ TẮC
q2_3_4_page_28-0002,"Ở địa phận xã Hữu Niên về phía hữu trong Kinh thành, hướng về phương bắc, xây đắp từ năm Gia Long thứ 5, hạ lệnh cho các thành dinh trấn đều cống đất sạch nộp vào Kinh sư để xây đắp, hàng năm tế vào tháng trọng xuân ngày mậu sau tế Nam Giao, và tháng trọng thu ngày mậu đầu tháng."
q2_3_4_page_28-0003,"Thể chế đàn này chia làm hai tầng: tầng thứ nhất, án chính giữa thờ thần Đại xã và Đại tấc và án bên hữu thờ phối thần Hậu thổ và Câu long thị; án bên tả thờ phối Hậu tấc thị, hai án bày ở phía đông phía tây hướng vào nhau."
q2_3_4_page_28-0004,"Đàn cao 4 thước, chu vi vuông 28 trượng, bốn phía cửa có thêm bực, thêm bắc 11 bực, các cửa khác đều 7 bực."
q2_3_4_page_28-0005,"Tầng thứ hai, đàn cao 2 thước 5 tấc, chu vi vuông 69 trượng 2 thước, có bốn phía có thêm bực đều 5 bực; phía tây bắc là huyệt chôn mao huyết."
q2_3_4_page_28-0006,"Đất đáp đàn dùng đất ngũ sắc, sắc đất theo từng phương (1)."
q2_3_4_page_28-0007,"Chung quanh xây lan can, khu đất vuông ngoài đàn trồng cây thông, cây xoài và cây mù u, ngoài cùng xây tường đá, chu vi 200 trượng, bốn mặt đều có cửa Linh Tinh."
q2_3_4_page_28-0008,Phía trước đàn đào hồ vuông.
q2_3_4_page_28_29-0001,"Năm Gia Long thứ 8, định lệ cứ 3 năm vua thân tế một (1)Sắc đất theo từng phương: ở giữa đàn đắp đất sắc vàng, phương đông đắp đất sắc xanh, phương tây sắc tráng, phương nam sắc đỏ, phương bắc sắc đen, lần, ngoài ra sai đại thần tế thay."
q2_3_4_page_29-0001,"Năm Minh Mệnh thứ 3, thứ 11 và 21, Thánh Tổ Nhân Hoàng Đế ba lần thân đến tế."
q2_3_4_page_29-0002,"Năm Thiệu Trị thứ 3 và thứ 6, Hiến Tổ Chương Hoàng Đế hai lần thân đến tế."
q2_3_4_page_29-0003,"Năm Tự Đức thứ 4, Kim thượng thân đến tế."
q2_3_4_page_29-0004,ĐÀN TIÊN NÔNG
q2_3_4_page_29-0005,Ở địa phận hai phường Hậu Sinh và Yên Trạch.
q2_3_4_page_29-0006,Hằng năm tế vào ngày cày Tịch điển về trung tuần tháng trọng hạ.
q2_3_4_page_29-0007,"Thể chế đắp đàn chiều rộng 4 trượng 5 thước, cao 4 thước 5 tấc, bốn phía có bực thềm, đều 9 bực."
q2_3_4_page_29-0008,"Phía tây bắc đàn là thần trù (bếp) và thần khố (kho chứa đồ); phía đông bắc là thần thương (kho chứa thóc); phía trước thần thương là nhà vuông để thu thóc; phía đông là đài Quan Canh, trên đài có điện Quan Canh, bốn phía thềm bực đều 12 bực, phía sau dựng điện Cụ Phục; phía nam là ruộng Tịch điển."
q2_3_4_page_29-0009,"Đàn dựng từ năm Minh Mệnh thứ 9, Thánh Tổ Nhân Hoàng Đế muốn khôi phục chế độ xưa, mở ruộng Tịch điển và làm lệ cày Tịch điển."
q2_3_4_page_29-0010,"Về sau cứ đến ngày cung canh (vua thân hành cày ruộng), đều hạ lệnh cho Phủ doãn Thừa Thiên đặt tế."
q2_3_4_page_29-0011,"Năm Minh Mệnh thứ 13 đổi điện Cụ Phục làm điện Vụ Bản, sau bỏ đi."
q2_3_4_page_29-0012,"Kính xét: ruộng tịch điển gồm 12 mẫu linh, trừ các sở đàn tràng và nhà thu thóc cộng 6 mẫu, thực ruộng cao và ruộng trũng có 6 mẫu linh."
q2_3_4_page_30-0001,THÁI MIẾU
q2_3_4_page_30-0002,"Ở phía đông nam trong Hoàng thành, hướng về phía nam, dựng từ năm Gia Long thứ 3."
q2_3_4_page_30-0003,"Thế chế: nhà chính 13 gian, nhà trước 15 gian, có hai chái đông tây; cùng đường mà khác thất, cả thảy 9 thất đều đặt thần khám."
q2_3_4_page_30-0004,"Thất giữa thờ thần khám Gia Dụ Hoàng Đế và Hoàng hậu, phía tả và phía hữu đều bốn thất, thờ thần khám các Hoàng đế và Hoàng hậu (thời chúa)."
q2_3_4_page_30-0005,Hằng năm tổ chức 5 kỳ tế vào bốn tháng mạnh và tháng quý đông.
q2_3_4_page_30-0006,"Phía đông Thái Miếu là điện Long Đức, phía nam là điện Chiêu Kính, ở phía tây đối với điện Chiêu Kính là điện Mục Tư, ba điện ấy hằng năm tế vào ngày kỳ, phía bắc điện Mục Tư là nhà vuông."
q2_3_4_page_30-0007,"Phía tả tường Thái Miếu là cửa Hiển Thừa, phía hữu là cửa Tức Tướng; tường mặt sau, phía tả là cửa Nguyên Chỉ, phía hữu là cửa Trường Hựu."
q2_3_4_page_30-0008,"Ở trước sân Thái Miếu: chính giữa là gác Tuy Thành, phía tả và phía hữu gác Tuy Thành có tường ngắn, phía tả là cửa Diên Hi, trên có lầu chuông, phía hữu là cửa Quang Hi, trên có lầu trống; ngoài tường ngắn, dựng Tả vu và Hữu vu để thờ phụ các công thần thân huân hồi mới dựng nước."
q2_3_4_page_30-0009,Tường phía nam của miếu là cửa Thái miếu.
q2_3_4_page_30-0010,"Kính xét: gác Tuy Thành trước gọi là gác Mục Thanh, mới đổi tên từ năm Minh Mệnh thứ 10; điện Long Đức trước gọi là Tả Phương Đường, điện Chiêu Kính và điện Mục Tư trước gọi là Tả Tế Sở và Hữu Tế Sở, đều mới đổi tên từ năm Minh Mệnh thứ 13."
q2_3_4_page_31-0001,TRIỆU MIẾU
q2_3_4_page_31-0002,"Ở phía bắc bên trong tường Thái Miếu, hướng về nam, dựng từ năm Gia Long thứ 3."
q2_3_4_page_31-0003,"Thể chế: nhà chính 3 gian, nhà trước 5 gian, gian giữa thờ thần khám Triệu Tổ Tĩnh Hoàng Đế và Hoàng hậu."
q2_3_4_page_31-0004,Hằng năm tổ chức 5 kỳ tế như Thái Miếu.
q2_3_4_page_31-0005,"Ba mặt trước, tả và hữu đều xây tường gạch, liền với tường phía bắc, cửa Thái Miếu mở ba cửa lớn; ngoài tường ngắn ở phía đông là thần khố, phía tây là thần trù, phía tả tường phía nam của miếu là cửa Tập Khánh, đối với cửa Nguyên Chỉ, phía hữu là cửa Diễn Khánh, đối với cửa Diễn Khánh gọi là cửa Trường Hựu."
q2_3_4_page_31-0006,THẾ MIẾU
q2_3_4_page_31-0007,"Ở phía tây nam trong Hoàng thành, hướng mặt về phía nam, dựng từ năm Minh Mệnh thứ 2."
q2_3_4_page_31-0008,"Thể chế: nhà chính 9 gian, nhà trước 11 gian, có gian hai chái đông tây, cùng đường khác thất."
q2_3_4_page_31-0009,Thất chính giữa thờ thần khám Thế Tổ Cao Hoàng Đế và hai Hoàng hậu Thừa Thiên và Thuận Thiên; bên tả thất thứ nhất thờ thần khám Thánh Tổ Nhân Hoàng Đế và Hoàng hậu; bên hữu thất thứ nhất thờ thần khám Hiến Tổ Chương Hoàng Đế và Hoàng hậu.
q2_3_4_page_31-0010,Hằng năm tế 5 lần như Thái miếu.
q2_3_4_page_31-0011,"Phía đông phía tây đều dựng nhà vuông, phía đông là điện Canh Y, phía tây là đền Thổ Công; tường miếu phía tả mở cửa Khải Địch, phía hữu mở cửa Sùng Thành."
q2_3_4_page_31-0012,"Tường mặt sau, phía tả mở cửa Hiển Hựu, phía hữu mở cửa Ứng Hựu, chính giữa trước sân miếu dựng gác Hiển Lâm; tường ngắn ở tả hữu gác Hiển Lâm, thì tâ là cửa Tuấn Liệt, trên có lầu chuông, hữu là cửa Sùng Công (trước gọi là Phong Công, mới đổi tên từ năm Thiệu Trị thứ 1), trên có lầu trống."
q2_3_4_page_31-0013,"Ngoài tường ngắn dựng tâ vu và Hữu vu, để thờ phụ các công thần thân huân thời trung hưng; tường phía nam của miếu là cửa Thế Miếu."
q2_3_4_page_31-0014,"Trước sân Thế Miếu đặt cửu đỉnh: chính giữa là Cao đỉnh (nặng 4, 307 cân, bề cao 5 thước 5 phân, đường kính 3 thước 3 tấc 4 phân); bên tả thứ nhất là Nhân đỉnh (nặng 4.160 cân, bề cao 4 thước 7 tấc 5 phân, đường kính 3 thước 3 tấc 5 phân); bên hữu thứ nhất là Chương đỉnh (nặng 3.472 cân, về bề cao và đường kính, thì từ Chương đỉnh đến Huyền đỉnh, cũng như kích thước Nhân đỉnh); bên tả thứ hai là Anh đỉnh (nặng 4.561 cân); bên hữu thứ hai là Nghị đỉnh (nặng 4.206 cân); bên tả thứ ba là Thuần đỉnh (nặng 3.229 cân); bên hữu thứ ba là Tuyên đỉnh (nặng 3.421 cân); bên tả thứ tư là Dụ đỉnh (nặng 3.341 cân); bên hữu thứ tư là Huyền đỉnh (nặng 3.200 cân)."
q2_3_4_page_31_32-0001,"Cửu đỉnh đúc từ năm Minh Mệnh thứ 17, đều dựng nhà vuông, phía đông là điện Canh Y, phía tây là đền Thổ Công; tường miếu phía tả mở cửa Khải Địch, phía hữu mở cửa Sùng Thành."
q2_3_4_page_32-0001,"Tường mặt sau, phía tả mở cửa Hiển Hựu, phía hữu mở cửa Ứng Hựu, chính giữa trước sân miếu dựng gác Hiển Lâm; tường ngắn ở tả hữu gác Hiển Lâm, thì tâ là cửa Tuấn Liệt, trên có lầu chuông, hữu là cửa Sùng Công (trước gọi là Phong Công, mới đổi tên từ năm Thiệu Trị thứ 1), trên có lầu trống."
q2_3_4_page_32-0002,"Ngoài tường ngắn dựng tâ vu và Hữu vu, để thờ phụ các công thần thân huân thời trung hưng; tường phía nam của miếu là cửa Thế Miếu."
q2_3_4_page_32-0003,"Trước sân Thế Miếu đặt cửu đỉnh: chính giữa là Cao đỉnh (nặng 4, 307 cân, bề cao 5 thước 5 phân, đường kính 3 thước 3 tấc 4 phân); bên tả thứ nhất là Nhân đỉnh (nặng 4.160 cân, bề cao 4 thước 7 tấc 5 phân, đường kính 3 thước 3 tấc 5 phân); bên hữu thứ nhất là Chương đỉnh (nặng 3.472 cân, về bề cao và đường kính, thì từ Chương đỉnh đến Huyền đỉnh, cũng như kích thước Nhân đỉnh); bên tả thứ hai là Anh đỉnh (nặng 4.561 cân); bên hữu thứ hai là Nghị đỉnh (nặng 4.206 cân); bên tả thứ ba là Thuần đỉnh (nặng 3.229 cân); bên hữu thứ ba là Tuyên đỉnh (nặng 3.421 cân); bên tả thứ tư là Dụ đỉnh (nặng 3.341 cân); bên hữu thứ tư là Huyền đỉnh (nặng 3.200 cân)."
q2_3_4_page_32-0004,Cửu đỉnh đúc từ năm Minh Mệnh thứ 17.
q2_3_4_page_33-0001,HƯNG MIẾU
q2_3_4_page_33-0002,"Ở phía bắc trong tường Thế Miếu, hướng về nam dựng từ năm Minh Mệnh thứ 3."
q2_3_4_page_33-0003,"Thể chế: nhà chính 3 gian, nhà trước 5 gian, gian giữa thờ thần khám Hưng Tổ Hiếu Khang Hoàng Đế và Hoàng hậu, hằng năm tổ chức 5 lần tế như Thế Miếu."
q2_3_4_page_33-0004,"Ba mặt trước, tả, hữu đều xây tường riêng bằng gạch liền với tường phía bắc, mở ba cửa, phía trước là cửa miếu, phía tả là cửa Chương Khánh, phía hữu là cửa Dục Khánh; ngoài cửa phía đông là thần khố, phía tây là thần trù; tường phía bắc miếu bên tả đối với cửa Hiển Hựu là cửa Trí Tường, bên hữu đối với cửa Ứng Hựu là cửa Ứng Tường."
q2_3_4_page_33-0005,"Đầu đời Gia Long gọi là miếu Hoàng Khảo, ở phía nam Hưng Miếu hiện nay, năm Minh Mệnh thứ hai dời dựng ở đây và gọi tên hiện nay."
q2_3_4_page_33-0006,"Kính xét: đầu đời Gia Long để trông coi các miếu, đặt hai đội Tư Phụng nhất và Tư Phụng nhị, năm Minh Mệnh thứ 3 đổi đội Tư Phụng nhất làm ty Tả từ tế và đổi Tư Phụng nhị là ty Hữu từ tế, đặt một viên Từ tế sứ ty Từ tế chuyện giữ Tả ty, một viên Từ tế Phó sứ chuyện giữ Hữu ty."
q2_3_4_page_33-0007,MIẾU PHỤNG TIÊN
q2_3_4_page_33-0008,"Ở phía bắc đường gạch, trong cửa Chương Đức."
q2_3_4_page_33-0009,"Thể chế: nhà chính 9 gian 2 chái, nhà trước 11 gian thất chính giữa thờ thần ngự Thế Tổ Cao Hoàng Đế và Hoàng hậu, phía tả thất thứ nhất thờ thần ngự."
q2_3_4_page_33-0010,"Thánh Tổ Nhân Hoàng Đế và Hoàng hậu, phía hữu thất thứ nhất thờ thần ngự Hiến Tổ Chương Hoàng Đế và Hoàng hậu."
q2_3_4_page_33-0011,"Hằng năm ngày sóc, ngày vọng và khánh tiết đều có dâng lễ phẩm, ngày kỵ thì tế."
q2_3_4_page_34-0001,"Đây là miếu riêng. Kính xét: đầu đời Gia Long, điện này là điện Hoàng Nhân, ở phía bắc đường ngự cửa Hiển Nhân."
q2_3_4_page_34-0002,"Năm Minh Mệnh thứ 1, phụng tử cung (quan tài) Thế Tổ Cao Hoàng Đế để tạm ở đây."
q2_3_4_page_34-0003,"Năm thứ 10 đổi gọi là miếu Phụng Tiên, năm thứ 18 dời đến chỗ hiện nay."
q2_3_4_page_34-0004,"""CUNG KHÁNH NINH"
q2_3_4_page_34-0005,Ở phía bắc sông Ngự Hà trong Kinh thành.
q2_3_4_page_34-0006,"Thể chế: nhà chính 5 gian 2 chái, nhà trước nhà sau đều 5 gian; có tả hữu Túc đường và tả hữu Dực Lang."
q2_3_4_page_34-0007,"Xung quanh xây tường gạch, phía trước là cửa cung và một cửa ta, một cửa hữu, một cửa bán nguyệt một cửa tắc môn; trước cửa cung trông ra Ngự Hà dựng nhà hóng mát; phía sau tường cung là vườn Vĩnh Trạch, đấy là chỗ tập cày của Thánh Tổ Nhân Hoàng Đế, dựng từ năm Minh Mệnh thứ 7."
q2_3_4_page_34-0008,"Năm Thiệu Trị thứ 1, phụng tử cung (quan tài) Thánh Tổ Nhân Hoàng Đế để tạm ở đây; do đấy, dâng tên là điện Hiếu Tu, thờ thần khám Thánh Tổ Nhân Hoàng Đế và Hoàng hậu."
q2_3_4_page_34-0009,"Hằng năm ngày sóc, ngày vọng và khánh tiết đều có dâng lễ, ngày kỵ có tế."
q2_3_4_page_34-0010,"Đấy là miếu riêng. Vườn Vĩnh Trạch đổi dựng viện phụ là Tả tòng viện và Hữu tòng viện; lại về phía hữu có vườn Chi Thụ, trước gọi là chuồng hươu, đầu đời Thiệu Trị đổi tên hiện nay."
q2_3_4_page_35-0001,CUNG BẢO ĐỊNH
q2_3_4_page_35-0002,Ở phía tây cung Khánh Ninh.
q2_3_4_page_35-0003,"Thể chế: điện chính gọi là điện Long An, nhà chính 5 gian 2 trái đông tây, nhà trước 7 gian; hồi lang ở trước thềm phía bắc điện gọi là Lãm Thắng lang, phía bắc Lãm Thắng lang trông ra hồ, có nhà thủy tạ gọi là Trùng Phương tạ, hồ gọi là hồ Giao Thái, phía bắc hồ là gác Minh Trưng, phía bắc gác là hiên Đạo Tâm."
q2_3_4_page_35-0004,"Trong sân cung, phía tả là viện Chiêm Ân, phía hữu là viện Nhuận Đức; hồi lang bốn góc cùng điện các và tả viện hữu viện liền nhau."
q2_3_4_page_35-0005,"Trước điện, phía đông là Đông Minh vu, phía tây là Tây Thành sương, phía nam là cửa Bảo Định, phía bắc là cửa Mỹ Thành phía tả là các cửa Tả An, Đạo Long, Bảo An, Cửu An, Bảo Thành, Tả Thái, Bảo Đức, Hoá Thành và Bảo Mậu; phía hữu là các cửa Hữu An, Hy Long Hữu Thái, Long Định, Gia An, Thanh Định, Thiên Mỹ và Thường Định."
q2_3_4_page_35_36-0001,Ngoài cửa cung là Tả trực phòng và cửa Linh Tinh và ngoài cửa trông ra sông Ngự Hà.
q2_3_4_page_36-0001,"Phường Nhuận Trạch về bờ phía nam Ngự Hà gọi là vườn Phong Trạch, trong vườn dựng nhà Vụ Bản, phía trước xây hồ vuông."
q2_3_4_page_36-0002,"Đây là chỗ tập cày của Hiến Tổ Chương Hoàng Đế, dựng từ năm Thiệu Trị thứ 5."
q2_3_4_page_36-0003,"Năm thứ 7 rước tử cung (quan tài) Hiến Tổ Chương Hoàng Đế để tạm ở đấy, dâng tên là điện Long An."
q2_3_4_page_36-0004,"Năm Tự Đức thứ 1, phụng thờ thần khám, hàng năm, ngày sóc, ngày vọng và ngày khánh thiết đều có dâng lễ, ngày kỵ có tế."
q2_3_4_page_36-0005,"Đây là miếu riêng. Kính xét: đời Thiệu Trị, có thơ thánh chế vịnh 12 cảnh cung Bảo Định: 1."
q2_3_4_page_36-0006,Cung khai phiên yến (cung mở tiệc đãi phiên vương); 2.
q2_3_4_page_36-0007,Điện hội từ thần (điện họp bầy tôi văn học); 3.
q2_3_4_page_36-0008,Các thưởng hồ sơn (trên gác ngắm cảnh hồ và núi); 4.
q2_3_4_page_36-0009,Tạ lâm thiên thủy (thủy tạ nhìn trời nước); 5.
q2_3_4_page_36-0010,Hiên đàm kinh sử (trước hiên bàn kinh sử); 6.
q2_3_4_page_36-0011,Lang nạp yên hà (hành lang chứa mây ráng); 7.
q2_3_4_page_36-0012,Nam y cung khuyết (phía nam dựa vào cung khuyết); 8.
q2_3_4_page_36-0013,Bắc tiếp viên trì (phía bắc liền với vườn hồ); 9.
q2_3_4_page_36-0014,Đông quan vạn tỉnh (phí đông xem vạn dòng nước); 10.
q2_3_4_page_36-0015,Tây lãm thiên phong (phía tây xem ngàn ngọn núi); 11.
q2_3_4_page_36-0016,Hạm tĩnh khán hoa (dựa lan can lặng xem hoa); 12.
q2_3_4_page_36-0017,Song thanh đối nguyệt (cửa sổ mát trông trăng).
q2_3_4_page_36-0018,"Ở địa phận xã Phú Xuân phía ngoài Kinh thành, hướng về phía nam, dựng từ năm Minh Mệnh thứ 4."
q2_3_4_page_36-0019,"MIẾU LỊCH ĐẠI ĐẾ VƯƠNG: Thể chế: nhà chính 5 gian, gian chính giữa thờ Phục Hi Thị, vị nhất phía tả thờ Thần Nông Thị, vị nhất phía hữu thờ Hoàng đế; vị nhì phía tả thờ Đế Nghiêu, vị nhì phía hữu thờ Đế Thuấn; vị ba phía tả thờ Hạ Vũ Vương, vị ba phía hữu thờ Thương Thang Vương; vị bốn phía tả thờ Chu Văn Vương, vị bốn phía hữu thờ Chu Vũ Vương."
q2_3_4_page_36-0020,"Gian thứ nhất phía tả thờ Kinh Dương Vương, Lạc Long Quân, Hùng Vương, Sĩ Vương, Đinh Tiên Hoàng Đế."
q2_3_4_page_36-0021,"Gian thứ nhất phía hữu thờ Lê Đại Hành, Lý Thái Tổ, Thánh Tông, Nhân Tông."
q2_3_4_page_36-0022,"Gian thứ nhì phía tả thờ Trần Thái Tông, Nhân Tông, Anh Tông."
q2_3_4_page_36-0023,"Gian thứ nhì phía hữu thờ Lê Thái Tổ, Thái Tông, Trang Tông, Anh Tông."
q2_3_4_page_36-0024,"Hằng năm, tế vào tháng trọng xuân ngày tân đầu tháng."
q2_3_4_page_36-0025,Năm Minh Mệnh thứ 10 bỏ thờ Lê Anh Tông và đổi thờ phụ Sĩ Vương ở Văn Miếu.
q2_3_4_page_36-0026,"Phía đông và phía tây dựng Đông vu và Tây vu, mỗi vu đặt 5 án, phối thờ danh thần các triều."
q2_3_4_page_36-0027,"Phía đông thờ Phong Hậu, Cao Dao, Long Bá Ích, Phó Duyệt, Lữ Vọng, Thiệu Hổ (1), Nguyễn Bặc, Lê Phụng Hiểu, Tô Hiến Thành, Trần Nhật Duật, Trương Hán Siêu, Lê Niệm, Lê Xí, Hoàng Đình Ái (2)."
q2_3_4_page_36_37-0001,"Phía tây thờ Lực Mục, Hậu Quỳ, Bá Di, Y Doãn, Chu Công Đán, Thiệu Công Thích (1) Danh thần Trung Quốc."
q2_3_4_page_37-0001,(2) Danh thần nước ta.
q2_3_4_page_38-0001,"Phương Thúc, Lê Hiến (1), Lý Thường Kiệt, Trần Quốc Tuấn, Phạm Ngũ Lão, Đinh Liệt, Lê Khôi, Trịnh Duy Thuần, Phùng Khắc Khoan (2)."
q2_3_4_page_38-0002,"Năm Minh Mệnh thứ 11 và 21, hai lần rước Thánh Tổ Nhân Hoàng Đế thân đến làm lễ."
q2_3_4_page_38-0003,Năm Thiệu Trị thứ 3 và thứ 6 hai lần rước Hiến Tổ Chương Hoàng Đế thân đến làm lễ.
q2_3_4_page_38-0004,Năm Tự Đức thứ 4 rước Kim thượng đến làm lễ.
q2_3_4_page_38-0005,MIẾU LÊ THÁNH TÔNG
q2_3_4_page_38-0006,"Ở phía tả miếu Lịch đại để vương, hằng năm tế vào tháng trọng xuân và trọng thu, đều vào ngày nhâm sau ngày tế Xã Tắc."
q2_3_4_page_38-0007,"Kính xét: miếu Lê Thánh Tông, hồi (nhà Nguyễn) mới dựng nước vẫn có miếu thờ, sau trải qua loạn lạc bị bỏ."
q2_3_4_page_38-0008,"Năm Gia Long thứ 8, chọn đất dựng miếu để thờ."
q2_3_4_page_38-0009,VĂN MIẾU
q2_3_4_page_38-0010,"Ở địa phận xã Yên Ninh về phía tây ngoài Kinh thành, hướng về phía nam."
q2_3_4_page_38-0011,"Thể chế: nhà chính và nhà trước đều 5 gian, khám chính giữa thờ thần vị Chi thánh Tiên sư Khổng Tử, bốn khám tả và hữu đặt thần vị tứ phối là Nhan Tử, Tăng Tử, Tử Tư và Mạnh Tử."
q2_3_4_page_38-0012,Án đông và tây đặt thần vị thập nhị triết (1) Danh thần Trung Quốc.
q2_3_4_page_38_39-0001,"(2) Danh thần nước ta, là Mẫn Tổn, Nhiễm Canh, Nhiễm Ung, Tể Dư, Đoan Mộc Tứ, Nhiễm Cầu, Trọng Do, Ngôn Yển, Bốc Thương, Chuyện Tôn Sư, Hữu Nhược và Chu Hi."
q2_3_4_page_39-0001,"Phía trước sân dựng nhà Tả vu và nhà Hữu vu, đều 7 gian, để thờ phụ 71 tiên hiền và tiên nho."
q2_3_4_page_39-0002,"Hằng năm tế vào ngày đinh tháng trọng xuân, sau ngày tế Xã Tắc và ngày Thượng đinh tháng trọng thu."
q2_3_4_page_39-0003,"Trước sân miếu dựng hai nhà bia: bia phía tả khắc bài dụ ""răng dùng hoạn quan"" của Thánh Tổ Nhân Hoàng Đế ngự chế, bia phía hữu khắc bài dụ ""răn dùng ngoại thích"" của Hiến Tổ Chương Hoàng Đế ngự chế."
q2_3_4_page_39-0004,"Tường trước Văn Miếu mở cửa Đại Thành, phía tả mở cửa Kim Thanh, phía hữu mở cửa Ngọc Chấn; thêm trước cửa Đại Thành 15 bậc: trước cửa, bên tả là Hữu văn đường (trước là Sùng văn đường, mới đổi tên từ năm Thiệu Trị thứ 1), phía hữu là Duy Lễ đường."
q2_3_4_page_39-0005,"Ngoài cửa Kim Thanh về phía bắc là Thần Khố, ngoài cửa Ngọc Chấn về phía bắc là Thần Trù, phía nam cửa Văn Miếu dựng bia đá đề tên tiến sĩ."
q2_3_4_page_39-0006,"Ở ngoài lại xây tường, phía trước là cửa miếu, phía tả là cửa Chấn Đức (trước gọi là cửa Đạt Thành, mới đổi tên từ hồi đầu niên hiệu Thiệu Trị), phía hữu là cửa Quan Đức; trước cửa miếu lại dựng cửa Linh Tinh, phía ngoài thẳng với các cửa về phía đông và phía tây, xây bốn trụ biểu và mỗi bên dựng một bia khuynh cái (ngả lọng) hạ mã (xuống ngựa)."
q2_3_4_page_39-0007,"Ở bờ sông, năm Minh Mệnh thứ 10, xây đá thành hình bán nguyệt để ngăn ngọn nước chảy xói."
q2_3_4_page_39-0008,"Kính xét: hồi đầu bản triều, Văn Miếu ở địa phận xã Triều Sơn, thờ thần tượng, năm Canh Dần thứ 5 đời Duệ Tông, dời đến địa phận xã Long Hồ."
q2_3_4_page_39-0009,"Năm Gia Long thứ 7 dời đến chỗ hiện nay, chôn thần tượng và đổi đề bài vị, định lệ 3 năm vua thần đến tế một lần, còn thì sai đại thần tế thay."
q2_3_4_page_39-0010,"Thánh Tổ Nhân Hoàng Đế ba lần đến lễ vào các năm thứ 3, thứ 11, thứ 21."
q2_3_4_page_39-0011,"Hiến Tổ Chương Hoàng Đế hai lần đến lễ vào các năm thứ 3, thứ 6."
q2_3_4_page_39-0012,Năm Tự Đức thứ 4 rước Kim thượng đến lễ.
q2_3_4_page_39-0013,"Năm thứ 7 lại rước Kim thượng đến lễ, khi lễ xong, nhà vua hạ lệnh rước xa giá đến xem học."
q2_3_4_page_40-0001,ĐỀN KHẢI THÁNH
q2_3_4_page_40-0002,"Ở địa phận xã Long Hồ, phía tây."
q2_3_4_page_40-0003,"Văn Miếu. Năm Gia Long thứ 7, nhân nền Văn Miếu cũ mà làm, nhà chính và nhà trước đều 5 gian, có nhà Tả vu và Hữu vu, phía trước có cửa Nghi Môn."
q2_3_4_page_40-0004,"Án chính giữa thờ bài vị Khải thánh công, bốn vị phối hưởng ở án tả và hữu là Nhan Vô Do, Tăng Điểm, Khổng Lý và Mạnh Tôn Thị; bốn vị thờ phụ là Chu Phụ Thành, Trình Hướng, Trương Địch và Châu Tùng."
q2_3_4_page_40-0005,Hằng năm tế vào ngày đinh theo với Văn Miếu.
q2_3_4_page_41-0001,VŨ MIẾU
q2_3_4_page_41-0002,Ở địa phận xã Yên Ninh về phía tây Kinh thành.
q2_3_4_page_41-0003,"Thể chế: nhà chính 3 gian, 2 chái, nhà trước 5 gian, 2 nhà Tả vu, Hữu vu đều 5 gian; xung quanh xây tường gạch, trước mặt cửa Nghi Môn tả và hữu 2 cửa nách."
q2_3_4_page_41-0004,"Án chính giữa thờ thần vị Thượng phụ Khương Thái Công, dãy phía đông thờ Quản Trọng nước Tề, Tôn Vũ Tử nước Ngô, Hàn Tín nhà Hán, Lý Thạnh nhà Đường, Từ Đạt nhà Minh; dãy phía tây thờ Điền Nhương Thư nước Tề, Trương và Gia Cát Lượng nhà Hán, Quách Tử Nghi nhà Đường, Nhạc Phi nhà Tống."
q2_3_4_page_41-0005,"Tả vu thờ Trần Quốc Tuấn nhà Trần, Nguyễn Hữu Tiến và Tôn Thất Hội bản triều (nhà Nguyễn)."
q2_3_4_page_41-0006,"Hữu vu thờ Lê Khôi nhà Lê, Nguyễn Hữu Dật và Nguyễn Văn Trương bản triều (nhà Nguyễn)."
q2_3_4_page_41-0007,"Hằng năm, tế vào tháng trọng xuân và tháng trọng thu sau tế miếu Lịch đại đế vương một ngày."
q2_3_4_page_41-0008,Bia Vũ công tả và hữu trước sân miếu dựng từ năm Minh Mệnh thứ 17.
q2_3_4_page_41-0009,Năm Tự Đức thứ 3 lại dựng tiếp theo.
q2_3_4_page_41-0010,SƠN LĂNG
q2_3_4_page_41-0011,LĂNG TRƯỜNG CƠ
q2_3_4_page_41-0012,"Táng Thái Tổ Gia Dụ Hoàng Đế, ở địa phận xã La Khê, huyện Hương Trà."
q2_3_4_page_41-0013,"Nguyên trước lăng ở núi Thạch Hãn huyện Vũ Xương (nay là huyện Đăng Xương), sau rước để ở đây."
q2_3_4_page_41-0014,"Năm Gia Long thứ 5, mới đặt tên các lăng."
q2_3_4_page_41-0015,"Năm Minh Mệnh thứ 2, phong tên núi là Khải Vân Sơn và thờ phụ ở đàn Kính xét: theo thể chế cũ, thì 2 lần thành bao bọc trong ngoài các tôn lăng đều hơi thấp, năm Minh Mệnh thứ 21 sửa đắp cao lên đều 2, 3 trượng, trước mặt thành ngoài đặt thêm cửa có cánh."
q2_3_4_page_42-0001,LĂNG VĨNH CƠ
q2_3_4_page_42-0002,"Táng Gia Dụ Hoàng Hậu, ở núi Hải Cát huyện"
q2_3_4_page_42-0003,LĂNG TRƯỜNG DIỄN
q2_3_4_page_42-0004,"Táng Hy Tông Hiếu Văn Hoàng Đế, ở núi Hải Cát, huyện Hương Trà."
q2_3_4_page_42-0005,"Trước kia lăng ở sơn phần HUYỆN Quảng Điền, sau rước để ở đây."
q2_3_4_page_42-0006,LĂNG VĨNH DIEN
q2_3_4_page_42-0007,Táng Hiếu Văn Hoàng Hậu.
q2_3_4_page_42-0008,LĂNG TRƯỜNG DIÊN
q2_3_4_page_42-0009,"Táng Thần Tông Hiếu Chiêu Hoàng Đế, ở núi Yên Bằng, huyện Hương Trà."
q2_3_4_page_42-0010,LĂNG VĨNH DIỆN
q2_3_4_page_42-0011,Táng Hiếu Chiêu Hoàng Hậu.
q2_3_4_page_43-0001,LĂNG TRƯỜNG HƯNG
q2_3_4_page_43-0002,"Hải Cát, huyện Hương Trà."
q2_3_4_page_43-0003,LĂNG VĨNH HƯNG
q2_3_4_page_43-0004,"Ninh, huyện Hương Trà."
q2_3_4_page_43-0005,LĂNG QUANG HƯNG
q2_3_4_page_43-0006,"Định Môn, huyện Hương Trà."
q2_3_4_page_43-0007,LĂNG TRƯỜNG MẬU
q2_3_4_page_43-0008,"Kim Ngọc, huyện Hương Trà."
q2_3_4_page_43-0009,LĂNG VĨNH MẬU
q2_3_4_page_43-0010,HUYỆN Hương Trà.
q2_3_4_page_43-0011,LĂNG TRƯỜNG THANH
q2_3_4_page_43-0012,"Kim Ngọc, huyện Hương Trà."
q2_3_4_page_43-0013,LĂNG VĨNH THANH
q2_3_4_page_43-0014,"HUYỆN Hương Trà. Táng Thái Tông Hiếu Triết Hoàng Đế, ở núi Táng Hiếu Triết Hoàng Hậu Chu thi, ở núi Yên Táng Hiếu Triết Hoàng Hậu Tống thị, ở núi Táng Anh Tông Hiếu Nghĩa Hoàng Đế, ở núi Táng Hiếu Nghĩa Hoàng Hậu, ở núi Định Môn Táng Hiến Tông Hiếu Minh Hoàng Đế, ở núi Táng Hiếu Minh Hoàng Hậu, ở núi Trúc Lâm"
q2_3_4_page_44-0001,LĂNG TRƯỜNG PHONG
q2_3_4_page_44-0002,"Định Môn, huyện Hương Trà."
q2_3_4_page_44-0003,LĂNG VĨNH PHONG
q2_3_4_page_44-0004,HUYỆN Hương Trà.
q2_3_4_page_44-0005,LĂNG TRƯỜNG THÁI
q2_3_4_page_44-0006,"Khê, huyện Hương Trà."
q2_3_4_page_44-0007,LĂNG VĨNH THÁI
q2_3_4_page_44-0008,HUYỆN Hương Thủy.
q2_3_4_page_44-0009,NGUYÊN SU
q2_3_4_page_44-0010,LĂNG TRƯỜNG THIỆU
q2_3_4_page_44-0011,"8, rước để ở đấy."
q2_3_4_page_44-0012,LĂNG CƠ THÁNH
q2_3_4_page_44-0013,"Táng Túc Tông Hiếu Ninh Hoàng Đế, ở núi Táng Hiếu Ninh Hoàng Hậu, ở núi Long Hồ Táng Thế Tông Hiếu Vũ Hoàng Đế, ở núi La ""Táng Hiếu Vũ Hoàng Hậu, ở núi Dương Xuân"
q2_3_4_page_44-0014,SƠN PHẦN TUỆ TĨNH THÁNH MẪU
q2_3_4_page_44-0015,"Ở xã An Cựu, huyện Hương Thủy."
q2_3_4_page_44-0016,"Táng Duệ Tông Hiếu Định Hoàng Đế, ở núi La Khê, huyện Hương Trà; trước kia lăng ở địa phận HUYỆN Bình Dương đất Gia Định, năm Gia Long thứ Táng Hưng Tổ Hiếu Khang Hoàng Đế, ở núi Cư Chính huyện Hương Thủy."
q2_3_4_page_44-0017,"Tương truyền, năm Kỷ Dậu, Hưng tổ băng, tạm để tử cung ở nhà riêng tại Dương Xuân, chưa tìm được đất chôn cất, một đêm, có người sư già đến hỏi rằng: ""Đã tìm được đất chưa?"
q2_3_4_page_44-0018,""". Người nhà trả lời ""chưa""."
q2_3_4_page_44-0019,"Người sư già chỉ vào chỗ lõm ở núi Cư Chính mà nói: ""Đấy là đất táng đấy, tôi đã cắm cây, sáng mai cứ đến đấy nhận phương hướng mà yên tángg""."
q2_3_4_page_44-0020,"Nói xong đi ngay. Sáng sớm hôm sau, người nhà theo lời sư nói đi tìm, quả nhiên thấy cây cắm, theo tìm người sư thì không thấy tung tích đâu cả, bèn đem tử cung táng ở đây."
q2_3_4_page_44-0021,"Mùa đông năm Canh Tuất, Tây Sơn vô lễ sai đồ đảng là Đô đốc Nguyễn Văn Ngũ đem quan tài bỏ xuống vực sông trước lăng."
q2_3_4_page_44-0022,"Vừa chợt lúc ấy nhà tên Ngũ thất hỏa, tên Ngũ chạy về cứu cháy, thì Nguyễn Ngọc Huyên, người xã Cư Chính lặn xuống nước đem giấu đi chỗ khác."
q2_3_4_page_44-0023,Về sau chỗ Tây Sơn bỏ quan tài xuống nổi thành gò cát.
q2_3_4_page_44-0024,"Mùa hè năm Tân Dậu, khôi phục được Kinh thành cũ, Nguyễn Ngọc Huyên đem việc này tâu bày, bèn chọn ngày tốt, lại đem yên táng ở chỗ đất cũ."
q2_3_4_page_44-0025,"Năm Gia Long thứ 5, sửa đắp sơn lăng, dâng tên hiện nay là lăng Cơ Thánh."
q2_3_4_page_44-0026,"Năm Minh Mệnh thứ 2, phong tên núi là Hưng Nghiệp Sơn và thờ phụ ở đàn Nam Giao."
q2_3_4_page_45-0001,LĂNG THỤY THÁNH
q2_3_4_page_45-0002,"Táng Hiếu Khang Hoàng Hậu, ở núi Định Môn huyện Hương Trà."
q2_3_4_page_45-0003,"Năm Gia Long thứ 11 xây dựng sơn lăng, và dựng tẩm điện ở phía tả bảo thành, lại dựng điện phối hướng tả hữu và dâng tên lăng."
q2_3_4_page_46-0001,LĂNG THIÊN THỤ
q2_3_4_page_46-0002,"Táng Thế Tổ Cao Hoàng Đế, ở núi Thọ Sơn xã Định Môn, huyện Hương Trà, xây đắp từ năm Gia Long thứ 14, gọi là lăng Thiên Thọ, quan tài Thừa Thiên Cao Hoàng Hậu cũng hợp táng ở lăng này."
q2_3_4_page_46-0003,"Mặt trước lăng rộng 150 trượng, ba mặt tả hữu và sau đều rộng 100 trượng, bốn mặt thành đều dài hơn 14 trượng; chỗ nấm mộ dựng hai ngôi đá."
q2_3_4_page_46-0004,"Trước mặt xây đá làm bậc, phía hữu lăng dựng tẩm điện gọi là điện Minh Thành, lại dựng điện phối hưởng tả, hữu; phía trước điện là Nghi môn, phía sau là Tòng viện; phía tả lăng dựng nhà bia ""Thánh đức thần công""."
q2_3_4_page_46-0005,"Phong núi Thọ Sơn là Thiên Thọ Sơn, thờ phụ ở đàn Nam Giao."
q2_3_4_page_46-0006,"Bốn mặt núi quanh châu gồm 36 ngọn, đều ban cho tên gọi, đều thuộc trọng địa lăng tẩm (xem thêm phủ Thừa Thiên)."
q2_3_4_page_46-0007,THIÊN THỤ HỮU LĂNG
q2_3_4_page_46-0008,"Táng Thuận Thiên Cao Hoàng Hậu, ở phía hữu lăng Thiên Thọ."
q2_3_4_page_46-0009,Năm Thiệu Trị thứ 6 dâng tên là Thiện Thụ hữu lăng.
q2_3_4_page_46-0010,Phía hữu Bảo Thành dựng tẩm điện ở núi Mỹ Sơn gọi là điện Gia Thành các phối điện tả hữu.
q2_3_4_page_47-0001,HIẾU LĂNG
q2_3_4_page_47-0002,"Táng Thánh Tổ Nhân Hoàng Đế, ở núi Cẩm Kê ấp An Bằng huyện Hương Trà."
q2_3_4_page_47-0003,"Năm Minh Mệnh thứ 21, ban cho tên núi là Hiếu Sơn."
q2_3_4_page_47-0004,"Năm Thiệu Trị thứ 1 dâng tên lăng, Hiến Tổ Chương Hoàng Đế mới phỏng theo phép ""toại"" đời xưa mà đào đất xây cung, xung quanh xây bọc bảo thành, cửa gọi là cửa Bảo Thành."
q2_3_4_page_47-0005,"Phía trước đào hồ Tân Nguyệt, giữa hồ bắc cầu Thông Minh chính trực, phía hữu bắc cầu đá hình bán nguyệt."
q2_3_4_page_47-0006,"Trên núi tam Tài ở trước hồ dựng lầu gọi là Minh Lâu, phía tả lầu là Thành Sơn, phía hữu là Bình Sơn; hồ ở dưới lầu gọi là hồ Trừng Minh, trong hồ đắp đê dài và bắc ba cầu đá là cầu Trung Đạo, cầu Tả Phụ và cầu Hữu Bật."
q2_3_4_page_47-0007,"Bên cạnh liền bờ nước dựng đình Điểu Ngư, góc núi cạnh hồ dựng quán Nghinh Lương."
q2_3_4_page_47-0008,"Phía trước cầu Trung Đạo ngọn núi lớn chính giữa gọi là núi Phụng Thần, trên núi dựng điện Sùng Ân, trước điện dựng phối viện đông tây, phía sau điện dựng Tòng viện đông tây; tường quanh điện mở bốn cửa, phía nam là cửa Hiển Đức, phía bắc là cửa Hoằng Trạch, đông tây là hai cửa nách."
q2_3_4_page_47-0009,Ngoài cửa Hiển Đức xây bái đình 3 bậc.
q2_3_4_page_47-0010,"Phía nam thần đạo đắp trùng đài, trên đài làm nhà dựng bia ""Thánh đức thần công""; lại dựng gác Linh Phương ở núi Đông Trạch, hiên Thuần Lộc ở núi Đức Hoá, sở Quan Lan ở núi đạo Thống, tạ Hư Hoài ở đảo Tây Trấn."
q2_3_4_page_47-0011,Hơi về phía sau điện Sùng Ân thì dựng Thần Khố; đặt Tả tùng phòng ở núi Tĩnh Sơn và Hữu tùng phòng ở núi Ý Sơn.
q2_3_4_page_47-0012,"Phía ngoài đắp la thành, chu vi 433 trượng linh, mặt trước mở cửa Đại Hồng, mặt đông mở cửa Tả Hồng, mặt tây mở cửa Hữu Hồng."
q2_3_4_page_47-0013,"Ở trong la thành dựng nhà Truy Tư trai ở núi Phúc Âm, ngoài la thành đặt Tả trực phòng, Hữu trực phòng và các nhà lính Tả thủ hộ, Hữu thủ hộ."
q2_3_4_page_48-0001,LĂNG HIẾU ĐÔNG
q2_3_4_page_48-0002,"Táng Tá Thiên Nhân Hoàng Hậu, ở xã Cư Chính, huyện Hương Thủy."
q2_3_4_page_48-0003,"Năm Thiệu Trị thứ 1, sửa Sơn Lăng và dâng tên hiện nay."
q2_3_4_page_48-0004,"Phía trước, phía sau Bảo Thành đều xây bình phong và bái đình 3 bậc, phía đông phía tây đều xây lan can, trước mặt xây hồ, phía ngoài xây hai trụ biểu, xung quanh dựng mốc giới 40 chỗ."
q2_3_4_page_48-0005,XƯƠNG LĂNG
q2_3_4_page_48-0006,"Táng Hiến Tổ Chương Hoàng Đế, ở xã Cư Chính, huyện Hương Thủy."
q2_3_4_page_48-0007,"Năm Tự Đức thứ 1, dâng tên núi là Thuận Đạo và dâng tên lăng."
q2_3_4_page_48-0008,"Trên mặt đất xây bảo thành, dưới mặt đất đào toại đạo (đường ngầm), phía tả dựng điện Biểu Đức, cửa điện gọi là cửa Hồng Trạch, phía hữu đối thẳng thì dựng lầu Đức Hình, đối ngang với Minh Đức (trước là Hình Đức), hơi về phía sau thì dựng gác Hiển Quang."
q2_3_4_page_48-0009,"Phía trước bảo thành nước hồ chảy vòng quanh ôm lại, sắc nước xanh và trong suốt gọi là hồ Ngưng Thuý; bắc ba cầu đá qua hồ thông với Minh Đức, giữa là cầu Chính Trung, tả là cầu Đông Hòa, hữu là cầu Tây Định."
q2_3_4_page_48-0010,"Nhà bia ở trước lầu Minh Đức dựng bia ""Thánh đức thần công"", trước nhà bia nước hồ trong sạch gọi là hồ Nhuận Trạch."
q2_3_4_page_48-0011,Về phía tả là Thần khổ và nhà binh lính.
q2_3_4_page_48-0012,"Các tôn lăng và các sở tẩm điện, lâu các, hiên quán môn đình ở trên có đặt chức Hộ lăng chánh sứ và Hộ lăng phó sứ, có ty Điển nghi thuộc dưới quyền, lại có 4 vệ Hộ lăng trung tiền tả hữu."
q2_3_4_page_48-0013,Việc châu chực ở Xương Lăng thì trích lấy biển binh một vệ Kỳ võ nhất để canh giữ.
q2_3_4_page_48-0014,Từ cột mốc giới trở vào đều cấm hái củi.
q2_3_4_page_49-0001,UYỂN HỰU
q2_3_4_page_49-0002,DOANH CHÂU
q2_3_4_page_49-0003,"Ở hồ Kim Thủy về gốc đông bắc trong Hoàng thành, có đủ các thắng cảnh đường, lầu, đình, tạ, cầu, đê."
q2_3_4_page_49-0004,"Kính xét: khoảng niên hiệu Thiệu Trị có thơ thánh chế tả 22 cảnh Doanh Châu, đầu để là Gác Hải Tĩnh niên phong; Lầu Vô hạn ý."
q2_3_4_page_49-0005,3. Lầu Nhật thành 4.
q2_3_4_page_49-0006,Đường Cát vân 5. Hiên Tự ấm 6.
q2_3_4_page_49-0007,Tạ Tứ phương bình định 10.
q2_3_4_page_49-0008,Đình quang đức 11 Đình Bát phong tùng luật 17.
q2_3_4_page_49-0009,Tiên sa 18. An phường 20.
q2_3_4_page_49-0010,Đảo Trấn bắc
q2_3_4_page_50-0001,VƯỜN KỲ HẠ
q2_3_4_page_50-0002,Ở phía nam hồ Kim Thủy về phía tả trong Hoàng thành.
q2_3_4_page_50-0003,"Phía trước là điện Khâm Văn, hướng về nam; phía bắc điện là Minh Hồ, giữa hồ dựng gác Quang Biểu; phía sau có lầu Thưởng Thắng hướng về bắc."
q2_3_4_page_50-0004,"Phía tả là tạ Hòa Phong, phía hữu là hành lang Khả Nguyệt, xung quanh là hồi lang Tứ Phương Ninh Mật, phía đông là thư trai Minh Lý, phía tây là hiên Thận Nhật."
q2_3_4_page_50-0005,"Phía tây Minh Hồ là sông Trại Võ, động Phúc Duyên và Đào Nguyên; gần về phía tả là cầu Kim Nghệ Ngọc Đống."
q2_3_4_page_50-0006,"Phía tả lầu Thưởng Thắng là các thắng cảnh: núi Thọ Yên, Tùng Đình, ao Thụy Liên và núi Quân Tử."
q2_3_4_page_50-0007,Phía nam là cửa Thượng Uyển.
q2_3_4_page_50-0008,Năm Tự Đức thứ 2 dùng điện Khâm Văn làm chỗ Kinh Diên.
q2_3_4_page_50-0009,"Kính xét: đầu niên hiệu Gia Long, vườn này là chỗ học tập trong nội đình lúc Thánh Tổ Nhân Hoàng Đế còn náu trong cung, đến khi ngài ra các thì tôn lên làm Thiên Phủ."
q2_3_4_page_50-0010,"Năm Minh Mệnh thứ 18 đổi sửa sang phủ tàng, dựng đường Cơ Hạ, tiếp với núi Hồ Cảnh phía sau Doanh Châu."
q2_3_4_page_50-0011,"Đầu đời Thiệu Trị dựng dinh điện, tôn gọi là viên (vườn)."
q2_3_4_page_50-0012,Thơ Thánh chế tả 14 cảnh Cơ Hạ viên đầu đề là: 1.
q2_3_4_page_50-0013,Điện khai văn yến; 2.
q2_3_4_page_50-0014,Lâu thưởng Bồng doanh; 3.
q2_3_4_page_50-0015,Các minh tử chiếu; 4.
q2_3_4_page_50-0016,Lang tập quân phương; 5.
q2_3_4_page_50-0017,Hiên sinh thi tử; 6.
q2_3_4_page_50-0018,Trai tả thi hoài; 7.
q2_3_4_page_50-0019,Trị lưu liên phưởng; 8.
q2_3_4_page_50-0020,Sơn tủng tùng đình; 9.
q2_3_4_page_50-0021,Nghê kiều tế nguyệt; 10.
q2_3_4_page_50-0022,Thủy tạ quang phong; 11.
q2_3_4_page_50-0023,Vũ giang thắng tích; 12.
q2_3_4_page_50-0024,Tiên động phương tung; 13.
q2_3_4_page_50-0025,Hồ tâu liễu lãng; 14.
q2_3_4_page_50_51-0001,"Đảo thụ oanh thanh Ở phía nam Kinh khố (kho Kinh), góc đông bắc ngoài Hoàng thành, quanh xây tường gạch, bốn HỒ TĨNH TÂM: cửa nam là Hạ Huân, đông là Xuân Quang, tây là Thu Nguyệt, bắc là Đông Hi."
q2_3_4_page_51-0001,"Trong hồ có ba hòn đảo: đảo Bồng Lai phía nam, trên đảo dựng điện Bồng Doanh, phía đông là tạ Thanh Tâm, phía tây là lầu Trừng Luyện, phía nam là cửa điện, trước cửa là cầu Bồng Doanh, phía bắc là cửa Hồng Cử, trước cửa là cầu Hồng Cử."
q2_3_4_page_51-0002,"Đảo Phương Trượng ở phía bắc, trên đảo dựng gác Nam Huân, phía đông là nhà Thiên nhiên, phía tây là hiên Dương Tính, phía bắc là lầu Tĩnh Tâm, phía nam là cửa Bích Tảo, trước cửa là cầu Bích Tảo."
q2_3_4_page_51-0003,"Quãng giữa hai hòn đảo dựng đình Tứ Đạt, phía nam đình thông với cầu Hồng Cử, phía bắc đình thông với cầu Bích Tảo, phía đông và phía tây cầu đắp đê dài, ven đường đê đều trồng cây liễu, gọi là đê Kim Oanh."
q2_3_4_page_51-0004,"Đê này phía đông qua cầu Lục Liễu suốt đến cửa Xuân Quang, phía tây qua cầu Bạch Tần suốt đến cửa Thu Nguyệt."
q2_3_4_page_51-0005,"Phía tây nam cầu Bạch Tần trên hồ nước dựng Khúc tạ, trước Khúc tạ trồng sang phía nam là đảo Doanh Châu."
q2_3_4_page_51-0006,"Các cầu đều che mái ngói, trong hồ thả sen, bờ hồ trồng trúc, chim bay cá nhảy, óng ánh sắc đỏ sắc xanh."
q2_3_4_page_52-0001,"Kính xét: hồ này, đầu niên hiệu Gia Long, nhân sông cũ đắp chặn lại, rồi đào thêm rộng và vuông, trong hồ có hai bãi nổi, dựng kho chứa thuốc nổ và kho diêm tiêu, gọi là hồ ký tế."
q2_3_4_page_52_53-0001,"Năm Minh Mệnh thứ 19, dời hai kho sang phía đông, dùng địa điểm này làm hồ Tĩnh Tâm, lại có tên là Bắc Hồ."
q2_3_4_page_53-0001,Tập thơ Thánh chế tả 10 cảnh Bắc Hồ là: 1.
q2_3_4_page_53-0002,Oanh đê xuân sắc; 2.
q2_3_4_page_53-0003,Khúc tạ hà phong; 3.
q2_3_4_page_53-0004,Tĩnh hồ minh nguyệt; 4.
q2_3_4_page_53-0005,Trúc kính thừa lương; 5.
q2_3_4_page_53-0006,Thủy tạ quan ngư; 6.
q2_3_4_page_53-0007,Hồ lâu yên vũ; 7.
q2_3_4_page_53-0008,Khinh sa thưởng liên; 8.
q2_3_4_page_53-0009,Nam huân lãm thắng; 9.
q2_3_4_page_53-0010,Trừng luyện vãn điểu; 10.
q2_3_4_page_53-0011,Tam châu hiểu cảnh. Mười bài thơ này đều khắc vào biển để treo.
q2_3_4_page_53-0012,"Khoảng niên hiệu Thiệu Trị, tập thơ Thánh chế tả 20 cảnh Thần kinh, hồ Tĩnh Tâm là một, đầu đề bài thơ là Tĩnh Hồ hạ hứng, đem khắc vào biển đồng."
q2_3_4_page_53-0013,"Về phía bắc Hoàng thành, trước có vườn Thư Quang, ở phường Nhuận Ốc phía nam Ngự Hà, chu vi hơn một dặm, chính giữa dựng lầu Thưởng Thắng, phía đông là điện Phụng Phương, phía tây là đình Tiến Phương, phía nam là hiến Trừng Phương, phía bắc là viên Hợp Phương."
q2_3_4_page_53-0014,"Xung quanh đào hồ, xây cửa nước để thông với nước Ngự Hà giúp hai bờ hồ xây hoa đài, bốn mặt hoa hồ đều bắc cầu, cầu phía đông, phía tây thì cao, có che mái ngói, cầu phía nam và phía bắc thì bằng, đặt ván có máy để tiện cho thuyền đi qua."
q2_3_4_page_53-0015,"Vườn này hướng về đông, nên đặt tên là vườn Thư Quang, dựng từ năm Minh Mệnh thứ 17."
q2_3_4_page_53-0016,"Kính xét: khi vườn Thư Quang dựng xong, Thánh Tổ Nhân Hoàng Đế rước từ giá Thuận Thiên Cao Hoàng Hậu lên chơi xem lầu Thưởng Thắng đã ngự chế bài thơ ghi lại việc này (xem Thánh chế thi tập)."
q2_3_4_page_53-0017,"Năm thứ 19, cho các tiến sĩ mới ăn yến ở đây, gọi là yến Thư Quang, cho vào vườn xem hoa, đời truyền là việc lớn."
q2_3_4_page_53-0018,"Năm Thiệu Trị thứ 3, tập thơ Thánh chế vịnh 20 cảnh Thần kinh, Thư Quang viên là một, đầu đề là ""Thư uyển xuân quang"", đem khắc vào biển đồng; sau thấy địa điểm này gần sát cung Khánh Ninh, bèn cho dỡ lấy vật liệu ở lầu và điện đem dựng vườn Cơ Hạ, mà bỏ vườn Thư Quang."
q2_3_4_page_54-0001,VƯỜN THƯỜNG MẬU
q2_3_4_page_54-0002,"Ở địa phận phường Thừa Đức, phía nam Tịch Điền trong Kinh thành."
q2_3_4_page_54-0003,"Trong vườn dựng đảo Bồng Hồ, xung quanh đảo hồ, gọi là hồ Thanh Ninh."
q2_3_4_page_54-0004,"Trên đảo dựng lầu Kỷ Ân (trước là Thừa Ân, năm Thiệu Trị thứ nhất đổi tên gọi hiện nay), khắc đá dựng bia ở phía tả cửa lầu, trước lầu hướng về nam là hiền Tu Trai, thêm hiền sát với hồ, bờ phía nam và phía bắc đều dựng cột đá và cửa Linh Tinh."
q2_3_4_page_54-0005,"Về phía nam lầu là nhà Chỉ Thiện, hành lang đài ở phía tả và phía hữu liền với lầu Kỷ Ân, hành lang qua hồ bắc cầu ở phía tả cầu Quang Phong, phía hữu gọi là cầu Tề Nguyệt."
q2_3_4_page_54-0006,"Về phía bắc lầu, phía tả là gác Thông Minh, phía hữu là tạ Trừng Thanh, đều dựng trong nước; lại về phía bắc trong hồ, có núi, gọi là núi Tam Thọ, phía nam núi có đình Lục Hợp, phía đông có quán Tứ Đại, phía tây có tháp Giác Viên."
q2_3_4_page_54-0007,Trong vườn có giếng gọi giếng Cam Lộ.
q2_3_4_page_54-0008,"Kính xét: năm Minh Mệnh thứ 21, mở một danh viên ở trước Tịch Điền, lấy vật liệu ở hiện và lầu trong Ngự Uyển, đem đến xây dựng ở đây, đắp núi, đào hồ, đặt tên là Thường Mậu viên, nhân đấy cho Hiến Tổ Chương Hoàng Đế làm nơi nghiên cứu Kinh, sử trong thì giờ rảnh việc sau khi thăm chào."
q2_3_4_page_54-0009,"Đầu niên hiệu Thiệu Trị, lại sửa sang để làm nơi trú tất khi cày Tịch điền."
q2_3_4_page_54-0010,"Ngự chế tập thơ vịnh 10 cảnh Thường Mậu viên, đầu đề như sau: 1."
q2_3_4_page_54-0011,Cao lâu thắng thưởng; 2.
q2_3_4_page_54-0012,Quảng hạ đàm văn; 3.
q2_3_4_page_54-0013,Hiên lan hoa lộ; 4.
q2_3_4_page_54-0014,Trai phố tịch hà; 5.
q2_3_4_page_54-0015,Sơn đình mai vũ; 6.
q2_3_4_page_54-0016,Thủy các hoa phong; 7.
q2_3_4_page_54-0017,Thanh trì hương luyện; 8.
q2_3_4_page_54-0018,Lương tạ tình ba; 9.
q2_3_4_page_54-0019,Long kiều giá nguyệt; 10.
q2_3_4_page_54-0020,"Tam phong sáp vân. Lại 20 cảnh thần kinh, vườn này là một đầu đề, đó là ""Thường Mậu quan canh"", khắc vào biển đồng."
q2_3_4_page_55-0001,VƯỜN THƯỜNG THANH
q2_3_4_page_55-0002,Ở địa phận phường Phong Doanh về phía đông Kinh thành.
q2_3_4_page_55-0003,"Trong vườn dựng nhà Hòa Thịnh, quanh xây tường gạch, vườn trồng nhiều cây quả ngon."
q2_3_4_page_55_56-0001,"Kính xét: vườn này dựng từ năm Minh Mệnh thứ 17, để làm nơi cho các hoàng tử vui chơi cùng nhau bày tỏ tình nghĩa ""Hữu vu"" (1); nhà vua thường ngự đến chơi xem những thơ xướng hoạ, khen là các hoàng tử vui lòng học tập thi thư, nên ban cho thơ để khen ngợi, bài thơ có chép trong Thánh chế thi tập, Lại hai bờ sông Hộ Thành ở phía hữu ngoài Kinh thành có dựng các danh viên là Xuân Viên, Diễm Lục viên, Tư Mậu viên, Thanh Phương viên, Tiên Nhuận viên, Phồn Phong viên, Tư Thịnh viên, Thuý Mỹ viên, Mậu Đình viên, Vinh Quang viên, Tú Phát viên, Vĩnh Ấm viên, Vĩnh Tú viên."
q2_3_4_page_56-0001,ĐÀI TẠ
q2_3_4_page_56-0002,ĐÀI QUAN TƯƠNG
q2_3_4_page_56-0003,"Phía bắc đài Năm Minh về góc tây nam trong Kinh thành, cao chừng 1 trượng, trên đài dựng đình Bát Phong, trồng cây cỡ để xem gió, do ty Khâm Thiên Giám trông giữ, đài dựng từ năm Minh Mệnh thứ 7."
q2_3_4_page_56-0004,KỲ ĐÀI
q2_3_4_page_56_57-0001,"Ở phía nam, trong Kinh thành, trước mặt Ngọ Môn, đài xây ba tầng: tầng dưới cao 1 trượng 4 thước, tầng giữa cao 1 trượng 4 thước 5 tấc, xây cửa tròn rộng 1 trượng; tầng trên cao 1 trượng 5 thước, cửa (1) Hữu vu: lấy điển câu ""Hữu vu huynh đệ"" chép trong thiên ""Quân trần"" của sách Thượng thư, nghĩa là anh em hòa thuận với nhau, tròn rộng 5 thước, cột cờ gồm hai tầng, đều cao 7 trượng 1 thước 5 tấc."
q2_3_4_page_57-0001,Năm Thiệu Trị thứ 6 dựng cột cờ mới dài suốt 7 trượng 6 thước 5 tấc.
q2_3_4_page_57-0002,Trên đài đặt Vọng Đẩu.
q2_3_4_page_57-0003,"Phàm từ việc châu mừng, tuần du cho đến việc báo cấp đều có hiệu cờ."
q2_3_4_page_57-0004,"Thỉnh thoảng lên Vọng Đẩu dùng kính thiên lý nhòm ra ngoài biển, trên đài đặt xưởng đại bác."
q2_3_4_page_57-0005,LẦU PHÚ VĂN
q2_3_4_page_57-0006,"Ở ngoài Kinh thành giữa quách phía nam, hướng về chính nam."
q2_3_4_page_57-0007,"Lầu dựng 2 tầng, có chiếu thư và bảng thi Hội, thi Đình đều treo ở đấy, trước gọi là đình treo bản."
q2_3_4_page_57-0008,"Năm Gia Long thứ 18 mới dựng lầu, phía trước lầu có dãy nhà Long thuyền và Ngư hộ."
q2_3_4_page_57-0009,LÂU TÀNG THƯ
q2_3_4_page_57-0010,"Ở địa phận phường Phong Doanh và phía đông hồ Tĩnh Tâm, trong Kinh thành, dựng từ năm Minh Mệnh thứ 6."
q2_3_4_page_57-0011,"Thể chế: lầu xây dựng bằng gạch, tầng trên 7 gian 2 chái, tầng dưới 12 gián, xung quanh xây lan can, bốn mặt là hồ vuông, gọi là hồ Học Hải, phía tây hồ bắc cầu, để ra vào."
q2_3_4_page_57-0012,"Phàm sổ sách các năm trước của các nha môn, lục bộ đều cất ở đấy."
q2_3_4_page_57-0013,HÀNH CUNG HƯƠNG GIANG
q2_3_4_page_57-0014,"Ở ngoại quách Kinh thành, tại bến sông Hương."
q2_3_4_page_57-0015,"Hằng năm dùng làm nơi tránh nóng, trong tiết mùa xuân, mùa hè."
q2_3_4_page_57-0016,"Trên bờ nước, dựng lương tạ, rước vua tránh nắng, trên bờ dựng hành cung, làm chỗ triệu bầy tôi đến tâu việc."
q2_3_4_page_57-0017,Hành cung dựng từ năm Tự Đức thứ 5.
q2_3_4_page_58-0001,HÀNH CUNG THÂN PHỦ
q2_3_4_page_58-0002,"Ở bờ phía nam sông Lợi Nông, thuộc địa phận xã Thần Phù huyện Hương Thủy, trên dựng hành cung, bờ nước dựng tạ Thanh Quang."
q2_3_4_page_58-0003,"Kính xét: đầu đời Minh Mệnh, dựng tạm bằng tre tranh, để phòng vua tuần du, cứ gặp nước lụt mùa thu thì hỏng, nên năm Minh Mệnh thứ 20 đổi làm gạch và ngói."
q2_3_4_page_58-0004,"Về phía đông bắc có rừng và chầm, chim nước tụ tập hàng đàn, xa giá nhà vua đến xem lúa, nhân thi bắn."
q2_3_4_page_58-0005,"Tập thơ Thánh chế đời Thiệu Trị vịnh 20 cảnh Thần kinh, cảnh này đầu đề là ""Đông lâm dặc điểu"", khắc bia dựng nhà bia ở đấy."
q2_3_4_page_58-0006,HÀNH CUNG THUẬN TRỰC
q2_3_4_page_58-0007,"Ở địa phận xã Hà Trung, huyện Phú Lộc, khoảng niên hiệu Minh Mệnh dựng tạm bằng tre tranh để dùng khi vua tuần du, dựng rồi lại phá, đất lại chật hẹp."
q2_3_4_page_58-0008,"Năm thứ 21 chọn đất dựng một toà nhà ngói, để làm nơi trú tất."
q2_3_4_page_58-0009,HÀNH CUNG THUẬN AN
q2_3_4_page_58-0010,"Ở bờ biển cửa Thuận An thuộc địa phận ấp Thai Dương Hạ huyện Hương Trà, dựng từ năm Minh Mệnh thứ 18."
q2_3_4_page_59-0001,HÀNH CUNG THUÝ VÂN
q2_3_4_page_59-0002,"Ở phía nam chân núi Thuý Vân thuộc địa phận ấp Đông Am, huyện Phú Lộc, dựng từ năm Minh Mệnh thứ 18."
q2_3_4_page_59-0003,PHỦ ĐỆ
q2_3_4_page_59-0004,NHÀ ĐOAN BẢN
q2_3_4_page_59-0005,Ở địa phận phường Hiệu Trung trong Kinh thành.
q2_3_4_page_59-0006,"Kính xét: năm Gia Long thứ 15, dựng cung Thanh Hòa là chỗ ở của Thánh tổ ta lúc làm Hoàng thái tử."
q2_3_4_page_59-0007,"Giữa dựng điện Thanh Hòa, phía đông là nhà Ngọc Kính, phía tây là nhà Tập Thiên, trước điện là nhà Đoan Bản."
q2_3_4_page_59-0008,"Tả hữu dựng hai vu, phía nam là cửa Chân Hanh, phía đông là cửa Tả Định, phía tây là cửa Hữu Định, phía bắc là cửa Ninh Khánh; lại dùng nhà Tập Thiên làm chỗ học tập của các Hoàng tử và thần công."
q2_3_4_page_59-0009,"Năm thứ 19 dùng nhà Đoan Bản làm giảng đường, đặt tên là nhà Càn Đông, hoàng tử, hoàng tôn đều đến đấy học tập."
q2_3_4_page_59-0010,NHÀ CHÍ THIỆN
q2_3_4_page_59-0011,"Ở địa phận phường Ngưng Hi trong Kinh thành, là tiềm để của Hiến tố ta, đầu niên hiệu Thiệu Trị dã lấy gỗ đem dựng ở vườn Thượng Mậu."
q2_3_4_page_60-0001,NHÀ PHÚC THIỆN
q2_3_4_page_60-0002,"Ở địa phận phường Vĩnh Yên trong Kinh thành, là tiểm để của hoàng thượng bây giờ."
q2_3_4_page_60-0003,"Năm Tự Đức thứ 6 đổi tên hiện nay, nay đã đỡ lấy gỗ đem dựng sở khác."
q2_3_4_page_60-0004,PHỦ ĐỆ CÁC THÂN CÔNG
q2_3_4_page_60-0005,"Ở phía tả trong Kinh thành, nhà chính và nhà trước đều 3 gian 2 chái, biển ngạch cửa đề chữ ""Mỗ công phủ"" (phủ đệ thân công mỗ)"
q2_3_4_page_60-0006,ĐỆ TRẠCH CÁC CÔNG CHÚA
q2_3_4_page_60-0007,"Ở phía hữu trong Kinh thành, thể chế cũng như phủ đệ các thân công, biển ngạch cửa đề chữ ""Mỗ công chúa đệ""."
q2_3_4_page_60-0008,QUAN THỰ
q2_3_4_page_60-0009,VIỆN CƠ MẬT
q2_3_4_page_60-0010,Ở Hữu trực phòng nhà Tả vu.
q2_3_4_page_60-0011,"Quan chế có 4 viên đại thần sung viện, dùng quan văn ban tam phẩm trở lên đều giữ bản chức mà sung viện."
q2_3_4_page_60-0012,"Thuộc quan dùng 2 viên quan ngũ phẩm và bốn viên quan thất phẩm, đều lựa các quan ở lục bộ tự viện sung bổ, giữ bản chức mà sung hành tầu của viện."
q2_3_4_page_60-0013,"Phầm công việc nước việc quân quan trọng cần mật đều thuộc viện này; dưới quyền có Nam Chương kinh và Bắc Chương kinh, đặt từ năm Minh Mệnh thứ 14."
q2_3_4_page_60-0014,"Đến năm thứ 18, đổi Nam Chương kinh làm Nam ty và Bắc Chương kinh làm Bắc ty."
q2_3_4_page_61-0001,NỘI CÁC
q2_3_4_page_61-0002,Ở Tả trực phòng nhà Tả vu.
q2_3_4_page_61-0003,"Kính xét: đầu niên hiệu Gia Long đặt Văn thư phòng, ở Tả trực phòng nhà Hữu yu; đặt Thượng bảo khanh và Thượng bảo Thiếu khanh giữ việc, chia làm 4 tào, là Thượng Bảo."
q2_3_4_page_61-0004,"Năm Minh Mệnh thứ 7 Khởi cư chú, Đồ thư và Biểu bạ dời sang Hữu trực phòng nhà Tả vu, năm thứ 11 đổi làm Nội các."
q2_3_4_page_61-0005,"Năm thứ 14, triều ban ở dưới lục bộ dời sang Tả trực phòng, dùng các chức Thị lang lục bộ, Thông chính sứ, Thông chính Phó sứ và Hàn Lâm viện trực học sĩ sung vào."
q2_3_4_page_61-0006,"Năm thứ 17 đổi tào Đồ thư làm tào Bí thư, tào Khởi cư chú làm tào Thừa vụ."
q2_3_4_page_61-0007,"Năm Thiệu trị thứ 4 đổi lại làm 4 sở là Thượng bảo, Bí thư, Ti luân và Bản chương; thuộc viên Nội các thì lấy quan hàm Hàn Lâm viện tùng tứ phẩm trở xuống sung vào."
q2_3_4_page_61-0008,VIỆN TẬP HIỀN
q2_3_4_page_61-0009,"Ở phía đông thành Tử cấm, hướng về phía tây, dựng từ năm Tự Đức thứ 1."
q2_3_4_page_61-0010,"Quan chế: đặt 2 viên Kinh diên giảng quan, 6 viên Kinh diên nhật giảng quan, 12 viên Khởi cư chú và 4 viên Bút thiếp."
q2_3_4_page_62-0001,VIỆN THÁI Y
q2_3_4_page_62-0002,Ở phía đông nha Duyệt thị trong Tử cấm thành.
q2_3_4_page_62-0003,"Quan chức: đặt một viện sứ, 2 viên tả hữu Viện phán các Ngự y, Y chính, Y phó, Y sinh và ngoại khoa đều lệ thuộc."
q2_3_4_page_62-0004,"Lại dựng sở Thái y, ởđịa phận phường Đông Phúc trong Kinh thành, Viện phán và Y sinh ở đây."
q2_3_4_page_62-0005,"Hồi đầu niên hiệu Gia Long, sở này ở địa phận phường Dưỡng Sinh, đời Minh Mệnh dời đến chỗ hiện nay."
q2_3_4_page_62-0006,XỨ THỊ VỆ
q2_3_4_page_62-0007,"Ở phía tả viện Tập hiền, hướng về phía tây dựng từ năm Thiệu Trị thứ 4."
q2_3_4_page_62-0008,"Quan chức: đặt viên Chưởng lãnh, dùng quan đại thần văn võ sung vào thống quản năm bậc Thị vệ, giữ việc trực."
q2_3_4_page_62-0009,"Các sở. Cung cấp, sở Nội tạo, ty Cẩn tín đều lệ thuộc xứ này; Thượng thiện, Thượng trà và Thái y đều có lên quan."
q2_3_4_page_62-0010,PHỦ NỘI VỤ
q2_3_4_page_62-0011,"Ở phía nam vườn Cơ Ha, trước mặt là sở Chi thu, phía tả là sở Nội tạo, phía hữu là sở Đốc công."
q2_3_4_page_62-0012,"Phủ có viên Thị lang giữ việc; thuộc viên có Lang trung, Viên ngoại lang, Chủ sự, Tư vụ và Thơ lại thuộc ty; sở Nội tạo thì đặt riêng quản viên, các cục thợ đều lệ thuộc."
q2_3_4_page_62-0013,"Đầu đời Gia Long, gọi là Nội đồ gia, ở phía tả cửa Hưng Khánh trong thành Tử cấm."
q2_3_4_page_63-0001,"Năm Minh Mệnh thứ 1 đổi tên hiện nay, năm thứ 18 dời đến phía nam vườn Cơ Hạ."
q2_3_4_page_63-0002,PHỦ TÔN NHÂN
q2_3_4_page_63-0003,"Ở địa phận phường Trung Thuận trong Kinh thành, dựng từ năm Minh Mệnh thứ 13."
q2_3_4_page_63-0004,"Phủ có Tôn nhân lệnh, Tả Hữu Tôn chính, Tả Hữu Tôn nhân, Tả Hữu Tôn khanh, thuộc viên có Tả Hữu Tá lý, Lang trung, Viên ngoại lang, Chủ sự, Tư vụ và Thừa biện ty."
q2_3_4_page_63-0005,Ở địa phận phường Phú Văn trong Kinh thành.
q2_3_4_page_63-0006,"Quan chức có Chánh phó Tổng đài, không đặt quan nhất định, 4 viên Toản-tu, 8 viên Biên tu, 4 viên Khảo hiệu, 6 viên Đằng lục, 6 viên Thu chưởng, được dựng từ năm Minh Mệnh thứ 6."
q2_3_4_page_63-0007,"Năm Thiệu Trị thứ 2, dựng thêm ở dãy nhà tả hữu, ngăn bằng tường gạch, để làm chỗ cho các viên tu thư tại quán."
q2_3_4_page_63-0008,"Năm Tự Đức thứ 2, lại dựng nhà để ván in ở phía sau quán."
q2_3_4_page_63-0009,"Phía hữu trước sân quán có giếng nước rất trong ngọt, tương truyền là giếng cổ của xã Diễn Phái."
q2_3_4_page_63-0010,BỘ LẠI
q2_3_4_page_63-0011,Ở địa phận phường Nhân Hậu trong Kinh thành.
q2_3_4_page_63-0012,"Quan chế đặt một Thượng thư, 2 Tả Hữu Tham tri, 2 Tả Hữu Thi lang; thuộc viên có Lang trung, Viên ngoại lang, Chủ sự, Tư vụ và Thơ lại thuộc ty."
q2_3_4_page_63-0013,"Kính xét: đầu niên hiệu Gia Long, lục bộ đều đặt 1 Thượng thư, 1 Tham tri, 4 Thiêm sự, 2 Câu kê và Cai hợp, Thủ hợp, Lệnh sứ ty, lại đặt thêm chức Tham bồi, Triều ban ở dưới Tham tri, nhưng không phải là quan nhất định."
q2_3_4_page_63-0014,"Năm Minh Mệnh thứ 2, định đặt thêm viên dịch lục bộ, mỗi bộ đặt 4 Lang trung, 4 Chủ sự, 4 Tư vụ, 8 bát phẩm Thơ lại 8 cựu phẩm Thơ lại; vị nhập lưu thơ lạit thì bộ Lại và bộ Binh, mỗi bộ 70 người, bộ Hộ 100 người, bộ Lễ và bộ Công, mỗi bộ 50 người, bộ Hình 60 người."
q2_3_4_page_63-0015,"Lấy các quan đứng đầu Lục bộ, Đô sát viện, Đại lý tự và Thông chính sứ ty làm cửu khanh."
q2_3_4_page_63-0016,Năm thứ 7 đặt thêm mỗi bộ một Tả Thị lang và một Hữu Thị lang.
q2_3_4_page_63-0017,Năm thứ 8 lại đối Thiêm sự làm Lang trung và Cau kê làm Viên ngoại lang.
q2_3_4_page_63-0018,"Năm Thiệu Trị thứ 4, đặt 5 ty là ty Lại An, ty Văn Tuyển, ty Trừng Tự, ty Kê Huân, ty Phong Điển."
q2_3_4_page_63-0019,Năm Tự Đức thứ 3 bỏ 2 ty Lại Ấn và Kê Huân.
q2_3_4_page_63-0020,Đầu đời Gia Long dựng nhà công 6 bộ công ở địa phận 2 phường Liêm Năng và Thận Cần trong Kinh thành.
q2_3_4_page_63-0021,"Năm Minh Mệnh thứ 8 dời đến chỗ hiện nay, qui chế a Vị nhập lưu thơ lai tức là những người giữ việc biên chép công văn giấy tờ, chưa được vào chính ngạch."
q2_3_4_page_64-0001,"Tả Hữu Thi lang; thuộc viên có Lang trung, Viên ngoại lang, Chủ sự, Tư vụ và Thơ lại thuộc ty."
q2_3_4_page_64-0002,"Kính xét: đầu niên hiệu Gia Long, lục bộ đều đặt 1 Thượng thư, 1 Tham tri, 4 Thiêm sự, 2 Câu kê và Cai hợp, Thủ hợp, Lệnh sứ ty, lại đặt thêm chức Tham bồi, Triều ban ở dưới Tham tri, nhưng không phải là quan nhất định."
q2_3_4_page_64-0003,"Năm Minh Mệnh thứ 2, định đặt thêm viên dịch lục bộ, mỗi bộ đặt 4 Lang trung, 4 Chủ sự, 4 Tư vụ, 8 bát phẩm Thơ lại 8 cựu phẩm Thơ lại; vị nhập lưu thơ lạit thì bộ Lại và bộ Binh, mỗi bộ 70 người, bộ Hộ 100 người, bộ Lễ và bộ Công, mỗi bộ 50 người, bộ Hình 60 người."
q2_3_4_page_64-0004,"Lấy các quan đứng đầu Lục bộ, Đô sát viện, Đại lý tự và Thông chính sứ ty làm cửu khanh."
q2_3_4_page_64-0005,Năm thứ 7 đặt thêm mỗi bộ một Tả Thị lang và một Hữu Thị lang.
q2_3_4_page_64-0006,Năm thứ 8 lại đối Thiêm sự làm Lang trung và Cau kê làm Viên ngoại lang.
q2_3_4_page_64-0007,"Năm Thiệu Trị thứ 4, đặt 5 ty là ty Lại An, ty Văn Tuyển, ty Trừng Tự, ty Kê Huân, ty Phong Điển."
q2_3_4_page_64-0008,Năm Tự Đức thứ 3 bỏ 2 ty Lại Ấn và Kê Huân.
q2_3_4_page_64-0009,Đầu đời Gia Long dựng nhà công 6 bộ công ở địa phận 2 phường Liêm Năng và Thận Cần trong Kinh thành.
q2_3_4_page_64_65-0001,"Năm Minh Mệnh thứ 8 dời đến chỗ hiện nay, qui chế a Vị nhập lưu thơ lai tức là những người giữ việc biên chép công văn giấy tờ, chưa được vào chính ngạch, rộng hơn, một nhà Thượng thư, 2 nhà Tả Hữu Tham tri, 2 nhà Tả Hữu Thị lang, mỗi bộ có 6 buồng của các viên chức làm việc, xung quanh xây tường gạch, có hai cửa trước và sau."
q2_3_4_page_65-0001,BỘ HỘ
q2_3_4_page_65-0002,"Ở phía đông nha bộ Lại, qui chế như bộ Lai."
q2_3_4_page_65-0003,"Năm Thiệu Trị thứ 4 đặt 7 ty và ty Hộ Ấn, ty Kinh Trực, ty Lưỡng Kỳ, ty Nam Kỳ, ty Thưởng Lộc, ty Thuế Hạng."
q2_3_4_page_65-0004,"Năm Tự Đức thứ 3 bỏ 2 ty Hộ Ấn và Lưỡng Kỳ; năm thứ 6 lại đem ty Tào Chính lệ thuộc vào bộ, bộ còn thống lãnh Vũ Khố, Nội Vụ và Kinh Thương."
q2_3_4_page_65-0005,BỘ LỄ
q2_3_4_page_65-0006,"Ở phía đông nhà bộ Hộ, quy chế như bộ Lai."
q2_3_4_page_65-0007,"Năm Thiệu Trị thứ 4 đặt 5 ty là ty Lễ Ấn, ty Yên Tự, ty Tân Hưng, ty Thù Ứng, ty Nghi Văn."
q2_3_4_page_65-0008,Năm Tự Đức thứ 3 bỏ ty Lễ Ấn; năm thứ 6 lại đem 2 ty Thái Thường và Quang Lộc lệ thuộc vào bộ.
q2_3_4_page_65-0009,Bộ này còn thống lãnh cả văn miếu tự thưa nữa.
q2_3_4_page_65-0010,BỘ BINH
q2_3_4_page_65-0011,"Ở địa phận phường Tích Thiện về phía đông nhà bộ Lễ, qui chế cũng như bộ Lại."
q2_3_4_page_65-0012,"Năm Thiệu Trị thứ 4 đặt 7 ty là ty Binh Ấn, ty Kinh Kỳ, ty Trực Tỉnh, ty Vũ Tuyển, ty Khảo Công, ty Kiểm Duyệt và ty Hỏa Pháo."
q2_3_4_page_65-0013,Năm Tự Đức thứ 3 bỏ 2 ty Binh Ấn và Kiểm Duyệt đem Thái Bộc tự và Bưu Chính lệ vào.
q2_3_4_page_66-0001,BỘ HÌNH
q2_3_4_page_66-0002,"Ở phía đông nhà bộ Binh, qui chế cũng như bộ Lại."
q2_3_4_page_66-0003,"Năm Thiệu Trị thứ 4 đặt 5 ty là ty Hình Ấn, ty Kinh Chương, ty Trực Kỳ, ty Nam Hiến và ty Bắc Hiến."
q2_3_4_page_66-0004,"Năm Tự Đức thứ 3, bỏ ty Hình Ấn, hợp hai ty Kinh Chương và Trực Kỳ làm ty Kinh Trực."
q2_3_4_page_66-0005,Bộ này cùng Đô sát viện và Đại lý tự đểu liệt làm Tam pháp.
q2_3_4_page_66-0006,"Năm Minh Mệnh thứ 13, dựng Công Chính đường ở phía đài Nam Xương trong Kinh thành, hướng về phía bắc; ty Tam Pháp mỗi tháng họp 3 kỳ thu nhận đơn kêu kiện, phía trước đặt trống đăng văn để nhận dân bay tỏ oan tình."
q2_3_4_page_66-0007,BỘ CÔNG
q2_3_4_page_66-0008,"Ở phía đông nhà bộ Hình, qui chế cũng như bộ Lại."
q2_3_4_page_66-0009,"Năm Thiệu Trị thứ 4, đặt 5 ty là ty Công Ấn, ty Quy Chế, ty Dinh Kiến, ty Tu Tạo và ty] Khám Biện."
q2_3_4_page_66-0010,"Năm Tự Đức thứ 3, bỏ hai ty Công Ấn và Khám Biện."
q2_3_4_page_66-0011,"Năm thứ 6 lại đem ty Tài Mộc lệ vào; các ty Tiết Thận thuộc Nội vụ, ty Chế Tạo và ty Dinh Thiện thuộc Vũ Khố đều do bộ này thống lãnh."
q2_3_4_page_66-0012,VIỆN ĐÔ SÁT
q2_3_4_page_66-0013,"Ở địa phận phường Bảo Hòa về phía tây Kinh thành, dựng từ năm Minh Mệnh thứ 14."
q2_3_4_page_66-0014,"Quan có một viên Tả Phó Đô ngự sử (hoặc lấy Tham tri trong Lục bộ kiêm lãnh), 6 viên Chưởng ấn sáu khoa, 1 viên Chưởng ấn dao Kinh kỳ, 12 viên Giám sát ngự sử các đạo (Nam Trực, Bắc Trực, Tả Kỳ, Hữu Kỳ Định Biên, Long Tường, An Hà, Hà Ninh, Ninh Thái Sơn Hưng Tuyên, Hải An, Lạng Bình)."
q2_3_4_page_66-0015,"Các thuộc viên lục sự, bất cửu phẩm thơ lại và vị nhập lưu thơ lại lệ thuộc vào."
q2_3_4_page_66-0016,"Kính xét: quan chế đầu đời Gia Long có Đô sát viện, Tả Hữu Đô ngự sử, trật chánh nhị phẩm và Tả Hữu Phó Đô ngự sử, trật tùng tam phẩm nhưng chưa đặt người."
q2_3_4_page_66-0017,"Năm Minh Mệnh thứ 13 mới đặt viện, viện đặt 2 chức Tả Hữu Đô ngự sử, xem như Thượng thư lục bộ, hai chức Tả Hữu Phó Đô ngự sử, xem như Tham tri lục bộ, nhưng chưa bổ Tả Đô ngự sử, chỉ bổ một Tả Phó Đô ngự sử, mà lại thường lấy quan khác kiêm lãnh."
q2_3_4_page_66-0018,Còn các chức Hữu Đô ngự sử và Hữu Phó Đô ngự sử thì dùng làm kiêm hàm cho các viên Tổng đốc và Tuần phủ.
q2_3_4_page_66-0019,"Thuộc viên trong viện thì đặt cấp sự trung sáu khoa mỗi khoa một người, 16 Giám sát ngự sử các đạo trật chánh ngũ phẩm, một Lục sự, trật chánh thất phẩm, 4 bát cửu phẩm Thơ lại và 20 vị nhập lưu Thơ lại."
q2_3_4_page_66-0020,"Năm thứ 16, đặt thêm 2 viên Giám sát ngự sử đạo Kinh kỳ, lại đặt thêm 6 viên Chưởng ấn sáu khoa, trật tùng tứ phẩm."
q2_3_4_page_66-0021,"Năm Thiệu Trị thứ 4, lại đặt thêm 1 viên Chưởng ấn đạo Kinh kỳ và 2 viên Ngự sử đạo Kinh kỳ."
q2_3_4_page_66_67-0001,"Năm Tự Đức thứ 3, bỏ, viên Chưởng ấn dao Kinh kỳ, 12 viên Giám sát ngự sử các đạo (Nam Trực, Bắc Trực, Tả Kỳ, Hữu Kỳ Định Biên, Long Tường, An Hà, Hà Ninh, Ninh Thái Sơn Hưng Tuyên, Hải An, Lạng Bình)."
q2_3_4_page_67-0001,"Các thuộc viên lục sự, bất cửu phẩm thơ lại và vị nhập lưu thơ lại lệ thuộc vào."
q2_3_4_page_67-0002,"Kính xét: quan chế đầu đời Gia Long có Đô sát viện, Tả Hữu Đô ngự sử, trật chánh nhị phẩm và Tả Hữu Phó Đô ngự sử, trật tùng tam phẩm nhưng chưa đặt người."
q2_3_4_page_67-0003,"Năm Minh Mệnh thứ 13 mới đặt viện, viện đặt 2 chức Tả Hữu Đô ngự sử, xem như Thượng thư lục bộ, hai chức Tả Hữu Phó Đô ngự sử, xem như Tham tri lục bộ, nhưng chưa bổ Tả Đô ngự sử, chỉ bổ một Tả Phó Đô ngự sử, mà lại thường lấy quan khác kiêm lãnh."
q2_3_4_page_67-0004,Còn các chức Hữu Đô ngự sử và Hữu Phó Đô ngự sử thì dùng làm kiêm hàm cho các viên Tổng đốc và Tuần phủ.
q2_3_4_page_67-0005,"Thuộc viên trong viện thì đặt cấp sự trung sáu khoa mỗi khoa một người, 16 Giám sát ngự sử các đạo trật chánh ngũ phẩm, một Lục sự, trật chánh thất phẩm, 4 bát cửu phẩm Thơ lại và 20 vị nhập lưu Thơ lại."
q2_3_4_page_67-0006,"Năm thứ 16, đặt thêm 2 viên Giám sát ngự sử đạo Kinh kỳ, lại đặt thêm 6 viên Chưởng ấn sáu khoa, trật tùng tứ phẩm."
q2_3_4_page_67-0007,"Năm Thiệu Trị thứ 4, lại đặt thêm 1 viên Chưởng ấn đạo Kinh kỳ và 2 viên Ngự sử đạo Kinh kỳ."
q2_3_4_page_67_68-0001,"Năm Tự Đức thứ 3, bỏ, cấp sự trung sáu khoa và Ngự sử đạo Kinh kỳ, định lại số Ngự sử các đạo là 12 người."
q2_3_4_page_68-0001,VIỆN HÀN LÂM
q2_3_4_page_68-0002,"Ở phía tây Quốc-sử-quán, dựng từ năm Minh Mệnh thứ 11."
q2_3_4_page_68-0003,"Lệ đặt Chưởng viện học sĩ, Trực học sĩ, Thị độc học sĩ, Thị giảng học sĩ, Thị độc, Thừa chỉ, Thị giảng, Trước tác, Tu soạn, Biên tu, Kiểm thảo, Điển tịch, Điển bạ, Cung phụng, Đãi chiếu và Bút thiếp."
q2_3_4_page_68-0004,"Phầm những người làm việc ở Nội các, Sử quán, viện Tập Hiền đều lấy người có hàm Hàn Lâm viện mà bổ."
q2_3_4_page_68-0005,"Đứng đầu viện thì đặc biệt kén một viên đường quan lục bộ kiêm quản, không có viên nhất định."
q2_3_4_page_68-0006,TY THÔNG CHÍNH SỨ
q2_3_4_page_68-0007,Ở phía đông Quốc-sử-quán. Trước là công sảnh của Thương Bạc.
q2_3_4_page_68-0008,"Năm Minh Mệnh thứ 13, Thương Bạc đổi về bộ Hộ, đem công sảnh cho Đại lý tự làm chỗ làm việc."
q2_3_4_page_68-0009,"Năm Thiệu Trị thứ 5, dời Đại lý tự đến chỗ khác, lấy công sảnh này làm ty Thông Chính."
q2_3_4_page_68-0010,"Lệ đặt các viên Thông chính sứ và Thông chính Phó sứ trông coi, thuộc viên có Viên ngoại lang, Chủ sự, Tư vụ và Thơ lại thuộc ty."
q2_3_4_page_68-0011,"Kính xét: đầu đời Gia Long, phầm biểu chương bên ngoài đệ vào Kinh đều do ty Bưu chính thuộc bộ Binh chiếu mục mà chuyển giao các nha."
q2_3_4_page_68-0012,"Năm Minh Mệnh thứ 15 mới đặt chuyện ty, dùng một viên ấn quan trong lục bộ kiêm lãnh."
q2_3_4_page_69-0001,TY ĐẠI LÝ
q2_3_4_page_69-0002,Ở địa phận phường Quy Hậu về phía tây viện Đô sát.
q2_3_4_page_69-0003,"Lệ đặt Tự khanh và Thiếu khanh trông coi thuộc viên có Viên ngoại lang, Chủ sự, Tư vụ và Thơ lại thuộc ty."
q2_3_4_page_69-0004,Viên tự khanh do vua chọn sai không có viên nhất định.
q2_3_4_page_69-0005,PHỦ THIÊM SỰ
q2_3_4_page_69-0006,"Chưa đặt nha môn, chỉ dùng quan hàm của phi để sung các nha khác."
q2_3_4_page_69-0007,TỰ THÁI THƯỜNG
q2_3_4_page_69-0008,"Ở phía hữu Hàn Lâm viện và phía tây Quốc-sử-quán, dựng từ năm Minh Mệnh thứ 11."
q2_3_4_page_69-0009,"Lệ đặt Tự khanh và Thiếu khanh, thuộc viên có Viên ngoại lang, Chủ sự, Tư vụ và Thơ lại thuộc ty, giữ việc chúc văn, chế bạch và hội phái các quan tế lễ."
q2_3_4_page_69-0010,Kính xét: từ năm Minh Mệnh thứ 10 về trước tự Thái Thường do bộ Hình kiêm quản.
q2_3_4_page_69-0011,"Đầu đời Thiệu Trị mới đặt chuyện nha, dùng một viên ấn quan lục bộ kiêm lãnh."
q2_3_4_page_69-0012,"Năm Tự Đức thứ 6, đổi thuộc bộ Lễ gọi là tự Thái Thường Ty, đặt phường dệt lụa để cung vào việc tế lễ."
q2_3_4_page_70-0001,TỰ QUANG LỘC
q2_3_4_page_70-0002,"Cùng một công sảnh với tự Thái Thường, phía tả là tự Thái Thường, phía hữu là tự Quang Lộc."
q2_3_4_page_70-0003,"Lệ đặt Tự khanh, Thiếu khanh và thuộc ty cũng như tự Thái Thường nhưng tự khanh không đặt viên nhất định, chỉ lấy một viên ấn quan trong lục bộ kiêm lãnh, ty Lý Thiện lệ vào."
q2_3_4_page_70-0004,"Năm Tự Đức thứ 6 đổi lệ vào bộ Lễ gọi là tự Quang Lộc Ty, đặt lò cất rượu để cung vào việc tế tự."
q2_3_4_page_70-0005,TỰ THÁI BỘ
q2_3_4_page_70-0006,"Chưa đặt nha môn, chi lấy hàm của tự sung các nha khác."
q2_3_4_page_70-0007,TỰ HỒNG LÔ
q2_3_4_page_70-0008,"Chưa đặt nha môn, chỉ lấy hàm của tự sung các nha khác."
q2_3_4_page_70-0009,TY TÀO CHÍNH
q2_3_4_page_70-0010,"Ở phía đông Quốc-sử-quán, dựng từ năm Minh Mệnh thứ 2."
q2_3_4_page_70-0011,"Lệ đặt một Chánh sứ, một Phó sứ; thuộc viên có Chủ sự, Tư vụ và Thơ lại thuộc ty."
q2_3_4_page_70-0012,Hằng năm cử một người đình thần văn hay võ kiêm quản.
q2_3_4_page_70-0013,"Năm Tự Đức thứ 6, đổi lệ bộ Hộ gọi là ty Tào chính."
q2_3_4_page_70-0014,VŨ KHỐ
q2_3_4_page_70-0015,Ở địa phận phường Liêm Năng về phía tây.
q2_3_4_page_70-0016,"Kinh thành. Phía trước có một công trường và một sở Chi thu, phía sau có 10 kho."
q2_3_4_page_70-0017,"Lệ đặt một viên Thị lang trong coi, thuộc viên có Lang trung, Viên ngoại lang, Chủ sự, Tư vụ và Thơ lại thuộc ty."
q2_3_4_page_70-0018,"Trước gọi là Ngoại đồ gia, năm Minh Mệnh thứ 1 đổi tên hiện nay."
q2_3_4_page_70-0019,"Phía bắc là sở Vũ Khố đốc công, quan chức có viên giám đốc, từ Viên ngoại lang trở xuống thì do bộ Công thống lãnh."
q2_3_4_page_71-0001,THƯƠNG TRƯỜNG
q2_3_4_page_71-0002,"Ở phía nam Ngự Hà trong Kinh thành, có một công trường, một sở Chi thu, 2 kho Quảng Tích, 9 kho Quảng Thịnh, 3 kho Quảng Phong để chứa thóc gạo, 1 kho Vĩnh Phú, 1 kho Vĩnh Thành để chứa tiền."
q2_3_4_page_71-0003,"Lệ đặt viên Thị lang Thương Trường trông coi, thuộc viên cũng như Vũ Khố."
q2_3_4_page_71-0004,"Kính xét: đầu đời Gia Long đặc chức Cai đội sung chức Đề lãnh, quản lãnh các đội Phú Thuận."
q2_3_4_page_71-0005,"Năm Minh Mệnh thứ 8, mới đặt Kinh Thượng Giám đốc và Phó Giám đốc, mỗi chức một viên, sau đổi định tên quan hiện nay và bỏ chức Giám đốc."
q2_3_4_page_71-0006,"Kho chứa tiền thì trước ở phía hữu trong Kinh thành gọi là kho Nội tạng, lệ đặt tên một viên Giám đốc trông coi."
q2_3_4_page_71-0007,"Năm Minh Mệnh thứ 14, dựng kho chứa tiền ở phía trong tường Kinh thượng giao cho viên Thị lang Thượng Trường quản lãnh."
q2_3_4_page_72-0001,KHO THUỐC NỔ VÀ DIÊM TIÊU
q2_3_4_page_72-0002,Ở phía nam Tàng thư lâu thuộc địa phận phường Phong Doanh trong Kinh thành.
q2_3_4_page_72-0003,"Lệ đặt một viên Lang trung trông coi, thuộc viên có từ Chủ sự đến Thơ lại."
q2_3_4_page_72-0004,"Kho thuộc về bộ Binh, dựng từ năm Minh Mệnh thứ 19, chặn một nửa hồ Học Hải để dựng kho, chung quanh có hồ, gọi là hồ Ký Tế."
q2_3_4_page_72-0005,MỘC THƯỚNG
q2_3_4_page_72-0006,"Ở phía hữu cửa Quảng Đức ngoài Kinh thành, trước ở phía tả ngoài quách đông nam cửa Kinh thành, năm Minh Mệnh thứ 10 dời đến chỗ hiện nay."
q2_3_4_page_72-0007,"Năm thứ 18, định lệ đặt riêng các chức Giám lâm Mộc Thương, Lang trung, Viên ngoại lang mỗi chức 1 viên, thuộc viên thì có Chủ sự và Tư vụ Thanh Thận ty mỗi chức 1 viên, 2 bát phẩm thơ lại."
q2_3_4_page_72-0008,"Lại đặt Mộc Thương đốc công và ty Dinh Thiện, vẫn thống thuộc vào bộ Công."
q2_3_4_page_72-0009,"Đốc công có Giám đốc và Phó Giám đốc; ty Dinh Thiện có một Viên ngoại lang, 1 Chủ sự, 1 Tư vụ, 2 bát phẩm Thơ lại, 2 cửu phẩm Thơ lại và 15 vị nhập lưu thơ lại."
q2_3_4_page_72-0010,"Năm Tự Đức thứ 6, đổi nha môn Mộc Thương làm ty Tài Mộc thuộc về bộ Công."
q2_3_4_page_72-0011,KHÂM THIÊN GIÁM
q2_3_4_page_72-0012,Ở địa phận phường Nam An trong Kinh thành.
q2_3_4_page_72-0013,"Lệ đặt Quản lý, Phó Quản lý, Giám chánh và Giám phó; chức Quản lý chánh và phó thì do đặc mệnh chọn đại thần cho làm, không có viên nhất định."
q2_3_4_page_72-0014,"Thuộc viên có Ngữ quan chánh, Linh đài lang, Cẩn khác ty, bát cửu phẩm Thơ lại và vị nhập lưu Thơ lại."
q2_3_4_page_73-0001,PHỦ THỪA THIÊN
q2_3_4_page_73-0002,Ở địa phận phường Thừa Thiên trong Kinh thành.
q2_3_4_page_73-0003,"Lệ đặt Kinh thành Đề đốc, Phủ doãn, Phủ thừa, thuộc viên có Tả Hữu Thông phán, Kinh lịch và Thơ lại thuộc phủ."
q2_3_4_page_73-0004,"Kính xét: đầu đời Gia Long, gọi là dinh Quảng Đức, đặt các chức Lưu thủ, Cai bạ và Ký lục."
q2_3_4_page_73-0005,"Năm Minh Mệnh thứ 13, đổi làm phủ Thừa Thiên và đổi định lại tên quan."
q2_3_4_page_73-0006,QUỐC TỬ GIÁM
q2_3_4_page_73-0007,"Ở địa phận xã An Ninh về phía tây ngoài Kinh thành, phía trước là Di Luân đường, phía sau gọi là Giảng đường, phía tả và phía hữu là phòng sinh viên, dựng từ năm Minh Mệnh thứ 2."
q2_3_4_page_73-0008,"Lê đặt 1 Tế tửu, 2 Tư nghiệp, 2 Học chính (sau đổi làm trợ giáo); thuộc viên có Giám thừa, Điển tịch và Điển bạ."
q2_3_4_page_73-0009,"Kính xét: đầu đời Gia Long đặt 1 Đốc học, 2 giáp ất Phó Đốc học, năm Minh Mệnh thứ 1 đổi tên quan hiện nay."
q2_3_4_page_73-0010,"Năm thứ 2, mối dựng Di Luân đường, Giảng đường và các phòng tả hữu tôn sinh đều 3 gian; phòng giám sinh và ấm sinh đều 19 gian."
q2_3_4_page_73_74-0001,"Năm thứ 19, lại bổ 2 viên đại thần văn ban, quản lãnh công việc đỡi Thiệu Trị, thơ ngự chế của Hiến Tổ Chương Hoàng Đế vịnh 20 cảnh Thần kinh, cảnh này được làm một bài thơ, đầu đề là ""Hùng vũ thư thanh"", khắc vào bia và dựng nhà bia ở phía trước cửa Quốc tử giám."
q2_3_4_page_74-0001,"Năm Tự Đức thứ 3 dựng nhà của học quan ở phía hữu gồm 15 gian, lại dựng thêm phòng của giám sinh và ấm sinh ở phía tả gồm 19 gian."
q2_3_4_page_74-0002,"Năm thứ 7, Kim thượng mới đến xem học, phụng ban sắc thư và thơ ngự chế 14 bài cùng tựa, khắc vào bia và dựng nhà bia ở phía tả cửa Quốc tử giám."
q2_3_4_page_74-0003,TRƯỜNG THI THỪA THIÊN
q2_3_4_page_74-0004,Ở địa phận phường Ninh Bắc trong Kinh thành.
q2_3_4_page_74-0005,"Ở giữa là thí viện, phía trước là nhà Thập đạo, phía sau là viện Đề điệu, lại phía sau nữa là viện giám khảo và các phòng của các quan nội trường và ngoại trường ở hai bên tả hữu."
q2_3_4_page_74-0006,"Chung quanh xây gạch, năm nào gặp khoa thi Hương hoặc Chế khoa đều thi sĩ tử ở đây."
q2_3_4_page_74-0007,"Kính xét: đầu đời Gia Long, trường thi dựng ở địa phận xã Đốc Sơ về phía bắc Kinh thành."
q2_3_4_page_74-0008,"Đầu niên hiệu Minh Mệnh mới dời đến địa phận xã Nguyệt Biều, đều dựng bằng tre lá, xong việc lại dỡ đi."
q2_3_4_page_74-0009,"Hồi đầu niên hiệu Thiệu Trị, dời đến chỗ hiện nay và xây dựng bằng gạch ngói."
q2_3_4_page_75-0001,TỨ DỊCH QUÁN
q2_3_4_page_75-0002,"Ở địa phận phường Tứ Dịch phía bắc Ngự Hà trong Kinh thành, dựng từ năm Minh Mệnh thứ 6."
q2_3_4_page_75-0003,SỞ LÝ THIỆN TY
q2_3_4_page_75-0004,"Ở địa phận phường Tức Vũ trong Kinh thành, ty này nguyên do viên Thiếu khanh Quang lộc tự trông coi."
q2_3_4_page_75-0005,"Năm Tự Đức thứ 4, đổi thuộc vào bộ Lễ, các đội Lý Thiện đều lệ vào."
q2_3_4_page_75-0006,"Trước kia đặt ở địa phận phường Bảo Đức, phía tả sau Hoàng thành, năm Minh Mệnh thứ 21 dời đến chỗ hiện nay."
q2_3_4_page_75-0007,"Lại dựng nhà Tể sinh ở địa phận phường Bảo Hòa phía nam Ngự Hà; địa phận phường Đức Tuy có chợ gọi là chợ Nam Thọ, giữa chợ dựng đình Lạc Hội, địa phận phường Hà Thanh có chợ Bắc Trường, địa phận phường Đông Phúc có chợ Đông Phúc."
q2_3_4_page_75-0008,CÔNG SẢNH CÁC QUÂN DINH
q2_3_4_page_75-0009,"Ở trong Kinh thành. Công thự của Trung quân, Tiền quân, Hậu quân ở địa phận phường Gia Hội, của Tả quân, Hữu quân ở địa phận phường Địch Cần."
q2_3_4_page_75-0010,"Trước đều đặt ở địa phận hai phường Dưỡng Sinh và Đông An, năm Minh Mệnh thứ 8 mới dời đến những chỗ hiện nay."
q2_3_4_page_75-0011,"Chế độ đặt: mỗi phủ đặt 1 Đô thống phủ Đô thống Chưởng phủ sự hoặc Đô thống, lãnh các vệ Ngũ bảo trong kinh và ở xa thì lãnh Ngũ quân ở Bắc Kỳ."
q2_3_4_page_75-0012,Công sảnh của Thống chế Tả dực và Hữu dực dinh Vũ Lâm tai địa phận phường An Lạc.
q2_3_4_page_75-0013,"Công sảnh của Thống chế các dinh Thần Cơ, Hổ Oai, Hùng Nhuệ ở địa phận phường Quả Nghị."
q2_3_4_page_75-0014,"Công sảnh của Thống chế các dinh Tiền Phong, Long Vũ ở địa phận phường Chiêm Hoá."
q2_3_4_page_75-0015,Công sảnh của thống chế dinh Kỳ Vũ ở địa phận phường Thừa Thiên.
q2_3_4_page_75_76-0001,Công sinh của Thủy sư Kinh kỳ ở bờ phía nam sông Hương.
q2_3_4_page_76-0001,BINH XÁ
q2_3_4_page_76-0002,"Binh xá của các đội Loan Giá, Cẩm Y, Kim Ngô, Thần Cơ ở phía tả và phía hữu trong Hoàng thành."
q2_3_4_page_76-0003,"Bình xá của Tả dực, Hữu dực dinh Vũ Lâm và Trung Vệ dinh Thần Cơ ở phía tả phía hữu ngoài Hoàng thành."
q2_3_4_page_76-0004,"Binh xá 4 vệ Tiền, Hậu, Tả, Hữu dinh Thần Cơ ở địa phận phường Nam Cudng trong cửa Chính Nam Kinh thành."
q2_3_4_page_76-0005,Binh xá Kinh Trạm và Phi Ky ở phường Ninh Mật trong cửa Đông Nam.
q2_3_4_page_76-0006,Thự Hòa thanh ở phường Túc Vũ.
q2_3_4_page_76-0007,Binh xá dinh Hổ Oai ở 2 phường Bảo Cư và Phục Lễ trong cửa Tây Nam.
q2_3_4_page_76-0008,Binh xá dinh Hùng Nhuệ ở phường De Nghĩa trong cửa Chính Tây.
q2_3_4_page_76-0009,Binh xá Ngũ Bảo ở phường Định Bắc trong cửa Chính Bắc.
q2_3_4_page_76-0010,Binh xá 4 vệ dinh Kỳ Vũ ở phường Định Bắc về phía hữu trong cửa Trấn Bình.
q2_3_4_page_76-0011,Binh xá vệ Võng Thành ở phường Thừa Thiên.
q2_3_4_page_76-0012,Binh xá 5 vệ dinh Long Vũ ở phường Tứ Dịch trong cửa Đông Bắc.
q2_3_4_page_76-0013,Binh xá 5 vệ Tiền Phong ở phường Đông Phúc trong cửa Chính Đông.
q2_3_4_page_76-0014,"Dãy nhà cung giám và binh xá 2 đội Dực Vũ, Dực Chấn ở phường Bảo Đức trong Kinh thành."
q2_3_4_page_76-0015,Binh xá đội Dực Đề ở phường Vĩnh Yên.
q2_3_4_page_76-0016,Lại binh xá ty Trấn Phủ ở phường Hà Phúc.
q2_3_4_page_76-0017,Dãy nhà Long Thuyền và Ngư Hộ ở phía tả và phía hữu lầu phủ Văn trước Kinh thành.
q2_3_4_page_76-0018,Nhà ngục Thừa Thiên ở địa phận phường Vô Cực.
q2_3_4_page_76-0019,"Kính xét: năm Minh Mệnh thứ 18, định tấn phận của các dinh các về như sau Tấn phận của 5 vệ Tả dực và 5 vệ Hữu dực dinh Vũ Lâm: từ một nửa phần đài Nam Thắng chuyển sang phía tả qua các đài Nam Chính, Nam Hanh, Đông Thái đến đài Đông Trường, thông tính dài 549 trượng."
q2_3_4_page_76-0020,"Trong ấy, từ mặt trong đài Nam Thắng chuyển sang phía tả đến trước sau, tả hữu cung Thanh Hòa và phần đất các phường Hiệu Trung, Ninh Mật, Đoan Hòa, Ngưng Hi, Trung Thuận, Nhân Hậu, Tích Thiên, Dưỡng Sinh, Phú Văn, Thận Cần, Nghĩa Tí, thuộc tấn phận của Tả dực."
q2_3_4_page_76-0021,"Phận đất các phường Huệ Cát, Thuận Cát, Lý Cát, Trinh Cát, Tĩnh Nhất, Yên Tĩnh, Nhuận Đức, Vĩnh Tuy thuộc tấn phận của Hữu dực."
q2_3_4_page_76-0022,"Môn phường thì tầng trên tầng dưới cửa Ngọ Môn có 15 người canh giữ; cửa Hiển Nhân, cửa Chương Đức, cửa Thể Môn, cửa Quảng Đức và cửa Đông Nam, mỗi cửa 10 người canh giữ."
q2_3_4_page_77-0001,Phúc trong cửa Chính Đông.
q2_3_4_page_77-0002,"Dãy nhà cung giám và binh xá 2 đội Dực Vũ, Dực Chấn ở phường Bảo Đức trong Kinh thành."
q2_3_4_page_77-0003,Binh xá đội Dực Đề ở phường Vĩnh Yên.
q2_3_4_page_77-0004,Lại binh xá ty Trấn Phủ ở phường Hà Phúc.
q2_3_4_page_77-0005,Dãy nhà Long Thuyền và Ngư Hộ ở phía tả và phía hữu lầu phủ Văn trước Kinh thành.
q2_3_4_page_77-0006,Nhà ngục Thừa Thiên ở địa phận phường Vô Cực.
q2_3_4_page_77-0007,"Kính xét: năm Minh Mệnh thứ 18, định tấn phận của các dinh các về như sau Tấn phận của 5 vệ Tả dực và 5 vệ Hữu dực dinh Vũ Lâm: từ một nửa phần đài Nam Thắng chuyển sang phía tả qua các đài Nam Chính, Nam Hanh, Đông Thái đến đài Đông Trường, thông tính dài 549 trượng."
q2_3_4_page_77-0008,"Trong ấy, từ mặt trong đài Nam Thắng chuyển sang phía tả đến trước sau, tả hữu cung Thanh Hòa và phần đất các phường Hiệu Trung, Ninh Mật, Đoan Hòa, Ngưng Hi, Trung Thuận, Nhân Hậu, Tích Thiên, Dưỡng Sinh, Phú Văn, Thận Cần, Nghĩa Tí, thuộc tấn phận của Tả dực."
q2_3_4_page_77-0009,"Phận đất các phường Huệ Cát, Thuận Cát, Lý Cát, Trinh Cát, Tĩnh Nhất, Yên Tĩnh, Nhuận Đức, Vĩnh Tuy thuộc tấn phận của Hữu dực."
q2_3_4_page_77-0010,"Môn phường thì tầng trên tầng dưới cửa Ngọ Môn có 15 người canh giữ; cửa Hiển Nhân, cửa Chương Đức, cửa Thể Môn, cửa Quảng Đức và cửa Đông Nam, mỗi cửa 10 người canh giữ."
q2_3_4_page_78-0001,"Tấn phận của 5 Vệ dinh Tiền Phong: từ cửa nách sau đài Đông Trường qua các đài Đông Gia, Đông Phụ đến nửa phần đài Đông Vĩnh, thông tính dài 257 trượng linh, cùng phận đất các phường Đông Phúc, Minh Thiện, Hoá Thành, Vĩnh An, Thuận Bình, Nhân Tiêm."
q2_3_4_page_78-0002,"Môn phường thì cửa Chính Đông có 30 người canh giữ, thủy quan Đông Thành có 20 người canh giữ."
q2_3_4_page_78-0003,"Tấn phận của 5 vệ dinh Long Vũ: từ nửa phần đài Đông Vĩnh chuyển về phía sau qua đài Đông Bình, phía bắc giáp cửa nách bên tả đài Bắc Hòa thông tính dài 269 trượng linh, cùng phận đất các phường Nhân Cơ, Học Hải, Phong Doanh, Nhiêu Dụ Chiêm An, Thường Du, Đa Lộc, Nguyên Thanh, An Thực, Hà Thanh, Ninh Viễn Tứ dịch."
q2_3_4_page_78-0004,Môn phường thì cửa Đông Bắc và cửa Trấn Bình mỗi cửa có 30 người canh giữ.
q2_3_4_page_78-0005,"Tấn phận của 5 vệ dinh Thần Cơ: từ nửa phần đài Nam Thắng chuyển sang phía hữu qua các đài Nam Hưng, Năm Minh giáp cửa nách phía trước đài Tây Trình, thông tính dài 283 trượng linh, cùng phận đất các phường Tích Khánh, Túc Vũ, Vệ Quốc, Nam Trị, Nam An, Nam Minh, Nam Cường, Đại Hữu."
q2_3_4_page_78-0006,Môn phường thì cửa Chính Nam có 20 người canh giữ.
q2_3_4_page_78-0007,"Tấn phận của 5 vệ dinh Hổ Oai: từ đài Tây Trinh chuyển sang phía sau qua đài Tây An đến cửa nách sau đài Tây Dực, thông tính đài 266 trượng linh, lại phía trước, phía sau, phía tả, phía hữu cung Khánh Ninh và phận đất các phường Khánh Mĩ, Tư Trung, Địch Cần, Quả Nghị, Phục Lễ, Yên Mễ, Bảo Hòa, Qui hậu, Bảo Cư, Vụ Bản, Ngưng Tích, Nam Thọ."
q2_3_4_page_78-0008,"Môn phường thì cửa Tây Nam có 30 người canh giữ, thủy quan Tây Thành có 20 người canh giữ."
q2_3_4_page_78-0009,"Tấn phận của 5 vệ dinh Hùng Nhuệ: từ đài Tây Dực chuyển về phía sau, qua các đài Tây Tĩnh, Tây Tuy đến nửa phần đài Tây Thành, thông tính đài 270 trượng linh, cùng phận đất các phường Bảo Ninh, Đại Hanh, Sư Trinh, Cung Vũ, Đôn Hoá, Thuận Tắc, Long Bình, Gia Mĩ, Thừa Đức, Gia Hội, Yên Lạc, Tuân Đạo."
q2_3_4_page_78-0010,"Yên Trạch, Hậu Sinh, Mộc Đức, Xử Nhân, Do Nghĩa, Yên Tây."
q2_3_4_page_78-0011,"Môn phường, thì cửa Chính Tây có 30 người canh giữ."
q2_3_4_page_78-0012,"Tấn phận 10 vệ thuộc Ngũ Bảo: từ nửa phần đài Tây Thành, chuyển sang phía tả, qua các đài Bắc Điện, Bắc Thuận, Bắc Trung, Bắc Thanh đến đài Bắc Bảo, thông tính đài 532 trượng linh, cùng phận đất các phường Linh Ứng, Phú Thứ, Hòa Thái, Ngưỡng Trị, Tây Lộc, Qui Thiện, Tây Ninh, Vô Trụ, Tây Thành, Hàm Thanh, Đại Đồng, Khang Ninh, Tráng Cố, Điềm Tĩnh, Bắc Trường và Bắc Ninh."
q2_3_4_page_78_79-0001,"Môn phường thì cửa Tây Bắc và cửa Chính Bắc mỗi cửa đều 30 người canh giữ, trượng linh, lại phía trước, phía sau, phía tả, phía hữu cung Khánh Ninh và phận đất các phường Khánh Mĩ, Tư Trung, Địch Cần, Quả Nghị, Phục Lễ, Yên Mễ, Bảo Hòa, Qui hậu, Bảo Cư, Vụ Bản, Ngưng Tích, Nam Thọ."
q2_3_4_page_79-0001,"Môn phường thì cửa Tây Nam có 30 người canh giữ, thủy quan Tây Thành có 20 người canh giữ."
q2_3_4_page_79-0002,"Tấn phận của 5 vệ dinh Hùng Nhuệ: từ đài Tây Dực chuyển về phía sau, qua các đài Tây Tĩnh, Tây Tuy đến nửa phần đài Tây Thành, thông tính đài 270 trượng linh, cùng phận đất các phường Bảo Ninh, Đại Hanh, Sư Trinh, Cung Vũ, Đôn Hoá, Thuận Tắc, Long Bình, Gia Mĩ, Thừa Đức, Gia Hội, Yên Lạc, Tuân Đạo."
q2_3_4_page_79-0003,"Yên Trạch, Hậu Sinh, Mộc Đức, Xử Nhân, Do Nghĩa, Yên Tây."
q2_3_4_page_79-0004,"Môn phường, thì cửa Chính Tây có 30 người canh giữ."
q2_3_4_page_79-0005,"Tấn phận 10 vệ thuộc Ngũ Bảo: từ nửa phần đài Tây Thành, chuyển sang phía tả, qua các đài Bắc Điện, Bắc Thuận, Bắc Trung, Bắc Thanh đến đài Bắc Bảo, thông tính đài 532 trượng linh, cùng phận đất các phường Linh Ứng, Phú Thứ, Hòa Thái, Ngưỡng Trị, Tây Lộc, Qui Thiện, Tây Ninh, Vô Trụ, Tây Thành, Hàm Thanh, Đại Đồng, Khang Ninh, Tráng Cố, Điềm Tĩnh, Bắc Trường và Bắc Ninh."
q2_3_4_page_79-0006,Môn phường thì cửa Tây Bắc và cửa Chính Bắc mỗi cửa đều 30 người canh giữ.
q2_3_4_page_80-0001,"Tấn phận 5 vệ dinh Kỳ Vũ: từ đài Trấn Bình ngoài cửa Trấn Bình, thông tính chu vi dài 240 trượng linh, cùng phần đất các phường Thừa Thiên, Tuyên Hoá, Định Bắc, Yên Bắc."
q2_3_4_page_80-0002,Môn phường thì cửa Trường Định có 10 người canh giữ.
q2_3_4_page_80-0003,"Như gặp lúc xa giá nhà vua đi tuần du ngoài trăm dặm, thì chiếu số người canh giữ lên gấp đôi, và bày khí giới để nghiêm lệnh cấm cửa."
q2_3_4_page_80-0004,"Kính xét: năm Minh Mệnh thứ 17 đúc chín đỉnh lấy tượng hình tượng cờ khắc vào Anh đỉnh, hình tượng giáo dài khắc vào Nghị đỉnh, hình tượng bài đao khắc vào Thuần đỉnh, hình tượng nỏ khắc vào Tuyên đỉnh, hình tượng phác đao khắc vào Dụ đỉnh, hình tượng xe lửa và ống phun lửa khắc vào Huyền đỉnh."
q2_3_4_page_80-0005,VIÊN THƯƠNG TỨ
q2_3_4_page_80-0006,"Sở Ngự mã ở phía tả và phía hữu trong Hoàng thành và phía hữu Hậu bổ, tàu ngựa ở phường Ninh Mật trong cửa Đông Nam Kinh thành."
q2_3_4_page_80-0007,Đời Minh Mệnh đặt chức Thượng Tứ Viện sứ để trông coi 2 vệ Khinh ký và Phi ký lệ theo.
q2_3_4_page_80-0008,XƯỞNG VOI
q2_3_4_page_80-0009,"Sở Ngự tượng ở phía nam sở Ngự mã, về phía tả và phía hữu Hoàng thành."
q2_3_4_page_80_81-0001,Xưởng Kinh tượng ở hai phường Đông Thái và Năm Minh trong Kinh thành lại ở 2 xã Phú Xuân và Dương Xuân ngoài Kinh thành.
q2_3_4_page_81-0001,"Ba vệ Kinh tượng đều đặt các chức Vệ uý và Phó Vệ uý chia nhau cai quản, do viên Chưởng vệ quản lãnh."
q2_3_4_page_81-0002,XƯỞNG SÚNG
q2_3_4_page_81-0003,"Xưởng Tả Đại tướng quân ở ngoài hồ Kim Thủy về phía tả trước cửa Ngọ Môn, thứ đến xưởng Tả tướng quân; xưởng Hữu đại tướng quân ở phía hữu trước Ngọ Môn, thứ đến xưởng Hữu tướng quân đều dựng từ năm Minh Mệnh thứ 14."
q2_3_4_page_81-0004,"Lại xưởng súng ở ven thành, có một xưởng ở đài Đông Thái, một xưởng ở đài Nam Chính, một xưởng ở đài Nam Minh, một xưởng ở đài Tây Thành, một xưởng ở đài Định Bắc, một xưởng ở đài Bắc Trung, dựng từ năm Minh Mệnh thứ 6."
q2_3_4_page_81-0005,"Các ty Hộ Vệ, Cảnh Tất và các vệ dinh Thần Cơ do viên Thống chế dinh Thần Cơ trông coi."
q2_3_4_page_81-0006,"Kính xét: năm Minh Mệnh thứ 17, đúc chín đỉnh lấy hình tượng đại bác khắc vào Cao đỉnh, hình tượng súng bánh xe khắc vào Nhân đỉnh, hình tượng súng chim khắc vào Chương đỉnh."
q2_3_4_page_81-0007,XƯỞNG THUYỀN
q2_3_4_page_81-0008,Gồm 255 sở ở bờ phía nam sông Hương ngoài Kinh thành.
q2_3_4_page_82-0001,"' Kính xét: niên hạn tu bổ thuyền ghe: năm Minh Mệnh thứ 8, định 3 năm một lần tiểu tu, 6 năm một lần đại tu."
q2_3_4_page_82-0002,"Năm thứ 13 định lại, 6 năm một lần tiểu tu, lại 6 năm nữa một lần đại tu."
q2_3_4_page_82-0003,"Kính xét: năm Minh Mệnh thứ 17 đúc chín đỉnh Cao đỉnh khắc hình tượng thuyền Đa sách (nhiều dây), Nhân đỉnh khắc hình tượng lâu thuyền (thuyền lâu), Chương đỉnh khắc hình tượng thuyền Mông Xung, Nghị đỉnh khắc hình tượng thuyền Hải Đạo Thuần đỉnh khắc hình tượng thuyền dinh (xuống) Tuyên đỉnh khắc hình tượng thuyền lê, Dụ đỉnh khắc ình tượng thuyền ô."
q2_3_4_page_82-0004,ĐỀN MIẾU
q2_3_4_page_82-0005,MIẾU ĐÔ THÀNH HOÀNG
q2_3_4_page_82-0006,"Ở phường Vệ Quốc về góc Tây Nam trong Kinh thành dựng từ đầu đời Gia Long, thờ thần Đô thành hoàng."
q2_3_4_page_82-0007,"Trước kia đem các vị Thành hoàng các tỉnh từ Nghệ An về bắc và từ Quảng Bình về nam thờ phụ ở đây, sau bỏ."
q2_3_4_page_82-0008,"Hằng năm, cứ ngày canh sau ngày tế Xã tắc trong mùa xuân, mùa thu thì sai quan đến tế; lại đền thờ thần hồ Tĩnh Tâm ở phía bắc hồ Tĩnh Tâm trong Kinh thành, dựng từ năm Minh Mệnh thứ 19, hằng năm tế vào ngày tốt mùa xuân, mùa thu."
q2_3_4_page_83-0001,MIẾU QUỐC VƯƠNG CHIÊM THÀNH
q2_3_4_page_83-0002,"Ở xã Nguyệt Biều huyện Hướng Thủy, thờ vua Chiêm Thành."
q2_3_4_page_83-0003,"Ở xã Nguyệt Biều, xưa có một đoạn thành đất, tương truyền là nền thành cũ của Chiêm Thành."
q2_3_4_page_83-0004,Năm Minh Mệnh thứ 14 dựng miếu để thờ hằng năm tế vào hai tháng trọng xuân và trọng thu.
q2_3_4_page_83-0005,MIẾU NAM HẢI LONG VƯƠNG
q2_3_4_page_83-0006,"Ở phía tả cửa biển Thuận An xã Thái Dương huyện Hương Trà, thờ thần Nam Hải Long Vương."
q2_3_4_page_83-0007,Trước kia miếu ở xã Dương Xuân huyện Hương Thủy.
q2_3_4_page_83-0008,"Đầu niên hiệu Gia Long, hằng năm tế vào 4 tháng trọng."
q2_3_4_page_83-0009,"Năm thứ 12 đổi dựng ở chỗ hiện nay, gọi là đền thần cửa biển Thuận An, năm Minh Mệnh thứ 3 đổi tên hiện nay."
q2_3_4_page_83-0010,"Chính giữa thờ thần vị Nam Hải Long Vương, phía tả thờ thần vị thần cửa biển Thuận An và thần vị thần cửa biển Tư Hiền; phía hữu thờ thần vị Hà Bá."
q2_3_4_page_83-0011,Hằng năm tế vào ngày quý sau ngày tế Xã Tắc về hai tháng trọng xuân và trọng thu.
q2_3_4_page_83-0012,"Thánh Tổ Nhân Hoàng Đế nhận thấy rằng cầu đảo thường được ứng nghiệm, nên: ngự chế bài ""Linh dị ký"" khắc vào bia và lập nhà bia ở phía tả cửa miếu."
q2_3_4_page_83-0013,ĐỀN THẦN NÚI KHẢI VÂN
q2_3_4_page_83-0014,"Ở xã La Khê huyện Hương Thủy, dựng từ năm Minh Mệnh thứ 2, hằng năm tế về mùa xuân và mùa thu, cùng ngày với đền núi Thiên Thọ."
q2_3_4_page_84-0001,ĐỀN THẦN NÚI HƯNG NGHIỆP
q2_3_4_page_84-0002,"Ở xã Cư Chính huyện Hương Trà, dựng từ năm Minh Mệnh thứ 2."
q2_3_4_page_84-0003,"Hằng năm tế vào mùa xuân, mùa thu cùng ngày với đền núi Thiên Thọ; lại ở phía tả là đền An Ninh bá thờ Nguyễn Ngọc Huyên, hằng năm 4 lần tế, dựng từ năm Minh Mệnh thứ 11."
q2_3_4_page_84-0004,ĐỀN THẦN NÚI THIÊN THỤ
q2_3_4_page_84-0005,"Ở xã Định Môn huyện Hươn g Trà, dựng từ năm Gia Long thứ 14."
q2_3_4_page_84-0006,"Hằng năm tế vào tháng trọng xuân và trọng thu, một ngày sau tế Đô thành hoàng."
q2_3_4_page_84-0007,"""ĐỀN THẦN NÚI HIẾU SƠN"
q2_3_4_page_84-0008,"""đất ấp Yên Bằng huyện Hương Trà, dựng từ năm Thiệu Trị thứ 1, hằng năm tế vào mùa xuân, mùa thu cùng ngày với đền núi Thiên Thọ."
q2_3_4_page_84-0009,ĐỀN THẦN NÚI THUẬN PAO
q2_3_4_page_84-0010,"Ở xã Cư Chính huyện Hương Thủy, dựng từ năm Tự Đức thứ 1, hằng năm tế vào mùa xuân, mùa thu cùng ngày với đền núi Thiên Thọ."
q2_3_4_page_84-0011,MIẾU THÂN PHONG BÁ
q2_3_4_page_84-0012,"Ở phía tả miếu Nam Hải Long Vương, dựng từ năm Minh Mệnh thứ 8, hằng năm tế vào tháng trọng xuân và trọng thu."
q2_3_4_page_85-0001,MIẾU THẦN VŨ SƯ
q2_3_4_page_85-0002,"Ở xã Dương Xuân, huyện Hương Thủy, dựng từ năm Minh Mệnh thứ 7, chính giữa thờ thần Vũ Sư, thờ chung thần Vân Sư và Lôi Sư ở tả hữu, hằng năm tế vào tháng trọng xuân và trọng thu."
q2_3_4_page_85-0003,MIẾU HỎA THẦN
q2_3_4_page_85-0004,Ở ấp Bình An huyện Hương Thủy.
q2_3_4_page_85-0005,Miếu trước ở phía bắc Ngự Hà trong Kinh thành.
q2_3_4_page_85-0006,"Năm Minh Mệnh thứ 6 mới dời đến chỗ hiện nay, hằng năm tế"
q2_3_4_page_85-0007,MIẾU THẦN HỎA PHÁO
q2_3_4_page_85-0008,Ở ấp Bình An huyện Hương Thủy dựng từ năm Minh Mệnh thứ 7.
q2_3_4_page_85-0009,ĐỀN THIÊN PHI
q2_3_4_page_85-0010,Ở phía hữu miếu Nam Hải Long Vương.
q2_3_4_page_85-0011,"Đầu niên hiệu Gia Long, đền ở phía hữu chùa Thiên Mụ, năm Thiệu Trị thứ 5 mới dời đến chỗ hiện nay."
q2_3_4_page_85-0012,Hằng năm tế vào mùa xuân mùa thu ngày tị sau tế đàn Xã Tắc.
q2_3_4_page_85-0013,ĐỀN THẦN MỘC THƯƠNG
q2_3_4_page_85-0014,"Ở phía tả Mộc Thương ngoài Kinh thành, dựng từ năm Minh Mệnh thứ 10, thờ thần Tư công."
q2_3_4_page_86-0001,ĐỀN QUAN CÔNG
q2_3_4_page_86-0002,"Ở ấp Xuân Lộc ngoài Kinh thành, thờ Quan thánh đế quân."
q2_3_4_page_86-0003,"Đầu niên hiệu Gia Long đền ở phía tả chùa Thiên Mu, năm Thiệu Trị thứ 5 mới dời đến chỗ hiện nay, quy chế mở rộng thêm, hằng năm tế vào ngày tị tháng trọng xuân và trọng thu."
q2_3_4_page_86-0004,ĐỀN TIÊN Y
q2_3_4_page_86-0005,"Ở phường Ninh Viễn trong Kinh thành, đầu niên hiệu Gia Long, đền ở phường Dưỡng Sinh."
q2_3_4_page_86-0006,"Năm Minh Mệnh đời đến xã Yên Ninh về phía tây, ngoài Kinh thành."
q2_3_4_page_86-0007,"Năm Thiệu Trị thứ 5 dời đến chỗ hiện nay, thờ thần Tiên Y. Hằng năm tế vào tháng trọng xuân và trọng thu."
q2_3_4_page_86-0008,ĐỀN TUYÊN VƯƠNG VÀ MỤC VƯƠNG
q2_3_4_page_86-0009,"Ở xã Long Hồ huyện Hương Thủy, thờ chung Tuyên Vương và Mục Vương, hằng năm tế vào tháng trọng xuân và trọng thu."
q2_3_4_page_86-0010,"Tuyên Vương tên huý là Hạo, con thứ 9 của Thế Tông Hoàng Đế; Mục Vương tên huý là Dương, con trưởng của Tuyên Vương."
q2_3_4_page_86-0011,Hai tước vương này được truy tặng năm Gia Long thứ 3.
q2_3_4_page_86-0012,VIÊN TẨM CỦA ANH DUỆ HOÀNG THÁI TỬ
q2_3_4_page_86-0013,"Ở ấp Bình Long, huyện Phú Vang."
q2_3_4_page_86-0014,"Hoàng thái tử tên huý là Cảnh, con trưởng Thế Tổ Cao Hoàng Đế."
q2_3_4_page_86-0015,"Viên tẩm dựng từ năm Gia Long thứ 4, đến năm thứ 13 sửa chữa lại, phối thờ con cả của thái tử là Thái Bình Công Kính, hằng năm tế vào tháng trọng xuân và trọng thu."
q2_3_4_page_87-0001,ĐỀN THIỆU HOÁ QUẬN VƯƠNG
q2_3_4_page_87-0002,"Ở xã Vĩ Đã Thượng, huyện Phú Vang."
q2_3_4_page_87-0003,"Vương tên là Chấn, con thứ 9 của Thế Tổ Cao Hoàng Đế, năm Minh Mệnh thứ 5 truy phong và lập đền thờ."
q2_3_4_page_87-0004,ĐỀN VĨNH TƯỜNG QUẬN VƯƠNG
q2_3_4_page_87-0005,Ở bờ phía tây sông Hộ Thành.
q2_3_4_page_87-0006,"Vương tên là Miên Hoành, con thứ tư của Thánh Tổ Nhân Hoàng Đế, mất năm Minh Mệnh thứ 7, được truy phong, năm thứ 19 lập đền thờ."
q2_3_4_page_87-0007,ĐỀN THÂN HUÂN
q2_3_4_page_87-0008,"Ở ấp An Tân, huyện Hương Thủy, dựng từ năm Thiệu Trị thứ 3."
q2_3_4_page_87-0009,"Vị chính giữa thờ Hải Đông Quận vương Nguyễn Phúc Đồng, phía tả thờ Thông Hoá Quận vương Nguyễn Phúc Điển, đều là con của Hưng tổ, phía hữu thờ Thuận An công Nguyễn Phúc Hi, con của Thế tổ."
q2_3_4_page_87-0010,"Đầu đời Gia Long liệt thờ ở đền Triển thân, năm Minh Mệnh thứ 21, hạ sắc dựng miếu riêng."
q2_3_4_page_87-0011,"Năm Thiệu Trị thứ 3 lại đem con của Hưng tổ là Tương Dương Quận vương Nguyễn Phúc Hạo và Yên Biên Quận vương Nguyễn Phúc Mân, thờ chung gọi là đền An Tân."
q2_3_4_page_87-0012,"Năm Tự Đức thứ 3 đổi tên gọi hiện nay, hằng năm tế vào mùa xuân và mùa thu."
q2_3_4_page_88-0001,ĐỀN TRIỂN THÂN.
q2_3_4_page_88-0002,"Ở xã Vân Dương, huyện Hương Thủy, dựng năm Gia Long thứ 13."
q2_3_4_page_88-0003,"Đền trước chính giữa thờ Thành Công Tôn Thất Chương, An Tây Công Tôn Thất Huy bên tả thờ các hoàng tử thời chúa trước chết non hằng năm tế vào tháng mạnh xuân và mạnh thu 4 ngày sau lễ miếu hưởng."
q2_3_4_page_88-0004,Đền sau án chính giữa thờ người con gái thứ chín thời chúa trước thuy là Trinh.
q2_3_4_page_88-0005,"Thục, bên tả thờ người con gái thứ ba thời chúa trước truy tặng Minh Nghĩa Thái Trưởng Công Chúa thụy là Trinh Liệt và những hoàng nữ thời chúa trước chết non."
q2_3_4_page_88-0006,"Bên hữu thờ trưởng công chúa thứ mười sấu thời chúa trước thụy là Nhu Khiết, hoàng trưởng nữ thụy là An Tĩnh và những hoàng nữ thời chúa trước chết non, việc thờ tự cũng theo như đền trước."
q2_3_4_page_88-0007,ĐỀN ĐỨC PHI
q2_3_4_page_88-0008,"Ở ấp Trường Giang, huyện Hương Trà, thờ Đức phi Lê thị thời chúa trước."
q2_3_4_page_88-0009,ĐỀN HIỀN PHI
q2_3_4_page_88-0010,Ở ấp Đông Trì hạ về phía đông Kinh thành thờ Hiền phi Ngô thị thời chúa trước.
q2_3_4_page_88-0011,ĐỀN GIA PHI
q2_3_4_page_88-0012,"Ở ấp Đông Trì thượng về phía đông ngoài Kinh thành, thờ Gia phi Phạm thị thời chúa trước."
q2_3_4_page_89-0001,"Kính xét: đầu niên hiệu Minh Mệnh dựng đền ở bờ phía đông sông Hộ Thành ngoài Kinh thành, thờ chung với Tá Thiên Nhân Hoàng Hậu, gọi là đền Hồ Phạm nhị tần."
q2_3_4_page_89-0002,"Năm thứ 20 có sắc dựng đền riêng ở bên hữu, tại phía tây sông Hộ Thành."
q2_3_4_page_89-0003,"Năm Tự Đức thứ 1, con của Phạm Thị là Thọ Xuân Công xin dời đến chỗ hiện nay."
q2_3_4_page_89-0004,"Lại xét: phủ cũ Đông Trì rộng hơn vài ba mẫu, tương truyền hồi mới dựng nước, lập kho tàng ở đây để đúc tiền đồng, tục gọi là tiền đồng Phủ Ao; lại thường duyệt binh ở đây, có một cái hồ lớn hơn vài mẫu, nước sâu không bao giờ cạn, vẫn còn dấu vết, nay là phủ đệ của Thọ Xuân Công."
q2_3_4_page_89-0005,ĐỀN Ý THỤC
q2_3_4_page_89-0006,"Ở vườn Thư Xuân, phía tây ngoài Kinh thành, thờ An Tần Hồ thị thời chúa trước, gồm 7 án thờ."
q2_3_4_page_89-0007,ĐỀN LỆ THỤC
q2_3_4_page_89-0008,"Ở vườn Thanh Phương về bờ phía tây sông Hộ Thành, dựng từ năm Thiệu Trị thứ 1, thờ Diễm nhân là Đinh thị và các hoàng tử, hoàng nữ chết non về thời chúa trước."
q2_3_4_page_89-0009,ĐỀN DIỄN QUỐC CÔNG
q2_3_4_page_89-0010,"Ở ấp Phú Xuân về phía tây Kinh thành, thờ Thái bảo Diễn Quốc công họ Nguyễn Phúc và Quốc Thái phủ nhân Phùng thi, dựng từ đầu niên hiệu Gia Long, gọi là đền Dục Đức, năm Minh Mệnh thứ 13 đổi tên hiện nay."
q2_3_4_page_90-0001,ĐỀN QUY QUỐC CÔNG
q2_3_4_page_90-0002,"Ở phía hữu đền Diễn Quốc công, thờ Thái bảo Quy Quốc công họ Tông Phúc và Quốc Thái phủ nhân Lê thị."
q2_3_4_page_90-0003,"Dựng từ năm Gia Long thứ 5, gọi là đền Tống Công, năm Minh Mệnh thứ 13 đổi tên hiện nay."
q2_3_4_page_90-0004,ĐỀN THỌ QUỐC CÔNG
q2_3_4_page_90-0005,"Ở xã Phú Xuân, về phía tây Kinh thành, thờ Thái phó Thọ Quốc công họ Trần Hưng và Quốc Thái phu nhân Lê thị, dựng từ đầu niên hiệu Minh Mệnh, gọi là đền Dụ Khánh; lại ở làng của Thọ Quốc công là xã Văn Xá dựng đền Trần tộc."
q2_3_4_page_90-0006,"Năm Tự Đức thứ 5 đổi tên hiện nay, đền Trần tộc vẫn gọi là đền Dụ Khánh."
q2_3_4_page_90-0007,ĐỀN PHÚC QUỐC CÔNG
q2_3_4_page_90-0008,"Ở xã Xuân Hòa về phía tây Kinh thành, thờ Thái bảo Phúc Quốc công họ Hồ và Quốc Thái phu nhân Hoàng thị."
q2_3_4_page_90-0009,"Dựng từ đầu niên hiệu Thiệu Trị lại ở phía tây dựng đền Hộ tộc, năm Tự Đức thứ 5 đổi tên là đền Dụ Trạch."
q2_3_4_page_90-0010,ĐỀN ĐỨC QUỐC CÔNG
q2_3_4_page_90-0011,"Ở xã Phú Xuân về phía tây Kinh thành, thờ Thái bảo Đức Quốc công họ Phạm Đăng và Quốc Thái phủ nhân Phạm Văn thị, dựng từ đầu niên hiệu Tự Đức, lại ở phía tây dựng từ đường Phạm tộc, năm thứ 5, đổi tên là đền Tích Thiện."
q2_3_4_page_91-0001,MIẾU KHAI QUỐC CÔNG THẦN
q2_3_4_page_91-0002,"Ở phía tả miếu Trung Hưng công thần, thờ 4 người là Thái sư Hoàng Quốc công Đào Duy Từ, Thái bảo Anh Quốc công Nguyễn Hữu Tiến, Thái bảo Tĩnh Quốc công Nguyễn Hữu Dật, Thống chế dinh Thần Cơ tước Vĩnh An Hầu Nguyễn Hữu Kính."
q2_3_4_page_91-0003,"Miếu dựng từ năm Minh Mệnh thứ 1, hằng năm tế vào ngày giáp về mùa xuân mùa thu."
q2_3_4_page_91-0004,MIẾU TRUNG HƯNG CÔNG THẦN
q2_3_4_page_91-0005,"Ở hai xã Thiên Lộc và Vĩ Dã huyện Hương Thủy, dựng từ năm Gia Long thứ 9, thờ Yên Biên Quận vương Tôn Thất Mân, và Hoài Quốc công Võ Tánh trở xuống cộng 2.858 người."
q2_3_4_page_91-0006,"Năm thứ 13, thờ thêm 2 người là Chưởng Trung quân Quận công Nguyễn Văn Trương và Chưởng Thần vũ Quận công Phạm Văn Nhân."
q2_3_4_page_91-0007,"Năm Minh Mệnh thứ 3 lại thờ thêm 4 người là Đô thống chế Quận công Nguyễn Văn Khiêm, Chưởng Tượng quân Quận công Nguyễn Đức Xuyên, Chưởng dinh Vũ Văn Lượng và Nguyễn Đình Đắc."
q2_3_4_page_91-0008,"Năm Tự Đức thứ 4, lại thờ thêm 8 người là Đặng Đức Siêu, Lê Quang Định, Trịnh Hoài Đức, Ngô Nhân Tĩnh, Nguyễn Đình Đức Phạm Đăng Hưng, Trương Tiến Bảo và Nguyễn Văn Hiếu."
q2_3_4_page_91_92-0001,Hằng năm tế vào ngày giáp về mùa xuân mùa thu sau tế đàn Xã Tắc.
q2_3_4_page_92-0001,MIẾU TRUNG TIẾT CÔNG THẦN
q2_3_4_page_92-0002,"sở phía hữu miếu Trung Hưng công thần, dựng từ năm Minh Mệnh thứ 1, thờ từ Chưởng dinh."
q2_3_4_page_92-0003,"Nguyễn Hữu Thụy và Nguyễn Cửu Dật trở xuống ""cộng 114 người."
q2_3_4_page_92-0004,"Năm Minh Mệnh thứ 5, thờ thêm ""Cai cơ Nguyễn Khoa Kiên."
q2_3_4_page_92-0005,"Hằng năm tế vào tháng trọng xuân và trọng thu hai ngày sau tể miếu Trung Hưng công thần, lại đàn Ân Tự ở phía tả miếu Trung Hưng công thần, thờ các quan và binh trong ngoài chết về việc công, cũng như tế miếu Trung Tiết."
q2_3_4_page_92-0006,ĐỀN HIỀN LƯƠNG
q2_3_4_page_92-0007,"Ở phía tây nam sông Hương, ngoài Kinh thành phía đông chùa Thiên Mụ."
q2_3_4_page_92-0008,"Đền dựng từ năm Tự Đức thứ 11, thờ Thiếu bảo Cần Chính điện Đại học sĩ Trịnh Hoài Đức và Quốc công Phạm Đăng Hưng 39 người hằng năm tế vào tháng trọng xuân và trọng thu.."
q2_3_4_page_92_93-0001,"ĐỀN TRUNG NGHĨA Ở phía đông nam sông Hương về phía mặt trước Kinh thành, dựng từ năm Tự Đức thứ 11, thờ Thống chế Lê Mậu Cúc và Nguyễn Văn Thận 469 người hằng năm tế vào tháng trọng xuân và trọng thu, đề là ""Giác Hoàng phạn ngữ"" khắc vào bia và dựng nhà bia ở phía đông cửa chùa."
q2_3_4_page_93-0001,CHÙA DIÊU ĐẾ
q2_3_4_page_93-0002,"Ở đất nhà cũ của Phúc Quốc công thuộc ấp Xuân Lộc ngoài Kinh thành, là chỗ sinh của Hiến Tổ Chương Hoàng Đế."
q2_3_4_page_93-0003,"Chùa hướng về hướng tây, phía trước trông ra bờ sông, phía giữa là Kỳ viên (1) gọi là điện Đại Giác, phía trước là Phù đổ (2) gọi là gác Đạo Nguyên, phía tả là Cát tường từ thất, phía hữu là Trí tuệ tỉnh xá."
q2_3_4_page_93-0004,"Trước sân thì phía tả là lầu chuông, phía hữu là nhà bia, dựng năm Thiệu Trị thứ 2."
q2_3_4_page_93-0005,CHÙA THIÊN MỤ
q2_3_4_page_93-0006,Ở trên gò xã An Ninh về phía tây ngoài Kinh thành.
q2_3_4_page_93-0007,"Trước kia trên gò vẫn có chùa thờ Phật, sau nhân loạn lạc, bỏ nát."
q2_3_4_page_93-0008,"Đến năm Gia Long thứ 14 dựng lại, chính giữa là điện Đại Hùng; mặt sau, tả hữu đều dựng một nhà bếp, lại sau nữa là điện Di Lặc, lại sau nữa là điện Quan Âm."
q2_3_4_page_93-0009,"Phía hữu sau điện là lầu Tàng thư, mặt trước điện Đại Hùng, phía đông phía tây đều dựng một điện Thập Vương, về phía tả và phía hữu đều dựng một Lôi Gia."
q2_3_4_page_93-0010,Lại (1) Kỳ viên: tên riêng để gọi về nhà chùa.
q2_3_4_page_93_94-0001,"(2) Phù đổ: cây tháp của chùa, chính giữa mặt trước là nghi môn, trên cửa có lầu, tả là lầu chuông, hữu là lầu trống."
q2_3_4_page_94-0001,"Ngoài cửa lầu phía tả là nhà sáu góc, dựng bia, phía hữu là lầu sáu góc, treo chuông lớn, xung quanh xây tường gạch, có 8 cửa."
q2_3_4_page_94-0002,"Năm Thiệu Trị thứ 3 tập thơ Thánh chế vịnh 20 cảnh Thần kinh, có một bài đầu đề là ""Thiên Mụ Chung thanh"", khắc vào biển đồng."
q2_3_4_page_94-0003,"Năm thứ 5, lại ở chỗ chính giữa ngoài cửa nghi môn xây một cây tháp, cao 5 trượng 3 thước 2 tấc, gọi là bảo tháp Phúc Duyên, tháp có 7 tầng đều thờ Phật Thế Tôn mình vàng."
q2_3_4_page_94-0004,"Phía trước tháp là đình Hương Nguyên, trên đình đặt pháp luân, theo gió vẫn chuyển; lại ở tả hữu đều dựng một nhà bia, mặt trước trông ra sông Hương, trên bờ dựng cột hoa biểu."
q2_3_4_page_94-0005,"Kính xét: thái Tổ Gia Dụ Hoàng Đế năm Tân Sửu thứ 44, chúa Thượng đến xã Hà Khê, nay là xã An Ninh (thấy đồng bằng nổi đất cao như hình con rồng ngoảnh đầu trông lại, phía trước trông ra sông cái, phía sau liền với hồ, phong cảnh đẹp tốt, nhân hỏi người địa phương, họ nói gò này rất thiêng."
q2_3_4_page_94-0006,"Tương truyền, ngày trước có người trông thấy một mụ già mặc áo đổ quần xanh, ngồi trên gò nói: ""Phải có chân chúa đến dựng chùa ở đây mà thu góp khí thiêng để giữ vững long mạch""."
q2_3_4_page_94-0007,Nói xong thì biến mất nên gọi là núi Thiên Mụ.
q2_3_4_page_94-0008,Chúa Thượng bèn dựng chùa gọi là chùa Thiên Mụ.
q2_3_4_page_95-0001,"Thái Tông năm Ất Tỵ thứ 17 sửa lại, Hiến Tông năm Canh Dần thứ 19 đúc chuông lớn, năm Giáp Ngọ thứ 23 lại sửa lại."
q2_3_4_page_95-0002,"Qui chế từ cửa chùa vào là điện Thiên Vương, điện Ngọc Hoàng, bảo điện Đại Hùng, nhà Thuyết Pháp, lầu Tàng Kinh, điện Thập Vương, nhà Thủy Vân, nhà Tri Vị, điện Đại Bi, điện Dược Sư, nhà tăng, nhà thiền vài mươi sở."
q2_3_4_page_95-0003,Phía sau chùa dựng các sở tỉ da viên và phương trượng cũng đến vài mươi sở.
q2_3_4_page_95-0004,Năm Ất Mùi thứ 24 chúa Thượng thân làm văn bia khắc vào đá dựng ở trước chùa.
q2_3_4_page_95-0005,"Bờ sông thì dựng đài cầu, chúa thường thân đến chơi, sau bị binh lửa tàn phá."
q2_3_4_page_95-0006,"Đầu niên hiệu Gia Long, Lễ bộ Đặng Đức Siêu còn ghi chỗ cũ, chuông lớn và bia đá hiện nay vẫn còn."
q2_3_4_page_95-0007,CHÙA LONG QUANG
q2_3_4_page_95-0008,Ở xã Xuân Hòa về phía tây Kinh thành.
q2_3_4_page_95-0009,"Kính xét: chùa này không rõ bất đầu dựng từ thời nào, đến đời chúa Duệ Tông sửa lại."
q2_3_4_page_95-0010,"Biển ngạch treo ở tầng trên cửa chùa đề bốn chữ lớn là ""Tuệ chiếu Nam thiên"", biển ngạch treo ở tầng dưới đề chữ ""Sắc tứ Long quang tự""."
q2_3_4_page_95-0011,"Sau trải qua loạn lạc chùa bị bỏ, biển ngạch vẫn còn, năm Gia Long thứ 2 sửa lại và cho tên hiện nay."
q2_3_4_page_96-0001,CHÙA THÁNH DUYÊN
q2_3_4_page_96-0002,Ở núi Thuý Vân về phía đông Kinh thành.
q2_3_4_page_96-0003,"Phía trước núi đỉnh giữa là gác Đại Từ của chùa Thánh Duyên, đỉnh trên xây Ngự tháp ba tầng, cao 5 trượng 6 thước, trên đá vuông, ở sau tháp dựng đình Tiến Sảng, bờ nước ở phía nam chân núi làm lầu Huân Phong, dựng từ năm Minh Mệnh thứ 17."
q2_3_4_page_96-0004,"Kính xét: núi Thuý Vân trước tên là núi Mỹ Am, chúa Hiển Tông dựng chùa ở đây, trải qua loạn lạc, chùa bị bỏ."
q2_3_4_page_96-0005,"Năm Minh Mệnh thứ 6, Thánh Tổ Nhân Hoàng Đế ngự giá ra chơi cửa biển Tư Hiền, lên núi, cho tên là núi Thuý Hoa, nhân tìm dấu cũ mà dựng chùa, để lưu thắng tích."
q2_3_4_page_96-0006,"Năm Thiệu Trị thứ 1 đổi tên hiện nay, là một trong 20 cảnh Thần kinh, đầu đề là ""Vân Sơn thắng tích"" khắc vào bia và dựng nhà bia ở phía tả cửa chùa."
q2_3_4_page_96-0007,"Gây đấy có núi Linh Thái, lại dựng chùa Trấn Hải và lầu Vọng Hải, phía tả trên núi xây một cây tháp, dưới tháp la liệt voi đá, lâu ngày đổ nát, cũng hạ lệnh tu bổ."
q2_3_4_page_96-0008,"Lại kính xét: năm Đinh Mùi thứ 19, Thái Tông ngự giá ra chơi cửa biển Tư Dong (sau là Tư Hiền), thấy phong cảnh Qui Sơn (nay là núi Linh Thái) đẹp tốt, trên đỉnh núi có tháp cổ Chiêm Thành, thường tỏ linh thiêng, bèn sai thủ hạ Trần Đinh Ân lấy đất dựng chùa Phật, gọi là chùa Vinh Hòa, sau trải qua loạn lạc, chùa bị bỏ."
q2_3_4_page_96-0009,Năm Minh Mệnh thứ 17 sai tu bổ lại cùng với chùa Thuý Vân.
q2_3_4_page_97-0001,ĐÌNH LONG THỌ CƯỚNG
q2_3_4_page_97-0002,"Ở xã Nguyệt Biểu thuộc huyện Hương Thủy, gò gối bờ phía nam sông Hương, đối diện với núi Thiên Mụ ở bên kia sông, trước gọi là kho Thọ Khang thượng."
q2_3_4_page_97-0003,"Tương truyền trước kia trên gò có nhà, từng rước tử cung Anh tông, Hiển tông, Túc tông và Thế tông để tạm ở đấy."
q2_3_4_page_97-0004,"Sau trải quan loạn lạc, nhà bị bỏ, đầu niên hiệu Gia Long đổi tên là Thọ Xương."
q2_3_4_page_97-0005,"Năm Minh Mệnh thứ 5, đổi tên là Long Thọ Cương, dựng nhà bát giác ở trên gò và cho tên hiện nay, lại dựng bia ghi việc để lưu thắng tích."
q2_3_4_page_97-0006,ĐÌNH XÃ PHÚ XUÂN
q2_3_4_page_97-0007,Ở phía bắc đàn Tiên Nông trong Kinh thành do dân xã Phú Xuân dựng để thờ thần trong xã.
q2_3_4_page_97-0008,"Đầu niên hiệu Gia Long đắp Kinh thành, lấy ngôi đình này vào trong Kinh thành, nhưng vẫn cho dân phụng sự."
q2_3_4_page_97-0009,"Hằng năm cứ đến tháng 6 thì làm lễ kỳ yên, quan cấp cho tiền để mua lễ vật."
q2_3_4_page_97-0010,"Năm Minh Mệnh thứ 10, cấp cho 200 quan tiền để dân xã tu bổ, từ đấy bỏ việc cấp tiền hằng năm."
q2_3_4_page_97-0011,"Phía tây đình có chợ, trước gọi là chợ Phú Xuân, khoảng niên hiệu Minh Mệnh đổi tên là chợ Tây Lộc, nay bỏ."
q2_3_4_page_98-0001,ĐẠI NAM NHẤT THỐNG CHÍ
q2_3_4_page_98-0002,QUYỂN II
q2_3_4_page_98-0003,PHỦ THỪA THIÊN
q2_3_4_page_98-0004,"Đông tây cách nhau 91 dặm, nam bắc cách nhau 289 dặm linh."
q2_3_4_page_98-0005,"Phía đông đến biển 31 dặm, phía tây đến động núi 60 dặm, phía nam đến động núi 94 dặm, phía bắc đến địa giới tỉnh Quảng Bình 195 dặm."
q2_3_4_page_98-0006,"Phía đông nam đến cửa Hải Vân giáp địa giới tỉnh Quảng Nam 130 dặm, phía tây nam đến động núi 90 dặm linh, phía đông bắc đến biển 39 dặm, phía tây bắc đến động núi tỉnh Quảng Bình 230 dặm linh."
q2_3_4_page_98-0007,PHÂN DÃ
q2_3_4_page_98-0008,"Theo thiên văn, thuộc về khu vực sao Dực sao Chẩn, về tỉnh thứ sao Thuần Vĩ."
q2_3_4_page_98-0009,DỰNG ĐẶT VÀ DIÊN CÁCH
q2_3_4_page_98-0010,"Xưa là đất Việt Thường thị (Thượng thư Đại truyện chép rằng: ""Thời Đường Nghiêu, Việt Thường thị dâng rùa lớn"" tên ""Việt Thường"" bắt đầu từ đây)."
q2_3_4_page_98-0011,"Đời Tần thuộc Tượng Quận, đời Hán thuộc quận Nhật Nam."
q2_3_4_page_98-0012,"Hán Thư chép: ""Nhật Nam là Tượng Quận nhà Tần xưa, năm Nguyên Đỉnh thứ 1 đổi làm quận Nhật Nam, có 5 thành là Tây Quyển, Tỷ Anh, Chu Ngô, Lô Dung và Tượng Lâm""."
q2_3_4_page_98-0013,"Thủy kinh chú chép: ""Lý sở quận Nhật Nam ở huyện Tây Quyển""."
q2_3_4_page_98-0014,"Tấn thư, Địa đạo ký chép: ""Huyện Chu Ngô cách lý sở quận Nhật Nam 200 dặm, huyện Lô Dung cách lý sở quận Nhật Nam 300 dặm""."
q2_3_4_page_98-0015,"Lưu Hướng nói: ""Từ Chu Ngô đi về phía nam 400 dặm mới đến nước Lâm Ấp""."
q2_3_4_page_98-0016,"Thiên hạ quận quốc lợi bệnh thư của Cố Đình Lâm nói: ""Tỷ Anh và Chu Ngô đều ở bờ cõi phía bắc Chiêm Thành, Lô Dung ở phía tây thành Chu Ngô""."
q2_3_4_page_98-0017,"Nay lấy số dặm mà xét thì từ Quảng Bình đến Thừa Thiên trên dưới 200 dặm, đến Quảng Nam trên dưới 300 dặm, từ Quảng Nam đến Bình Định trên dưới 400 dặm."
q2_3_4_page_98-0018,"Thế thì Tây Quyển phải ở vào địa phận Thừa Thiên và Quảng Trị bây giờ, Chu Ngô phải ở vào địa phận Thừa Thiên và phủ Điện Bàn tỉnh Quảng Nam bây giờ; Lô Dung phải ở vào địa phận phủ Thăng Bình tỉnh Quảng Nam trở vào nam đến tỉnh Quảng Ngãi bây giờ; Tượng Lâm phải ở vào địa phận tỉnh Bình Định và Phú Yên bây giờ."
q2_3_4_page_98_99-0001,"Thế thì đất Tỷ Anh và Chu Ngô đời Hán, tức là đất châu Ô và châu Lý của Chiêm Thành, đến thời Trần là châu Thuận và châu Hoá, thuộc quận Nhật Nam."
q2_3_4_page_99-0001,"Hán Thư chép: ""Nhật Nam là Tượng Quận nhà Tần xưa, năm Nguyên Đỉnh thứ 1 đổi làm quận Nhật Nam, có 5 thành là Tây Quyển, Tỷ Anh, Chu Ngô, Lô Dung và Tượng Lâm""."
q2_3_4_page_99-0002,"Thủy kinh chú chép: ""Lý sở quận Nhật Nam ở huyện Tây Quyển""."
q2_3_4_page_99-0003,"Tấn thư, Địa đạo ký chép: ""Huyện Chu Ngô cách lý sở quận Nhật Nam 200 dặm, huyện Lô Dung cách lý sở quận Nhật Nam 300 dặm""."
q2_3_4_page_99-0004,"Lưu Hướng nói: ""Từ Chu Ngô đi về phía nam 400 dặm mới đến nước Lâm Ấp""."
q2_3_4_page_99-0005,"Thiên hạ quận quốc lợi bệnh thư của Cố Đình Lâm nói: ""Tỷ Anh và Chu Ngô đều ở bờ cõi phía bắc Chiêm Thành, Lô Dung ở phía tây thành Chu Ngô""."
q2_3_4_page_99-0006,"Nay lấy số dặm mà xét thì từ Quảng Bình đến Thừa Thiên trên dưới 200 dặm, đến Quảng Nam trên dưới 300 dặm, từ Quảng Nam đến Bình Định trên dưới 400 dặm."
q2_3_4_page_99-0007,"Thế thì Tây Quyển phải ở vào địa phận Thừa Thiên và Quảng Trị bây giờ, Chu Ngô phải ở vào địa phận Thừa Thiên và phủ Điện Bàn tỉnh Quảng Nam bây giờ; Lô Dung phải ở vào địa phận phủ Thăng Bình tỉnh Quảng Nam trở vào nam đến tỉnh Quảng Ngãi bây giờ; Tượng Lâm phải ở vào địa phận tỉnh Bình Định và Phú Yên bây giờ."
q2_3_4_page_99-0008,"Thế thì đất Tỷ Anh và Chu Ngô đời Hán, tức là đất châu Ô và châu Lý của Chiêm Thành, đến thời Trần là châu Thuận và châu Hoá."
q2_3_4_page_100-0001,"Có thuyết nói: Sử quan Trung Quốc chép về số dặm đường ở nước ta, chỉ căn cứ vào lời ghi chép lúc hành quân, không phải bản thân họ đến nơi, không thể hoàn toàn tin được."
q2_3_4_page_100-0002,"Hơn nữa, Lâm Ấp trước dựng nước ở huyện Tượng Lâm, đến giữa niên hiệu Nguyên Hòa nhà Đường, bị Trương Châu (1) đánh phá, bèn bỏ Lâm Ấp dời đến Chiêm Thành."
q2_3_4_page_100-0003,"Thế mà nay nhận định địa phận Bình Định là đất Tượng Lâm, e không đúng."
q2_3_4_page_100-0004,"Phầm cương vực xưa nay, bỏ đi, đặt ra không nhất định; hơn nữa, đất đai phương Nam lại do người phương Bắc ghi chép, nay cũng khó lòng khảo cứu."
q2_3_4_page_100-0005,"Nhưng tham khảo nhiều thuyết rồi đem địa điểm hiện nay để chứng minh, thì thấy rằng Tượng Lâm và Chiêm Thành, tên gọi trước sau tuy có khác nhau, nhưng cùng là một nước, cùng là trong số 5 thành thuộc quận Nhật Nam, tức là trong giới hạn tám chín trăm dặm về phía nam đèo Ngang và phía bắc đèo Cả."
q2_3_4_page_100-0006,"Lúc bắt đầu dựng nước thì họ chiếm cứ Tượng Lâm, rồi dần vươn ra phía bắc, kiêm tính cả 5 thành, phía nam giáp Chân Lạp, phía bắc giáp Hoan Châu, đều là địa phận của họ."
q2_3_4_page_100-0007,"Sau bị Trương Châu phá, họ bỏ phía bắc mà chuyển về nam; sau khi Trương Châu về bắc, họ lại ra chiếm cứ đất ấy."
q2_3_4_page_100_101-0001,"Cứ xem sau này họ đem các (1) Trương Châu: Đô hộ Giao Châu đời Hiến Tông nhà Đường, châu Ma Linh, Địa Lỵ và Ô Lý dâng cho nhà Lý nhà Trần, thì đủ biết trước khi họ bỏ những đất này chỉ là tạm bỏ mà thôi."
q2_3_4_page_101-0001,"Đường thư nói: ""Bỏ Lâm Ấp dời đến Chiêm Thành"", câu nói ấy không được rõ ràng lắm."
q2_3_4_page_101-0002,"Vả lại, căn cứ vào lời tiểu chú xưa nói: ""Phạm Văn người Tây Quyển, vào Lâm ẤP""; lại nói: ""Từ Chu Ngô đi về phía Nam 400 dặm mới đến Lâm Ấp"", thì rõ ràng các thành Lô Dung, Tỷ Ảnh, Chu Ngô và Tây Quyển đều ở phía bắc Tượng Lâm cả."
q2_3_4_page_101-0003,"Lô Dung, Chu Ngô, Tỷ Ảnh và Tây Quyển là các hạt Quảng Nam, Quảng Ngãi, Thừa Thiên, Quảng Bình và Quảng Trị bây giờ, thì ngờ rằng các hạt Bình Định và Phú Yên bây giờ tức là đất Tượng Lâm xưa, không phải là không rõ ràng."
q2_3_4_page_101-0004,Vậy ghi lại thuyết này để phòng khảo đến.
q2_3_4_page_101-0005,"Cuối đời Hán, người huyện Tây Quyển là Khu Liên chiếm cứ Tượng Lâm gọi tên nước là Lâm Ấp."
q2_3_4_page_101-0006,"Đời Tuỳ, năm Đại Nghiệp thứ 1 (605) Lưu Phương dẹp được Lâm Ấp, lấy đất đặt làm Đãng Châu, sau đổi làm quận Tỷ Ảnh, lãnh 4 huyện (Tỷ Ảnh, Chu Ngô, Thọ Linh và Tây Quyển)."
q2_3_4_page_101-0007,"Theo Tuỳ thư, năm Đại Nghiệp thứ 1, Lưu Chương dẹp Lâm Ấp, bèn lấy Châu Hoan đặt làm quận Nhật Nam, mà chia 5 thành thuộc Nhật Nam nhà Hán làm 3 châu là Đãng, Nông và Xung."
q2_3_4_page_101-0008,"Sau đổi làm 3 quận là Tỷ Ảnh, Hải Âm và Lâm Ấp, mỗi quận lãnh 4 huyện."
q2_3_4_page_101-0009,"Về 2 huyện Thọ Linh và Tây Quyển xem Quảng Bình tỉnh chí, về 8 huyện xem Quảng Nam tỉnh chí và Bình Định tỉnh chí."
q2_3_4_page_101-0010,"Cuối đời Tuỳ, lại mất vào Lâm Ấp."
q2_3_4_page_101-0011,"Đời Đường, năm Trinh Quán thứ 2 (628), phủ dụ Lâm Ấp lấy quận Tỷ Ảnh đặt 7 châu, lại đổi tên là châu Nam Ảnh, sau lại đổi làm Ảnh Châu, lãnh 3 huyện (Chu Ngô, Tỷ Ảnh và Do Văn), đặt lỵ sở ngụ ở phía nam Châu Hoan."
q2_3_4_page_101-0012,"Đời Chí Đức (756-757), đổi tên nước làm Chiêm Thành (gọi như vậy là vì chỗ đóng đô có đảo Chiêm Bất Lao), lại kiêm tính cả đất 5 thành của Nhật Nam, phía bắc giáp đất Hoan Châu, gọi là châu Ô và châu Lý."
q2_3_4_page_101-0013,"Nước ta đời Trần Anh Tông năm Hưng Long thứ 14 (1306) lấy đất châu Ô và châu Lý đặt làm châu Thuận và châu Hoá (Việt sử chép: vua Trần Anh Tông gả con giá là Huyền Trân Công chúa cho chúa Chiêm Thành là Chế Mân, Chế Mân đem đất châu Ô và châu Lý dâng làm lễ cưới, nhà Trần đặt làm châu Thuận và châu Hoá."
q2_3_4_page_101-0014,"Châu Thuận nay là Quảng Trị, châu Hoá nay là Thừa Thiên và phủ Điện Bàn thuộc Quảng Nam)."
q2_3_4_page_101_102-0001,"Cuối đời Trần, thuộc nhà Minh, đổi đặt phủ Thuận Hoá, đem châu Thuận và châu Hoá lệ vào (Thiên hạ quận quốc lợi bình thư chép rằng: nhà Minh, năm Vĩnh Lạc thứ 2 (1404), đặt 1 phủ, lãnh 2 châu: châu Thuận có 4 huyện là Thọ Linh và Tây Quyển xem Quảng Bình tỉnh chí, về 8 huyện xem Quảng Nam tỉnh chí và Bình Định tỉnh chí."
q2_3_4_page_102-0001,"Cuối đời Tuỳ, lại mất vào Lâm Ấp."
q2_3_4_page_102-0002,"Đời Đường, năm Trinh Quán thứ 2 (628), phủ dụ Lâm Ấp lấy quận Tỷ Ảnh đặt 7 châu, lại đổi tên là châu Nam Ảnh, sau lại đổi làm Ảnh Châu, lãnh 3 huyện (Chu Ngô, Tỷ Ảnh và Do Văn), đặt lỵ sở ngụ ở phía nam Châu Hoan."
q2_3_4_page_102-0003,"Đời Chí Đức (756-757), đổi tên nước làm Chiêm Thành (gọi như vậy là vì chỗ đóng đô có đảo Chiêm Bất Lao), lại kiêm tính cả đất 5 thành của Nhật Nam, phía bắc giáp đất Hoan Châu, gọi là châu Ô và châu Lý."
q2_3_4_page_102-0004,"Nước ta đời Trần Anh Tông năm Hưng Long thứ 14 (1306) lấy đất châu Ô và châu Lý đặt làm châu Thuận và châu Hoá (Việt sử chép: vua Trần Anh Tông gả con giá là Huyền Trân Công chúa cho chúa Chiêm Thành là Chế Mân, Chế Mân đem đất châu Ô và châu Lý dâng làm lễ cưới, nhà Trần đặt làm châu Thuận và châu Hoá."
q2_3_4_page_102-0005,"Châu Thuận nay là Quảng Trị, châu Hoá nay là Thừa Thiên và phủ Điện Bàn thuộc Quảng Nam)."
q2_3_4_page_102_103-0001,"Cuối đời Trần, thuộc nhà Minh, đổi đặt phủ Thuận Hoá, đem châu Thuận và châu Hoá lệ vào (Thiên hạ quận quốc lợi bình thư chép rằng: nhà Minh, năm Vĩnh Lạc thứ 2 (1404), đặt 1 phủ, lãnh 2 châu: châu Thuận có 4 huyện là Thạch Lan, Ba Lãng, Lợi Điền và An Nhân; châu Hoá có 7 huyện là Lợi Bồng, Sĩ Vang, Sa Lệnh, Trà Kê, Tư Dung, Bồ Đài và Bồ Lãng."
q2_3_4_page_103-0001,"Năm thứ 17 hợp 2 huyện Lợi Bồng và Tư Dung vào huyện Sĩ Vang, lại hợp 3 huyện Sa Lệnh, Bồ Đài và Bồ Lãng vào châu Hoá, còn 4 huyện châu Thuận thì đều hợp vào bản châu)."
q2_3_4_page_103-0002,"Đầu đời Lê đổi làm lộ Thuận Hoá, thuộc đạo Hải Tây, đặt Tổng quản và Tri phủ ở lộ."
q2_3_4_page_103-0003,"Năm Quan Thuận thứ 10 (1469) đặt 3 th ty (Đô ty, Thừa ty và Hiếu ty)."
q2_3_4_page_103-0004,"Ở Thuận Hoá thừa tuyên lãnh 2 phủ Triệu Phong và Tân Bình (Phủ huyện chí trong Thiên nam dư hạ tập đời Lê Thánh Tông chép phủ Triệu Phong thuộc Thuận Hóa thừa tuyên có 6 huyện là Kim Trà, Đan Điền, Hải Lăng, Võ Xương, Tư Vang và Điện Bàn, và 2 châu là Sa Bồi và Thuận Bình; phủ Tân Bình, xem Quảng Bình tỉnh chí)."
q2_3_4_page_103-0005,"Bản triều, Thái Tổ Gia Dụ Hoàng Đế năm Mậu Ngọ thứ 1 Lê Chính Trị năm thứ 1 (1558) gây cơ nghiệp ở miền Nam có cả đất Thuận Hoá và Quảng Nam, bèn đặt dinh Ái Tử (tên xã, thuộc huyện Đăng Xương bây giờ)."
q2_3_4_page_103-0006,"Sau đổi huyện Kim Trà làm huyện Hương Trà, huyện Đan Điền làm huyện Quảng Điền, huyện Tư Vang làm huyện Phú Vang, huyện Võ Xương làm huyện Đăng Xương, lại trích lấy huyện Điện Bàn thăng làm phủ lệ vào Quảng Nam."
q2_3_4_page_103-0007,"Năm Đinh Mão thứ 1 (1687), Anh Tông Hiếu Nghĩa Hoàng Đế dời đến Phú Xuân."
q2_3_4_page_103-0008,Về sau Thế Tông Hiếu Võ Hoàng Đế vẫn theo và bắt đầu gọi là Đô thành.
q2_3_4_page_103-0009,"Năm Ất Mùi thứ 10 (1775) đời Duệ Tông Hiếu Định Hoàng Đế, họ Trịnh đem quân xâm chiếm, gọi là xứ Thuận Hoá."
q2_3_4_page_103-0010,"Mùa Đông năm Bính Ngọ (1786), Tây Sơn Nguyễn Văn Huệ đánh đuổi họ Trịnh về bắc, chiếm cứ đất này."
q2_3_4_page_103-0011,"Mùa hạ năm Tân Dậu (1801), Thế Tổ Cao Hoàng Đế lấy lại Đô thành cũ, trích lấy 3 huyện Hương Trà, Quảng Điển và Phú Vang thuộc phủ Triệu Phong đặt làm dinh Quảng Đức, lại trích lấy 2 huyện Hải Lăng và Đăng Xương và 1 huyện Minh Linh thuộc phủ Quảng Bình đặt làm dinh Quảng Trị."
q2_3_4_page_103-0012,"Hai dinh đều đặt các chức Lưu thủ, Cai bạ và Ký lục, những Cống Man và Thuế Man ở đạo Cam Lộ đều lệ vào Quảng Trị."
q2_3_4_page_103-0013,"Năm Gia Long thứ 5 (1806) định làm dinh trực lệ (hai dinh Quảng Đức và Quảng Trị, đều buổm hai chữ ""trực lệ"" lên đầu), lệ thẳng vào Kinh sư."
q2_3_4_page_103-0014,"Năm Minh Mệnh thứ 3 (1822) đổi dinh Quảng Đức làm phủ Thừa Thiên, bỏ hai chữ ""trực lệ"", còn phủ hạt thuộc dinh Quảng Trị thì gọi riêng là Triệu Phong."
q2_3_4_page_103-0015,"Năm thứ 4, đổi đặt các chức Đề đốc, Phủ doãn, Phủ thừa, Kinh thành lãnh 6 huyện."
q2_3_4_page_103-0016,"Lại ở miền thượng du Quảng Trị đặt châu Hướng Hoá, lệ vào đạo Cam Lộ."
q2_3_4_page_103_104-0001,"Năm thứ 8 đổi dinh Quảng Trị làm trấn Quảng Trị, cũng bỏ hai chữ ""trực lệ"", đổi đặt Đế dời đến Phú Xuân."
q2_3_4_page_104-0001,Về sau Thế Tông Hiếu Võ Hoàng Đế vẫn theo và bắt đầu gọi là Đô thành.
q2_3_4_page_104-0002,"Năm Ất Mùi thứ 10 (1775) đời Duệ Tông Hiếu Định Hoàng Đế, họ Trịnh đem quân xâm chiếm, gọi là xứ Thuận Hoá."
q2_3_4_page_104-0003,"Mùa Đông năm Bính Ngọ (1786), Tây Sơn Nguyễn Văn Huệ đánh đuổi họ Trịnh về bắc, chiếm cứ đất này."
q2_3_4_page_104-0004,"Mùa hạ năm Tân Dậu (1801), Thế Tổ Cao Hoàng Đế lấy lại Đô thành cũ, trích lấy 3 huyện Hương Trà, Quảng Điển và Phú Vang thuộc phủ Triệu Phong đặt làm dinh Quảng Đức, lại trích lấy 2 huyện Hải Lăng và Đăng Xương và 1 huyện Minh Linh thuộc phủ Quảng Bình đặt làm dinh Quảng Trị."
q2_3_4_page_104-0005,"Hai dinh đều đặt các chức Lưu thủ, Cai bạ và Ký lục, những Cống Man và Thuế Man ở đạo Cam Lộ đều lệ vào Quảng Trị."
q2_3_4_page_104-0006,"Năm Gia Long thứ 5 (1806) định làm dinh trực lệ (hai dinh Quảng Đức và Quảng Trị, đều buổm hai chữ ""trực lệ"" lên đầu), lệ thẳng vào Kinh sư."
q2_3_4_page_104-0007,"Năm Minh Mệnh thứ 3 (1822) đổi dinh Quảng Đức làm phủ Thừa Thiên, bỏ hai chữ ""trực lệ"", còn phủ hạt thuộc dinh Quảng Trị thì gọi riêng là Triệu Phong."
q2_3_4_page_104-0008,"Năm thứ 4, đổi đặt các chức Đề đốc, Phủ doãn, Phủ thừa, Kinh thành lãnh 6 huyện."
q2_3_4_page_104-0009,"Lại ở miền thượng du Quảng Trị đặt châu Hướng Hoá, lệ vào đạo Cam Lộ."
q2_3_4_page_104_105-0001,"Năm thứ 8 đổi dinh Quảng Trị làm trấn Quảng Trị, cũng bỏ hai chữ ""trực lệ"", đổi đặt các chức Trấn thủ, Hiệp trấn và Tham hiệp; lại đặt 9 châu thuộc đạo Cam Lộ."
q2_3_4_page_105-0001,"Năm thứ 11, mới đặt chức Tri phủ Triệu Phong, kiêm lý huyện Minh Linh và thống hạt 2 huyện Đăng Xương và Hải Lăng."
q2_3_4_page_105-0002,"Năm thứ 13, chia tỉnh hạt gọi là tỉnh Quảng Trị, đặt 2 ty Bố Chánh và Án Sát, đặt Tuần phủ lãnh ty Bố Chánh (trước đặt Tổng đốc Bình Trị, Tuần phủ Quảng Trị lệ theo, sau đổi đặt Tuần phủ Trị Bình, tỉnh Quảng Bình đặt Bố Chánh và Án Sát, lệ theo Tuần phủ Trị Bình)."
q2_3_4_page_105-0003,"Lại đổi đạo Cam Lộ làm phủ Cam Lộ, đặt Tri phủ, kiêm Lý châu Hướng Hoá và thống hạt 9 châu."
q2_3_4_page_105-0004,"Năm thứ 15, lại gọi làm Bắc Trực (gọi chung Quảng Trị và Quảng Bình), đổi châu Hướng Hoá làm huyện Hướng Hoá."
q2_3_4_page_105-0005,"Năm thứ 16, phủ Thừa Thiên đặt thêm 3 huyện (Phong Điền, Hương Thủy và Phú Lộc)."
q2_3_4_page_105-0006,"Năm thứ 17, Quảng Trị đặt thêm huyện Địa Linh, phủ Triệu Phong thì đổi kiêm lý huyện Đăng Xương và thống hạt 3 huyện là Địa Linh, Minh Linh và Hải Lăng."
q2_3_4_page_105-0007,"Năm Tự Đức thứ 3 (1850), đổi huyện Hướng Hoá làm huyện Thành Hoá."
q2_3_4_page_105-0008,"Năm thứ 6, hợp tỉnh Quảng Trị vào phủ Thừa Thiên và đổi làm đạo Quảng Trị, văn thư và sổ sách đều buổm lên đầu chữ ""Thừa Thiên phủ."
q2_3_4_page_105-0009,"Đặt một quản đạo (quan văn), bỏ 2 phủ Triệu Phong và Cam Lộ, 2 huyện Hải Lăng và Đăng Xương thì do đạo kiêm lý, Minh Linh, Thành Hoá và 9 châu thuộc Cam Lộ đều do đạo thống hạt và lệ vào phủ Thừa Thiên."
q2_3_4_page_105-0010,Phủ lãnh 1 đạo 11 huyện và 9 châu ky my.
q2_3_4_page_106-0001,HUYỆN HƯƠNG TRÀ
q2_3_4_page_106-0002,"Phụ quách (sát Kinh thành), cách Kinh thành 4 dặm về phía tây bắc, đông tây cách nhau 84 dặm, nam bắc cách nhau 32 dặm."
q2_3_4_page_106-0003,"Phía đông đến biển 25 dặm, phía tây đến khe nhỏ thuộc huyện Hương Thủy 59 dặm, phía nam đến sông Hương thuộc huyện Hương Thủy 5 dặm linh, phía bắc đến địa giới 2 huyện Phong Điền và Quảng Điền 27 dặm."
q2_3_4_page_106-0004,"Nguyên là đất quận Nhật Nam đời Hán, là châu Lý của Chiêm Thành."
q2_3_4_page_106-0005,"Đời Trần là châu Hoá, đặt 3 huyện là Sa Lệch, Bồ Đài và Bồ Lãng lệ vào, thời thuộc Minh, 3 huyện hợp cả vào châu Hoá."
q2_3_4_page_106-0006,"Đến đời Lê đổi làm huyện Kim Trà thuộc phủ Triệu Phong, đầu bản triều đổi tên hiện nay."
q2_3_4_page_106-0007,Năm Minh Mệnh thứ 3 đổi lệ phủ Thừa Thiên.
q2_3_4_page_106-0008,"Năm thứ 16, trích lấy đất 5 tổng huyện này cho thuộc vào 3 huyện Hương Thủy, Phú Lộc và Phong Điền."
q2_3_4_page_106-0009,Nay lãnh 6 tổng 98 xã thôn phường ấp giáp.
q2_3_4_page_106-0010,HUYỆN PHÚ VANG
q2_3_4_page_106-0011,"Cách phủ 8 dặm về phía Đông Nam, đông tây cách nhau 25 dặm, nam bắc cách nhau 27 dặm."
q2_3_4_page_106-0012,"Phía đông đến biển 20 dặm, phía tây đến địa giới huyện Hương Thủy 5 dặm, phía nam đến địa giới 2 huyện Hương Thủy và Phú Lộc 32 dặm, phía bắc đến địa giới huyện Hương Trà 5 dặm."
q2_3_4_page_106-0013,"Nguyên là đất quận Nhật Nam đời Hán, sau là châu Lý của Chiêm Thành."
q2_3_4_page_106-0014,"Đời Trần là 3 huyện Lợi Bồng, Tư Dung và Thế Vang, lệ vào châu Hoá, thời thuộc Minh, đổi huyện Thế Vang làm huyện Sĩ Vang và đem 2 huyện Lợi Bồng và Tư Dung hợp vào huyện Sĩ Vang."
q2_3_4_page_106-0015,"Đời Lê đổi làm huyện Tư Vang thuộc phủ Triệu Phong, đầu bản triều đổi tên hiện nay."
q2_3_4_page_106-0016,"Năm Minh Mệnh thứ 3, đổi lệ phủ Thừa Thiên; năm thứ 16, trích lấy đất 6 tổng huyện này đặt làm hai huyện Hương Thủy và Phú Lộc."
q2_3_4_page_106-0017,"Năm Tự Đức thứ 4, bỏ Tri huyện, do huyện Hương Trà kiêm nhiếp."
q2_3_4_page_106-0018,"Nay lãnh 6 tổng, 90 xã thôn, phường Ấp Giáp."
q2_3_4_page_106-0019,"Ly sở và trường học trước ở xã Nam Phổ, nay bỏ."
q2_3_4_page_107-0001,HUYỆN HƯƠNG THỦY (1)
q2_3_4_page_107-0002,"Ở cách phủ 19 dặm về phía đông nam, đông tây cách nhau 30 dặm, nam bắc cách nhau 51 dặm."
q2_3_4_page_107-0003,"Phía đông đến địa giới huyện Phú Lộc 16 dặm, phía tây đến địa giới huyện Hương Trà 14 dặm, phía nam đến động núi huyện Hương Trà 37 dặm, phía bắc đến địa giới huyện Phú Vang 14 dặm."
q2_3_4_page_107_108-0001,"Nguyên là (1) Sau trích đặt thêm huyện Thanh Thủy, đất hai huyện Hương Trà và Phú Vang."
q2_3_4_page_108-0001,"Năm Minh Mệnh thứ 16, trích ra đặt huyện này, lãnh 5 tổng, 58 xã thôn phường ấp giáp."
q2_3_4_page_108-0002,HUYỆN PHÚ LỘC
q2_3_4_page_108-0003,"Ở cách phủ 51 dặm lệch về phía đông nam đông tây cách nhau 37 dặm, nam bắc cách nhau 94 dặm."
q2_3_4_page_108-0004,"Phía đông đến biển 22 dặm, phía tây đến địa giới huyện Hương Thủy 15 dặm, phía nam giáp địa giới huyện Hòa Vang tỉnh Quảng Nam 72 dặm, phía bắc đến địa giới huyện Phú Vang 32 dặm."
q2_3_4_page_108-0005,"Nguyên là đất 2 huyện Hương Trà và Phú Vang, năm Minh Mệnh thứ 16 trích ra đặt huyện này."
q2_3_4_page_108-0006,"Năm Tự Đức thứ 4, bỏ Tri huyện, do Tri huyện Hương Thủy kiêm nhiếp."
q2_3_4_page_108-0007,"Lãnh 4 tổng gồm 87 xã, thôn, phường, ấp giáp."
q2_3_4_page_108-0008,"Ly sở huyện và trường học huyện trước ở xã Sư Lỗ Đông, nay bỏ."
q2_3_4_page_108-0009,HUYỆN QUẢNG Đ IỀN
q2_3_4_page_108-0010,"Ở cách phủ 14 dặm về phía đông bắc, đông tây cách nhau 38 dặm linh, nam bắc cách nhau 26 dặm."
q2_3_4_page_108-0011,"Phía đông đến địa giới huyện Huong Trà 13 dặm, phía tây đến địa giới huyện Phong Điền 26 dặm linh, phía nam đến địa giới huyện Hương Trà chừng 1 dặm, phía bắc đến biển 25 dặm."
q2_3_4_page_108-0012,"Nguyên là đất quận Nhật Nam đời thuộc Hán, sau là châu Lý của Chiêm Thành."
q2_3_4_page_108-0013,"Đời Trần là huyện Trà Kệ thuộc châu Hoá, thời thuộc Minh vẫn theo như thế."
q2_3_4_page_108-0014,"Đời Lê đổi làm huyện Đan Điền thuộc phủ Triệu Phong, đầu bản triều đổi tên hiện nay."
q2_3_4_page_108-0015,"Năm Minh Mệnh thứ 3 đổi lệ phủ Thừa Thiên, năm thứ 16, trích lấy 2 tổng cho lệ vào huyện Phong Điền."
q2_3_4_page_108-0016,"Lãnh 5 tổng, gồm 58 xã thôn phường ấp giáp."
q2_3_4_page_109-0001,HUYỆN PHONG ĐIÊN
q2_3_4_page_109-0002,"Ở cách phủ 57 dặm về phía bắc, đông tây cách nhau 94 dặm, nam bắc cách nhau 25 dặm, phía đông đến biển, lại đến địa giới huyện Hải Lăng 20 dặm, phía tây đến động núi 74 dặm, phía nam đến địa giới 2 huyện Hương Trà và Quảng Điền 24 dặm, phía bắc đến địa giới huyện Hải Lăng 1 dặm."
q2_3_4_page_109-0003,"Nguyên là đất 2 huyện Quảng Điền và Hương Trà, năm Minh Mệnh thứ 16 trích ra đặt huyện này."
q2_3_4_page_109-0004,Năm Tự Đức thứ 4 bỏ Tri huyện do huyện Quảng Điền kiêm nhiếp.
q2_3_4_page_109-0005,"Lãnh 5 tổng, 40 xã thôn phường ấp giáp."
q2_3_4_page_109-0006,"Ly sở và trường học trước ở xã Ưu Diêm, nay bỏ."
q2_3_4_page_109-0007,"Kính xét: năm Minh Mệnh thứ 15, phủ thần là bọn Lê Văn Quí và Vương Hữu Quang tâu xin đặt 6 huyện tuỳ theo hình thế sông núi và địa thế liền gần huyện nào thì phân phối lệ vào huyện ấy."
q2_3_4_page_109-0008,"1. Từ nguồn Tả Trạch trở xuống ven theo bờ phía bắc sông Hương, suốt đến cửa biển Thuận An."
q2_3_4_page_109-0009,"Theo biển trở về phía bắc đến xã Vĩnh Trị, ngang qua đường kênh Tiền thành; theo bờ phía nam sông Phú Ốc, ngược đến địa phận xã Lại Bằng nguồn Sơn Bồ, đặt làm huyện Hương Trà, chia làm 6 tổng."
q2_3_4_page_109-0010,2-Từ xã Vĩ Dã thượng ven bờ phía nam sông Hương xuống đến cửa biển Thuận An.
q2_3_4_page_109-0011,"Theo biển trở về phía nam đến hai ấp Lương Viện và Hà Úc, ngang qua bờ phía đông sông Hà Trữ, thông đến Lương Lộc và Văn Giang, ngược lên đến Diễn Phái và Bình Lục giáp xã Vĩ Dã thượng, đặt làm huyện Phú Vang, chia làm 6 tổng."
q2_3_4_page_109-0012,"3-Từ giang phận Phú Lễ về bờ phía bắc sông Phú Ốc, thuận dòng đến kinh Kim Đôi, ngang qua Thành Công, Yên Lộc, ấp Đông ấp Tây Cương Giản và phá Tam Giang trở sang phía bắc liền với giáp Tây xã Thế Chí."
q2_3_4_page_109-0013,"Lại ngang qua Phú Lễ giáp Đường Long, chuyển về phía nam, đến các xã Lai Xá và Cổ Tháp, nguyên trước là huyện Quảng Điền, nay đổi làm huyện Phong Điền, chia làm 5 tổng."
q2_3_4_page_109-0014,"4-Từ Cổ Bi, phía dưới đến An Lỗ, ngang qua Hiền Lương và Sơn Tùng."
q2_3_4_page_109-0015,"Phía trên đến Đường Long, An Nông, Chính Lộc ngang qua sông đến giáp Tây xã Thế Chí."
q2_3_4_page_109_110-0001,"Trở ra ngoài giáp địa đầu Quảng Trị, trở vào trong theo một dải ven biển đến giáp Đông xã Thế Chí, giáp với ấp Tây Cương Giản, đặt làm huyện Quảng Trạch, chia làm 5 tổng, qua đường kênh Tiền thành; theo bờ phía nam sông Phú Ốc, ngược đến địa phận xã Lại Bằng nguồn Sơn Bồ, đặt làm huyện Hương Trà, chia làm 6 tổng."
q2_3_4_page_110-0001,2. Từ xã Vĩ Dã thượng ven bờ phía nam sông Hương xuống đến cửa biển Thuận An.
q2_3_4_page_110-0002,"Theo biển trở về phía nam đến hai ấp Lương Viện và Hà Úc, ngang qua bờ phía đông sông Hà Trữ, thông đến Lương Lộc và Văn Giang, ngược lên đến Diễn Phái và Bình Lục giáp xã Vĩ Dã thượng, đặt làm huyện Phú Vang, chia làm 6 tổng."
q2_3_4_page_110-0003,"3. Từ giang phận Phú Lễ về bờ phía bắc sông Phú Ốc, thuận dòng đến kinh Kim Đôi, ngang qua Thành Công, Yên Lộc, ấp Đông ấp Tây Cương Giản và phá Tam Giang trở sang phía bắc liền với giáp Tây xã Thế Chí."
q2_3_4_page_110-0004,"Lại ngang qua Phú Lễ giáp Đường Long, chuyển về phía nam, đến các xã Lai Xá và Cổ Tháp, nguyên trước là huyện Quảng Điền, nay đổi làm huyện Phong Điền, chia làm 5 tổng."
q2_3_4_page_110-0005,"4. Từ Cổ Bi, phía dưới đến An Lỗ, ngang qua Hiền Lương và Sơn Tùng."
q2_3_4_page_110-0006,"Phía trên đến Đường Long, An Nông, Chính Lộc ngang qua sông đến giáp Tây xã Thế Chí."
q2_3_4_page_110-0007,"Trở ra ngoài giáp địa đầu Quảng Trị, trở vào trong theo một dải ven biển đến giáp Đông xã Thế Chí, giáp với ấp Tây Cương Giản, đặt làm huyện Quảng Trạch, chia làm 5 tổng."
q2_3_4_page_111-0001,"5. Từ nguồn Tả Trạch trở xuống, ven bờ phía nam sông Hương, đến con sông nhỏ cũ của xã Dương Xuân."
q2_3_4_page_111-0002,"Thông đến bờ phía tây sông Thần Phù, cho đến Phù Bài giáp địa phận các xã An Nông, Phúc Yên, Yên Cử, Phú Xuân đặt làm huyện Phú Lộc, chia làm 4 tổng."
q2_3_4_page_111-0003,"6. Từ Thần Phù thông đến Hà Trữ, ngang qua Hà Trung, Phụng Chính."
q2_3_4_page_111-0004,"Phía bắc giáp với Lương Viện, Hà Úc và An Bằng ra thẳng đến biển, trở vào trong giáp với địa điểm đầu Quảng Nam, đặt làm huyện Tân Vang chia làm 4 tổng."
q2_3_4_page_111-0005,Vâng chỉ chuẩn định: Quảng Điền vẫn để tên huyện như cũ.
q2_3_4_page_111-0006,"Phú Lộc đổi làm Hương Thủy, Quảng Trạch đổi làm Phong Điền, Tân Vang đổi làm Phú Lộc."
q2_3_4_page_111-0007,ĐẠO QUẢNG TRI (1)
q2_3_4_page_111-0008,Ở cách phủ 89 dặm lệch về phía bắc.
q2_3_4_page_111-0009,"Đông tây cách nhau 166 dặm, nam bắc cách nhau 127 dặm."
q2_3_4_page_111-0010,"Phía đông đến biển, lại giáp địa giới huyện Phong Điền 29 dặm, phía tây đến bảo Trấn Lao ở địa giới chín châu 137 dặm, phía nam đến địa giới sách Ba Hí huyện Phong Điền 42 dặm, phía bắc đến địa giới tỉnh Quảng Bình 85 dặm."
q2_3_4_page_111_112-0001,"Nguyên là đất quận Nhật Nam đời Hán, sau là đất châu Ô và châu Ma Linh (1) Năm Tự Đức thứ 29 lại đặt tỉnh Quảng Trị, của Chiêm Thành."
q2_3_4_page_112-0001,"Đời Lý, lấy châu Ma Linh đổi đặt châu Minh Linh."
q2_3_4_page_112-0002,"Đời Trần lại lấy châu Ô đặt châu Thuận, và đặt 4 huyện là Thạch Lan, Ba lăng, Lợi Điều và An Nhân lệ vào châu Thuận."
q2_3_4_page_112-0003,"Thời thuộc Minh, hợp cả 4 huyện vào châu Thuận, lệ vào phủ Thuận Hoá."
q2_3_4_page_112-0004,"Đầu đời Lê, đem châu Minh Linh lệ vào phủ Tân Bình, còn châu Thuận thì đổi đặt thành 2 huyện là Võ Xương và Hải Lăng, lệ vào phủ Triệu Gia Long, trích lấy châu Minh Linh thuộc phủ Quảng Bình và 2 huyện Đăng Xương và Hải Lăng thuộc phủ Triệu Phong đặt dinh Quảng Trị."
q2_3_4_page_112-0005,"Năm Minh Mệnh thứ 8, đổi làm trấn; năm thứ 13, chia tỉnh hạt, gọi là tỉnh Quảng Trị."
q2_3_4_page_112-0006,"Năm Tự Đức thứ 6, hợp vào phủ Thừa Thiên, bỏ tỉnh, đặt làm đạo, đổi đặt 1 quản đạo, kiêm lý 2 huyện Hải Lăng và Đăng Xương, thống hạt 3 huyện Minh Linh, Địa Linh, Thành Hoá, và 9 châu người Thổ."
q2_3_4_page_112-0007,Lãnh 5 huyện 9 châu.
q2_3_4_page_112-0008,HUYỆN ĐĂNG XƯƠNG (1)
q2_3_4_page_112-0009,"Ở cách đạo 30 dặm về phía tây bắc, đông tây cách nhau 43 dặm, nam bắc cách nhau 20 dặm."
q2_3_4_page_112_113-0001,"Phía đông đến địa giới huyện Hải Lăng 39 dặm, phía tây (1) Nay là huyện Triệu Phong, đến địa giới 2 huyện Địa Linh và Thành Hoá 14 dặm, phía nam đến địa giới huyện Thành Hoá 9 dặm phía bắc đến biển 11 dặm."
q2_3_4_page_113-0001,"Nguyên là đất quận Nhật Nam đời Hán, sau là đất châu Ô của Chiêm Thành."
q2_3_4_page_113-0002,"Đời Trần là châu Thuận, thời thuộc Minh lệ vào phủ Thuận Hoá."
q2_3_4_page_113-0003,"Đầu đời Lê là huyện Võ Xương thuộc phủ Triệu Phong, đầu bản triều đổi tên hiện nay."
q2_3_4_page_113-0004,Năm Minh Mệnh thứ 11 đặt Tri phủ Triệu Phong huyện này do phủ thống hạt.
q2_3_4_page_113-0005,Năm thứ 17 đổi do phủ kiêm lý.
q2_3_4_page_113-0006,"Nguyên lãnh 5 tổng, 133 xã thôn phường giáp trang."
q2_3_4_page_113-0007,"Năm Tự Đức thứ 5, trích lấy 4 thôn phường cho thuộc huyện Thành Hoá."
q2_3_4_page_113-0008,"Năm thứ 7 bỏ phủ Triệu Phong, do đạo kiêm lý."
q2_3_4_page_113-0009,Nay lãnh 5 tổng 129 xã thôn phường giáp trang.
q2_3_4_page_113-0010,"Ly sở và trường học PHỦ Triệu Phong trước ở xã Ái Tử, nay bỏ."
q2_3_4_page_113-0011,HUYỆN HẢI LĂNG
q2_3_4_page_113-0012,"Cách đạo 17 dặm về phía đông nam, đông tây cách nhau 38 dặm, nam bắc cách nhau 70 dặm."
q2_3_4_page_113-0013,"Phía đông đến địa giới huyện Phong Điền 24 dặm, phía tây đến địa giới 2 huyện Đăng Xương và Thành Hoá 14 dặm, phía nam đến động núi 47 dặm, phía bắc đến biển 23 dặm."
q2_3_4_page_113-0014,"Nguyên là đất quận Nhật Nam đời Hán, sau là đất châu Ô của Chiêm Thành."
q2_3_4_page_113-0015,"Đời Trần thuộc châu Thuận, đầu đời Lê đặt tên hiện nay do phủ Triệu Phong thống hạt."
q2_3_4_page_113-0016,"Nguyên lãnh 4 tổng 68 xã thôn, phường, ấp."
q2_3_4_page_113_114-0001,"Năm Tự Đức thứ 5, trích lấy 3 thôn phường cho thuộc huyện Thành Hoá."
q2_3_4_page_114-0001,"Năm thứ 6, bỏ Tri huyện, công việc huyện do phủ Triệu Phong kiêm lý."
q2_3_4_page_114-0002,"Nay lãnh 4 tổng 65 xã, thôn, phường, ấp."
q2_3_4_page_114-0003,"Ly sở và trường học trước ở xã Diên Sinh, nay bỏ."
q2_3_4_page_114-0004,HUYỆN MINH LINH (1)
q2_3_4_page_114-0005,"Cách đạo 55 dặm về phía bắc, đông tây cách nhau 36 dặm, nam bắc cách nhau 29 dặm."
q2_3_4_page_114-0006,"Phía đông đến biển 14 dặm, phía tây đến địa giới huyện Thành Hoá 22 dặm, phía nam đến địa giới huyện Địa Linh 12 dặm, phía bắc đến địa giới huyện Lê Thủy thuộc Quảng Bình 17 dặm."
q2_3_4_page_114-0007,"Nguyên là đất quận Nhật Nam đời Hán, sau là đất châu Ma Linh của Chiêm Thành."
q2_3_4_page_114-0008,"Đời Lý đổi làm châu Minh Linh, thời thuộc Minh đổi làm châu Nam Linh."
q2_3_4_page_114-0009,"Đời Lê lại đổi làm huyện Minh Linh, thuộc phủ Tân Bình; đầu bản triều vẫn theo như thế."
q2_3_4_page_114-0010,"Đầu đời Gia Long chia đặt các đinh, bèn trích lấy huyện này cho lệ vào dinh Quảng Trị, vẫn buồm lên đầu chữ ""Quảng Bình phủ"", đặt một Tả Tri huyện và một Hữu Tri huyện."
q2_3_4_page_114-0011,"Năm Minh Mệnh thứ 3, đổi lệ vào phủ Triệu Phong."
q2_3_4_page_114-0012,Năm thứ 8 đổi Tả Hữu Tri huyện làm Tri huyện và Huyện thừa.
q2_3_4_page_114-0013,"Năm thứ 11, bỏ Tri (1) Tên huyện này trước là Minh Linh, năm Ất Dậu (1885) đời Hàm Nghi vì húy chữ ""minh"" nên đổi gọi là Chiêu Linh."
q2_3_4_page_114_115-0001,"Năm Thành Thái thứ 1 (1889) lại húy chữ ""Chiêu"", nên đổi làm Vĩnh Linh, huyện và Huyện thừa, do phủ Triệu Phong kiêm lý."
q2_3_4_page_115-0001,"Năm thứ 17 đổi phủ kiêm lý huyện Đăng Xương, lại đặt Tri huyện."
q2_3_4_page_115-0002,Nguyên lãnh 5 tổng 142 xã thôn phường trang giáp.
q2_3_4_page_115-0003,"Năm Minh Mệnh thứ 17, trích lấy 3 tổng đổi lệ vào huyện Địa Linh mới đặt, lại đặt thêm 2 tổng, cùng với 2 tổng cũ vẫn lệ vào huyện này."
q2_3_4_page_115-0004,"Nay lãnh 4 tổng 77 xã, thôn, phường, trang, giáp."
q2_3_4_page_115-0005,HUYỆN ĐỊA LINH (1)
q2_3_4_page_115-0006,"Cách đạo 25 dặm về phía bắc, đông tây cách nhau 37 dặm, nam bắc cách nhau 33 dặm."
q2_3_4_page_115-0007,"Phía đông đến biển 12 dặm, phía tây đến địa giới huyện Thành Hoá 25 dặm, phía nam đến địa giới huyện Đăng Xương 17 dặm, phía bắc đến địa giới huyện Minh Linh 16 dặm."
q2_3_4_page_115-0008,Nguyên là đất 2 huyện Đăng Xương và Minh Linh.
q2_3_4_page_115-0009,"Năm Minh Mệnh thứ 17, trích lấy đặt làm huyện, thuộc phủ Triệu Phong, lãnh 4 tổng, 112 xã, thôn, phường, giáp."
q2_3_4_page_115-0010,"Năm Tự Đức thứ 5 trích lấy 22 xã, thôn phường đổi lệ vào huyện Thành Hoá."
q2_3_4_page_115-0011,"Năm thứ 6 bỏ Tri huyện, do huyện Minh Linh kiêm nhiếp."
q2_3_4_page_115-0012,"Nay lãnh 4 tổng, 91 xã, thôn, phường, giáp."
q2_3_4_page_115-0013,"Ly sở và trường học trước ở địa phận xã Kim Đâu, nay bỏ."
q2_3_4_page_115-0014,(1) Đời Đồng Khánh đổi làm huyện Gio Linh.
q2_3_4_page_116-0001,HUYỆN THÀNH HOÁ (1)
q2_3_4_page_116-0002,"Cách đạo 30 dặm về phía tây nam, đông tây cách nhau 138 dặm, nam bắc cách nhau 229 dặm."
q2_3_4_page_116-0003,"Phía đông đến địa giới 2 huyện Hải Lăng và Đăng Xương 20 dặm, phía tây đến địa giới châu Na Bôn 118 dặm, phía nam đến địa giới Châu Thượng Kế 210 dặm, phía bắc đến địa giới huyện Địa Linh 19 dặm."
q2_3_4_page_116-0004,"Nguyên là đất Ai Lao, từ đời Lê về trước gọi là nguồn Cam Lộ, có 2 châu là Sa Bôi và Thuận Bình."
q2_3_4_page_116-0005,"Châu Sa Bôi có 11 trang 60 sách, châu Thuận Bình có 19 sách 10 động."
q2_3_4_page_116-0006,"Đời Hồng Đức có lệ cống thổ sản, sau Thuận Bình đổi tên là Tĩnh Yên."
q2_3_4_page_116-0007,"Đầu bản triều vẫn theo như thế, cũng là cống man, các bộ lạc thì gọi là châu hoặc tổng, châu thì có sách Man, tổng thì có sách Nguồn."
q2_3_4_page_116-0008,"Đầu đời Gia Long là đạo Cam Lộ, đặt 1 Quản đạo và 1 Hiệp thủ, thuộc viên thì đặt 1 Cai hợp, 1 Thủ hợp và 12 lệnh, sử; người làm việc ở châu gọi là Châu quan, làm việc ở tổng gọi là Tổng quan."
q2_3_4_page_116_117-0001,"Những cống man và thuế man danh hiệu có thể khảo được là: đạo Mường Vang, châu Sa Bôi; 2 mường Na Bôn (Tchepone) và Thượng Kế (Mường Nong), châu Tĩnh Yên; 3 mường Tá Bang (Pha Bang), Xương Thịnh (Xiêng Hem) và Tầm Bồn (Mường Phong); 8 (1) Sau là huyện Cam Lộ, sách Ba Lan (Pha Lan), Mường Bổng (Nam Nan), Làng Thìn (Mường Phin), Làng Tổng, Làng Liên, Làng Tán, Lá Mít, A Di; 4 nguồn Viên Kiệu, Tầm Linh, Ô Giang, Cổ Lâm; 6 tộc Làng Hạ, Tầm La, Làng Khổng, Kỳ Tháp, Hương Bạn, Làng Lục."
q2_3_4_page_117-0001,"Phầm cống man gọi là châu Mường, thuế man gọi là châu Bạn."
q2_3_4_page_117-0002,"Năm Minh Mệnh thứ 3, mới lấy đất sách Viên Kiệu, Tầm Linh, Làng Tổng và Làng Liên đặt làm châu Hướng Hoá, có một Tri châu, dùng Lưu quan (1) sung bổ và lệ vào đạo Cam lộ."
q2_3_4_page_117-0003,"Năm thứ 8, sa trưởng các châu dâng sổ đinh điền và xin cho đứng vào hàng châu huyện, bèn đem một đạo Mường Vang, 7 châu Na Bồn, Thượng Kế, Tá Bang, Xương Thịnh, Tầm Bồn, Ba Lan, Mường Bổng và 1 sách Làng Thìn, cả thảy 9 cống man, đổi làm 9 châu, còn 4 nguồn, 5 sách và 6 tộc thuế man thì đổi làm 15 tổng, đều thuộc châu Hướng Hoá."
q2_3_4_page_117-0004,"Các đầu mục tổng trưởng đều trao cho chức Cai tổng, 15 tổng sau hợp lại làm 9 tổng."
q2_3_4_page_117-0005,Sản vật cống và thuế do đạo Cam Lộ thu nộp.
q2_3_4_page_117-0006,"Năm thứ 12 đổi đạo Cam Lộ làm phủ Cam Lộ, đặt một Tri phủ kiêm lý châu Hướng Hoá và thống hạt 9 châu."
q2_3_4_page_117-0007,"Năm thứ 15, đổi châu Hướng Hoá làm huyện Thành Hoá."
q2_3_4_page_117-0008,"Năm Tự Đức thứ 3, đổi làm huyện Thành Hóa."
q2_3_4_page_117-0009,"Năm thứ (1) Chức quan do Triều đình bổ đến, không phải thổ quan."
q2_3_4_page_118-0001,"5, trích lấy đất 3 huyện Địa Linh, Đăng Xương và Hải Lăng, gồm 32 xã thôn đặt một tổng Cam Đường (sau đổi là Cam Vũ), bổ vào huyện hạt."
q2_3_4_page_118-0002,"Năm thứ 6, bổ phủ Cam Lộ, đặt Tri huyện Thành Hoá."
q2_3_4_page_118-0003,"Lãnh 10 tổng, 99 xã, thôn, phường, ấp."
q2_3_4_page_118-0004,CHÍN CHÂU KY MY (1)
q2_3_4_page_118-0005,CHÂU MƯỜNG VANG
q2_3_4_page_118-0006,Cách huyện Thành Hoá ở ngay đường về phía tây.
q2_3_4_page_118-0007,"Hạt châu giáp các địa giới Na Bôn, Tầm Bồn, phủ Lạc Biên và nguồn An Đại, xưa là đất Ai Lao."
q2_3_4_page_118-0008,"Tiên tổ tên là Sa Hôn, là con của Man trưởng Nam Nội Ởi Nô (Nam Nội Ởi Nô nguyên thuộc đất Ai Lao)."
q2_3_4_page_118-0009,"Man trưởng Ởi Nô sinh được 4 con, con trưởng Long Uất, con thứ Sa Hôn, con thứ nữa Sa Phô, con thứ nữa Phì Xương."
q2_3_4_page_118-0010,"Khi Man trưởng Ởi Nô chết, anh em Long Uất đưa tang ra ngoài, lúc ấy, chồng người cô (không rõ tên) ở nhà, chiếm cứ lấy sách tự lập làm Man trưởng, khi anh em Long Uất trở về, hắn đóng cửa không cho vào."
q2_3_4_page_118-0011,"Bọn Long Uất phải đem nhau chạy đến Mường Vang, dân man nhiều người đi theo, bèn đánh đuổi Tù trưởng Mường Vang và chiếm lấy đất."
q2_3_4_page_118_119-0001,"Họ giao hẹn với nhau cầu đảo vị thần núi Pha Huân để bói xem trong bốn anh em người (1) Ky My nghĩa là ràng buộc một cách lỏng lẻo, nào được ở đất này."
q2_3_4_page_119-0001,Chỉ một Sa Hôn bói được điểm tốt.
q2_3_4_page_119-0002,"Long Uất bèn đi Na Bôn, Sa Khô đi Tầm Bồn và Phì Xương đi Thượng Kế."
q2_3_4_page_119-0003,"Mấy anh em đều là tay hùng trưởng, đến đầu là chiếm lấy đất, đều làm trưởng một châu."
q2_3_4_page_119-0004,"Riêng Mường Vang, thì từ Sa Hôn truyền đến Sa Linh gồm 15 đời, nguyên trước là cống man."
q2_3_4_page_119-0005,"Năm Minh Mệnh thứ 8, mới liệt vào hàng châu huyện, triều đình trao cho Sa Linh chức Thổ tri châu, cho họ là Lâm nối đời ở đất Phủ Cổ, ruộng đất có 152 xứ, dân số có hơn 2.000 người."
q2_3_4_page_119-0006,"Họ khai hoang trồng cây cấy lúa, thổ nghi hợp lúa nếp, lúa tẻ và dâu tầm, nên thu được nhiều lợi."
q2_3_4_page_119-0007,"Năm Minh Mệnh thứ 12 định lệ mỗi năm nộp thuế bằng bạc mỗi người 2 đồng cân, lại định 3 năm một lần vào châu (8 châu khác cũng thế)."
q2_3_4_page_119-0008,Sau nhân dân xiêu tán hiện chỉ còn 47 người.
q2_3_4_page_119-0009,CHÂU NA BÔN (1)
q2_3_4_page_119-0010,Cách huyện 5 ngày đường về phía tây và ở về phía bắc châu Làng Thìn.
q2_3_4_page_119-0011,"Hạt châu giáp các địa giới Ai Lao, Xương Thịnh, Thượng Kế và Mường Vang, rộng ngang với đất châu Mường Vang."
q2_3_4_page_119-0012,"Nguyên thuộc đất châu Sa Bôi, tiên tổ là Long Uất, con cả của Man trưởng Ởi Nô, mở mang từ đời Long Uất, truyền đến Sa Chế gồm 15 đời, nối đời nộp cống, nguyên gọi là Na Bôn, năm Minh Mệnh thứ 4 đổi tên hiện nay."
q2_3_4_page_119-0013,"Năm thứ 8, liệt vào hàng châu huyện, đổi cho Sa Chế làm Thổ tri châu, cho họ là Thạch, đời đời ở bờ sông Na Bôn, ruộng đất có 140 xứ, dân số có hơn 2.000 người, sau bị xiêu tán, số đinh sút kém, hiện chỉ còn 341 người."
q2_3_4_page_120-0001,CHÂU THƯỢNG KẾ Cách huyện 7 ngày đường về phía tây nam và ở phía nam Mường Vang.
q2_3_4_page_120-0002,"Hạt châu giáp các địa giới Na Bôn, Làng Thuận và Mường Mẫn."
q2_3_4_page_120-0003,"Nguyên trước thuộc châu Sa Boi, tiên tổ là Phi Xương, con út của Man trưởng Ổi Nô."
q2_3_4_page_120-0004,"Từ Phì Xương truyền đến Sa Phủ gồm 12 đời, trước vẫn là cống man."
q2_3_4_page_120-0005,"Năm Minh Mệnh thứ 8, mới liệt vào hàng châu huyện, đổi cho Sa Phủ làm Thổ tri châu, cho họ là Khưu, nối đời ở sông La Nộn."
q2_3_4_page_120-0006,"Đất ở chân núi cao ráo, ruộng đất có 140 xứ dân số có 1.500 người, sau xiêu tấn dần, hiện chi còn."
q2_3_4_page_120-0007,260 người.
q2_3_4_page_120-0008,CHÂU TẦM BỒN
q2_3_4_page_120-0009,Cách huyện 10 ngày đường ở lệch về phía tây bắc và ở phía bắc châu Ba Lan.
q2_3_4_page_120_121-0001,"Hạt châu giáp các (2) Tức Mường Phong, địa giới sông Khung, Ba Xắc, Ba Lan và Mường Vang rộng ngang với đất châu Mường Vang, nguyên thuộc châu Tĩnh An, tiên tổ là Sa Khô, con thứ của Man trưởng Ổi Nôi."
q2_3_4_page_121-0001,"Từ khi Sa Khô mở mang đất này, ngày thêm rộng lớn, kiêm tính được đất 4 châu Ba Lan, Mường Bổng, Tá Bang và Xương Thịnh."
q2_3_4_page_121-0002,"Sai con cả là Pha Nô Khâm Mang ở Mường Bổng, con thứ là Pha Nha Cứ Hùm ở Xương Thịnh, con thứ nữa là Sa Khâm ở Tá Bang, lại con thứ nữa là Sa Kiệu ở Ba Lan, còn Sa Khô thì tự ở Tầm Bồn."
q2_3_4_page_121-0003,"Sau khi Sa Khô chết, người cháu ngoại là Sa Khẩu thừa kế, truyền đến Sa Nội, gồm 14 đời."
q2_3_4_page_121-0004,"Nguyên trước tên là Tầm Bồn, năm Minh Mệnh thứ 4, đổi tên hiện nay, vẫn liệt vào hàng cống man."
q2_3_4_page_121-0005,"Năm thứ 8 mới liệt vào hàng châu huyện, đổi cho Sa Nội làm Thổ tri châu, cho họ là Hướng, nổi đời ở bờ sông Tầm Bồn."
q2_3_4_page_121-0006,"Địa thế bằng phẳng, không có núi rừng, ruộng đất có 43 xứ, dân số có 1.100 người, thổ sản rất nhiều, muối, cau, voi, ngựa, trâu, bò, cá sấu, cá quả."
q2_3_4_page_121-0007,"Sau nhân dân xiêu tán, chưa hồi phục hết."
q2_3_4_page_121-0008,CHÂU MƯỜNG BỔNG (1)
q2_3_4_page_121-0009,"Cách huyện 12 ngày đường, ở lệch về phía tây nam và ở phía nam châu Tầm Bồn."
q2_3_4_page_121_122-0001,"Hạt châu giáp (1) Tức Nam Nan, các dia giới sông Khung, Ba Lan, Tầm Bồn và Na Bôn, rộng ngang với châu Tầm Bồn, nguyên trước thuộc châu Tĩnh An."
q2_3_4_page_122-0001,Tiên tổ là Pha Nô Khâm Mang con cả của Sa Khô.
q2_3_4_page_122-0002,"Từ Khâm Mang truyền đến Sa Uân, gồm 8 đời."
q2_3_4_page_122-0003,"Trước là cống man, cùng Tầm Bồn chung một sổ sách."
q2_3_4_page_122-0004,"Năm Minh Mệnh thứ 8 mới liệt vào hàng châu huyện đứng riêng làm 2 châu, đổi cho Sa Uân làm Thổ tri châu, cho họ là Cốc, nối đời ở đất Nộn Khu."
q2_3_4_page_122-0005,"Địa thế bằng phẳng, không có núi rừng, ruộng đất có 40 xứ, thổ sản có nhiều muối cau, lúa nếp, trâu, bò, phần dân số có 440 người, ít lâu sau xiêu tán, không được như trước."
q2_3_4_page_122-0006,"CHÂU BA LAN"")"
q2_3_4_page_122-0007,"Cách huyện 15 ngày đường, ở về phía tây nam."
q2_3_4_page_122-0008,"Hạt châu gần sông Khung và giáp địa giới nước Xiêm La, lại giáp các địa giới Tầm Bồn, Mường Bổng, Na Bôn, Mường Vang."
q2_3_4_page_122-0009,"Nguyên thuộc châu Tĩnh An, tiên tổ là Sa Kiệu, con thứ tư của Sa Khô."
q2_3_4_page_122-0010,Từ Sa Kiệu truyền đến Sa Ngân gồm 7 đời.
q2_3_4_page_122-0011,"Trước đây là cống man, cùng Tầm Bồn chung sổ sách."
q2_3_4_page_122-0012,"Năm Minh Mệnh thứ 8, mới liệt vào hàng châu huyện, đổi cho Sa Ngân làm Thổ tri châu, cho họ là Đồng, nối đời ở bờ sông Trình Thôi."
q2_3_4_page_122-0013,"Địa thế bằng phẳng, không có núi rừng, ruộng đất có 43 xứ; thổ sản cũng như Tầm Bồn, dân số có hơn 1.000 người sau xiêu tấn, chưa hồi phục hết."
q2_3_4_page_123-0001,"CHÂU TÁ BANG"""
q2_3_4_page_123-0002,Cách huyện 6 ngày đường ở về phía tây chau Na Bôn.
q2_3_4_page_123-0003,"Hạt châu giáp các địa giới Mường Vang Xương Thịnh, Làng Liên và Ô Giang."
q2_3_4_page_123-0004,Nguyên trước thuộc châu Tĩnh An.
q2_3_4_page_123-0005,"Tiên tổ là Sa Khâm, con thứ ba của Sa Khô."
q2_3_4_page_123-0006,Từ Sa Khâm truyền đến Sa Chiêu gồm 7 đời.
q2_3_4_page_123-0007,Tên châu nguyên trước là Tá Bang năm Minh Mệnh thứ 4 đổi tên hiện nay.
q2_3_4_page_123-0008,"Năm thứ 8, mới liệt vào hàng châu huyện, đổi cho Sa Chiêu làm Thổ tri châu, cho họ là Lĩnh, nối đời Ở bờ sông Tá Bang."
q2_3_4_page_123-0009,"Địa thế ở chân núi cao ráo, ruộng đất có 12 xứ, dân số có hơn 300 người, sau xiêu tán dần hiện chỉ còn 39 người."
q2_3_4_page_123-0010,CHÂU XƯƠNG THỊNH
q2_3_4_page_123-0011,Cách huyện 7 ngày đường về phía tây nam và ở phía tây châu Tá Bang.
q2_3_4_page_123-0012,"Hạt châu giáp các địa giới Mường Vang, Na Bôn, Tá Bang và Làng Liên, nguyên thuộc châu Tĩnh An."
q2_3_4_page_123-0013,"Tiên tổ là Pha Nha Cứ Hùm con thứ hai của Sa Khô, từ Pha Nha Cứ Hùm truyền đến Sa Khả gồm 7 đời."
q2_3_4_page_123-0014,"Tên châu nguyên là Xương Cụm, năm Minh Mệnh thứ 4 đổi tên hiện nay."
q2_3_4_page_123-0015,"Năm thứ 8, liệt vào hàng châu huyện, đổi cho Sa Khả làm Thổ tri châu, cho họ là Sơn, nổi đời ở bờ sông Xà Mâu."
q2_3_4_page_123-0016,"Địa thế khô rắn và ít màu, ruộng đất có 10 xứ, dân số có hơn 200 người, sau xiêu tán, hiện mới hồi phục được 21 người."
q2_3_4_page_124-0001,CHÂU LÀNG THÌN (1)
q2_3_4_page_124-0002,"Cách huyện 8 ngày đường về phía tây, ở phía đông châu Thượng Kế, nguyên thuộc châu Tĩnh Yên."
q2_3_4_page_124-0003,"Tiên tổ là Pha Nha Phó, con thứ cứ Long Uất."
q2_3_4_page_124-0004,"Trước kia anh em Pha Nha Phó tranh nhau, Phó bèn cùng những người theo mình lánh đến ở địa phận châu Ba Lan."
q2_3_4_page_124-0005,"Châu trưởng cho ở đất Na Doan, Phó bèn dựng nhà ở đấy, còn thổ mục và man đinh đi theo thì ở đất khe Xà Cơ thuộc Na Bôn để phục dịch Phó, chỗ ở của họ cách Na Đoan nửa ngày đường."
q2_3_4_page_124-0006,Từ Pha Nha Phó truyền đến Sa Đôn gồm 6 đời.
q2_3_4_page_124-0007,"Đất này nguyên trước là một sách, năm Minh Mệnh thứ 4 thăng làm châu."
q2_3_4_page_124-0008,"Năm thứ 8, liệt vào hàng châu huyện, đổi cho Sa Đôn làm Thổ tri châu, cho họ là Thiết."
q2_3_4_page_124-0009,"Trước không có phần đất, chỗ đất ở nhờ có 6 xứ ruộng, số dân trước có hơn 200 người, hiện còn 78 người."
q2_3_4_page_125-0001,"Xét: năm Minh Mệnh thứ 8, số dân đinh của 9 châu là 10.733 người, ruộng 922 xứ, từ khi liệt vào biên hộ, thường bị xiêu tán, hiện số đinh chỉ còn 186 người, số ruộng 612 xứ."
q2_3_4_page_125-0002,HÌNH THẾ
q2_3_4_page_125-0003,"Phía đông giáp biển lại có các phá, phía tây dựa núi, núi rừng chập chùng."
q2_3_4_page_125-0004,"Phá Tam Giang ở phía bắc, phá Hà Trung ở phía đông, các núi nguồn Tả Trạch vòng quanh ở phía nam, các núi nguồn Hữu Trạch giăng dài ở phía hữu."
q2_3_4_page_125-0005,"Núi sông bao quanh, ruộng nương màu mỡ, vừa giáp biển, vừa gần núi, nên cá tôm, gỗ lạt, không sao dùng hết, thật là kho tàng của trời."
q2_3_4_page_125-0006,"Núi cao thì có Thương Sơn, Ngự Bình, Ngọc Trần, Ứng Đôi, Hải Vân và Tá Linh."
q2_3_4_page_125-0007,"Sông lớn thì có Hương Giang, Phú Ốc, Lương Điền, Thạch Hãn, Lợi Nông, Vĩnh Định (xem phần ""Sơn Xuyên"")."
q2_3_4_page_125-0008,"Nơi hiểm yếu, thì có thành Trấn Hải, cửa Hải Sơn, Cửa Hải Vân là Thiên hạ đệ nhất hùng quan, bảo Hưng Bình, bảo Du Mộc, khống chế mặt đông nam, bảo Cam Lộ, bảo Trấn Lao ngăn chẹn mặt tây bắc."
q2_3_4_page_125-0009,"Cửa biển Thuận An thuyền ghe tấp nập, giao thông với các xứ, các nguồn."
q2_3_4_page_125-0010,"Tả hữu, ngàn khe liên tiếp, khống chế các rợ Man."
q2_3_4_page_125-0011,"Chỗ bằng chỗ hiểm xen nhau, thủy thổ lại lành, rất tiện cho bốn phương tụ họp."
q2_3_4_page_125-0012,Địa điểm xây dựng đô thành từ xưa không đầu hơn chỗ này.
q2_3_4_page_126-0001,KHÍ HẬU
q2_3_4_page_126-0002,"Bốn mùa thường ấm, đầu mùa xuân đào đã trổ hoa, tháng giêng tháng 2 khí trời hòa ấm, cau bắt đầu ấp bẹ, tục gọi là ""gió cau chửa""."
q2_3_4_page_126-0003,"Tháng 3 khí trời nóng dần, thỉnh thoảng có gió mạnh từ phương nam đến, tục gọi ""bão nam"", người đi sông nước cần phải đề phòng."
q2_3_4_page_126-0004,"Tháng 4 tiết tiểu mãn, thỉnh thoảng cũng có lụt."
q2_3_4_page_126-0005,"Tháng 5, tháng 6 và tháng 7 gió nam thổi mạnh, trước ngày 7 tháng 7 có mưa tục gọi là ""mưa rửa xe""."
q2_3_4_page_126-0006,"Tháng 8, tháng 9 khí trời mát dần, thường có mưa lũ, lại thỉnh thoảng có gió đông vài ba ngày mới tắt, tục gọi là ""gió từ bến""."
q2_3_4_page_126-0007,"Tháng 10 trong những ngày mỏng 3, 13 và 23 thường bị lụt, ngạn ngữ có câu: ""Ông tha mà bà chẳng tha, làm cho cái lụt ngày 3 tháng 10""."
q2_3_4_page_126-0008,"Lụt rút mà có mưa, gọi là ""mưa rửa bùn""; mùa đông mưa nhỏ sắc nước tối gọi là ""mưa tro""."
q2_3_4_page_126-0009,"Trong một năm, nửa mùa thu sang mùa đông thường mưa nhiều, nửa mùa xuân về sau thường nắng nhiều."
q2_3_4_page_126-0010,"Từ tháng trọng đông (tháng 11) trở về sau, khí rét nhưng không giá buốt, cây cối không rụng lá, cuối năm khí trời đã ấm, tháng 12 sấm bắt đầu dậy."
q2_3_4_page_126-0011,"Một năm có hai vụ lúa, tháng 10 cấy, tháng 3 gặt là vụ hạ, tháng 5 cấy tháng 8 gặt là vụ thu."
q2_3_4_page_126-0012,"Tháng 7 và 8, nếu lụt sớm thì hỏng lúa cho nên vụ thu hằng năm dân gian có câu ""đánh bạc với trời"", ý nói dầu có cấy mà chưa chắc được ăn."
q2_3_4_page_126-0013,"Địa thế 9 châu phần nhiều rừng núi, mỗi năm chỉ cấy một mùa."
q2_3_4_page_126-0014,Thời tiết nói trên thực quan hệ với việc làm ruộng.
q2_3_4_page_126-0015,"Kính xét khoảng đời Minh Mệnh, Thánh Tổ Nhân Hoàng Đế có ngư chế 11 bài nông ngạn, xin chép ra đây, để suy nghiệm về việc làm nông."
q2_3_4_page_127-0001,"1 Đệ niên trừ tịch bán Khả nghiệm ngư dữ nông Thiên hình, địa thượng ám."
q2_3_4_page_127-0002,Diễn gia hạ vụ phong.
q2_3_4_page_127-0003,"Địa quang, thiên thượng ám."
q2_3_4_page_127-0004,Chỉ hữu lợi ngư ông.
q2_3_4_page_127-0005,Lưỡng giả nan kiêm cổ Nguyện thành quyến mẫu công.
q2_3_4_page_127-0006,"(Hằng năm, nửa đêm trừ tịch Thường nghiệm việc cá, việc nông Trời sáng, mặt đất tối."
q2_3_4_page_127-0007,Nhà nông vụ hạ được.
q2_3_4_page_127-0008,Đất sáng trên trời tối.
q2_3_4_page_127-0009,Chỉ có lợi ông chài.
q2_3_4_page_127-0010,Hai đằng khó vẹn cả Xin ruộng tốt là hơn).
q2_3_4_page_127-0011,"Tục dân ở Kinh, giờ tí đêm trừ tịch, hề thấy sắc trời sáng, sắc đất tối, thì năm ấy được mùa lúa, nếu thấy sắc đất sáng sắc trời tối thì chỉ lợi cho nghề chài lưới mà thôi."
q2_3_4_page_128-0001,2. Nguyên đán tình minh hảo.
q2_3_4_page_128-0002,Nông công thập bội thu Nhuợc phùng âm vũ lãnh.
q2_3_4_page_128-0003,Duy khủng tổn tây trù.
q2_3_4_page_128-0004,"(Năm mới trời trong sáng Lúa ruộng thu gấp mười Nếu gặp mưa dầm, lạnh Chỉ sợ hại mùa màng)."
q2_3_4_page_128-0005,"Tương truyền ngày mồng một đầu năm, tạnh ráo, có gió đông bắc thì năm ấy được mùa to, nếu gió tây bắc giá rét, thì vụ hạ sẽ kém."
q2_3_4_page_128-0006,3. Hạ thiên mang hiện (1) nhất Đông chấn yếu thanh trừng.
q2_3_4_page_128-0007,Hậu tiên nhật hữu vũ.
q2_3_4_page_128-0008,Thị tuế bốc phong đăng.
q2_3_4_page_128-0009,(Tiết mang chủng mùa hè Phương đông trời trong sáng.
q2_3_4_page_128-0010,Mưa sau trước một ngày Mùa năm ấy phong đăng).
q2_3_4_page_128-0011,"Tiết mang hiện, trống canh năm lúc mặt trời bắt đầu mọc, phương đông cần phải sáng sủa không (1) Mang hiện: chính chữ Hán là mang chủng, vì nhà Nguyễn kiêng chữ ""chủng"" là tên húy vua Gia Long, nên đổi ra ""hiện"" hoặc ""thực""."
q2_3_4_page_128_129-0001,"Tiết mang chủng nhằm này 6 hoặc ngày 7 tháng 6 dương lịch, vào tiết tháng 5 âm lịch, có mây, sao Mão tỏ tường có thể đếm từng ngôi một, kịp khi bừng sáng, gặp trời mưa hoặc trước tiết mang hiện 1, 2 ngày hoặc sau 1, 2 ngày, thì năm ấy được mùa."
q2_3_4_page_129-0001,"Chữ ""mang hiện"" sau đổi làm ""mang thực""."
q2_3_4_page_129-0002,"4-Tuế phùng chính nhị đại, Hoa quả thục hàng hàng, Nhược phùng ngũ lục đại, Thu vụ cốc nhương nhương."
q2_3_4_page_129-0003,"(Năm nào giêng hai đủ, Hoa quả sai chất chồng, Thắng năm, tháng sáu đủ, Vụ thu lúa đầy đồng)."
q2_3_4_page_129-0004,"Lại hằng năm, hễ tháng giêng, tháng hai đủ, thì mùa hè mọi thứ khoai, đậu, dưa rau đều tốt."
q2_3_4_page_129-0005,"Nếu tháng 5, tháng 6 đủ thì vụ thu lúa sẽ được mùa."
q2_3_4_page_129-0006,"5-Trọng hạ Mão tỉnh xuất, Khả nghiệm thuỳ tỉnh minh?"
q2_3_4_page_129-0007,"Nhất tinh, nhị tỉnh lãng."
q2_3_4_page_129-0008,Tiên hạ giá giả thành.
q2_3_4_page_129-0009,"Tam tinh, tứ tỉnh nhuận, Trung hạ giá giả vinh, Ngũ, lục, thất tỉnh diệu, Hậu hạ giá giả hanh."
q2_3_4_page_129-0010,"(Tháng năm, sao Mão mọc Nghiệm xem sáng ngôi nào?"
q2_3_4_page_129-0011,"Ngôi nhất, ngôi nhì sáng."
q2_3_4_page_129-0012,"Cấy trước sẽ được mùa Ngôi ba, ngôi bốn sáng."
q2_3_4_page_129-0013,"Cấy giữa lúa tốt tươi Ngôi năm, sáu bảy sáng Cấy muộn mới tốt lành)."
q2_3_4_page_129-0014,"Tháng năm, lúc sao Mão mọc, nếu thấy ngôi thứ nhất và thứ nhì ở phía trên chòm sao sáng tỏ, thì ruộng cấy sớm sẽ được mùa."
q2_3_4_page_129-0015,"Nếu thấy ngôi thứ ba và thứ tư ở giữa chòm sao sáng tỏ thì ruộng cấy không sớm không muộn sẽ được mùa, nếu thấy 3 ngôi sao thứ năm, sáu và bảy sáng tỏ thì ruộng cấy muộn lại được mùa."
q2_3_4_page_130-0001,6. Tú nguyệt đường lang đa.
q2_3_4_page_130-0002,Thị tuế bất nghi hòa.
q2_3_4_page_130-0003,Cánh khủng đại phong thậm.
q2_3_4_page_130-0004,Dương trần tầu thạch sa.
q2_3_4_page_130-0005,(Tháng tư lắm châu chẩu Năm này lúa không tốt.
q2_3_4_page_130-0006,Lại e có gió bão Sỏi cát bay mù trđi).
q2_3_4_page_130-0007,"Nếu nhiều châu chấu sẽ làm hại lúa, lại phải đề phòng sẽ có bão."
q2_3_4_page_130-0008,7. Duẫn sinh trúc tùng ngoại Đầu hướng trúc tùng trung.
q2_3_4_page_131-0001,Chiêm bất nghi hòa cốc.
q2_3_4_page_131-0002,Tu phòng hữu đại phong.
q2_3_4_page_131-0003,(Măng mọc ngoài bụi tre.
q2_3_4_page_131-0004,Đầu chui vào trong bụi.
q2_3_4_page_131-0005,Chấc không lợi mùa màng.
q2_3_4_page_131-0006,Nên phòng có gió bão).
q2_3_4_page_131-0007,"Mùa hè tre mọc măng, nếu thấy đầu măng nhọn mà hướng vào trong bụi, thì năm ấy lúa không lợi, mà lại có nhiều gió to."
q2_3_4_page_131-0008,8-Đoan ngọ nhật đắc vũ Nông phố tịnh vân nghi.
q2_3_4_page_131-0009,Ngọc lạp thuỳ mật mật Kim quả quải luy luy.
q2_3_4_page_131-0010,(Mưa giữa ngày Đoan ngọ Ruộng vườn được cả hai.
q2_3_4_page_131-0011,Lúa ngọc chíu chít ruộng Dưa vàng nặng trĩu vàng).
q2_3_4_page_131-0012,"Ngày mổng 5 tháng 5, nếu có mưa, thì lúa vụ mùa sẽ bội thu, mà rau dưa cũng được mùa."
q2_3_4_page_131-0013,9-Quí hạ vũ nan đắc Đắc xưng long huyết trân.
q2_3_4_page_131-0014,Thẳng phùng cam trạch phổ Thị tuế nằm phong chân.
q2_3_4_page_131-0015,(Tháng sáu mưa rất hiếm Mưa được gọi máu rồng.
q2_3_4_page_132-0001,"Nếu được mưa thỏa thích, Năm ấy lợi nhà nông)."
q2_3_4_page_132-0002,"Ở Kinh về tháng 6, khó được mưa, nếu được mưa, thì người ta cho là máu rồng, ý nói giọt nước rất quí, nếu năm nào trong tháng này mưa nhiều, thì ruộng lúa có hy vọng bội thu."
q2_3_4_page_132-0003,"10-Hà niên long nhãn thịnh, Thị tuế đạo lương phong."
q2_3_4_page_132-0004,"Tứ cảnh hoan ngu nhất, Tam nông khánh hỉ đồng."
q2_3_4_page_132-0005,"(Năm nào nhãn sai quả, Năm ấy được gạo kê."
q2_3_4_page_132-0006,Bốn cõi đều vui vẻ Nhà nông được hả hê).
q2_3_4_page_132-0007,"Năm nào nhãn sai quả, thì năm ấy các giống lúa đều được mùa."
q2_3_4_page_132-0008,"11-Đông quý xuân sơ hậu, Xuân lôi đĩ phát thanh."
q2_3_4_page_132-0009,"Nhược phùng du tị, ngọ (1), Thị tuế miền hô canh (2)."
q2_3_4_page_132-0010,(Cuối đông đầu xuân tiết.
q2_3_4_page_132-0011,Âm âm sấm đã vang.
q2_3_4_page_132-0012,"(1) Tị, ngọ: lúc gần trưa, vào quãng 11, 12 giờ."
q2_3_4_page_132-0013,"(1) Tị, ngọ: lúc gần trừa, vào quảng trì, tz gio."
q2_3_4_page_132-0014,"(2) Hô canh: ẩn ngữ dùng trong quân để chỉ bị đói phải đi xin lương, điển trong Tả truyện."
q2_3_4_page_133-0001,"Nếu qua 9iĐ tị, ngọ."
q2_3_4_page_133-0002,Năm ấy tốt mùa màng).
q2_3_4_page_133-0003,"Phương nam khí hậu ấm, mùa đông có sấm là thường, nhưng về tháng chạp, nếu sấm dậy quá khỏi giờ tị, giờ ngọ thì năm ấy sẽ được mùa."
q2_3_4_page_133-0004,"Theo truyền thuyết nghe sấm mới vào lúc sáng dậy bụng còn đói, thì năm ấy sẽ đói, nếu nghe sấm mới lúc gần nửa ngày bụng ăn no, thì năm ấy sẽ được no nê."
q2_3_4_page_133-0005,PHONG TỤC
q2_3_4_page_133-0006,"Đất đứng đầu về mọi cái tốt, phong khí ngày một mở mang, quê kệch biến thành văn minh, đoàn tụ gây nên thân mật."
q2_3_4_page_133-0007,"Nhân dân đông đúc, tập tục thuần hậu, sĩ phủ chăm học hành, dân thứ siêng cấy, dệt, kỹ nghệ tỉnh khéo, văn vật sáng tươi."
q2_3_4_page_133-0008,"Việc cưới, việc tang phỏng theo Chu Văn Công gia lễ."
q2_3_4_page_133-0009,"Tiết Nguyên đán, trai gái đều ăn mặc đẹp, trước hết đến bái yết từ đường, sau mừng tuổi người gia trưởng."
q2_3_4_page_133-0010,"Trong ba ngày tết, bạn bè đi lại chúc mừng lẫn nhau."
q2_3_4_page_133-0011,"Tiết Đoan ngọ, dùng bánh ú và dưa hấu cúng tổ tiên, dùng cây ngãi tết thành hình con hổ treo ở cửa nhà, hái lá làm chè, gọi là ""mùng năm""."
q2_3_4_page_133-0012,"Tháng 7, đốt đồ mã cúng tổ tiên; ngày Trừ tịch trồng nêu treo đèn đốt pháo, ngày mồng 7 tháng giêng hạ nêu."
q2_3_4_page_133-0013,"Làng nào cũng có đình, tế lễ vào mùa xuân mùa thu."
q2_3_4_page_133-0014,"Ngày rằm các tháng giêng, tháng bảy và tháng mười gọi là ""tam nguyên"" (1) các nhà đều cúng tổ tiên."
q2_3_4_page_133-0015,Phong tục cũng gần giống thời cổ.
q2_3_4_page_133-0016,"Đạo Quảng Trị, những nơi ven núi, đất phần nhiều cứng rắn, những nơi gần biển đất lần phù sa."
q2_3_4_page_133-0017,"Tập tục tần tiện, ít xa hoa."
q2_3_4_page_133-0018,"Phong tục lễ tiết, nhà sĩ phủ cũng gần giống như Thừa Thiên, duy bọn cường hào phần nhiều võ đoán ở làng xóm, hay điêu toa, kiện cáo."
q2_3_4_page_133-0019,"Dân thứ thì chăn tầm, dệt cửi, siêng năng nghề nghiệp, không ưa trí xảo."
q2_3_4_page_133-0020,"Đầu mùa xuân mời thầy cầu đảo, gọi là cúng thần thổ địa."
q2_3_4_page_133-0021,"Giữa năm họp cả xã tế thần, tất phải tế cả vị tổ khai canh không quên gốc rễ, cũng là phong tục thuần hậu vậy."
q2_3_4_page_133-0022,"Còn như người thổ ở 9 châu, tập tục chất phác quê mùa, tính tình thuần hậu, cũng dễ cai trị."
q2_3_4_page_134-0001,THÀNH TRÌ
q2_3_4_page_134-0002,LY SỞ PHỦ THỪA THIÊN: (Xem phần Kinh sư).
q2_3_4_page_134-0003,THÀNH ĐẠO QUẢNG TRỊ
q2_3_4_page_134-0004,"Chu vi 481 trượng 6 thước, cao 1 trượng linh, bề dày 3 trượng (? ), mở 4 cửa, hào rộng 4 trượng 6 thước, sâu 8 thước."
q2_3_4_page_134-0005,"Đầu đời Gia Long, thành ở địa phận phường Tiền Kiên huyện Đăng Xương."
q2_3_4_page_134_135-0001,"Năm (1) Tam nguyên: tức thượng nguyên, trung nguyên và hạ nguyên, thứ 8 dời đắp ở địa phận xã Thạch Hãn huyện Hải Lăng."
q2_3_4_page_135-0001,"Năm Minh Mệnh thứ 4, đắp bằng đất, năm thứ 8, xây bằng gạch."
q2_3_4_page_135-0002,"Năm Tự Đức thứ 6 bỏ tỉnh Quảng Trị, để làm thành của đạo."
q2_3_4_page_135-0003,LỴ SỞ HUYỆN HƯƠNG TRÀ
q2_3_4_page_135-0004,"Trước ở xã An Hòa, dựng năm Gia Long thứ 6, nay dời đến xã Bao Vinh."
q2_3_4_page_135-0005,LY SỞ HUYỆN THANH THỦY
q2_3_4_page_135-0006,"Ở xã Thần Phù, dựng năm Minh Mệnh thứ 16."
q2_3_4_page_135-0007,LỴ SỞ HUYỆN QUẢNG ĐIÊN
q2_3_4_page_135-0008,"Ở địa phận xã Hạ Lang, đầu đời Gia Long ở xã Phú Ốc, Hương Trà."
q2_3_4_page_135-0009,"Năm Minh Mệnh thứ 16 dời đến xã Bác Vọng, năm Tự Đức thứ 4, dời đến chỗ hiện nay."
q2_3_4_page_135-0010,LY SỞ HUYỆN MINH LINH
q2_3_4_page_135-0011,"Ở xã Đan Duệ, đầu đời Gia Long, ở xã Liêm Công, sau đời đến xã Xuân Hòa."
q2_3_4_page_135-0012,"Năm Minh Mệnh thứ 11, do phủ Triệu Phong kiêm lý."
q2_3_4_page_135-0013,"Năm thứ 17 đời phủ ly Triệu Phong đến huyện Đăng Xương, lại để chỗ này làm ly sở của huyện."
q2_3_4_page_135-0014,THÀNH HUYỆN THÀNH HOÁ
q2_3_4_page_135-0015,"Chu vi 138 trượng linh, cao 6 thước 5 tấc, dày 1 trượng 5 tấc, mở 3 cửa, hào rộng 1 trượng, sâu 5 thước."
q2_3_4_page_135-0016,"Năm Minh Mệnh thứ 11 đắp lũy đất, gọi là thành Vĩnh Ninh."
q2_3_4_page_135-0017,Năm thứ 12 đổi thành phủ Cam Lộ.
q2_3_4_page_135-0018,"Năm Thiệu Trị thứ 3, ba cửa thành xây bằng gạch và đá."
q2_3_4_page_135-0019,"Năm Tự Đức thứ 6, bỏ phủ Cam Lộ, đổi thành làm bảo, bổ viên Quản cơ Định Man giữ bảo, cùng viên Tri huyện Thành Hoá đóng giữ."
q2_3_4_page_136-0001,TRƯỜNG HỌC
q2_3_4_page_136-0002,QUỐC TỬ GIÁM: (Xem phần Kinh sư).
q2_3_4_page_136-0003,TRƯỜNG HỌC HUYỆN HƯƠNG TRÀ
q2_3_4_page_136-0004,"Trước ở xã An Hòa về phía tây lỵ sở huyện, dựng năm Minh Mệnh thứ 4, nay dời đến xã Thế Lại thượng."
q2_3_4_page_136-0005,TRƯỜNG HỌC HUYỆN HƯƠNG THỦY
q2_3_4_page_136-0006,"Ở xã Thần Phù về phía bắc ly sở huyện, dựng năm Minh Mệnh thứ 16."
q2_3_4_page_136-0007,TRƯỜNG HỌC HUYỆN QUẢNG ĐIÊN
q2_3_4_page_136-0008,"Ở xã Hạ Lang về phía đông ly sở huyện, dựng năm Tự Đức thứ 4."
q2_3_4_page_136-0009,TRƯỜNG HỌC ĐẠO QUẢNG TRỊ
q2_3_4_page_136-0010,"Trước ở xã Thạch Hãn thuộc huyện Hải Lăng sát liền phía tây thành của đạo, bổ một viên Đốc học."
q2_3_4_page_136-0011,"Sau bỏ, bổ một viên Giáo thụ sung vào, đóng ở công sảnh cũ của Án sát sứ."
q2_3_4_page_136-0012,"Năm Tự Đức thứ 19 đặt chức Điển học, trường học lại dời đến chỗ cũ, còn công sảnh cũ của Án sát sứ, nay là công đường của phó quản đạo."
q2_3_4_page_137-0001,TRƯỜNG HỌC HUYỆN MINH LINH
q2_3_4_page_137-0002,"Trước ở xã Đan Thẩm về phía tây lỵ ở huyện, dựng năm Minh Mệnh thứ 4, nay dời đến xã Đan Duệ về phía đông nam lỵ sở huyện."
q2_3_4_page_137-0003,HỘ KHẨU
q2_3_4_page_137-0004,"Năm Gia Long thứ 18, số đinh 50.300 người linh, nay 68.540 người."
q2_3_4_page_137-0005,THUẾ RUỘNG
q2_3_4_page_137-0006,"Ruộng đất 126.150 mẫu, ngạch thuế, 96.357 hộc thóc, 171.883 quan tiền, 1.477 lạng bạc."
q2_3_4_page_137-0007,NÚI SÔNG
q2_3_4_page_137-0008,NÚI KHẢI VÂN
q2_3_4_page_137-0009,"Ở phía nam huyện Hương Trà, tên cũ là núi Kim Ngọc."
q2_3_4_page_137-0010,"Năm Minh Mệnh thứ 2 phong cho tên hiện nay, lăng Trưỡng Cơ ở đây, cạnh núi dựng đền, gọi là đền thần núi Khải Vân."
q2_3_4_page_137-0011,NÚI HƯNG NGHIỆP
q2_3_4_page_137-0012,"Ở phía tây bắc huyện Hương Thủy, tên cũ là núi Cư Chính, lăng Cơ Thánh ở đây."
q2_3_4_page_137-0013,"Thế núi chạy dài, nhiều lớp núi chẩu quanh, các ngọn nước chồm về phía đông, cơ nghiệp lớn muôn đời gây dựng từ đây."
q2_3_4_page_137-0014,"Năm Minh Mệnh thứ 2 phong tên hiện nay, cạnh núi dựng đền gọi là đền thần núi Hưng Nghiệp."
q2_3_4_page_138-0001,NÚI THIÊN THỤ
q2_3_4_page_138-0002,"Ở phía nam huyện Hương Trà, tên cũ là núi Thụ, năm Gia Long thứ 14 phong tên hiện nay, lăng Thiên Thọ ở đây."
q2_3_4_page_138-0003,"Cạnh núi có đền gọi là đền thần núi Thiên Thọ, tả hữu trước sau núi này, có 34 ngọn núi châu quanh."
q2_3_4_page_138-0004,"Phía tả là núi Thanh, phía hữu là núi Bạch, trước là núi Thuý, ngọn thứ nhất là núi Tiểu Thiên Thọ, ngọn thứ 2, thứ 3 và thứ 4 là núi Trung Thiên Thọ, ngọn thứ 5 là núi Đại Thiên Thọ, 6 núi Diên, 7 núi Bính, 8 núi An, 9 núi Hưng, 10 núi Hòa, 11 núi Xuân, 12 núi Hoa, 13 núi Cẩm, 14 núi Bình, 15 núi Bảo, 16 núi Hùng, 17 núi Trung Chính, 18 núi Tráng, 19 núi Hương, 20 núi Nhân, 21 núi Cận, 22 núi Tiểu Tượng, 23 núi Cận Tượng, 24 núi Quý, 25 núi Mậu, 26 núi Thuận, 27 núi Mĩ, 28 núi Đoài, 29 núi Trấn, 30 núi Kim, 31 núi Trình, 32 núi Diên, 33 núi Cân Bích, 34 núi Bút."
q2_3_4_page_138-0005,"Lại có núi Đại Tượng, núi Ất, núi Thạch Bàn, núi Ngọc Đường, núi Thịnh, núi Kim, núi Lẫm và núi Thành."
q2_3_4_page_138-0006,"Những tên núi được phong từ đời Gia Long đều là đất lăng tẩm, trọng địa."
q2_3_4_page_138-0007,"Ngàn ngọn muôn khe châu về bao bọc, hai ngành Tả trạch và Hữu trạch nước chảy vòng quanh, cao lớn vững vàng, thật là phúc địa chung đúc khí tỉnh anh của gia ức muôn năm vậy."
q2_3_4_page_139-0001,NÚI THUẬN
q2_3_4_page_139-0002,Ở cách núi Thiên Thọ vài ba dặm về phía hữu thuộc địa phận huyện Hương Trà.
q2_3_4_page_139-0003,"Tên cho từ đời Gia Long, lăng Thiên Thọ Hữu ở đây; phía hữu gọi là núi Mĩ dựng điện Gia Thành."
q2_3_4_page_139-0004,NÚI HIỂU
q2_3_4_page_139-0005,"Ở phía nam huyện Hương Trà, tên cũ là núi Cẩm Kê."
q2_3_4_page_139-0006,"Năm Minh Mệnh thứ 21 cho tên hiện nay, Hiếu Lăng ở đây."
q2_3_4_page_139-0007,"Gần về phía nam có các núi Tả Thành, Hữu Thành, Phụng Thần, Khải Trạch, Đức Hoá, Đạo Thống, Phúc Ấm và núi Tĩnh, núi Ý đều ở trong La Thành."
q2_3_4_page_139-0008,NÚI THUẬN ĐẠO
q2_3_4_page_139-0009,"Ở phía tây huyện Hương Thủy, năm Tự Đức thứ 1 phong tên này, Xương Lăng ở đây."
q2_3_4_page_139-0010,NÚI NGỰ BÌNH
q2_3_4_page_139-0011,"Ở phía tây bắc huyện Hương Thủy, nổi vọt lên ở quãng đất bằng như hình bức bình phong làm lớp án thứ nhất trước Kinh thành, tục gọi núi Bằng."
q2_3_4_page_139-0012,"Đời Gia Long cho tên hiện nay, đỉnh núi bằng phẳng, khắp nơi trồng cây thông."
q2_3_4_page_139-0013,"Năm Minh Mệnh thứ 3 vua ngự giá lên chơi, xem xét hình thế, thấy hai bên tả hữu núi đất đứng đối nhau, nhân đấy gọi tên, núi phía tả là Tả phụ và núi phía hữu là Hữu Bật."
q2_3_4_page_139-0014,Năm thứ 17 đúc cửu đỉnh khắc tượng vào Nhân đỉnh.
q2_3_4_page_139-0015,"Năm thứ 19, gặp tiết Trùng dương (1) lại ngự giá lên chơi, cho bảy tôi theo hầu ăn yến ở trên núi, nhân đấy, ngự soạn bài thơ ghi lại việc này (xem Minh Mệnh thánh chế thi tập)."
q2_3_4_page_139-0016,"Tiết Trùng cửu, vua lên chơi núi bắt đầu từ đây."
q2_3_4_page_139-0017,"Năm Thiệu Trị thứ 4, ngự chế tập thơ ""Thần kinh nhị thập cảnh"" (Hai mươi cảnh ở Kinh sư), trong ấy có bài vịnh núi này, đầu đề là ""Bình lĩnh đăng cao""."
q2_3_4_page_140-0001,NÚI HẢI CÁT
q2_3_4_page_140-0002,"Ở cách huyện Hương Trà 12 dặm về phía nam, lăng Trường Diễn và Trường Hưng đều ở đây, hình thế cao vót, tả hữu có núi Thuý và núi Bích châu về."
q2_3_4_page_140-0003,"An nam chí nói ""núi Hải Cát ở huyện Bồ Lãng"" tức là huyện Hương Trà bây giờ."
q2_3_4_page_140-0004,NÚI NGỌC TRẢN
q2_3_4_page_140-0005,"Ở cách huyện Hương Trà 11 dặm về phía nam, có tên nữa là núi Hương Uyển."
q2_3_4_page_140_141-0001,"Mạch núi do các núi ở phía tây bắc trùng trùng điệp điệp, như rồng di hổ phục, chạy dài chênh chếch về phía nam, đến phía (1) Trùng dương: cũng gọi là ""trùng cửu"", tức ngày 9 tháng 9 âm lịch, tây sông Hương thì dừng lại, nổi vọt lên một ngọn vừa tròn vừa đẹp như hình cái chén, nên gọi tên ấy."
q2_3_4_page_141-0001,"Sưỡn núi có đền thiêng, chân núi kể vực sông, nước rất trong ngọt, người ta thường gọi là ""nước Ngọc Trản"", thường lấy dâng ngự dụng."
q2_3_4_page_141-0002,NÚI THƯƠNG
q2_3_4_page_141-0003,"Ở phía nam huyện Hương Trà, có tên nữa là núi Thiên Dữu, hình tế khum khum cao lớn, như vựa thóc tròn, nên gọi tên thế."
q2_3_4_page_141-0004,"Đỉnh núi có giếng, nước rất trong mát, trong giếng có cá, là một ngọn núi đẹp khác thường."
q2_3_4_page_141-0005,"Năm Minh Mệnh thứ 17 đúc cửu đỉnh, khắc tượng vào Chương đỉnh."
q2_3_4_page_141-0006,Năm Tự Đức thứ 3 liệt vào hàng danh sơn chép trong điển thờ.
q2_3_4_page_141-0007,NÚI THẤT THẾ GIỐI
q2_3_4_page_141-0008,"Ở phía tây bắc huyện Hương Trà, hình thế quanh co cao cả, liên tiếp bảy ngọn, chạy dài sang phía nam, đến gần núi Thương thì dừng lại."
q2_3_4_page_141-0009,"Năm Minh Mệnh thứ 3, ngự giá lên núi xem săn bắn."
q2_3_4_page_141-0010,NÚI XƯỚC DỤ
q2_3_4_page_141-0011,"Ở phía tây nam huyện Hương Trà, đá núi trong sáng như thủy tinh, đều thành hình bát giác, nên cũng gọi là núi Thủy Tinh, gần phía nam có núi Long Hồ, lại ngọn núi đá ở phía nam tục gọi là núi Lập Thạch."
q2_3_4_page_142-0001,NÚI TRÚC LÂM
q2_3_4_page_142-0002,NÚI AN HOA
q2_3_4_page_142-0003,nên có tên là núi Chùa.
q2_3_4_page_142-0004,NÚI VĂN XÁ
q2_3_4_page_142-0005,"vĩ, cây cỏ mọc um tùm."
q2_3_4_page_142-0006,NÚI LỰU BẢO
q2_3_4_page_142-0007,NÚI LIỄU CỐC
q2_3_4_page_142-0008,sông Bạch Yến phát nguyên ở núi nầy.
q2_3_4_page_142-0009,NÚI LAI BANG
q2_3_4_page_142-0010,chảy qua phía bắc.
q2_3_4_page_142-0011,NÚI CỔ BI
q2_3_4_page_142-0012,nguồn Sơn Bồ chdy quanh phía Nam.
q2_3_4_page_142-0013,"Ở phía tây huyện Hương Trà, chân núi có khe một nhánh phía nam sông Bạch Yến phát nguyên từ Ở phía tây huyện Hương Trà, chânn núi có ó chùa Ở phía bắc huyện Hương T Trà, hình thế hùng Ở phía tây huyện Hương Trà thuộc địa phận xã An Vân, sông Bạch Yến chdy qua phía tây."
q2_3_4_page_142-0014,"Ở phía bắc huyện Hương Trà, một nhánh của Ở phía bắc huyện Hương."
q2_3_4_page_142-0015,"Trà, nguồn Sơn Bồ Ở địa phận xã Cổ Bị huyện Phong Điền, nước"
q2_3_4_page_143-0001,NÚI SƠN QUẢ
q2_3_4_page_143-0002,NÚI MÃ LẬP
q2_3_4_page_143-0003,NÚI PHỤ Ổ
q2_3_4_page_143-0004,NÚI VỤ
q2_3_4_page_143-0005,NÚI DUỆ
q2_3_4_page_143-0006,"Ở địa phận xã Sơn Quả huyện Phong Điển, hình thế gồ ghề, cây cối xanh tốt, sông Bến Thán chảy qua phía nam."
q2_3_4_page_143-0007,"Ở phía tây nam huyện Hương Trà, hình thế chỗ cao chỗ thấp, trông như bỡm ngựa, nên gọi tên ấy."
q2_3_4_page_143-0008,"Ở phía bắc huyện Hương Trà, núi tuy không cao lắm, nhưng hình tròn và đẹp, phía sau nhiều núi ôm lại, phía trước có cánh đồng bằng."
q2_3_4_page_143-0009,"Thế Tông Hoàng Đế dựng am ở đây, gọi là am Bạch Vân, trước am dựng chùa Bạch Vân, phong cảnh khá đẹp, xa giá thường lên chơi, nay vẫn còn đấu cũ."
q2_3_4_page_143-0010,"Ở phía nam huyện Hương Trà, núi rất cao, trên đỉnh thường có mây mù bao phủ, nên gọi tên ấy."
q2_3_4_page_143-0011,"Về phía đông, thế núi liên tiếp, cây cối xanh tươi."
q2_3_4_page_143-0012,"Ở phía nam huyện Hương Trà, hình nhọn và đẹp, phía đông nam kể nguồn Tả Trạch."
q2_3_4_page_143-0013,"Năm Minh Mệnh thứ 17 đúc cửu đỉnh, khắc tượng vào Tuyên đỉnh."
q2_3_4_page_143-0014,"Năm thứ 20, cho đến tế thần núi."
q2_3_4_page_144-0001,NÚI XUẾ
q2_3_4_page_144-0002,NÚI BÚT
q2_3_4_page_144-0003,NÚI NGÔI
q2_3_4_page_144-0004,NÚI BÔNG BẠT
q2_3_4_page_144-0005,NÚI UÝ
q2_3_4_page_144-0006,NÚI TÔN
q2_3_4_page_144-0007,"Ở phía nam huyện Hương Trà, rừng sâu, cây lớn, ngọn núi lởm chởm."
q2_3_4_page_144-0008,"Ở phía tây nam huyện Hương Trà, hình thế rộng lớn, liên tiếp đến vài ba mươi dặm, phía tả phía hữu chân núi đều có đường đi vào đất Man."
q2_3_4_page_144-0009,"Ở phía tây huyện Hương Trà, hình thế cao vót, nước khe Trà Thiên phát nguyên từ đây, về phía bắc núi có khe Tôm chảy quanh."
q2_3_4_page_144-0010,"Ở phía bắc huyện Hương Trà, đá núi lửm chửm, cây cối rậm rạp."
q2_3_4_page_144-0011,"Phía nam liền núi Tả Trạch, phía bắc giáp núi Sơn Bồ, ngọn tầng trùng điệp, kéo dài đến hơn trăm dặm, phía đông nam có suối chảy ra làm khe Trái, đổ xuống sông Quảng Điền."
q2_3_4_page_144-0012,"Ở phía nam huyện Hương Trà, đường nước nguồn Tả Trạch chảy qua, có sách Man ở."
q2_3_4_page_144-0013,"Ở phía tây nam huyện Hương Trà, có sách Man ở."
q2_3_4_page_145-0001,NÚI CHẤN
q2_3_4_page_145-0002,NÚI DƯƠNG LĂNG
q2_3_4_page_145-0003,NÚI THIÊN THAI
q2_3_4_page_145-0004,NÚI DƯƠNG PHẨM
q2_3_4_page_145-0005,NÚI BẦNG LĂNG
q2_3_4_page_145-0006,NÚI CHÂU CHỬ
q2_3_4_page_145-0007,"Ở phía tây nam huyện Hương Trà, ngọn tầng trùng điệp, quanh co đến hơn trăm dặm, rất là hiểm trở."
q2_3_4_page_145-0008,"Phía sau núi, lệch về phía đông nam giáp địa giới tỉnh Quảng Nam, lệch về phía tây nam là sách người Man thượng."
q2_3_4_page_145-0009,"Ở phía tây nam huyện Hương Trà, đỉnh núi có gỗ khắc chữ."
q2_3_4_page_145-0010,Người Man thấp ở đấy.
q2_3_4_page_145-0011,"Ở phía bắc huyện Hương Thủy, hình thế cao vốt."
q2_3_4_page_145-0012,"Phía tây trông ra cánh đồng bằng, cạnh núi có chùa, gọi là chùa Thiên Thai Nội, ngọn núi vòng quanh châu ôm vào chùa, phong cảnh tuyệt đẹp."
q2_3_4_page_145-0013,"Ở phía tây huyện Hương Thủy, sông Hương vòng quanh ở phía tây."
q2_3_4_page_145-0014,Ở phía tây bắc huyện Hương Thủy.
q2_3_4_page_145-0015,"Ở phía tây bắc huyện Hương Thủy, phía nam núi có suối gọi là suối Châu Ê."
q2_3_4_page_146-0001,NÚI VI DA
q2_3_4_page_146-0002,NÚI NGUYỆT BIỀU
q2_3_4_page_146-0003,"đá, người ta thường đục lấy đá."
q2_3_4_page_146-0004,NÚI LƯƠNG VAN
q2_3_4_page_146-0005,Ngư sản xuất đá son.
q2_3_4_page_146-0006,NÚI PHÚ BÀI
q2_3_4_page_146-0007,đông chân núi là chỗ đường trạm đi qua.
q2_3_4_page_146-0008,NÚI KIM KONG
q2_3_4_page_146-0009,có chùa gọi là chùa Thiên Thai ngoại.
q2_3_4_page_146-0010,NÚI ỨNG ĐÔI
q2_3_4_page_146-0011,"của Kinh kỳ, phía nam gần núi i Ấp."
q2_3_4_page_146-0012,"Ở phía tây bắc huyện Hương Thủy, có tên nữa là núi Hương, phía tây núi có khe, gọi là khe Hương."
q2_3_4_page_146-0013,"Ở phía tây bắc huyện Hương Thủy, núi toàn Có tên nữa là núi Lang Xá, ở phía tây nam HUYỆN Hương Thủy, động cátỞở phía đông núi là chỗ đường trạm đi qua; lại phía đông nam gần núi Sông Ở phía nam huyện Hương Thủy, động cát ở phía Ở phía tây bắc huyện Hương Thủy, chân núi"
q2_3_4_page_146-0014,NÚI BAO VĨNH
q2_3_4_page_146-0015,"Ở phía tây huyện Phú Loc, gần đấy có núi La Hao phía nam núi La Hào có đường đi đến đất Man thượng."
q2_3_4_page_146-0016,"Ở phía tây huyện Phú Lộc, là ngọn núi cao nhất"
q2_3_4_page_147-0001,NÚI KIM PHƯỢNG
q2_3_4_page_147-0002,"Ở phía tây huyện Phú Lộc, thế núi cao dốc cùng với núi Ứng Đôi, đối nhau ở phía đông, phía tây, như hình cánh chim m phượng, nên gọi tên ấy."
q2_3_4_page_147-0003,NÚI CAO ĐÔI
q2_3_4_page_147-0004,"Ở phía nam huyện Phú Lộc, thế núi liên tiếp cao dốc, phía nam núi là nơi phát nguyên của khe Phan, cạnh núi có lũy cũ, nay vẫn còn."
q2_3_4_page_147-0005,NÚI BẠCH THẠCH
q2_3_4_page_147-0006,"Ở phía đông nam huyện Phú Lộc, rừng cây rậm rạp, chân núi là đường cát, phía bắc gần phá Hà Trung, trong nước có đá mọc chỗ nổi chỗ chìm, tục gọi là đá ngầm."
q2_3_4_page_147-0007,"""Hằng năm vào tháng 4, tháng 5, gió từ trong núi thổi ra rất mạnh, người đi thuyền cần"
q2_3_4_page_147-0008,NÚI RỒNG
q2_3_4_page_147-0009,"Ở phía tây huyện Phú Lộc, thế núi quanh co như hình rồng, nên gọi tên ấy, phía đông chân núi kề sông Phù Âu, lũy Hưng Bình ở đây."
q2_3_4_page_147-0010,NÚI CHẤN ĐẠC
q2_3_4_page_147-0011,"Ở phía nam huyện Phú Lộc, thế núi cao vót chọc trời, chân núi có khe, cũng gọi là khe Chấn Đạc, khe đổ nước xuống sông Phù Âu."
q2_3_4_page_148-0001,NÚI ĐỘNG DAL
q2_3_4_page_148-0002,"Ở phía nam huyện Phú Lộc, hình thế cao cả kéo dài đến hơn 50 dặm, suối ở phía tây núi chỗ xuất phát của nguồn Tả Trạch, suối ở phía đông núi chẩy về phía đông nam làm khe La Vậng, nguồn Lỗ"
q2_3_4_page_148-0003,NÚI CẨM THỦY
q2_3_4_page_148-0004,"Ở phía tây nam huyện Phú Lộc, phía nam núi là chỗ chia địa giới Thừa Thiên và Quảng Nam."
q2_3_4_page_148-0005,NÚI LA BÁ
q2_3_4_page_148-0006,"Ở phía tây nam huyện Phú Lộc, cạnh núi có đường đi đến địa giới Quang Nam."
q2_3_4_page_148-0007,NÚI DANH NAM
q2_3_4_page_148-0008,"Ở phía tây huyện Phú Lộc, đèo núi có đường đi đến đất Man thượng."
q2_3_4_page_148-0009,NÚI ĐẤT
q2_3_4_page_148-0010,"Ở phía đông nam huyện Phú Lộc, một ngọn núi nổi giữa đồng bằng, đất đá lẫn lộn, cây cối tốt tươi, sản xuất củ mài, vị ngon hơn củ mài ở núi khác."
q2_3_4_page_148-0011,NÚI THACH BAN
q2_3_4_page_148-0012,"Ở phía đông nam huyện Phú Lộc, hình thế gồ ghé cao cả, mà đỉnh núi bằng phẳng, chân núi có khe, là chỗ phát nguyên của một nhánh sông Cảnh Dương."
q2_3_4_page_148-0013,"Gần chân núi có rừng Thủy Cam và rừng Thủy Dương, đều là chỗ đường quan lộ đi qua, dân cư xa vắng, hai bên núi xanh dựng đứng, thường có thú dữ, hành khách phải đề phòng."
q2_3_4_page_149-0001,NÚI THUÝ VÂN
q2_3_4_page_149-0002,"Ở phía đông bắc huyện Phú Lộc, phía tây núi kể phá Hà Trung, trước gọi là núi Mĩ Am."
q2_3_4_page_149-0003,Năm Minh Mệnh thứ 6 cho tên là núi Thuý Hoa.
q2_3_4_page_149-0004,"Năm Thiệu Trị thứ 1 đổi tên hiện nay, có bài bia ghi thắng tích Thuý Vân."
q2_3_4_page_149-0005,NÚI LINH THÁI
q2_3_4_page_149-0006,"Ở phía đông núi Thuý Vân, cao 150 trượng, xưa gọi là Quy Sơn (núi Rùa), vì ngọn núi phía bắc hướng ra biển giống hình con rùa nên gọi tên ấy."
q2_3_4_page_149-0007,"Năm Minh Mệnh thứ 17 đổi tên hiện nay, lại có tên là núi Hãn Môn."
q2_3_4_page_149-0008,"Đỉnh núi có chùa Trấn Hải, dựng từ triều trước, nên cũ vẫn còn, trước chùa có tháp cổ, tương truyền là của chúa Chiêm Thành xây, nay đã đổ nát, trụ biểu ở trước tháp có khắc chữ Man, hỏi người Thuận Thành cũng không hiểu."
q2_3_4_page_149-0009,"Hồi đầu trung hưng của bản triều năm Tân Dậu, đại binh tiến đến cửa biển Tư Hiền, Phò mã Tây Sơn là Nguyễn Văn Trị giữ núi này để chống cự, quân ta không tiến được."
q2_3_4_page_149-0010,"Bọn Lê Văn Duyệt nhân ban đêm đốc thúc quân sĩ đội thuyền vượt bờ biển tiến vào phá Hà Trung, đánh tan được quân Tây Sơn."
q2_3_4_page_149-0011,Đầu đời Gia Long đặt đài phóng hỏa ở trên núi (năm Minh Mệnh thứ 16 bỏ).
q2_3_4_page_149-0012,"Năm Gia Long thứ 2, xa giá đi thăm cửa biển Thuận An, qua Thai Dương đến Nghi Giang lên bờ, vua trông lũy cũ Quy Sơn quay lại bảo thị thần rằng: ""Núi này, phía đông có biển cả, phía tây có phá Hà Trung, cũng là đất hình thắng, giặc Tây Sơn đắp lũy ở đấy, toan đặt hiểm để tự chủ, chưa bao lâu, đã bị quân ta đánh bại, mới biết cần ở đức không cần ở hiểm""."
q2_3_4_page_149-0013,Xét: phủ cũ Tư Hiền ở xã Vĩnh Hòa huyện Phú Lộc.
q2_3_4_page_149-0014,"Tượng truyền đầu bản triều, hằng năm, liệt thánh thường đến cửa biển Tư Hiền, hoặc để tuần biển, hoặc để xem tàu chở, nhân đấy, dựng phủ để trú chân, nay vẫn còn dấu vết cũ."
q2_3_4_page_150-0001,NÚI CHU MÃI
q2_3_4_page_150-0002,Ở phía đông nam huyện Phú Lộc.
q2_3_4_page_150-0003,"Mạch núi từ đèo Phú Gia bỏ xuống, ở đất bằng nổi lên một ngọn, kéo dài chừng 5 dặm, phía đông bắc sát bãi biển, cửa biển ở phía Tây Bắc."
q2_3_4_page_150-0004,"Đầu đời Gia Long đặt đài phóng hỏa ở đỉnh núi, năm Minh Mệnh thứ 6 tu bổ, năm thứ 16 triệt bỏ."
q2_3_4_page_150-0005,NÚI VÀNG
q2_3_4_page_150-0006,"Ở phía nam huyện Phú Lộc, một dải núi đất, tương truyền núi này có vàng tốt, trước có quan quân khai lấy, nay bỏ."
q2_3_4_page_151-0001,NÚI ĐẶNG
q2_3_4_page_151-0002,"Ở phía đông nam huyện Phú Lộc, tục gọi núi Mụ Đặng."
q2_3_4_page_151-0003,NÚI HẢI VÂN
q2_3_4_page_151-0004,"Ở phía đông nam huyện Phú Lộc, là chỗ giáp giới phủ Thừa Thiên và Quảng Nam."
q2_3_4_page_151-0005,"Nửa đèo về bắc thuộc địa phận huyện Phú Lộc phủ Thừa Thiên, nửa đèo về nam thuộc địa phận huyện Hoà Vang tỉnh Quảng Nam."
q2_3_4_page_151-0006,Trước kia ở chỗ bàn thạch có khắc gỗ để ghi.
q2_3_4_page_151-0007,"Phía tây núi là Bà Sơn, phía bắc là Hải Sơn, ba ngọn liên tiếp xen nhau, trên cao vót đến tầng mây, dưới chạy giăng đến bờ biển, gần như đứng trong biển."
q2_3_4_page_151-0008,"Đường đi chín khúc vòng mới vượt đèo, hai bên cây lớn um tùm, người đi như vượn leo chim vượt, thật là hiểm trở."
q2_3_4_page_151-0009,"Trên núi có năm cái khe, là khe Kỹ, khe Vu, khe Hổ Lang, khe Bé, khe Lớn."
q2_3_4_page_151-0010,"Về phía bắc, chân núi kề bãi biển, có hang Giơi, có bãi Cháy, tương truyền xưa có sóng thần, thuyền đi qua đây hay bị đắm, dân gian có câu ca rằng: ""Đi bộ thì sợ Hải Vân, đi thủy thì sợ sóng thần hang Giơi"", là chỉ chỗ này."
q2_3_4_page_151-0011,"Đời Minh Mệnh, đặt quan ải đèo Hải Sơn và hai quan ải ở núi Hải Vân, xây đá làm bậc để tiện đường đi."
q2_3_4_page_151-0012,"Lại cho tên ngọn núi cao nhất ở giữa là ""Cao an lĩnh"", bên cạnh có đường đi đến địa giới Quảng Nam, sai lấp lại đặt binh canh giữ."
q2_3_4_page_151-0013,"Hiển Tông Hoàng Đế tuần du Quảng Nam, khi qua đèo Hải Vân, có ngự đề thơ rằng Việt Nam hiểm ải thử sơn điên, Hình thế hồn như Thục đạo (1) thiên."
q2_3_4_page_151-0014,"Đãn kiểm vận hoành tam tuấn lĩnh, Bất tri nhân tại kỷ trùng thiên?"
q2_3_4_page_151-0015,"(Núi này ải hiểm đất Việt Nam Hình thế hệt như đường vào Thục, Chỉ thấy mây giăng ba đèo dốc Biết đầu người ở mấy từng mây)."
q2_3_4_page_151-0016,"Khoảng đời Minh Mệnh, Thánh Tổ Nhân Hoàng Đế đi tuần phương Nam, có làm thơ đề vịnh."
q2_3_4_page_152-0001,NÚI CỔ NÔNG
q2_3_4_page_152-0002,"Theo An Nam chí, thì núi này ở huyện Tư Dung, sản gỗ thơm."
q2_3_4_page_152-0003,"Huyện Tư Dung nay là huyện Phú Lộc, núi Cổ Nông nay là núi An Nông."
q2_3_4_page_152-0004,NÚI Ô LŨ
q2_3_4_page_152-0005,"Ở huyện Phong Điền, theo An Nam chí, thì núi này ở huyện Trà Kệ, sản gỗ thơm."
q2_3_4_page_152-0006,"Huyện Trà Kệ, nay là huyện Phong Điền, núi Ô Lũ nay là núi Ô Lâu."
q2_3_4_page_152-0007,NÚI A LUNG
q2_3_4_page_152_153-0001,"Ở cực giới phía tây huyện Phong Điền, một dãy núi liên tiếp, phía ngoài giáp Quảng Trị, phía (1) Thục đạo: đường vào Ba Thục của Trung Quốc, trong giáp các núi huyện Hương Trà."
q2_3_4_page_153-0001,"Trên núi có hồ, nước hồ đổ xuống nguồn Ô Lâu, tương truyền khi nào nghe trên núi có 8 tiếng sấm, thì bồng có gió mưa, liền có nước lụt."
q2_3_4_page_153-0002,NÚI KHUÂN SƠN
q2_3_4_page_153-0003,"Ở phía nam huyện Phong Điền, có tên nữa là Thượng Sơn, vì hình núi tròn như vựa thóc."
q2_3_4_page_153-0004,"Thượng lưu sông Phong Điền chảy về phía tây, có một con đường theo ven núi chạy về bắc, đi theo về phía tây có thể đến đất người Man thượng."
q2_3_4_page_153-0005,NÚI LINH SƠN
q2_3_4_page_153-0006,"Ở phía tây bắc huyện Minh Linh, hình núi như voi phục, cao hơn ngàn trượng, bốn mặt bằng rộng, một ngọn núi tròn đẹp."
q2_3_4_page_153-0007,"Có sông chảy ở phía đông bắc, các núi chẩu ôm ở phía tây nam, thật là thắng tích ở Linh Châu (huyện Minh Linh)."
q2_3_4_page_153-0008,NÚI HẮC THACH
q2_3_4_page_153-0009,"Ở phía tây huyện Minh Linh, toàn là đá đen, nên gọi tên ấy."
q2_3_4_page_153-0010,"Thế núi rất hiểm, không có đường đi, nên cũng gọi là động Chẩn; lại có một ngọn gọi là núi Gia Lâm."
q2_3_4_page_153-0011,NÚI TIÊN
q2_3_4_page_153-0012,"Ở phía tây huyện Địa Linh, tầng núi chót vót, có 5 ngọn nổi cao, có một phiến đá, trông giống mai rùa, có vần ngang dọc như hình bàn cỡ."
q2_3_4_page_153-0013,"Tương truyền trước có tiên vẫy cỡ ở đây, nên gọi tên ấy."
q2_3_4_page_154-0001,NÚI TÁ LINH
q2_3_4_page_154-0002,"Ở phía tây huyện Thành Hoá thuộc địa phận hai tổng Tầm Linh và La Mít, tục gọi núi Tá Ly, trông xa hư hình voi phục nên gọi là núi Voi Phục."
q2_3_4_page_154-0003,"Chu vi hơn trăm dặm, cao vót tầng mây, mạch núi và nguồn nước trong hạt đều tự đấy ra."
q2_3_4_page_154-0004,"Thuyền đi ngoài biển cũng trông vào núi này để nhận phương hướng, thật là trấn sơn của đạo."
q2_3_4_page_154-0005,"Phầm có việc, cứ trông mà cầu đảo, tất có linh ứng."
q2_3_4_page_154-0006,"Năm Tự Đức thứ 3, cho tên ấy và liệt vào điển thờ."
q2_3_4_page_154-0007,NÚI MANG
q2_3_4_page_154-0008,"Ở phía tây nam huyện Thành Hoá, cây cối rậm rạp, khe động gập ghềnh."
q2_3_4_page_154-0009,"Tương truyền, hành khách đi đến núi nẩy, tất phải tự mang gông ở cổ, khi qua đỉnh núi, vọng bái thần núi rồi tháo gông ra mà đi, làm như thế để cầu yên lành, tục gọi là động Mang."
q2_3_4_page_154-0010,NÚI MAI ĐÀN
q2_3_4_page_154-0011,Ở phía tây huyện Thành Hóa.
q2_3_4_page_154-0012,NÚI MAI LĨNH
q2_3_4_page_154-0013,Ở phía tây huyện Thành Hoá.
q2_3_4_page_155-0001,NÚI VIÊN KIÊU
q2_3_4_page_155-0002,"Ở phía tây bắc huyện Thành Hoá, rừng rú rậm rạp, có sách Man ở."
q2_3_4_page_155-0003,GÒ THIÊN MỤ
q2_3_4_page_155-0004,"Ở phía tây nam huyện Hương Trà chừng 5 dặm, phía nam kể sông cái, trên núi có tháp chùa (xem phần Kinh sư)."
q2_3_4_page_155-0005,GÒ LONG THỌ
q2_3_4_page_155-0006,"Ở phía tây bắc huyện Hương Thủy, phía bắc kê sông Hương, chênh chếch đối với gò Thiên Mụ, khoá giữ thượng lưu sông Hương."
q2_3_4_page_155-0007,"Nhà địa lý gọi kiểu ""thiên quan địa trục"" (cửa trời trục đất), tức là đây."
q2_3_4_page_155-0008,Trên gò có đình bát giác dựng đầu đời Minh Mệnh.
q2_3_4_page_155-0009,GÒ PHÚ XUÂN
q2_3_4_page_155-0010,"Ở phía bắc huyện Hương Thủy, có nhiều thắng tích phong cảnh cũng đẹp."
q2_3_4_page_155-0011,GÒ DƯƠNG XUÂN
q2_3_4_page_155-0012,"Ở phía tây bắc huyện Hương Thủy, hình thế bằng rộng, ở phía nam có đàn Nam Giao, phía đông phía tây có nhiều chùa to tháp cổ, cũng là nơi danh thắng."
q2_3_4_page_155-0013,"Kính xét: đầu bản triều dựng phủ ở gò Dương Xuân, đến năm Canh Thìn, Hiển Tông năm thứ 9 mới sửa lại."
q2_3_4_page_155-0014,"Cơ Tả Thủy đào được một quả ấn đống có khắc chữ ""Trấn Lỗ tướng quân chi ấn"", nhân đấy gọi phủ là phủ Ấn."
q2_3_4_page_155-0015,"Sau trải qua loạn lạc, không rõ chỗ đào được ấn là đâu."
q2_3_4_page_156-0001,ĐỀO MINH LƯƠNG
q2_3_4_page_156-0002,"Ở phía đông nam huyện Phú Lộc, phía bắc kề phá Hà Trung, phía nam gọi là đèo At, déu la dudng trạm di qua."
q2_3_4_page_156-0003,"Gần đấy có một quả núi sản sắt, khoảng đời Minh Mệnh, sai quân đào nấu."
q2_3_4_page_156-0004,"Xét: An Nam chí nói: ""Núi Châu Trác ở huyện Tư Dung sản sắt"", có lẽ là núi này."
q2_3_4_page_156-0005,ĐỀO PHÚC TƯỢNG
q2_3_4_page_156-0006,"Ở phía đông nam huyện Phú Lộc, mạch núi từ đèo Chính Thượng Đạo kéo đến, trên đèo có đường trạm đi qua."
q2_3_4_page_156-0007,"Trước gọi là đèo Khúc Tượng, năm Minh Mệnh thứ 18, vì thấy đường núi gập ghềnh, khó đi nên bắt dân bạt đá ở lưng núi xuống một trượng để đi lại cho thuận tiện, đổi gọi núi là Phú Tượng."
q2_3_4_page_156-0008,ĐỀO VĨNH HÒA
q2_3_4_page_156-0009,"Ở phía đông nam huyện Phú Lộc, có tên nữa"" là đèo Đảo Mã, phía tây giáp núi Phúc Tượng, phía đông kề bãi biển, cửa biển Tư Hiền liền phía bắc."
q2_3_4_page_156-0010,ĐỀO HOÀI AN
q2_3_4_page_156-0011,"Ở phía đông nam huyện Phú Lộc, có tên nữa là đèo Đảo Cái."
q2_3_4_page_156-0012,"Phía bắc giáp đèo Vinh Hòa, phía đông kê cửa biển Cảnh Dương, sông Phú Xuyên chảy qua phía nam, cạnh núi có đền thờ thần núi."
q2_3_4_page_157-0001,ĐÈO PHÚ GIA
q2_3_4_page_157-0002,"Ở phía đông nam huyện Phú Lộc, hình thế gỗ ghê, phía bắc giáp núi Thạch Bàn, phía đông gần đèo Hạ, đều là chỗ đường trạm đi qua."
q2_3_4_page_157-0003,"Đầu đời Gia Long, xây bắc đá để tiện đi lại."
q2_3_4_page_157-0004,"Năm Minh Mệnh thứ 18 san thấp đèo Phú Gia xuống 1 trượng và đèo Hạ 7 thước, bề ngang đều rộng 2 trượng, phía nam đèo là rừng Lập An, đường cát khó đi."
q2_3_4_page_157-0005,"Đầu thời Trung hưng, Nguyễn Văn Trương đón đánh quân cứu viện của nguy Đô đốc Lê Văn An ở đèo Phú Gia, tức là đây."
q2_3_4_page_157-0006,ĐÈO CHÍNH THƯỢNG ĐẠO
q2_3_4_page_157-0007,"Ở phía đông nam huyện Phú Lộc, thế núi cao vót quanh co, trên đèo nhiều cây chuối; phía nam có gỗ khắc chữ, phía tây có đường đi từ Cao Đôi suốt đến trạm Dã Tinh, Quảng Nam."
q2_3_4_page_157-0008,"Năm Tân Dậu, đầu thời trung hưng của bản triều, đại binh đánh lấy lại Phú Xuân, đảng giặc là tư khẩu Định từ Bình Định về cứu, theo đường núi này xuống Cao Đôi, quân ta đánh bắt được, tức là ở đây."
q2_3_4_page_157-0009,ĐÈO THƯỢNG ĐAO
q2_3_4_page_157-0010,"Ở phía đông nam huyện Phú Lộc, hình thế cao hiểm, phía tây có đường đi từ sách Cam Thủy đến nguồn Cu Đê, tỉnh Quảng nam."
q2_3_4_page_158-0001,ĐÈO TRUNG ĐẠO
q2_3_4_page_158-0002,ĐỘNG HƯỚNG
q2_3_4_page_158-0003,ĐỘNG CHẨN
q2_3_4_page_158-0004,ĐỘNG CÂN CÂU
q2_3_4_page_158-0005,ĐỘNG LƯ
q2_3_4_page_158-0006,"Ở phía đông nam huyện Phú Lộc, hình thế hiểm dốc."
q2_3_4_page_158-0007,"Phía tây giáp đèo Thượng Đạo, phía đông giáp núi Hải Vân, phía bắc có đường từ sách Mỹ Gia theo bờ phía nam đầm Sam đến khe Cạn ở phía đông, theo ven chân núi đi về phía tây thì đến tỉnh Quảng Nam."
q2_3_4_page_158-0008,"Ba đèo trên này, trước gọi là ba ải, trước có tấn thủ nghiêm cấm không được thông hành."
q2_3_4_page_158-0009,"Ở phía tây huyện Phú Lộc, hình thế rộng rãi, cây cối rậm rạp."
q2_3_4_page_158-0010,"Phía bắc có một con đường đi từ La Sơn lên đến bảo Hưng Bình, sông Phù Âu liền phía bắc."
q2_3_4_page_158-0011,"Ở phía nam huyện Hương Thủy, phía bắc động là núi Ngàn, giáp nguồn Tả Trạch."
q2_3_4_page_158-0012,Phía nam có đường đi suốt đến bảo Hưng Bình.
q2_3_4_page_158-0013,"Ở phía tây huyện Phong Điền, phía nam có đường đi qua đỉnh động đến đất Man thượng, sách Man ở chân động, gần động có núi Eo Bàn."
q2_3_4_page_158-0014,"Ở phía tây huyện Phong Điển, chỗ giáp giới núi Sơn Bồ và Ô Lâu, sông Lư quanh ở phía đông."
q2_3_4_page_159-0001,ĐỘNG BI SƠN
q2_3_4_page_159-0002,ĐỘNG GIAO
q2_3_4_page_159-0003,ĐỘNG CÂU HIÊN (1)
q2_3_4_page_159-0004,ĐÔNG CÁT
q2_3_4_page_159-0005,ĐÔNG THAM THAI
q2_3_4_page_159-0006,(1) Cẩu Hiên: có bản chép Thược Hiên.
q2_3_4_page_159-0007,"Ở phía tây bắc huyện Phong Điền, chỗ giáp giới hai nguồn Ô Lâu và Tho Lay."
q2_3_4_page_159-0008,"Ở cách huyện Phong Điền 68 dặm về phía tây, phía nam động có đường đi qua đỉnh động đến đất Man thượng."
q2_3_4_page_159-0009,"Ở phía tây huyện Phong Điền, phía nam phía bắc động đều có đường đi đến đất Man thượng."
q2_3_4_page_159-0010,Từ cửa Việt Yên giăng về phía nam đến cửa biển Tư Hiền.
q2_3_4_page_159-0011,"Xưa là Đại Trường Sa kéo dài đến hơn trăm dặm, từ khi cửa Eo vỡ, mới có tên ""Đại tiểu Trường Sa""."
q2_3_4_page_159-0012,"Phía đông giáp bãi biển, phía tây theo ven sông, gò đống trùng điệp đều là cát trắng, một trong bốn cảnh Thuận An, gọi là ""Sa thành diên cắng"" (Thành cát chạy dài)."
q2_3_4_page_159-0013,"Ở phía tây bắc huyện Thành Hoá, tục gọi động Tam Thai: một động ở phía tả nổi vọt lên ngọn núi nhọn, đứng sựng rất đẹp; một động ở phía hữu cao vót lởm chởm, hai ngọn đối nhau cao mấy chục trượng; một động ở giữa đỉnh nổi ba ngọn, hơi thấp hơn hai ngọn kia, vuông vức ngay ngắn, cảnh tượng rất đẹp."
q2_3_4_page_159-0014,"Tương truyền, trước kia chúa Thượng từng ngự giá đến núi này hỏi phụ lão rằng: ""Ba động này động nào là chủ?"
q2_3_4_page_159-0015,""". Phụ lão thưa rằng: ""Động cao nhất là chủ""."
q2_3_4_page_159-0016,"Chúa thượng nói: ""Không phải thế, động thấp ở giữa, ngồi phương bắc hướng về phương nam, hai động cao đứng châu ở tả hữu, thế là hình tượng ""chúa ngồi tôi đứng"" nên lấy động giữa làm chủ""."
q2_3_4_page_160-0001,ĐỘNG PHƯỚN
q2_3_4_page_160-0002,"Ở phía huyện Thành Hoá, đá động lồm chồm, đỉnh cao chọc trời, có mấy thác từ đỉnh động đổ xuống xa trông như phướn trắng treo cao, nên gọi thế."
q2_3_4_page_160-0003,ĐỘNG BA MÀN
q2_3_4_page_160-0004,"Ở phía tây huyện Thành Hoá, động liền bờ sông, vách đá đứng sững, có vần thớ trông xa như bức màn, nên gọi thế."
q2_3_4_page_160-0005,"Hình thế núi từ động về đông, đi thuận hướng về nam, từ đông về tây, chuyển ngược quanh về tây, tầng lớp trùng điệp, chỗ cao chỗ thấp tiếp nhau, không thể hình dung được."
q2_3_4_page_161-0001,TRUÔNG NHÀ HÔ
q2_3_4_page_161-0002,"Ở phía bắc huyện Minh Linh, rừng dài 3 dặm."
q2_3_4_page_161-0003,"Tương truyền, ngày trước rừng cây rậm rạp, có nhiều côn đồ tụ họp, cướp bóc người đi đường, Hiển Tông Hoàng Đế sai Nội tán Nguyễn Khoa Đăng kinh lý đất này, Khoa Đăng bèn sai người chém chặt cây rừng, lùng bắt côn đồ, do đấy trộm cướp im hơi, buôn bán đi lại được thuận tiện, người ta đều ca tụng."
q2_3_4_page_161-0004,DỐC ĐẤT ĐỎ
q2_3_4_page_161-0005,"Ở địa phận hai tổng An Xá và Bái Ân huyện Địa Linh, xưa gọi là Non Tiên."
q2_3_4_page_161-0006,"Hồi đầu bản triều, Mạc Lập Bạo vượt biển vào cướp, Thái Tổ Hoàng Đế ta dùng mưu dụ giết được quân giặc đầu hàng ở Non Tiên, đặt 16 phường, tức là chỗ này."
q2_3_4_page_161-0007,"Lại xét Tân đường thư địa lý chí chép: từ châu Hoan đi về phía nam, 8 ngày đến Châu Ngô có lẽ là đất này."
q2_3_4_page_161-0008,HÒN CỔ
q2_3_4_page_161-0009,"Ở phía đông huyện Minh Linh, ngoài biển nổi lên một ngọn cách cửa biển Tùng Luật chừng 1 dặm, đứng sững một mình, bằng phẳng rộng rãi, cây cỏ um tùm, đá chân núi lô nhô cao dốc, trấn giữ cửa biển."
q2_3_4_page_162-0001,HÒN ĐÂU VOI
q2_3_4_page_162-0002,"Ở về phía đông huyện Minh Linh, đứng riêng giữa bãi cát vàng."
q2_3_4_page_162-0003,"Ngọn núi cao xanh, cao chừng ngàn thước, chắn ngang ở bờ nước, trông xa như đầu voi nên gọi thế."
q2_3_4_page_162-0004,SÔNG HƯƠNG
q2_3_4_page_162-0005,"Ở phía nam huyện Hương Thủy, phát nguyên từ hai nguồn: một là nguồn Tả Trạch, từ động Dài và khe Sơn Ba chảy về phía tây bắc, khuất khúc qua Điện Sơn Biện Lộ và Phổ Giang 59 dặm đến thác Thủ, lại chuyển sang phía đông, qua các khe và thác 36 dặm, đến ngã ba Bằng Lãng."
q2_3_4_page_162-0006,"Hai là nguồn Hữu Trạch, ở phía đông núi Chấn Sơn chừng 10 dặm, chảy qua bến Đồng Giang, lại chảy về phía đông nam 14 dặm đến ngã ba Bằng Lãng, thì hai nguồn hợp lưu."
q2_3_4_page_162-0007,"Từ đây trở xuống là sông Hương, chảy về phía đông chừng 4 dặm vòng quanh lăng Cơ Thánh."
q2_3_4_page_162-0008,"Đến phía đông núi Ngọc Trần, rồi chảy ngoặt sang phía bắc chừng 1 dặm."
q2_3_4_page_162-0009,"Qua ngã ba Long Hồ, lại chảy 8 dặm liền ngã ba cầu Lợi Tế."
q2_3_4_page_162-0010,"Chảy quanh trước Kinh thành 4 dặm, liền ngã ba cầu Gia Hội."
q2_3_4_page_162-0011,"Lại chảy 7 dặm liền ngã ba sông Bao Vinh, lại chảy 3 dặm liền ngã ba Triều Sơn, lại chảy 2 dặm liền ngã ba Thanh Phước, lại chảy 13 dặm đến bến Thái Dương, lại chảy 3 dặm qua phía Năm thành Trấn Hải, rồi ra cửa Thuận An."
q2_3_4_page_162-0012,"Nhánh sông về phía nam có 3 ngã: sông Lợi Nông, sông Thiên Lộc và sông Phổ Lợi."
q2_3_4_page_162-0013,"Năm Minh Mệnh thứ 17 đúc cửu đỉnh, khắc tượng vào Nhân đỉnh."
q2_3_4_page_162-0014,"Đời Thiệu Trị, ngự chế thơ ""Thần kinh nhị thập cảnh"", có đề là ""Hương giang vãn phiếm"" (Buổi chiều bơi thuyền trên sông Hương), khắc vào bia và dựng nhà bia ở bờ sông."
q2_3_4_page_162-0015,"Năm Tự Đức thứ 3, đăng vào điển thờ."
q2_3_4_page_163-0001,"Kính xét: đầu quốc triều, trong cuộc biến năm Giáp Ngọ (1774) (1), nước sông đỏ và đục, đến mùa hè năm Tân Dâu (1801), đại binh đánh lấy lại đô thành, nước sông lại trong sáng khác thường, người ta đều biết là điềm thái bình."
q2_3_4_page_163-0002,SÔNG BẠCH YẾN
q2_3_4_page_163-0003,"Ở phía tây nam huyện Hương Trà, có 3 nhánh: một nhánh ở địa giới hai xã Xước Du và Long Hồ, là nhánh của sông Hương, nay chảy về phía đông bắc đến xã An Vân."
q2_3_4_page_163-0004,"Một nhánh ở phía đông khe Nhự núi Trúc Lâm chừng 5 dặm, qua xã Lựu Bảo, lại chừng 2 dặm nữa qua phía đông chợ An Ninh, lại chừng 5 dặm nữa rồi hợp lưu với sông An Vân."
q2_3_4_page_163_164-0001,"Một nhánh từ chỗ cạn sông Khuê Chữ chảy 3 dặm đến (1) Việc biến năm Giáp Ngọ: chỉ việc tướng nhà Trịnh là Hoàng Ngũ Phúc đánh chiếm Thuận Hóa, chúa Nguyễn phải chạy vào Nam, chợ xã La Chử, lại 7 dặm nữa thì vào sông An Vân; sông đến đây thì dừng, tục gọi ""sông cùng""."
q2_3_4_page_164-0001,"Đầu đời Gia Long, đào từ chỗ sông cùng An Vân đến sông Hữu Hộ Thành, từ đấy nước sông lưu thông, gọi là ""sông thông""."
q2_3_4_page_164-0002,"Lại gần đấy có sông Kim Long, cũng là nhánh sông Hương, nay đã bồi lấp."
q2_3_4_page_164-0003,"Xét: trước kia cửa sông ở phía đông chợ Kim Long, đầu đời Gia Long đắp đập làm đường quan."
q2_3_4_page_164-0004,"Từ cửa sông qua địa phận ba xã Phú Xuân, Vạn Xuân và Kim Long, có một vài đoạn còn nước, còn đều thành vườn tược."
q2_3_4_page_164-0005,"Về phía đông từ các phường Nam Cường, Nam An, Thuận Cát và Nhuận Đức ở trong Kinh thành lại vòng sang các xứ Kinh thương, hồ Tĩnh Tâm, lầu Tàng Thư, cầu Thanh Long và cầu Thế Lại, đều là những chỗ đường sông cũ chảy qua."
q2_3_4_page_164-0006,"Từ Thế Lại, Lạc Hộ đến các xã An Quán, còn có đường sông chảy vào hạ lưu sông Hương."
q2_3_4_page_164-0007,Vậy ghi lại để giữ lấy tên.
q2_3_4_page_164-0008,SÔNG LỢI NÔNG
q2_3_4_page_164-0009,"Ở phía bắc huyện Hương Thủy, cửa sông từ đông nam xã Phú Xuân ở bờ nam sông Hương, chia chảy chừng 17 dặm qua hành cung Thần Phù, lại 28 dặm qua hành cung Thuận Trực, vào phá Hà Trung."
q2_3_4_page_164-0010,"Xét: một dải ven sông, ruộng đất có hàng ngàn van mẫu, trước kia là nước mặn."
q2_3_4_page_164_165-0001,"Năm Gia Long thứ 13, xa giá đến Thanh Thủy, xem xét hình thế, cho triệu phụ lão đến hỏi và dụ bảo việc đào sông, phụ lão thưa rằng: ""Khai con sông này thật là lợi cho nông dân"", bèn sai quân đào."
q2_3_4_page_165-0001,Lại đặt cửa đập ở hạ lưu Thần Phù để ngăn nước mặn.
q2_3_4_page_165-0002,"Từ đấy đất thành màu mỡ, được lợi rất nhiều."
q2_3_4_page_165-0003,"Nguyên tên là sông An Cựu, năm Minh Mệnh thứ 2 đổi tên hiện nay."
q2_3_4_page_165-0004,"Phía trên và phía dưới cửa sông có lập mốc đã để ghi dấu: năm thứ 17, đúc cửu đỉnh, khắc tượng vào Chương đỉnh."
q2_3_4_page_165-0005,SÔNG THIÊN LỘC
q2_3_4_page_165-0006,"Ở phía bắc huyện Hương Thủy, cửa sông ở phía đông nam xã Thiên Lộc, về bờ nam sông Hương, chảy khuất khúc 26 dặm, rồi hợp với sông Lợi Nông và vào phá Hà Trung."
q2_3_4_page_165-0007,SÔNG XUÂN HÒA
q2_3_4_page_165-0008,"Ở phía bắc huyện Hương Thủy, nước từ dòng cuối của sông Thiên Lộc chảy vào đồng ruộng, lâu ngày bị bồi lấp."
q2_3_4_page_165-0009,"Năm Gia Long thứ 4, xa giá đến xã Xuân Hòa, xem xét địa thế cao thấp muốn thông dòng sông để lợi cho việc nông, cho triệu phụ lão đến hỏi, họ đều nói: ""Thiên tử giữ vận mệnh của dân, cứ xin bề trên quyết định""."
q2_3_4_page_165-0010,"Nhà vua bèn sai Giám thành sứ là Nguyễn Văn Yên xem xét đo đạc, bắt dân khai đào, từ đấy nước sông lưu thông, nhà nông được lợi."
q2_3_4_page_166-0001,SÔNG PHỔ LỢI
q2_3_4_page_166-0002,Ở phía tây huyện lỵ cũ Phú Vang.
q2_3_4_page_166-0003,"Năm Minh Mệnh thứ 17, đào từ địa phận các xã Khoái An và Diên Trường dài 330 trượng linh, phía trên thông với sông cũ La Ỷ, phía dưới giáp đường sông Diên Trường."
q2_3_4_page_166-0004,"Lại ở hạ lưu Diên Trường đào một đoạn dài 130 trượng thẳng đến sông cũ La Ỷ, dưới tiếp với đường sông Diên Trường vào sông lớn để ra cửa Thuận An, cho tên là sông Phổ Lợi."
q2_3_4_page_166-0005,Trên bờ sông dựng nhà bia và khắc bia để ghi dấu.
q2_3_4_page_166-0006,"Xét: từ bên sông Hương theo đường sông này đến cửa biển Thuận An là 25 dặm, so với đường cũ có thể bớt được 7, 8 dặm."
q2_3_4_page_166-0007,"Năm ấy đúc cửu đỉnh, khắc tượng vào Nhân đỉnh."
q2_3_4_page_166-0008,"Năm Tự Đức thứ 8, đắp đập trên đường sông, nước lụt mùa thu thì mở đập, thuyền mới qua lại được."
q2_3_4_page_166-0009,SÔNG PHÙ BÀI
q2_3_4_page_166-0010,"Ở phía bắc huyện Phú Lộc, phát nguyên từ phía bắc núi La Sơn, chảy về phía đông bắc 50 dặm đến cầu đường trạm đổ vào sông Lợi Nông."
q2_3_4_page_166-0011,SÔNG SƯ LỖ
q2_3_4_page_166-0012,"Ở phía đông nam huyện Phú Lộc, phát nguyên từ phía bắc núi Ứng Đôi, chảy về phía đông chừng 9 dặm đến bến Bàn Môn, lại chảy về phía đông bắc, rồi chia thành hai nhánh, đều đổ vào phá Hà Trung."
q2_3_4_page_167-0001,SÔNG CAO ĐÔI
q2_3_4_page_167-0002,"Ở phía đông nam huyện Phú Lộc, phát nguyên từ phía tây khe Hiên ở miền sách Man, chảy về phía đông bắc qua phía nam bảo Du Mộc, rồi ngoẹo lại phía đông; qua thác khe Ngang 4 dặm đến cầu Cao Đôi, lại chảy 2 dặm, rồi vào sông Minh Lương."
q2_3_4_page_167-0003,SÔNG NGA SƠN
q2_3_4_page_167-0004,"Ở phía tây bắc huyện Phú Lộc, có tên nữa là sông La Sơn, phát nguyên từ phía tây núi La Sơn, chảy về phía đông nam 2 dặm, đến cầu đường trạm lại chừng 2 dặm đổ vào phá Hà Trung."
q2_3_4_page_167-0005,"Lại có một nhánh từ phía đông bắc núi Bao Sơn chảy đến, hợp lưu với sông Nga Sơn."
q2_3_4_page_167-0006,SÔNG PHÚ XUYÊN
q2_3_4_page_167-0007,"Ở phía đông nam huyện Phú Lộc, phát nguyên từ núi Cam Thủy, chảy về phía đông qua cầu Cam Thủy trên đường trạm làm sông Phú Xuyên."
q2_3_4_page_167-0008,Lại chảy về phía đông qua phía nam đèo Hoài An chừng 1 dặm ra cửa biển Cảnh Dương ở phía bắc.
q2_3_4_page_167-0009,"Lại có một nhánh ở phía nam từ nguồn Nước Mặn, quà phía tây núi Thạch Bàn, đến cầu Nước Mặn trên đường trạm rồi quay về phía bắc, cũng vào sông Phú Xuyên."
q2_3_4_page_168-0001,SÔNG BÌNH AN
q2_3_4_page_168-0002,"Ở phía đông bắc huyện Phú Lộc, phát nguyên từ chân núi Bình An, chảy về phía đông bắc, qua phía bắc núi Chu Mãi, ra cửa biển Chu Mãi."
q2_3_4_page_168-0003,"Lại có một nhánh từ phía bắc đèo Thị Hạ chảy quanh co về phía tây, qua phía nam núi Chu Mãi mà vào sông Bình Yên."
q2_3_4_page_168-0004,SÔNG PHÚ ỐC
q2_3_4_page_168-0005,"Ở phía bắc huyện Hương Trà, bờ phía nam thuộc địa phận huyện Hương Trà, bờ phía bắc thuộc địa phận huyện Quảng Điền, có nguồn: một ngọn tử phía đông thác Lỗ Mộ núi Sơn Bồ chảy 6 dặm qua khe Trái; một ngọn tử phía bắc núi Bồng Bạt chảy 7 dặm rồi hợp với khe Trái, lại chảy 25 dặm, đến ngã ba Hiền Sĩ."
q2_3_4_page_168-0006,"Một ngọn tử phía đông khe Đáy núi Sơn Quả chảy quanh co chừng 1 dặm qua bến Than, lại chảy 12 dặm rồi vào sông Hiền Sĩ."
q2_3_4_page_168-0007,"Một ngọn tử phía nam núi Thị Toại, qua ấp Xuân Lộc 19 dặm, qua sông Cổ Bi 12 dặm, rồi hợp với sông Hiền Sĩ, mà chảy về phía đông 8 dặm, qua bến Phú Ốc, tục gọi sông Phú Ốc."
q2_3_4_page_168-0008,"Chia làm hai nhánh, một nhánh qua phía bắc chợ Thanh Lương lại chảy 9 dặm qua khe Hương Cần, lại chảy 7 dặm qua khe Vân Cù, lại chảy 1 dặm qua xã Thanh Hà, lại chảy 3 dặm đến ngã ba Thanh Phúc, mà vào sông Hương."
q2_3_4_page_168-0009,Một nhánh qua phía đông xã Bác Vọng đến đầm An Xuân mà vào phá.
q2_3_4_page_169-0001,"Xét: Ô châu cận lục của Dương Văn An chép rằng: sông Cái ở huyện Đan Điền, phát nguyên rất xa, chi lưu rất dài."
q2_3_4_page_169-0002,"Miếu cổ Minh Uy, đứng chắn đầu núi, thành lớn châu Hoá, nằm ngang cửa sông, làng xóm vui vẻ, đồng nội xanh tươi, người nhiều mà đất rộng, chợ Hợi, cầu Ngọ, phẩm vật đẹp mà người sang, đều rải rác ở phía nam phía bắc sông."
q2_3_4_page_169-0003,SÔNG LỨƠNG ĐIÊN
q2_3_4_page_169-0004,"Ở địa giới hai huyện Phong Điền và Hải Lăng, tục gọi sông Độc."
q2_3_4_page_169-0005,"Có hai nguồn, phía tả là nguồn Ô Lâu, phía hữu là nguồn Tho Lai."
q2_3_4_page_169-0006,"Hai nguồn cùng chảy xuống 30 dặm đến sông Kiền Kiền thì hợp với nhau, lại chảy vài ba mươi dặm làm sông Song Kiềm."
q2_3_4_page_169-0007,"Phía tả phía hữu sông có đá dựng thành hàng đối nhau, nước sông đến đấy, bị núi ngăn cản không chảy manh được tựa như bị kiềm chế, nên gọi tên như thế."
q2_3_4_page_169-0008,"Lại chuyển chảy sang tây nam 20 dặm, qua bến Lương Điền, tục gọi sông Lương Điền."
q2_3_4_page_169-0009,Lại chảy về đông nam 11 dặm qua bến Vân Trình có sông Vĩnh Định từ phía bắc đến hợp vào.
q2_3_4_page_169-0010,"Lại chảy 8 dặm qua sứ Bàu Ngược, lại chảy 7 dặm vào phá Tam Giang, lại chảy 3 dặm làm sông Phù, lại chảy 35 dặm đến sông Cổ Cò hợp với sông Hương, rồi ra cửa Thuận."
q2_3_4_page_169-0011,"Tương truyền chỗ Bàu Ngược sông rộng nước sâu, mùa thu mùa đông thường nhiều sóng gió bão, thuyền đi đến đây gặp gió ngược thường bị đắm."
q2_3_4_page_169-0012,"Hồi đầu bản triều, Nội tán Nguyễn Khoa Đăng đào đường kênh khác thông sông Cái để giảm bớt thế nước, từ đấy sóng bớt dần, thuyền đi thuận tiện."
q2_3_4_page_170-0001,SÔNG THẠCH HÃN
q2_3_4_page_170-0002,"Ở hai huyện Đăng Xương và Hải Lăng, phát nguyên từ trong sách Man, chảy về tây bắc hơn 40 dặm đến bãi Ái Tử."
q2_3_4_page_170-0003,"Lại chảy chừng 33 dặm, thì có nước nguồn Viên Kiệu chảy vào, rồi chuyển sang phía đông nam chừng 10 dặm, qua cửa Ngưu Cước, tục gọi nguồn Trang."
q2_3_4_page_170-0004,"Lại 17 dặm, qua bến Lương Mai, lại 14 dặm qua bến Trinh Thạch, lại 2 dặm, thì có ba dòng khe từ phía nam qua phường Trà Trì mà chảy vào."
q2_3_4_page_170-0005,"Lại chảy 17 dặm qua khe Trái, lại chảy 15 dặm qua phía đông chợ Như Lệ, lại chảy 16 dặm qua xã Thạch Hãn."
q2_3_4_page_170-0006,"Ở đây có một thân đá nhô lên mặt nước, nằm ngang từ tả sang hữu, cốt đá chập chùng."
q2_3_4_page_170-0007,"Lại chảy 10 dặm qua bến đường quan ở phía tây thành đạo Quảng Trị, lại 3 dặm đến ngã ba Cổ Thành, đến địa phận hai xã An Tiêm và Xuân An thì chia làm hai nhánh."
q2_3_4_page_170-0008,"Một nhánh chảy về phía đông nam vào sông Vĩnh Định; một nhánh chảy về phía đông bắc 11 dặm, qua ngã ba Vĩnh Phúc, tục gọi bến Quyết."
q2_3_4_page_170-0009,"Lại chảy 9 dặm qua ngã ba Đại Độ, tục gọi ngã ba sông Tương, lại 7 dặm qua ngã ba Giáo Liêm, lại 10 dặm mà ra cửa biển Việt Yên."
q2_3_4_page_171-0001,"Xét: sông này nguồn rất xa, nước trong và ngọt, ngạn ngữ có câu rằng: ""Bất vi xạ não, diệc thị trầm đàn; bất vi quỳnh tương, diệc thị cam lễ"" (nghĩa là: chẳng phải xạ hương long não, thì cũng trầm hương đàn hương, chẳng phải quỳnh tương thì cũng cam lễ)."
q2_3_4_page_171-0002,Câu ấy cực tả phẩm chất của nước.
q2_3_4_page_171-0003,"Bản triều năm Minh Mệnh thứ 17 đúc cửu đỉnh, khắc tượng vào Thuần đỉnh."
q2_3_4_page_171-0004,"Năm Thiệu Trị thứ 2, xa giá Bắc tuần, qua sông này có thơ đề vịnh (xem Thánh chế Bắc tuần thi tập)."
q2_3_4_page_171-0005,Năm Tự Đức thứ 3 liệt vào điển thờ.
q2_3_4_page_171-0006,SÔNG VĪNH ĐỊNH
q2_3_4_page_171-0007,"Ở phía đông lỵ sở cũ huyện Hải Lăng, chia ra từ ngã ba Cổ Thành sông Thạch Hãn, chảy về phía đông nam 12 dặm, qua xã La Duy có khe Mai Đàn từ phía tây chảy vào."
q2_3_4_page_171-0008,"Lại chừng 16 dặm, qua xã Trung Đan, khe Tràng Sinh từ phía tây chảy vào, lại chừng 7 dặm thì vào sông Lương Điền."
q2_3_4_page_171-0009,"Xét: xã Trung Đan xưa có đường kênh, sau bị phù sa bồi lấp."
q2_3_4_page_171-0010,"Bản triều, năm Tân Dậu thứ 33 đời Thái Tông vét đào, lâu ngày bị tắc."
q2_3_4_page_171-0011,"Năm Quý Dậu thứ 2 đời Hiển Tông (1693) lại đào, sau lại bị sa bồi hầu thành đất bằng."
q2_3_4_page_171-0012,"Năm Ất Dậu Minh Mệnh thứ 6 (1825), sai Thống chế Phan Văn Thuý đốc binh dân khai đào từ xã Câu Kênh đến xã Trung Đan gồm 1.720 trượng, ba tháng thì xong, bèn cho tên hiện nay."
q2_3_4_page_171-0013,"Năm thứ 17, xa giá đi tuần Quảng Tri, thuyền ngự đi qua sông này, có thơ ngự chế khắc vào đá và dựng nhà bia ở bờ phía nam sông; cùng năm ấy đúc cửu đỉnh, khắc tượng vào Thuần đỉnh."
q2_3_4_page_171-0014,"Năm Thiệu Trị thứ 2 (1844) xa giá Bắc tuần, có thơ ngự chế khắc vào bia dựng ở bờ sông."
q2_3_4_page_172-0001,SÔNG ÁI TỬ
q2_3_4_page_172-0002,"Ở phía nam huyện Đăng Xương, phát nguyên từ phường Nại Cửu, chảy về phía đông chừng 7 dặm qua cầu đường quan xã Ái Tử, lại chdy 8 dặm qua ngã ba Phú Áng mà vào sông Thạch Hãn."
q2_3_4_page_172-0003,"Năm Thiệu Trị thứ 2, xa giá Bắc tuần đi qua sông này, có thơ ngự chế khắc vào đá và lập bia ở cạnh đường."
q2_3_4_page_172-0004,"Kính xét: hồi đầu bản triều, Thái Tổ vào Nam trấn thủ Thuận Hoá, tướng nhà Mạc là Lập Bạo vượt biển vào cướp."
q2_3_4_page_172-0005,"Thái Tổ tự làm tướng đem quân chống cự, đỗ thuyền ở sông Ái Tử, đêm nghe nước sông có tiếng ""oa oa"", lấy làm kỳ dị."
q2_3_4_page_172-0006,"Sau đó, mộng thấy thần sông bảo dâng kế mỹ nhân, bèn giết được Lập Bạo-Minh sử chép: bình Trương Phụ đến Thuận Châu, đuổi đánh bại Trùng Quang Đế nhà Trần ở sông Ái Tử, tức là chỗ này."
q2_3_4_page_172-0007,SÔNG LAI PHÚC
q2_3_4_page_172-0008,"Ở phía nam ly sở cũ huyện Đăng Xương, phát nguyên từ xứ Đại Toàn, tục gọi nguồn Vịnh, chảy về phía đông 8 dặm, qua bến xã Lai Phúc, lại chảy 10 dặm, qua ngã ba Phú Áng mà vào sông Ái Tử, lại qua sông Vĩnh Phúc, mà vào sông Thạch Hãn."
q2_3_4_page_173-0001,SÔNG Đ IẾU NGAO
q2_3_4_page_173-0002,"Ở phía nam lỵ sở cũ huyện Địa Linh, phát nguyên từ động Tam Tiên ở phía tây huyện Thành Hoá, chảy về phía đông 10 dặm, qua cửa Hiểu Giang."
q2_3_4_page_173-0003,"Lại 20 dặm qua xã Cam Lộ, lại hơn 10 dặm qua bến Bích Giang, lại 3 dặm qua bến Thượng Đô."
q2_3_4_page_173-0004,"Lại chừng ba dặm qua bến Trương Xá, lại 8 dặm qua bến đường quan xã Điểu Ngao, lại 4 dặm qua ngã ba Đông Lai, lại 2 dặm qua ngã ba Đại Độ mà vào hạ lưu sông Thạch Hãn."
q2_3_4_page_173-0005,SÔNG MINH LƯƠNG
q2_3_4_page_173-0006,"Ở phía nam huyện Minh Linh có 2 nguồn: một là nguồn Cổ Lâm, chảy về phía đông đến xã Quảng Xá thì vỡ ra thành một cái đầm rộng chừng 3 mẫu sâu 110 thước, rạng đá mọc ngầm dưới nước."
q2_3_4_page_173-0007,"Lại chảy 12 dặm qua xã Gia Lâm, lại qua 2 dặm qua xã Đặng Xá, lại 8 dặm đến phường Châu Thị."
q2_3_4_page_173-0008,"Một nguồn từ sông Lai Cách chảy về đông nam, cũng đến phường Châu Thị, hai ngọn hợp nhau."
q2_3_4_page_173-0009,"Từ đây chảy về phía đông 10 dặm, qua bến Minh Lương làm sông Minh Lương."
q2_3_4_page_173_174-0001,"Còn có sông Ô Giang từ phía tây nam chảy vào, lại 4 dặm qua ngã ba Xuân Hòa đến xã Xuân Long chia thành ba nhánh: một nhánh chảy về phía đông bắc qua các xã Phúc Lý và Di Luân chừng 10 dặm ra cửa Từng Luật; một nhánh chảy về phía đông nam, qua các xã Cao Xá và Cẩm Phố chừng 9 dặm đến địa hạt huyện Do Linh, đổ vào sông Thạch Hãn; một nhánh từ bến Cao chảy về quanh các xã Thủy Khê, Yên Lộc và Cát Sơn hơn 10 dặm, rồi hợp nhánh trên, cũng ra cửa Tùng Luật."
q2_3_4_page_174-0001,SÔNG CAM
q2_3_4_page_174-0002,"Ở phía tây huyện Thành Hoá, phát nguyên từ động Thạch Lãng hợp nước các khe, chảy về phía tây qua các châu Na Bôn, Ba Lan và Mường Bổng đổ vào sông Khung."
q2_3_4_page_174-0003,"Lại có ba sông nhỏ: một là sông Tầm Bồn, hai là sông Bật Lục, ba là sông Xa Mau, đều ở địa phận châu Làng Thin, cũng chảy về phía tây mà vào sông Khung."
q2_3_4_page_174-0004,Ba sông này nhiều cá sấu và giải.
q2_3_4_page_174-0005,PHA HA TRUNG
q2_3_4_page_174-0006,"Ở phía đông bắc huyện Phú Lộc, nước phá từ các sông Lợi Nông, Sư Lỗ và Cao Đôi tụ lại, rộng hơn 2 dặm, chu vi hơn trăm dặm."
q2_3_4_page_174-0007,"Có hai đầm là đầm Hà Trung và đầm Đinh Lương, nước đầm một đường chảy về phía đông nam, ra cửa Tư Hiền một đường chảy về phía đông bắc ra cửa Thuận An."
q2_3_4_page_174-0008,"Phá này trước thuộc huyện Phú Vang, năm Minh Mệnh thứ 15, đổi cho thuộc huyện Phú Lộc."
q2_3_4_page_174-0009,"Năm Thiệu Trị thứ 3, thơ ngự chế: ""Thần kinh nhị thập cảnh"" có một bài đề là ""Hải nhi quan ngư"" (Ra phá xem á), khắc vào bia và dựng nhà bia ở bờ đẳm Minh Lương."
q2_3_4_page_174-0010,"Kính xét: xưa có người làm bài ca ""Cửa biển Tư Hiền"" có nói phá có ba sóng thần, thường đánh đắm thuyền bè."
q2_3_4_page_174-0011,"Bản triều Thái Tông Hoàng Đế từng đến đây chơi, trông thấy sóng yêu làm hại thuyền, nổi giận sai đem đại bác ra bắn, trúng được hai sóng, máu phun ra làm đỏ cả nước dòng, còn một sóng chạy ra biển cả trốn mất."
q2_3_4_page_174-0012,"Từ đấy đi lại không lo gì nữa, đến nay người ta còn ta tụng."
q2_3_4_page_174-0013,"Việc này so với việc Đế Nghiêu bắn chết con lợn rừng và rắn dài ở Động Đình, đều là việc hay."
q2_3_4_page_174-0014,"Xét: Phủ biên tạp lục của Lê Quý Đôn chép: huyện Phú Vang, trên thì núi, giữa thì đầm phá, dưới thì biển, phá Hà Trung, rộng lớn không thấy bờ, không biết là bao nhiêu mẫu khoảnh, dân cư ở vòng quanh bốn bề."
q2_3_4_page_174_175-0001,"Xã Điêm Trường ở giữa phá, một bên là cầu thông bờ sông Nghi, đến 110 nhịp, bờ phá những chỗ lõm vào đều thành đầm, có các đầm Minh Lương, đầm Ô Trà, đầm Đa Đả, mỗi năm nộp tiền thuế nghìn quan. An."
q2_3_4_page_175-0001,"Phá này trước thuộc huyện Phú Vang, năm Minh Mệnh thứ 15, đổi cho thuộc huyện Phú Lộc."
q2_3_4_page_175-0002,"Năm Thiệu Trị thứ 3, thơ ngự chế: ""Thần kinh nhị thập cảnh"" có một bài đề là ""Hải nhi quan ngư"" (Ra phá xem á), khắc vào bia và dựng nhà bia ở bờ đẳm Minh Lương."
q2_3_4_page_175-0003,"Kính xét: xưa có người làm bài ca ""Cửa biển Tư Hiền"" có nói phá có ba sóng thần, thường đánh đắm thuyền bè."
q2_3_4_page_175-0004,"Bản triều Thái Tông Hoàng Đế từng đến đây chơi, trông thấy sóng yêu làm hại thuyền, nổi giận sai đem đại bác ra bắn, trúng được hai sóng, máu phun ra làm đỏ cả nước dòng, còn một sóng chạy ra biển cả trốn mất."
q2_3_4_page_175-0005,"Từ đấy đi lại không lo gì nữa, đến nay người ta còn ta tụng."
q2_3_4_page_175-0006,"Việc này so với việc Đế Nghiêu bắn chết con lợn rừng và rắn dài ở Động Đình, đều là việc hay."
q2_3_4_page_175-0007,"Xét: Phủ biên tạp lục của Lê Quý Đôn chép: huyện Phú Vang, trên thì núi, giữa thì đầm phá, dưới thì biển, phá Hà Trung, rộng lớn không thấy bờ, không biết là bao nhiêu mẫu khoảnh, dân cư ở vòng quanh bốn bề."
q2_3_4_page_175-0008,"Xã Điêm Trường ở giữa phá, một bên là cầu thông bờ sông Nghi, đến 110 nhịp, bờ phá những chỗ lõm vào đều thành đầm, có các đầm Minh Lương, đầm Ô Trà, đầm Đa Đả, mỗi năm nộp tiền thuế nghìn quan."
q2_3_4_page_176-0001,"Đời xưa Lục Vân nhà Lương đáp thư cho Xa An Mậu nói về tình hình đất Mậu huyện rằng: ""Huyện cách quận chẳng quá 3 ngày, thẳng phía đông mà ra thì thấy đường thủy đường bộ đều thông."
q2_3_4_page_176-0002,"Phía tây có hồ lớn rộng ước nghìn khoảnh, phía bắc có núi cao, phía nam có rừng châm, phía đông tức biển cả mênh mông bát ngát, cỡi thuyền buồm rong ruổi, một hơi nghìn dặm."
q2_3_4_page_176-0003,"Phía bắc tiếp châu Thanh, châu Từ, phía đông thu châu Giao, châu Quảng, hải vật nhiều thứ, không xiết kể tên."
q2_3_4_page_176-0004,"Ngăn sông làm phá, đốt cỏ làm ruộng, cày bằng lửa, bừa bằng nước không phiền nhân lực, tháo nước ra lấy nước vào tuỳ ý, cao thấp tự mình."
q2_3_4_page_176-0005,"Cất mâu (1) lên thành mây, hạ mâu xuống thành mưa, đã tưới đã nhuận, theo thời thay đổi."
q2_3_4_page_176-0006,"Nhà nước không lo thóc thuế thiếu, dân không lo phải đói ăn, áo cơm thường đủ, kho vựa thường đầy."
q2_3_4_page_176-0007,"Nếu lại ngăn chặn cửa lạch, đắp đê ba bể, theo thủy triều lên xuống, mà bắt tôm đánh cá, cá chiên cá hựu, cá đỏ đuôi, cá răng cưa, cá lờn bơn, không thể chép xiết."
q2_3_4_page_176-0008,"Làm gỏi cá lưu phúc, nướng chả cá chế hầu, ninh cá thạch thủ, nấu cá như sa, thực là những vị quý cửa Đông Hải, những món ngon trong đồ ăn""."
q2_3_4_page_176-0009,Huyện Phú Vang cũng như thế.
q2_3_4_page_176-0010,(1) Mâu: mâu là một thứ điển khí.
q2_3_4_page_177-0001,PHÁ TAM GIANG
q2_3_4_page_177-0002,"Ở địa phận hai huyện Phong Điền và Quảng Điền, trước gọi biển cạn (Hạt Hải)."
q2_3_4_page_177-0003,"Năm Minh Mệnh thứ 2 đổi tên hiện nay, nam bắc dài 30 dặm, đông và tây rộng chừng 6 dặm."
q2_3_4_page_177-0004,"Từ hạ lưu sông Lương Điền chảy xuống phá, về phía tây nam có dòng nước đổ vào một là cửa sông Tả, một là cửa sông Trung, một là cửa sông Hữu, mỗi dòng đều chảy chừng 2, 3 dặm mà vào nên gọi là ""Phá Tam Giang""."
q2_3_4_page_177-0005,"Lại chảy về phía đông nam 25 dặm, mà hợp với sông Hương để ra cửa Thuận An."
q2_3_4_page_177-0006,"Nước sông sâu rộng, thường có sóng gió bất trắc, thuyền đi nên đề phòng."
q2_3_4_page_177-0007,KÊNH LA KHÊ
q2_3_4_page_177-0008,"Ở phía tây huyện Hương Trà, nhánh bên tả, từ phía đông nam núi Mã Lạp chảy về vòng quanh trước lăng Thiên Thọ đổ vào sông Hương, nhánh bên hữu từ phía tây bắc núi Định Môn chảy ra trước lăng Thiên Thọ rồi hợp với nhánh bên tả, cũng vào sông Hương."
q2_3_4_page_177-0009,KÊNH BAO VĨNH
q2_3_4_page_177-0010,"Ở phía đông huyện Hương Trà, nhánh phía tây thông đến xã An Hòa, nhánh về phía đông thông đến xã Triều Sơn, đều vào sông Bao Vinh."
q2_3_4_page_178-0001,KÊNH QUY LAI
q2_3_4_page_178-0002,KÊNH CHU Ê
q2_3_4_page_178-0003,KÊNH THÂN PHÙ
q2_3_4_page_178-0004,KÊNH LÀNG XÁ
q2_3_4_page_178-0005,KÊNH HÔ XÁ
q2_3_4_page_178-0006,"Ở phía đông huyện Phú Vang, nước từ hạ lưu sông Hương, chia thành ba nhánh, hai nhánh chảy về nam thông với sông Phổ Lợi, vào đầm An Truyền, một nhánh chảy về đông vào sông Thai Dương."
q2_3_4_page_178-0007,"Ở huyện Hương Thủy, từ phía tây đường núi ấp Chu Chử, chảy đến bờ phía nam bến Tượng, chảy sang phía đông qua khe Bằng Lãng đến bến Thạch Bàn, rồi vào sông Hương."
q2_3_4_page_178-0008,"Ở phía địa phân ba xã Thần Phù, Lê Xá và Văn Giang huyện Hương Thủ."
q2_3_4_page_178-0009,"Cửa kênh ở bờ bên tả sông Lợi Nông, mới khai 16 đoạn dài 471 trượng, trên rộng 1 trượng 5 thước, dưới rộng 1 trượng 3 thước, đào từ năm Minh Mệnh thứ 13."
q2_3_4_page_178-0010,"Ở phía đông huyện Hương Thủy, nước từ thượng lưu sông Lợi Nông chia ra, chảy qua lý sở huyện, lại vào sông Lợi Nông; lại một nhánh chảy về phía nam vào đầm Tô Đà, cũng vào sông Lợi Nông."
q2_3_4_page_178-0011,"Ở huyện Minh Linh. Tương truyền, xưa Hồ Hán Thường khai đường kênh từ Thủy Liên đến Hồ Xá bị bùn cát đùn lên, khai đến đầu liền bị lấp, không thành công."
q2_3_4_page_178-0012,"Đến lúc Lê Thánh Tông đi đánh Chiêm Thành, cho binh sĩ đào thì kênh mới thành, nhưng sau đó lại bị bồi lấp."
q2_3_4_page_178-0013,"Bản triều, Mậu Thân năm Thái Tông thứ 20 lại sai quan dân đào được vài tháng, cát lại bồi lấp, bèn sai dân ở ven kênh hằng năm tuỳ thế khơi thông."
q2_3_4_page_179-0001,KÊNH MAI XÁ
q2_3_4_page_179-0002,"Ở huyện Gio Linh, một nhánh chảy về phía đông ra cửa biển Việt Yên, một nhánh chảy về phía bắc đi theo đường kênh."
q2_3_4_page_179-0003,"Bản triều, Tân Dậu năm Thái Tông thứ 33 chúa Thượng tuần du, săn ở Cổ Lâm, thuyền đi qua kênh Thị Môn, người địa phương nói: chỗ này sóng gió bất trắc, thuyền thường bị đắm."
q2_3_4_page_179-0004,"Thấy thế, chúa Thượng muốn khai kênh mới, lúc ấy có tên Thế người xã Mai Xá vẽ bản đồ để dâng, và xin khai từ Mai Xá đến bến Quán Nhị Hạ."
q2_3_4_page_179-0005,"Chúa bèn bắt dân khai đào, một tháng đào xong, người buôn bán được tiện."
q2_3_4_page_179-0006,"Tương truyền, triều trước xạ giá đến thánh điện ở Hà Trung, sai đắp đường ở phía tây kênh này, từ bến đến thánh điện 8 dặm, dấu cũ vẫn còn, tục gọi Bến Ngự."
q2_3_4_page_179-0007,KÊNH HÀ KỲ
q2_3_4_page_179-0008,Ở địa phận hai huyện Minh Linh và Gio Linh.
q2_3_4_page_179-0009,"Bản triều, Bính Dần năm Thái Tông thứ 3 bắt đần khai đào từ địa phận xã Cẩm Phố huyện Minh Linh đến địa giới huyện Gio Linh, để thông với sông Minh Lương."
q2_3_4_page_179-0010,"Quý Mùi, năm Hiếu Tông thứ 12 sai Chưởng cơ Tôn Thất Diệu đốc binh đắp đập ở đây, từ xã Lai Cách đến xã Thủy Liên gồm 5 sở, để tiện việc vận tải."
q2_3_4_page_180-0001,KÊNH DIÊN SINH ĐAN QUẾ
q2_3_4_page_180-0002,Hai xã Diên Sinh và Đan Quế đều thuộc huyện Hải Lăng.
q2_3_4_page_180-0003,"Năm Minh Mệnh thứ 4, miền dịch cho binh dân để bắt khai kênh, để việc nông được tiện lợi."
q2_3_4_page_180-0004,KÊNH KIM LUNG
q2_3_4_page_180-0005,"Ở địa phận hai xã Kim Lung và Diên Sinh huyện Hải Lăng, trước vẫn có kênh, lâu ngày bị lấp."
q2_3_4_page_180-0006,"Năm Minh Mệnh thứ 7, dân hai xã xin mượn dân binh ở sổ vét đào để tiện việc nông, nhà vua y cho, lại cấp cho 200 quan tiền."
q2_3_4_page_180-0007,KÊNH THÂM TRIÊU HƯƠNG LIÊU
q2_3_4_page_180-0008,Hai xã Thâm Triều và Hương Liệu đều thuộc huyện Đăng Xương.
q2_3_4_page_180-0009,"Năm Minh Mệnh thứ 9 dân hai xã xin mượn binh dân ở sổ khơi đào để lấy nước tưới ruộng, nhà vua y cho, cung cấp cho 200 quan tiền."
q2_3_4_page_180-0010,KÊNH KIM GIAO
q2_3_4_page_180-0011,Ở xã Kim Giao huyện Hải Lăng.
q2_3_4_page_180-0012,"Năm Minh Mệnh thứ 5 dinh thần Quảng Trị tâu nói xã Kim Giao trước có đường kênh, bị đất cát bồi lấp, dân xin mượn biền binh và ty thuộc ở sổ đem sức ra khơi đào."
q2_3_4_page_180-0013,"Một là để lấy nước thủy triều tưới ruộng, hai là để tháo nước úng ra sông, lại theo kênh này thông với sông cái, việc vận tải tô thuế cũng tiện."
q2_3_4_page_180-0014,Nhà vua y cho.
q2_3_4_page_181-0001,ĐÂM SAM
q2_3_4_page_181-0002,"Ở phía đông nam huyện Phú Lộc, chu vi 39 dặm, nước đầm chảy về phía đông qua bến Hải Vân mà ra biển, nước đầm rất sâu, sản nhiều con sam nên gọi thế; phía bắc có chầm, nhiều bùn lầy, sản xuất hạt trai."
q2_3_4_page_181-0003,"Khoảng đời Minh Mệnh sai người mò lấy, nhưng hạt trai non nhỏ, nên thôi."
q2_3_4_page_181-0004,ĐÂM LA BÍCH
q2_3_4_page_181-0005,"Ở phía đông huyện Phú Lộc, trước tên là đầm La Hồng, năm Tự Đức thứ 1 đổi tên hiện nay."
q2_3_4_page_181-0006,ĐÂM MỸ Á
q2_3_4_page_181-0007,"Ở phía đông huyện Phú Lộc, chu vi 5 dặm, trước tên là vịnh Ông Chú, năm Minh Mệnh thứ 11 đổi tên hiện nay."
q2_3_4_page_181-0008,ĐÂM TÔ ĐÀ
q2_3_4_page_181-0009,"Ở phía đông bắc huyện Hương Thủy, chu vi 7 dặm chảy vào sông Lợi Nông."
q2_3_4_page_182-0001,DAM AN TRUYEN
q2_3_4_page_182-0002,"Ở phía đông nam huyện Phú Vang, chu vi 11 dặm."
q2_3_4_page_182-0003,ĐẦM THANH LAM
q2_3_4_page_182-0004,"Ở phía đông huyện Hương Thủy, năm Minh Mệnh thứ 10 đổi tên hiện nay."
q2_3_4_page_182-0005,ĐẦM VONG
q2_3_4_page_182-0006,"Ở phía đông huyện Phú Vang, chu vi 3 dặm."
q2_3_4_page_182-0007,ĐẦM BÁC VỌNG
q2_3_4_page_182-0008,"Ở địa phận hai huyện Hương Trà và Quảng Điền, tên cũ là đầm Vịnh Đồng."
q2_3_4_page_182-0009,Năm Minh Mệnh thứ 11 đổi tên hiện nay.
q2_3_4_page_182-0010,ĐẦM HA LAC
q2_3_4_page_182-0011,"Ở địa phận hai huyén Hương Trà và Quảng Điền, tên cũ là đầm Vịnh Néo."
q2_3_4_page_182-0012,Năm Minh Mệnh thứ 11 đổi tên hiện nay.
q2_3_4_page_182-0013,ĐẦM AN XUAN
q2_3_4_page_182-0014,"Ở phía đông nam huyện Quảng Điền, tên cũ là đầm Cục."
q2_3_4_page_182-0015,"Năm Minh Mệnh thứ 11, đổi tên hiện nay."
q2_3_4_page_182-0016,ĐẦM AN GIA
q2_3_4_page_182-0017,"Ở phía đông huyện Quảng Điền, tên cũ là đầm Vinh Sia."
q2_3_4_page_182-0018,Năm Minh Mệnh thứ 11 đổi tên hiện nay.
q2_3_4_page_183-0001,ĐÂM GIÁO LIÊM
q2_3_4_page_183-0002,"Tục gọi Vinh Thuộc, ở địa phận huyện Đăng Xương."
q2_3_4_page_183-0003,ĐÂM DIÊM HÀ
q2_3_4_page_183-0004,"Ở huyện Minh Linh, lại có đầm Tử Lai, đầm Duy Phiên, đầm Thái Lai đều ở trong huyện."
q2_3_4_page_183-0005,ĐÂM HÀ BÁ
q2_3_4_page_183-0006,Ở huyện Đăng Xương.
q2_3_4_page_183-0007,VŨNG NƯỚC NÓNG
q2_3_4_page_183-0008,"Ở phía tây ấp Dương Hòa nguồn Tả Trạch thuộc huyện Hương Trà, cách bờ sông 14 trượng, chu vi chừng 1 trượng."
q2_3_4_page_183-0009,"Nước đen mà trong, sâu 7, 8 tấc, nước từ dưới đất vọt ra, nước sôi sùng sục, khói trắng bốc lên, nóng không thể đến gần được, đem tôm cá bỏ vào thì chết ngay, đem gà vịt bỏ vào thì chút hết lông."
q2_3_4_page_183-0010,"Năm Minh Mệnh thứ 18, Ninh Thuận Công Miên Nghi đến đây săn bắn, trở về tâu vua; Thánh Tổ Nhân Hoàng Đế đến xem, sai bắc gỗ ở trên mặt nước, đứng trên cây gỗ mà đào để hiểu lẽ kỳ, thì thấy nước bùn cuồn cuộn phun lên, lại dừng để đo xem thì vẫn thấy sâu 7, 8 tấc như trước."
q2_3_4_page_183-0011,"Từ trước, nước nóng chảy ra chừng vài ba mươi trượng, đổ vào nguồn Tả Trạch, thì vị nước ngon và lạnh."
q2_3_4_page_183-0012,"Khi đã khai đào đến mạch, thì nước chảy mạnh hơn và càng nóng già, đã hợp với nước sông mà nước ở cửa vũng vẫn nóng khó lội qua được, thật là kỳ dị."
q2_3_4_page_183-0013,"Nhà vua bảo thị thần rằng: nước không có lửa mà nóng, trời đất tạo vật, đẩy cũng là một điều lạ lùng."
q2_3_4_page_183-0014,"Ngự chế bài ""Thang Hoằng Ký"" 12 vần (xem Minh Mệnh thánh chế thi tập), lại sai viên Phủ doãn dựng bia ở đẩy để ghi."
q2_3_4_page_183-0015,"Thiệu Trị thánh chế thi tập có vịnh 12 cảnh Thần kinh, có bài ""Tây lĩnh thang hoằng"" (Vũng nước nóng ở núi tây)."
q2_3_4_page_183-0016,Khắc bia dựng nhà bia ở đây.
q2_3_4_page_183-0017,Từ vũng nảy đến ngã ba sông Bằng Lãng có 43 dặm linh.
q2_3_4_page_184-0001,VŪNG NƯỚC LẠNH
q2_3_4_page_184-0002,"Ở phía hữu vũng nước nóng, nước từ trong núi chảy ra mát như thường, có thể múc uống."
q2_3_4_page_184-0003,"Cách vũng nước nóng chừng 8 trượng, mà nóng lạnh khác nhau xa; nước lạnh chảy ra hợp với hạ lưu vũng nước nóng rồi chảy ra sông, chỗ hợp lưu, nước lạnh nước nóng lộn nhau nên biến thành chất ấm, chảy xuống hơn một trượng thì không ấm nữa."
q2_3_4_page_184-0004,NGÒI TRE
q2_3_4_page_184-0005,"Ở phía tây nam huyện Hương Trà, nước từ phía nam núi Dương Lăng chảy ra, phía tây vào thác Tôm của nguồn Tả Trạch mà hợp lưu."
q2_3_4_page_184-0006,NGÒI VÀNG
q2_3_4_page_184-0007,"Ở phía tây nam huyện Hương Trà, nước từ núi Chẩn chảy ra, rồi hợp lưu với thác Vàng của nguồn Tả Trạch."
q2_3_4_page_185-0001,NGÒI ĐẤU NGƯ
q2_3_4_page_185-0002,NGÒI MỸ GIA
q2_3_4_page_185-0003,KHE NGỌC TRẢN
q2_3_4_page_185-0004,KHE ĐỊNH MÔN
q2_3_4_page_185-0005,KHE SÃI
q2_3_4_page_185-0006,KHE THIÊN THAI
q2_3_4_page_185-0007,KHE LA VỤNG
q2_3_4_page_185-0008,"Ở phía tây nam huyện Hương Trà, nước từ phía nam núi Vụ Sơn chảy ra, hợp lưu với thác Choi Cá của nguồn Hữu Trạch."
q2_3_4_page_185-0009,"Ở phía đông nam huyện Phú Lộc, nước từ núi Mỹ Gia chảy xuống đâm Sam."
q2_3_4_page_185-0010,"Ở huyện Hương Trà, rộng 6 trượng, gần đấy có các khe Danh Tiến, khe Châu Thụ, khe Cốt và khe Ngọ, đều đổ vào sông Hương."
q2_3_4_page_185-0011,"Ở phía tây huyện Hương Trà, tục gọi là khe Đẹp, rộng 3 trượng 5 thước, nước đổ vào sông Hương."
q2_3_4_page_185-0012,"Ở xã Cư Chính huyện Hương Thủy, rộng 7 trượng 5 thước, đổ vào sông Hương."
q2_3_4_page_185-0013,"Ở phía tây huyện Hương Thủy, nước từ núi Thiên Thai chảy ra, đổ vào sông Lợi Nông."
q2_3_4_page_185-0014,Ở trong núi về phía tây bắc huyện Phú Lộc.
q2_3_4_page_185-0015,"Từ đường trẽ của hai ấp Gia Cốc và Võng Trì lên đến khe này 19 dặm, từ khe này đến khe Tư Nông 9 dặm đi ven núi đến nguồn Cu Đê tỉnh Quảng Nam."
q2_3_4_page_186-0001,KHE MỤ ĐĂNG
q2_3_4_page_186-0002,"Ở phía đông nam huyện Phú Lộc, từ đường trạm thôn Phúc Yên lên đến khe này chừng 9 dặm."
q2_3_4_page_186-0003,"Từ đây lên đến nửa đèo núi Thủy Cam lại có khe Bức, khe Mụ Đặng, khe Cây Dừa và khe Ve Ve."
q2_3_4_page_186-0004,KHE PHÚ HẢI
q2_3_4_page_186-0005,"Ở ấp Phú Hải huyện Phú Lộc, rộng 9 trượng 5 thước, nước đổ vào sông Phú Xuyên."
q2_3_4_page_186-0006,KHE HOÀNG LÃO
q2_3_4_page_186-0007,"Ở địa phận xã Cổ Bi huyện Phong Điền, phía tây khe, có nền cũ Hành cung, lại ở xã Hiền Sĩ cũng có nền cũ Hành cung, nay vẫn còn."
q2_3_4_page_186-0008,Tương truyền đẩy là nơi Thế Tông hồi đầu bản triều hay ngự trong khi đi săn.
q2_3_4_page_186-0009,KHE ĐẠI ĐÔNG
q2_3_4_page_186-0010,"Ở huyện Đăng Xương, nguồn từ chân núi Đại Đồng chảy về phía đông, đến xã Trà Bát, vào sông Ái Tử."
q2_3_4_page_186-0011,KHE Ô Ô
q2_3_4_page_186-0012,"Ở huyện Hải Lăng, nước từ núi Trường Sinh chảy ra, có vực sâu vài ba trượng, hình tròn như cái chậu."
q2_3_4_page_186-0013,"Tương truyền, năm nào hạn, dân sở tại đưa thuyền đảo vũ, rồi dìm con mèo xuống vực, thì liền được mưa, đến nay vẫn thế."
q2_3_4_page_187-0001,KHE MAI ĐÀN
q2_3_4_page_187-0002,"Ở huyện Hải Lăng, nước từ trong núi Mai Đàn chảy ra, sắc vàng vị ngọt, tục gọi khe Nước Trà."
q2_3_4_page_187-0003,TẢ TRẠCH 55 THÁC
q2_3_4_page_187-0004,"Ở phía tây nam huyện Hương Trà, từ bảo Hưng Bình chảy ngoàn ngoèo về phía tây bắc, suốt đến hai sách Dương Lăng thượng và Dương Lăng hạ."
q2_3_4_page_187-0005,"Trong quãng này đều là đá lên xuống lô nhô, nước trên cao đổ xuống, tiếng sóng âm âm, thuyền bè khó đi."
q2_3_4_page_187-0006,"Tất cả các thác đều thế, là 1."
q2_3_4_page_187-0007,Thác Tổ Sa-2. Thác Lam-3.
q2_3_4_page_187-0008,Thác Trà Bồi-4. Thác Thủ Mộ-5.
q2_3_4_page_187-0009,Thác Lá Diệp-6. Thác Lăng-7.
q2_3_4_page_187-0010,Thác Ngựa-8. Thác Tuy-9.
q2_3_4_page_187-0011,Thác Ba Lỗi-10. Thác Thụ Lạc-11.
q2_3_4_page_187-0012,Thác Cù Mông-12. Thác Cá-13.
q2_3_4_page_187-0013,Thác Tròn-14. Thác Lý Mãi-15.
q2_3_4_page_187-0014,Thác Ly Y-16. Thác La A-17.
q2_3_4_page_187-0015,Thác Lòng-18. Thác Phun Huyết-19.
q2_3_4_page_187-0016,Thác Ván-20. Thác Đá-21.
q2_3_4_page_187-0017,Thác Châu Mã-22. Thác Cụ Gian-23.
q2_3_4_page_187-0018,Thác Mề Chử-24. Thác Giáp Thụ-25.
q2_3_4_page_187-0019,Thác Nại Hỏa-26. Thác Trà Đề-27.
q2_3_4_page_187-0020,Thác Kịch-28. Thác Bụi Trúc-29.
q2_3_4_page_187-0021,Thác Lấp-30. Thác Sơ Đinh-31.
q2_3_4_page_187-0022,Thác Kỳ Trái-32. Thác Diên-33.
q2_3_4_page_187-0023,Thác Nước Nóng-34. Thác Đá Hẹp-35.
q2_3_4_page_187-0024,Thác Châu-36. Thác Du Thụ-37.
q2_3_4_page_187-0025,Thác Sao-38. Thác Lê-39.
q2_3_4_page_187-0026,Thác Nhà Rượu-40. Thác Lương-41.
q2_3_4_page_187-0027,Thác Đinh Linh-42. Thác Chọi Cá-43.
q2_3_4_page_187-0028,Thác Quyên Quyên-44. Thác Lũy Lỗi-45.
q2_3_4_page_187-0029,Thác Ba La-46. Thác Thủ-47.
q2_3_4_page_187-0030,Thác Vàng-48. Thác Cây Sung-49.
q2_3_4_page_187-0031,Thác Việt Độ-50. Thác Ba Dòng-51.
q2_3_4_page_187-0032,Thác Chài-52. Thác Mề Tuyến-53.
q2_3_4_page_187-0033,Thác Tôm-54. Thác Gạc Nai-55.
q2_3_4_page_187-0034,Thác Dài.
q2_3_4_page_188-0001,HỮU TRẠCH 14 THÁC
q2_3_4_page_188-0002,"Ở phía tây huyện Hương Trà, nước từ khe Trà Linh đến phía đông trường giao dịch nguồn Hữu Trạch 1."
q2_3_4_page_188-0003,Thác Việt-2. Thác Nghĩa-3.
q2_3_4_page_188-0004,Thác Mi Y-4. Thác Lao-5.
q2_3_4_page_188-0005,Thác Ba Lai-6. Thác Trà Trường-7.
q2_3_4_page_188-0006,Thác Tu-8. Thác Ruộng-9.
q2_3_4_page_188-0007,Thác Hiệp-10. Thác Gà Lôi-11.
q2_3_4_page_188-0008,Thác A Lăng-12. Thác Rượu-13.
q2_3_4_page_188-0009,Thác Tư Ngư Tai-14. Thác Sô.
q2_3_4_page_188-0010,SƠN BÔ 31 THÁC
q2_3_4_page_188-0011,Ở lệch về phía tây nam huyện Phong Điền: 1.
q2_3_4_page_188-0012,Thác Diên-2. Thác Ông-3.
q2_3_4_page_188-0013,Thác Bá-4. Thác Ngại-5.
q2_3_4_page_188-0014,Thác Tẩm-6. Thác Bàn-7.
q2_3_4_page_188-0015,Thác Nợ-8. Thác Măng Mộc-9.
q2_3_4_page_188-0016,Thác A Nhi-10. Thác Rau-11.
q2_3_4_page_188-0017,Thác Rêu-12. Thác Tất-13.
q2_3_4_page_188-0018,Thác Lai Đôi-14. Thác Tào Thạch-15.
q2_3_4_page_188-0019,Thác Dài-16. Thác Địa Ngục-17.
q2_3_4_page_188-0020,Thác Cung-18. Thác Lộc Cốc-19.
q2_3_4_page_188-0021,Thác Trợ-20. Thác Con-21.
q2_3_4_page_188-0022,Thác Mẹ-22. Thác Đại Cô-23.
q2_3_4_page_188-0023,Thác Lâu-24. Thác Gối-25.
q2_3_4_page_188-0024,Thác Ba Cầm-26. Thác Chiêu-27.
q2_3_4_page_188-0025,Thác Kiền Kiền-28. Thác Đố-29.
q2_3_4_page_188-0026,Thác Sơn Loan-30. Thác Năng-31.
q2_3_4_page_188-0027,Thác Ao.
q2_3_4_page_189-0001,Ô LÂU 24 THÁC
q2_3_4_page_189-0002,Ở phía tây bắc huyện Phong Điền: 1.
q2_3_4_page_189-0003,Thác Cá-2. Thác Bến Chim-3.
q2_3_4_page_189-0004,Thác Ô Lang-4. Thác Ba La Mật-5.
q2_3_4_page_189-0005,Thác Nai-6. Thác Dài-7.
q2_3_4_page_189-0006,Thác Tre-8. Thác Nai Mẹ-9.
q2_3_4_page_189-0007,Thác Phường-10. Thác Hạ Thích-11.
q2_3_4_page_189-0008,Thác Chích-12. Thác Tu-13.
q2_3_4_page_189-0009,Thác Cây Công Mộc-14. Thác Lỗi-15.
q2_3_4_page_189-0010,Thác Ba Du-16. Thác Bình Vôi-17.
q2_3_4_page_189-0011,Thác Nhự Thắng-18. Thác Chỉ Xác-19.
q2_3_4_page_189-0012,Thác Cây Dầu-20. Thác Mụ Mẫn-21.
q2_3_4_page_189-0013,Thác Mụ Nhưng-22. Thác Danh Ấn-23.
q2_3_4_page_189-0014,Thác Mộc Bài-24. Thác Đốc.
q2_3_4_page_189-0015,HƯNG BÌNH 9 THÁC
q2_3_4_page_189-0016,Ở lệch về phía tây nam huyện Phú Lộc: 1.
q2_3_4_page_189-0017,Thác Cây Hoè-2. Thác Ông-3.
q2_3_4_page_189-0018,Thác Dài-4. Thác Bàn Mài-5.
q2_3_4_page_189-0019,Thác Mông Thạch-6. Thác Tu-7.
q2_3_4_page_189-0020,Thác Quảng-8. Thác Ao-9.
q2_3_4_page_189-0021,Thác Môn.
q2_3_4_page_189-0022,BÃI RÁI VÁI
q2_3_4_page_189-0023,Ở cách huyện Hương Thủy 15 dặm về phía tây.
q2_3_4_page_189-0024,"Khoảng đời Gia Long, chỗ này nguyên lớn, tự nhiên phù sa tụ lại thành một bãi nhỏ, ước vài ba trượng."
q2_3_4_page_189-0025,"Một lần Thánh Tổ Nhân Hoàng Đế theo ngự giá đi bái yết lăng Thụy Thánh, đỗ thuyền ở đây, chợt thấy trên bãi cát có một con vật gật gù, dáng như cúi đầu vái, nhìn kỹ thì thấy một con rái (tấy) cá lớn đứng như người và hướng vào thuyền mà lạy, rất tự nhiên thấy người không sợ, khiến đến sát gần mới từ từ nhảy xuống nước mà đi."
q2_3_4_page_189-0026,"Lúc đầu nhà vua không cho là lạ, đến năm Minh Mệnh thứ 21, thuyền ngự đi qua thì bãi đã nổi lên rộng đến vài mươi trượng, cao hơn mặt nước 4, 5 thước, nhà vua nhớ lại việc cũ, bèn cho tên hiện nay và vĩnh viễn tha thuế, lại sai bia ghi việc này."
q2_3_4_page_189-0027,"Năm Thiệu Trị thứ 2, dựng nhà bia và khắc ba chữ lớn ""Thác bái châu"" dựng ở trên bãi để lưu truyền thắng tích."
q2_3_4_page_190-0001,SÔNG HƯƠNG 3 BÃI
q2_3_4_page_190-0002,"Bãi trên ở phía tây nam trước Kinh thành, gọi là bãi Dương Xuân; bãi giữa ở phía đông nam trước Kinh thành, gọi là bãi Phú Xuân; bãi dưới ở phía đông bắc huyện Phú Vang, gọi là bãi Thanh Tiên."
q2_3_4_page_190-0003,Ba bãi này từ trước đều gọi là bãi nổi.
q2_3_4_page_190-0004,Tương truyền hồi đầu bản triều thường lập trường thi ở bãi giữa để thi học trò.
q2_3_4_page_190-0005,BÃI DÀI
q2_3_4_page_190-0006,"Ở cách huyện Hương Trà 22 dặm về phía đông, bãi nổi giữa sông như hình quả phật thủ, trước gọi là bãi Phật Thủ, đời Minh Mệnh đổi tên hiện nay."
q2_3_4_page_191-0001,BÃI SÒ
q2_3_4_page_191-0002,"Ở cách huyện Hương Thủy 26 dặm về phía đông, giữa sông nổi một bãi đối diện với cửa biển Thuận An, phù sa quanh bãi có nhiều con trai sò, nên gọi tên bãi sò."
q2_3_4_page_191-0003,"Trên bãi trồng nhiều cây dừa, thuyền đi biển vào cửa Thuận, phần nhiều phải trồng vào bãi này, là một trong tám cảnh Thuận An, gọi là ""Cáp Châu biểu tấn""."
q2_3_4_page_191-0004,Năm Thiệu Trị thứ 3 lập bia và dựng nhà bia.
q2_3_4_page_191-0005,THÀNH CŨ CHIÊM THÀNH
q2_3_4_page_191-0006,Ở xã Nguyệt Biểu huyện Hương Thủy.
q2_3_4_page_191-0007,"Tương truyền chúa Chiêm Thành ở đây, gọi là thành Phật Thệ, tục gọi thành Lỗi, khoảng đời Minh Mệnh lập miếu ở đây để thờ."
q2_3_4_page_191-0008,"Lại ở xã Thành Trung huyện Quảng Điền cũng có nền thành cũ của Chiêm Thành, dài hơn 300 trượng, nay vẫn còn, nhiều người đem mồ mả táng ở đây."
q2_3_4_page_191-0009,"Lại ở xã Đan Duệ huyện Minh Linh đạo Quảng Trị, cũng có truyền thuyết là người Chiêm Thành đắp thành ở đây, nền cũ nay vẫn còn."
q2_3_4_page_191-0010,THÀNH CÕ HOÁ CHÂU
q2_3_4_page_191-0011,"Xét Ô châu cận lục của Dương Văn An đời Mạc nói: ""Thành Hoá Châu ở địa phận huyện Đan Điền, sông cái chảy ở phía tây, có một con sông nhỏ chảy qua trong thành."
q2_3_4_page_191-0012,Về phía hữu sông là nhà học và nha môn Đồ Ty Thừa ty phủ Triệu Phong.
q2_3_4_page_191-0013,"Sông Kim Trà chảy ở phía nam, phá sâu chằm rộng ước ngàn vạn khoảnh, chu vi bốn mặt, đều nước bao quanh."
q2_3_4_page_191-0014,"Cao hàng trăm trượng, đứng sững như đám mây dài."
q2_3_4_page_191-0015,Thật là chỗ thế đất tụ họp thợ trời đặt hiểm vậy.
q2_3_4_page_191-0016,"Năm Đại Trị thứ 5 đời Dụ Tông nhà Trần, sai Đỗ Tử Bình phân bổ quân sĩ Tân Bình Thuận Hoá và sửa sang thành này""."
q2_3_4_page_191-0017,Nay không biết ở vào chỗ nào.
q2_3_4_page_192-0001,THÀNH CŨ THUẬN CHÂU
q2_3_4_page_192-0002,"Xét Ô châu cận lục chép: ""Thành ở địa phận huyện Hải Lăng, một dải trường giang ở phía tây nam, có cầu bắc cao, có chợ buôn bán, lỵ sở huyện đóng ở ngoài thành, kho thóc chứa ở trong thành""."
q2_3_4_page_192-0003,"Lâu ngày thay đổi, nay không rõ ở chỗ nào."
q2_3_4_page_192-0004,THÁP DƯƠNG LỆ
q2_3_4_page_192-0005,"Xét Ô châu cận lục chép: ""Ở xã Dương Lệ thuộc huyện Hải Lăng có nền tháp cũ."
q2_3_4_page_192-0006,"Tục truyền, hai tháp Dương Lệ và Trung Đan là do người Chiêm Thành đắp, lúc bắt đầu đắp tháp, hai xã giao ước với nhau đắp trong một đêm thì xong, xã nào khi đắp xong thì đốt lửa báo hiệu để xét trước sau."
q2_3_4_page_192-0007,"Xã Dương Lệ giữ ước; xã Trung Đan thì gian, nửa đêm chưa đắp xong đã đốt đuốc lên, nhưng đến sáng mới xong."
q2_3_4_page_192-0008,"Xã Dương Lệ thấy lửa bèn ngừng lại, nên xong sau."
q2_3_4_page_192-0009,"Sau xét xã Dương Lệ thật thà, cho mổ bò, xã Trung Đan không được dự""."
q2_3_4_page_193-0001,THÁP TRUNG ĐAN
q2_3_4_page_193-0002,"Xét Ô châu cận lục chép: ""Tháp ở địa phận xã Trung Đan huyện Hải Lăng."
q2_3_4_page_193-0003,"Tương truyền do người Chiêm Thành dựng, phía tây có núi khe khuất khúc, phía nam có chầm phá mênh mông, phía đông bắc thì nước sông quanh bọc."
q2_3_4_page_193-0004,"Tháp cao hơn trăm thước, người lên chơi có cảm giác như chân đạp chín tầng mây, mất trông ngoài ngàn dặm."
q2_3_4_page_193-0005,"Cũng là một thắng tích xưa""."
q2_3_4_page_193-0006,CỬA QUAN CỬA TẤN
q2_3_4_page_193-0007,"(Kính xét, năm Minh Mệnh thứ 17, chuẩn định: phầm chỗ nào gọi là ""tuần ải"" đều đổi gọi là ""quan"")."
q2_3_4_page_193-0008,THÀNH TRẤN HẢI
q2_3_4_page_193-0009,Ở phía đông huyện Hương Trà và phía bắc cửa biển Thuận An.
q2_3_4_page_193-0010,Năm Gia Long thứ 12 đắp đài tròn.
q2_3_4_page_193-0011,"Thành chu vi 71 trượng 2 thước, cao 15 thước; đài chu vi 17 trượng 2 thước, cao 11 thước; hào rộng 1 trượng, sâu 6 thước; 1 cửa, trên thành có 99 sở ụ súng, gọi là Trấn Hải đài."
q2_3_4_page_193-0012,"Sau thấy trước mặt đài, nước biển hằng ngày xói vào gần tới đường ngoài quách, bèn đóng cử xây đá để ngăn sóng, lại trồng hơn 4.000 cây dừa ở bờ biển."
q2_3_4_page_193-0013,"Cát bờ thường bị sóng đánh lở nên năm Minh Mệnh thứ 1 và thứ 12, tu bổ và xây thêm kè đá, bờ nước thì đóng cử, xếp đá kiên cố hơn trước."
q2_3_4_page_193-0014,Năm thứ 15 đổi gọi là Trấn Hải thành.
q2_3_4_page_193-0015,"Trên đài dựng lầu Quan Hải (xem xét tình hình ngoài biển), bên hữu thành dựng hành cung kiểu lầu đôi."
q2_3_4_page_193-0016,"Động cát xung quanh trồng thêm hơn 9.000 cây dừa; lại ở bãi Sò ở đối ngạn cũng trồng hơn 300 cây dừa, thành ra hai bên bờ đông tây lá cây dừa phủ rợp, trồng rất xanh tươi."
q2_3_4_page_193-0017,"Năm thứ 17, ngự giá đến đây thao diễn thủy sư, có thơ ngự chế ""Bốn cảnh Thuận An"": 1."
q2_3_4_page_193-0018,Viên thành hùng trĩ (Thành tròn đứng sững); 2.
q2_3_4_page_193-0019,Đại hải tráng quan (Cảnh hùng biển cả); 3.
q2_3_4_page_193-0020,Da lâm tích thuý (Rừng dừa xanh tốt); 4.
q2_3_4_page_193-0021,"Sa thành miên cảng (Thành cát kéo dài), và sắc cho khắc vào bia đá và dựng nhà bia."
q2_3_4_page_193-0022,"Năm thứ 20, kè đá lại lở, có ý kiến bàn dời đi nơi khác, vua dụ rằng: ""Phàm tránh nước như tránh giặc, nếu ta lùi một bước, thì nó lại tiến một bước, chung qui không phải là việc tốt""."
q2_3_4_page_193-0023,Bèn sai gia công trùng tu.
q2_3_4_page_193_194-0001,"Năm thứ 21, chế một cái đèn lồng lớn, quanh thân đèn 7, 8 thước, đêm đến treo trên thành, sáng như mặt trời, để cho thuyền biển nhận biến tấn sở, tới đường ngoài quách, bèn đóng cử xây đá để ngăn sóng, lại trồng hơn 4.000 cây dừa ở bờ biển."
q2_3_4_page_194-0001,"Cát bờ thường bị sóng đánh lở nên năm Minh Mệnh thứ 1 và thứ 12, tu bổ và xây thêm kè đá, bờ nước thì đóng cử, xếp đá kiên cố hơn trước."
q2_3_4_page_194-0002,Năm thứ 15 đổi gọi là Trấn Hải thành.
q2_3_4_page_194-0003,"Trên đài dựng lầu Quan Hải (xem xét tình hình ngoài biển), bên hữu thành dựng hành cung kiểu lầu đôi."
q2_3_4_page_194-0004,"Động cát xung quanh trồng thêm hơn 9.000 cây dừa; lại ở bãi Sò ở đối ngạn cũng trồng hơn 300 cây dừa, thành ra hai bên bờ đông tây lá cây dừa phủ rợp, trồng rất xanh tươi."
q2_3_4_page_194-0005,"Năm thứ 17, ngự giá đến đây thao diễn thủy sư, có thơ ngự chế ""Bốn cảnh Thuận An"": 1."
q2_3_4_page_194-0006,Viên thành hùng trĩ (Thành tròn đứng sững); 2.
q2_3_4_page_194-0007,Đại hải tráng quan (Cảnh hùng biển cả); 3.
q2_3_4_page_194-0008,Da lâm tích thuý (Rừng dừa xanh tốt); 4.
q2_3_4_page_194-0009,"Sa thành miên cảng (Thành cát kéo dài), và sắc cho khắc vào bia đá và dựng nhà bia."
q2_3_4_page_194-0010,"Năm thứ 20, kè đá lại lở, có ý kiến bàn dời đi nơi khác, vua dụ rằng: ""Phàm tránh nước như tránh giặc, nếu ta lùi một bước, thì nó lại tiến một bước, chung qui không phải là việc tốt""."
q2_3_4_page_194-0011,Bèn sai gia công trùng tu.
q2_3_4_page_194-0012,"Năm thứ 21, chế một cái đèn lồng lớn, quanh thân đèn 7, 8 thước, đêm đến treo trên thành, sáng như mặt trời, để cho thuyền biển nhận biến tấn sở."
q2_3_4_page_195-0001,"Năm Thiệu Trị thứ 3, xa giá đến thao diễn thủy sư có thơ ngự chế: ""Tám cảnh Thuận An: 1."
q2_3_4_page_195-0002,Viên thành trấn hải (Thành tròn trấn biển); 2.
q2_3_4_page_195-0003,Tuấn các quan lan (Gác cao xem sóng); 3.
q2_3_4_page_195-0004,Lâu cao hai tiện; 4.
q2_3_4_page_195-0005,Hành điện hai trong; 5.
q2_3_4_page_195-0006,Cáp châu biểu tấn (Bãi sò ghi tấn); 6.
q2_3_4_page_195-0007,Giải chữ nhàn dân (Bãi cua dân nhàn); 7.
q2_3_4_page_195-0008,Sa động bao chướng (Động cát bọc giữ); 8.
q2_3_4_page_195-0009,Da thụ thanh âm (Bóng mát cây dừa).
q2_3_4_page_195-0010,CỬA HẢI VÂN
q2_3_4_page_195-0011,"Ở phía đông nam huyện Phú Lộc và trên đèo núi Hải Vân, phía trước phía sau đều xây một nửa, trên cửa phía trước đề ba chữ ""Hải Vân quan"", trên cửa phía sau đề sáu chữ ""Thiên hạ đệ nhất hùng quan""."
q2_3_4_page_195-0012,"Cửa trước, cao dài đều 15 thước, ngang 17 thước 5 tấc; cửa sau cao 15 thước, dài 11 thước, ngang 18 thước 1 tấc, cửa tò vò đều cao 10 thước 8 tấc, ngang 8 thước 1 tấc."
q2_3_4_page_195-0013,"Phía tả hữu cửa quan, xếp đá làm tường, trước sau tiếp nhau."
q2_3_4_page_195-0014,"Dựng từ năm Minh Mệnh thứ 7, đầu đặt một viên Phòng thủ uý đóng lâu, biển binh thì hằng tháng thay đổi."
q2_3_4_page_195-0015,"Năm thứ 17, đặt 2 viên Phòng thủ uý mỗi tháng thay đổi một lần, biên bình thì cứ 15 ngày đổi; lại cấp cho thiên lý kính để xem ngoài biển, phầm thuyền nước ngoài vào cửa biển Đà Nẵng thì phải báo trước cho cửa quan này."
q2_3_4_page_195-0016,"Năm thứ 17, đúc cửu đỉnh, khắc tượng vào Dụ đỉnh."
q2_3_4_page_196-0001,"Xét: núi Hải Vân là chỗ giáp với Quảng Nam và Thừa Thiên, trước kia ranh giới ở xứ Thạch Bàn về phía bắc đèo, có khắc chữ vào mốc gỗ, đến khi xây cửa quan trên đèo thì chuẩn định từ cửa quan trở về bắc thuộc quản hạt phủ Thừa Thiên, ngoài cửa quan trở về phía nam thuộc quản hạt tỉnh Quảng Nam."
q2_3_4_page_196-0002,CỬA HẢI SƠN
q2_3_4_page_196-0003,"Ở phía bắc Hải Vân quan, có một cửa cao 1 trượng 1 thước 6 tấc, rộng 8 thước 1 tấc, tả hữu lũy đá tiếp nhau, rộng 17 thước linh, xây năm Minh Mệnh thứ 16."
q2_3_4_page_196-0004,NGUÔN TẢ TRẠCH
q2_3_4_page_196-0005,"Ở phía nam huyện Hương Trà, trước kia có sở Tuần bộ, đặt trước thủ ngự, để tuần phòng mạn núi và đánh thuế đầu nguồn này, nay bỏ cho người lĩnh trưng."
q2_3_4_page_196-0006,"Xét: đầu đời Gia Long, đặt 3 đội gồm 27 người để tuần phòng mạn núi, đến khoảng đời Minh Mệnh, xét thấy Tả Trạch nguyên và Hữu Trạch nguyên đất rộng, đều đặt đồn điền."
q2_3_4_page_196-0007,"Đất này chầm rừng man mác, thú rừng rất nhiều."
q2_3_4_page_196_197-0001,"Đời Thiệu Trị có thơ ngự chế ""Hai mươi cảnh Thần kinh"", có bài ""Trạch nguyên tiều lộc"" (Săn nai ở Trạch Nguyên), sai khắc vào bia và dựng nhà bia ở đây, Lại xét: năm Tân Dậu, đầu thời trung hưng, đại binh lấy lại Phú Xuân, tướng giặc là Trần Quang Diệu sai đồ đảng là Đô đốc Trương Phúc Phượng đem quân từ Bình Định về cứu viện, đi theo đường núi, khi đến nguồn Tả Trạch hết lương ăn, đến cửa quân đầu hàng, tức là chỗ này."
q2_3_4_page_197-0001,"Xét: Phủ biên tạp lục của Lê Quý Đôn, nguồn Tả Trạch, đường qua các sách Yên Ninh, Kim Ngọc, Phường Hà, Dương Lăng nhiều chỗ bằng phẳng, từ sách này trở lên đều là đại sơn lâm, đường đi 2 ngày đến sách Làng Nước người Man dưới, rồi đến sách A Vân, Ma La, ở ven đường thỉnh thoảng có người buôn bán đổi chác."
q2_3_4_page_197-0002,Từ sách A Lạc trở lên thì đều là Man hoang.
q2_3_4_page_197-0003,"Lại phía tả sách Làng Nước là nguồn Hưng Bình, từ sở tuần ngã ba đi về phía tả đến đây một ngày rưỡi có thể đến."
q2_3_4_page_197-0004,NGUÔN HỮU TRẠCH
q2_3_4_page_197-0005,Ở phía tây nam huyện Hương Trà.
q2_3_4_page_197-0006,"Trước kia có đặt sở tuần bộ ở bãi Đinh đầu nguồn, nay bỏ thuế nguồn cho người lĩnh trưng."
q2_3_4_page_197-0007,"Theo Phủ biên tạp lục của Lê Quý Đôn, thì nguồn Hữu Trạch đi qua phường Yên Bình đến sách Cây Vông trở lên, đều là đại sơn Lâm."
q2_3_4_page_197-0008,"Đi nửa ngày đến sách Làng Răng, từ đây trở lên, núi khe chập chồng, không có người ở, đi một ngày rưỡi đến sách Cao Lai, qua khe Cha Lành, đến các sách Phong Man."
q2_3_4_page_197-0009,"Lai đi một ngày đến sách A La, đều là người Man hoang."
q2_3_4_page_197-0010,Lái buôn chỉ đến bãi Đình đối chác.
q2_3_4_page_198-0001,NGUỒN SƠN BỒ
q2_3_4_page_198-0002,Ở phía tây bắc huyện Hương Trà.
q2_3_4_page_198-0003,"Trước kia có đặt sở tuần bộ ở xứ bến Rau, sau bỏ thuế nguồn cho người lĩnh trưng."
q2_3_4_page_198-0004,"Xét: đường ven núi, đường phía hữu từ nguồn Sơn Bồ do sách A Chất người Man dưới, giáp địa giới phía bắc đường giữa, đi về phía bắc qua các sách Man, Ba Tri, Lô Động, Kiên Kiên và Ai Tử thuộc nguồn Ô Lâu đến Viên Kiệu, thuộc đạo Quảng Trị gồm 186 dặm linh."
q2_3_4_page_198-0005,"Đường giữa từ nguồn Sơn Bồ do sách A Chất đi về phía nam qua các sách Man A Bình, Ôi Sơn, A Xanh, A Viên đến sách làng Nước thuộc nguồn Tả Trạch giáp địa giới phía bắc đường bên tả, gồm 204 dặm linh."
q2_3_4_page_198-0006,"Đường bên tả có hai ngả một từ nguồn Tả Trạch do sách Làng Nước đi về phía nam qua các sách Man Hưng Bình, Phù Âu đến nguồn Cu Đê thuộc tỉnh Quảng Nam, gồm 67 dặm một nga từ nguồn Hữu Trạch, do bến Nà Thiền đi về phía bắc qua các sách Man Phù Khê, Bút Sơn, Giang Lĩnh, Trúc Đồn, Bắc Tôi, A Câu, Trà Nê, Chúc Chử đến cửa quan Chân Trâu thuộc đạo Quảng Trị, gồm 86 dam."
q2_3_4_page_198-0007,"Lại có 5 đường rẽ: một đường từ bảo Hưng Bình nguồn Tả Trạch đi về phía tây nam đến đồn An Lâm nguồn Ô Da thuộc tỉnh Quảng Nam gồm 92 dặm một đường từ trường giao dịch nguồn Sơn Bồ, do sách A Đăng đi về phía tây đến sách Lao Tào người Man thượng, gồm 167 dặm; một đường từ trường giao dịch Bến Thơm thuộc nguồn Tả Trạch đi về phía tây đến sách A Xanh, gồm 23 dặm; một đường từ xứ Thác Thủ đi về phía tây lên đến trường giao dịch sách Làng Nước gồm 41 dặm; một đường từ khe Trà Thiền nguồn Hữu Trạch đi về phía tây đến sách Khoai núi Chấn, gồm 62 dặm."
q2_3_4_page_199-0001,"Hai nguồn Ô LÂU, THO LAY Nguồn Ô Lâu ở phía tây bắc huyện Phong Điền, nguồn Tho Lay ở phía tây nam huyện Hải Lăng."
q2_3_4_page_199-0002,"Trước kia có đặt sở tuần bộ, nay bãi bỏ, thuế đầu nguồn cho người lĩnh trưng."
q2_3_4_page_199-0003,"Từ thủ sở cũ trở lên phỏng 15 dặm đến phường Câu Nhi có lũy đất cũ, tương truyền, hồi đầu quốc triều, binh sĩ Đường ngoài vào xâm lấn, nên đắp lũy đất từ đầu nguồn này ven bờ phía nam sông đến sông Vân Trình để chống cự, nay dấu vết cũ vẫn còn."
q2_3_4_page_199-0004,BẢO HƯNG BÌNH
q2_3_4_page_199-0005,Ở phía tây nam huyện Phú Lộc.
q2_3_4_page_199-0006,"Năm Minh Mệnh thứ 7 đắp bảo đất dài 36 trượng, cao 6 thước, hào rộng 1 trượng, sâu 4 thước mở 2 cửa, đóng binh canh giữ, phòng ngự man núi."
q2_3_4_page_199-0007,"Trước có thủ sở, trưng thu thuế nguồn, sau bỏ cho người lĩnh trưng."
q2_3_4_page_200-0001,"Kính xét: hồi đầu bản triều, đặt phủ La Ương ở phía đông nguồn Hưng Bình, tương truyền là hành cung của triều trước ngự để săn bắn, phía nam có bến, tục gọi bến Ngự."
q2_3_4_page_200-0002,BẢO DU MỘC (Cây dầu) Ở phía nam huyện Phú Lộc.
q2_3_4_page_200-0003,"Năm Minh Mệnh thứ 7 đắp bảo đất, quy chế cũng như bảo Hưng Bình."
q2_3_4_page_200-0004,"Xét: bảo Du Mộc nguyên trước tên là nguồn Phù Âu, ở phía tây đường rẽ sách Cao Đôi."
q2_3_4_page_200-0005,"Năm Tân Dậu, hồi đầu trung hưng đặt đội Nhuệ Sơn 10 người."
q2_3_4_page_200-0006,"Năm Minh Mệnh thứ 7, dời đến phía đông đường rẽ, đổi đắp lũy đất và gọi là bảo Du Mộc, có binh đóng giữ thuế nguồn cho người lĩnh trưng."
q2_3_4_page_200-0007,"Ở lý sở huyện Thành Hoá, bảo đắp bằng đất, về quy chế xin xem chương ""Thành trì""."
q2_3_4_page_200-0008,"Trước có thuế nguồn, sau bỏ bổ về huyện."
q2_3_4_page_200-0009,"Lại cửa quan sông Hiếu ở phía tây huyện Thành Hoá, đặt tại phường An Thái, cửa Mậu Hòa ở phía bắc huyện, đặt tại phường Mậu Hòa, cửa Ngưu Cước (Chân Trâu) ở phía tây huyện, phía nam giáp nguồn Tho Lay, đặt ở phường Mai Lộc."
q2_3_4_page_200-0010,"Các tuần ở trước kia đều có lệ thuế, đến năm Minh Mệnh thứ 17 đổi gọi là ""quan""."
q2_3_4_page_200-0011,Năm Tự Đức thứ 7 đều cho theo về huyện Thành Hoá và bỏ việc đánh thuế.
q2_3_4_page_201-0001,Xét: đường ven núi từ bảo Cam Lộ đến bảo Trấn Lao đường đi 3 ngày.
q2_3_4_page_201-0002,Từ bảo Trấn Lao đến châu Na Bôn đường đi 2 ngày.
q2_3_4_page_201-0003,Từ châu Na Bôn đến châu Mường Vang đường đi 3 ngày.
q2_3_4_page_201-0004,"Từ châu Mường Vang đến phủ Lạc Biên rồi đến sông Khung đường đi 7 ngày, thông tính 15 ngày đường."
q2_3_4_page_201-0005,"Ở phía tây nam huyện Thành Hoá, đắp năm Minh Mệnh thứ 14, chu vi 90 trượng, cao 6 thước, mở 2 cửa."
q2_3_4_page_201-0006,"BẢO TRẤN LAO: Xét: bảo Trấn Lao trước có thuế nguồn, nay thuộc huyện Thành Hoá."
q2_3_4_page_201-0007,"Đất này giáp giới man Lão, đường núi thông suốt các ngả, rất là trọng yếu."
q2_3_4_page_201-0008,"Hồi đầu bản triều đặt dinh Ai Lao, lệ có quân 6 thuyền đóng giữ."
q2_3_4_page_201-0009,"Năm Gia Long thứ 14 đổi làm đạo, lấy dân ở gần đạo phụ việc phòng thủ, gọi là cơ thuyền Tân An."
q2_3_4_page_201-0010,"Năm Minh Mệnh thứ 14, đắp một bảo ở địa phận tổng Làng Hạ gọi là bảo Ai Lao, lấy 50 lính cơ Định Man đến đóng thú."
q2_3_4_page_201-0011,"Năm Tự Đức thứ 7 đổi tên hiện nay, binh trú phòng thì lấy người thổ trước, cùng người ở xa đến ứng mộ và tù đồ sung vào; những biển binh, người nào tái phạm tội đào ngũ, thì phải đóng thú lâu dài, gọi là bảo binh."
q2_3_4_page_201-0012,"Năm Thiệu Trị thứ 2, lại đắp một bảo ở địa phận tổng Lang Liên về phía bắc bảo Trấn Lao, gọi là bảo Yên Man, chu vi 80 trượng, cao 5 thước, mở 2 cửa."
q2_3_4_page_201-0013,"TẤN THUẬN AN: Ở phía đông huyện Hương Trà, cửa lạch rộng 63 trượng, thủy triều lên sâu 8 thước 5 tấc, thủy triều xuống sâu 7 thước, trước gọi là cửa Noãn, lại gọi là cửa Eo."
q2_3_4_page_201-0014,Năm Gia Long thứ 13 cho tên hiện nay.
q2_3_4_page_201-0015,"Hồi đầu bản triều, lúc Thái Tông còn làm thái tử, đánh giặc Ô Lan ở cửa biển Noãn, tức là đây."
q2_3_4_page_201-0016,"Năm Tân Dậu đầu trung hưng, đại binh tiến đánh Phú Xuân, Đồ đốc giặc là Nguyễn Văn Tạ đặt 3 sợi thảo long (thừng cỏ) chặn ngang cửa biển để chống cự quân ta, Nguyễn Văn Trương đốc binh cắt đứt thảo long, đem binh thuyền xông vào, quân giặc tan chạy."
q2_3_4_page_201-0017,"Xét: Ô châu cận lục nói: trước kia, từ cửa Việt Hải đến cửa Tư Dung gọi là Đại Tràng Sa."
q2_3_4_page_201-0018,"Đến đời Hồ, năm Khai Đại thứ 1 chỗ thất eo bị vỡ, lấy quân sĩ kinh thành đắp lại, nhưng vào khoảng tháng 8, tháng 9 hằng năm, thường bị nạn lụt, đến đời Cảnh Thống nhà Lê, lại vỡ to mới gọi là Tiểu Trường Sa."
q2_3_4_page_201-0019,Xét: Cảnh Thống là niên hiệu vua Hiến Tông nhà Lê.
q2_3_4_page_201-0020,"Cứ sự ghi chép của Ô châu cận lục thì thời tiền cổ, các sông ở Thừa Thiên đều chảy về phía đông nam vào phá Hà Trung, rồi đổ ra cửa biển Tư Hiền."
q2_3_4_page_201_202-0001,"Đến đời Hồ chỗ thất eo vỡ đã được lấp lại Liên về phía bắc bảo Trấn Lao, gọi là bảo Yên Man, chu vi 80 trượng, cao 5 thước, mở 2 cửa."
q2_3_4_page_202-0001,TẤN THUẬN AN
q2_3_4_page_202-0002,"Ở phía đông huyện Hương Trà, cửa lạch rộng 63 trượng, thủy triều lên sâu 8 thước 5 tấc, thủy triều xuống sâu 7 thước, trước gọi là cửa Noãn, lại gọi là cửa Eo."
q2_3_4_page_202-0003,Năm Gia Long thứ 13 cho tên hiện nay.
q2_3_4_page_202-0004,"Hồi đầu bản triều, lúc Thái Tông còn làm thái tử, đánh giặc Ô Lan ở cửa biển Noãn, tức là đây."
q2_3_4_page_202-0005,"Năm Tân Dậu đầu trung hưng, đại binh tiến đánh Phú Xuân, Đồ đốc giặc là Nguyễn Văn Tạ đặt 3 sợi thảo long (thừng cỏ) chặn ngang cửa biển để chống cự quân ta, Nguyễn Văn Trương đốc binh cắt đứt thảo long, đem binh thuyền xông vào, quân giặc tan chạy."
q2_3_4_page_202-0006,"Xét: Ô châu cận lục nói: trước kia, từ cửa Việt Hải đến cửa Tư Dung gọi là Đại Tràng Sa."
q2_3_4_page_202-0007,"Đến đời Hồ, năm Khai Đại thứ 1 chỗ thất eo bị vỡ, lấy quân sĩ kinh thành đắp lại, nhưng vào khoảng tháng 8, tháng 9 hằng năm, thường bị nạn lụt, đến đời Cảnh Thống nhà Lê, lại vỡ to mới gọi là Tiểu Trường Sa."
q2_3_4_page_202-0008,Xét: Cảnh Thống là niên hiệu vua Hiến Tông nhà Lê.
q2_3_4_page_202-0009,"Cứ sự ghi chép của Ô châu cận lục thì thời tiền cổ, các sông ở Thừa Thiên đều chảy về phía đông nam vào phá Hà Trung, rồi đổ ra cửa biển Tư Hiền."
q2_3_4_page_202_203-0001,"Đến đời Hồ chỗ thất eo vỡ đã được lấp lại ngay, đến đời Lê Cảnh Thống lại vỡ mới thành cửa biển."
q2_3_4_page_203-0001,"Từ đấy đến nay hơn 400 năm, nay cửa biển Tư Hiền đã nông cạn, thuyền biển chỉ do cửa này ra vào, nhưng ngọn nước khuất khúc, bãi cát lô nhô, rất là hiểm trở, có lẽ ý trời xếp đặt để làm thành đồng hào nóng vững bền của quốc gia vậy."
q2_3_4_page_203-0002,"Đầu đời Gia Long, lập thủ sở, đặt một chức Thủ ngự và một chức Tấn thủ, có 3 đội lính lệ đi tuần phòng ngoài biển và hộ tổng thuyền quan ra vào."
q2_3_4_page_203-0003,"Năm Minh Mệnh thứ 15 dựng Vọng Lâu ở tấn sở, cấp cho thiên lý kính để xem tàu thuyền ngoài biển."
q2_3_4_page_203-0004,"Năm thứ 17 đúc cửu đỉnh, khắc tượng vào Nghị đỉnh."
q2_3_4_page_203-0005,"Cửa biển này là một trong ""Mười hai cảnh Thần kinh"" của tập thơ Ngự chế, tựa đề là ""Thuận hải quy phàm"" (Buồng thuyền từ cửa Thuận trở về)."
q2_3_4_page_203-0006,"Lại xét: đường đi ven biển, về phía bắc cửa biển Thuận An đến cửa Việt An 63 dặm, từ cửa Việt An đến cửa Tùng Luật 32 dặm."
q2_3_4_page_203-0007,"Về phía nam đến cửa biển Tư Hiền 77 dặm, từ cửa Tư Hiền đến cửa Cảnh Dương 10 dặm, từ cửa Cảnh Dương đến cửa Chu Mãi 10 dặm, từ cửa Chu Mãi đến cửa Hải Vân 19 dặm."
q2_3_4_page_203-0008,TẤN TƯ HIÊN
q2_3_4_page_203-0009,"Ở phía đông bắc huyện Phú Lộc, cửa biển rộng 8 trượng, thủy triều lên sâu 3 thước, thủy triều xuống sâu 2 thước, nước nông, thuyền lớn không thể đi qua."
q2_3_4_page_204-0001,Trước kia có đặt thủ sở đóng quân tuần phòng ngoài biển.
q2_3_4_page_204-0002,Phía tây cửa biển có hành cung Thuý Vân.
q2_3_4_page_204-0003,Xét: cửa cũ biển Tư Hiền ở về phía nam chỗ gần núi phỏng 5 dặm.
q2_3_4_page_204-0004,"Tương truyền dăm mười năm trở về trước cửa biển cũ rộng và sâu, thuyền tàu ra vào rất tiện; đầu đời Gia Long, sông hẹp dần."
q2_3_4_page_204-0005,"Năm Tân Mùi, Gia Long thứ 10 lụt to, cửa biển vỡ sang bờ phía bắc, sau lại nông cạn."
q2_3_4_page_204-0006,"Đến năm Quý Mùi, đời Minh Mệnh, nước cạn đến nỗi thuyền lớn không thể đi lại được, hành khách có thể lội qua, nhiều lần khơi đào, sau lại vẫn cạn như cũ."
q2_3_4_page_204-0007,"Năm Thiệu Trị thứ 4, lụt lớn, cửa biển lại vỡ, sau lại bồi lấp như trước."
q2_3_4_page_204-0008,"Kính xét: khoảng đời Minh Mệnh, trong Thánh chế thi tập, lời chú có ghi việc cửa Tư Dung, đại lược nói: ""Sự lấp mở cửa sông biển, là tự tay trời, không phải dựa vào sức người."
q2_3_4_page_204-0009,"Huống chi nguyên uỷ cửa biển này có quan hệ đến vận mệnh quốc gia, không ví với các cửa biển khác được."
q2_3_4_page_204-0010,"Xét ngược lại, bản triều năm Giáp Ngọ, vận nước gian nan, quân Trịnh lấn vào, vua Duệ Tông ta do cửa này vào Nam, Hoàng khảo Thế Tổ Cao Hoàng Đế ta mới 13 tuổi cũng cùng theo hầu."
q2_3_4_page_204-0011,"Đến năm Tân Dậu, đại binh lấy lại thần kinh cũng do cửa này tiến vào, lúc ấy trầm mới 11 tuổi, cũng đi theo hầu."
q2_3_4_page_204-0012,"Thế là cái cơ thịnh suy trước sau na ná giống nhau, tựa hồ có số mệnh định sẵn."
q2_3_4_page_204-0013,"Nay vô cố nông cạn, có lẽ ý tr Đi giúp ngâm bản triều, muốn cho cơ nghiệp muôn đ Đi bền vững, không để cho ngư Đi ngoài nhòm ngó cho nên chuyển biến như thế chăng?"
q2_3_4_page_204-0014,""". Lại xét: đời Lý nước ta, gọi là cửa biển Ô Long, đời Trần đổi là Tư Dung, nguy Mạc đổi là Tư Khách, đời Lê lại gọi là Tư Dung; lại có tên nữa là cửa Ông và tên nữa là cửa Biện."
q2_3_4_page_204-0015,Bản triều năm Thiệu Trị thứ 1 đổi tên hiện nay.
q2_3_4_page_204-0016,"Lại xét: bài thơ: ""Nam tuần"" của Lê Hồng Đức có chú thích rằng: ""Các cửa biển, chỉ có cửa này là núi vững mạnh hiểm, sóng gió dữ tợn, để vương các đời như Thái Tông, Thánh Tông nhà Lý, Anh Tông, Duệ Tông nhà Trần, đi đánh Chiêm Thành, đều dừng chân ở cửa này""."
q2_3_4_page_204-0017,"Đầu đời Lê Hồng Đức, Thánh Tông đi đánh Chiêm Thành, qua cửa biển Tư Dung, than nói: ""Núi sông hùng tráng thay, đời sau tất có anh hùng chiếm giữ""."
q2_3_4_page_204-0018,"Về sau, Thái Tổ ta gây dựng cơ nghiệp ở Nam, Anh Tông đóng đô ở Phú Xuân, đúng như lời ấy."
q2_3_4_page_205-0001,TẤN CẢNH DƯƠNG
q2_3_4_page_205-0002,"Ở phía đông bắc huyện Phú Lộc, cửa biển rộng 12 trượng 1 thước 3 tấc, thủy triều lên sâu 7 thước 5 tấc, thủy triều xuống sâu 3 thước 5 tấc, nước nông không thông được thuyền lớn."
q2_3_4_page_206-0001,TẤN CHU MÃI
q2_3_4_page_206-0002,"Ở phía đông bắc huyện Phú Lộc, cửa lạch rộng 8 trượng 5 thước, thủy triều lên sâu 1 thước 3 tấc, thủy triều xuống sâu 7 tấc, nước nông, thông được thuyền lớn."
q2_3_4_page_206-0003,"Xét: hai tấn Cảnh Dương và Chu Mãi, trước đây thuộc sở thủ ngự Hải Vân."
q2_3_4_page_206-0004,"Năm Minh Mệnh thứ 7, ở tấn Chu Mãi đặt một viên Thủ ngự và một viên Hiệp thủ kiêm giữ việc tấn Cảnh dương."
q2_3_4_page_206-0005,TẤN HẢI VÂN
q2_3_4_page_206-0006,"Ở phía đông nam huyện Phú Lộc, cửa biển rộng 27 trượng, thủy triều lên sâu 6 thước 5 tấc, thủy triều xuống sâu 4 thước 5 tấc."
q2_3_4_page_206-0007,"Phía nam là chân núi Hải Vân, phía bắc là bãi cát An Cư, có đặt thủ sở, xét hỏi hành khách và tuần phòng ngoài biển."
q2_3_4_page_206-0008,TẤN VIỆT AN
q2_3_4_page_206-0009,"Ở phía đông bắc huyện Đăng Xương, trước gọi là An Việt."
q2_3_4_page_206-0010,"Năm Minh Mệnh thứ 1 đổi tên hiện nay, cửa lạch rộng 51 trượng linh, thủy triều lên sâu 1 trượng 5 thước, thủy triều xuống sâu 1 trượng 1 thước."
q2_3_4_page_206-0011,"Ngoài cửa có một dải cát ngầm dài hơn 20 dặm, lại có 7 ghềnh đá: 1."
q2_3_4_page_206-0012,Ghềnh Xung-2. Ghềnh Ngâm-3.
q2_3_4_page_206-0013,Ghềnh Miếu-4. Ghềnh Cháu-5.
q2_3_4_page_206-0014,Ghềnh Ba Lăng-6. Ghềnh Hà Bá-7.
q2_3_4_page_206-0015,Ghềnh Chỉ Huy. Thủ sở đặt ở bờ phía hữu thuộc xã Phú Xá huyện Đăng Xương.
q2_3_4_page_206-0016,"Hồi đầu bản triều, lúc Hy Tông còn làm hoàng tử, từng đánh giặc biển tên là Hiển Quí ở cửa Việt, tức là cửa này."
q2_3_4_page_206-0017,"Xét: Ô châu cận lục chép rằng: ""Khoảng đời Lê Quang Thiệu, cửa biển này có thứ cá giống loài kình nghê, lúc thủy triều rút, dân sở tại bắt được, dùng xương sườn làm xà nhà""."
q2_3_4_page_207-0001,TẤN TÙNG LUẬT
q2_3_4_page_207-0002,"Ở phía đông huyện Minh Linh, cửa lạch rộng 18 trượng linh, thủy triều lên sâu 5 thước, thủy triều xuống sâu 3 thước 5 tấc."
q2_3_4_page_207-0003,"Ngoài cửa có một dải cát ngầm dài 70 trượng, có 3 ghềnh đá: 1."
q2_3_4_page_207-0004,Ghềnh Trà-2. Ghềnh Trị-3.
q2_3_4_page_207-0005,"Gềnh Vũng Ở bờ phía nam có côn cát tục gọi Động Cát, bờ phía bắc có đất đỏ, tục gọi Động Đất."
q2_3_4_page_207-0006,Tấn thủ đặt ở sông Tùng Luật.
q2_3_4_page_207-0007,NHÀ TRẠM
q2_3_4_page_207-0008,"Năm Gia Long thứ 3, các đường trạm đều đặt nhà trạm, lợp ngói, xung quanh xây tường bằng đá, đặt một Cai đội và một Phó đội."
q2_3_4_page_207-0009,"Chuẩn định số phủ trạm, từ Thừa Thiên đến Quảng Bình mỗi trạm 80 người, từ Quảng Nam đến Gia Định đều 50 người, từ Nghệ An đến Bắc Thành đều 100 người."
q2_3_4_page_207-0010,"Khoảng đời Minh Mệnh, đổi đặt chức dịch thừa và dịch mục mỗi trạm được cấp 3 ngựa trạm."
q2_3_4_page_207-0011,"Lai định lệ chuyển đệ: một là ""phi đệ"", hai là ""tối khẩn"", ba là ""thứ khẩn"", bốn là ""thường hành"", sau lại định thêm lệ ""thượng khẩn"" và ""gia khẩn""."
q2_3_4_page_207-0012,"Và định số viên chức số phủ trạm và thời hạn chuyển đệ, có phân biệt hơn kém để định thưởng phạt."
q2_3_4_page_208-0001,TRẠM KINH
q2_3_4_page_208-0002,"Ở phường Ninh Mật trong cửa đông nam Kinh thành, phía nam đến trạm Thừa Nông 33 dặm linh phía bắc đến trạm Thừa An 25 dặm linh."
q2_3_4_page_208-0003,"Năm Minh Mệnh thứ 3, đặt một cai trạm (sau đổi là dịch thừa) một thứ đội trưởng (sau đổi là dịch mục) và 20 phu trạm, sau đổi đặt 90 người, mỗi tháng chia làm ba"
q2_3_4_page_208-0004,TRẠM THỪA NÔNG
q2_3_4_page_208-0005,"Ở xã An Nông huyện Phú Lộc, phía nam đến trạm Thừa Hoá 25 dặm linh."
q2_3_4_page_208-0006,Hồi đầu đời Gia Long gọi là trạm An Nông.
q2_3_4_page_208-0007,"Năm Minh Mệnh thứ 3 đổi là Đức Nông, năm thứ 4 đổi tên hiện nay."
q2_3_4_page_208-0008,TRẠM THỪA HOÁ
q2_3_4_page_208-0009,"Ở xã Cao Đôi huyện Phú Lộc, phía nam đến trạm Thừa Lưu 21 dặm linh."
q2_3_4_page_208-0010,Đầu đời Gia Long gọi là trạm Cao Đôi.
q2_3_4_page_208-0011,"Năm Minh Mệnh thứ 3 đổi là trạm Đức Cao, năm thứ 4 đổi tên hiện nay."
q2_3_4_page_209-0001,TRẠM THỪA LƯU
q2_3_4_page_209-0002,"Ở xã Trung Kiên huyện Phú Lộc, phía nam đến trạm Thừa Phúc 25 dặm linh."
q2_3_4_page_209-0003,Đầu đời Gia Long gọi trạm Kiền Kiên.
q2_3_4_page_209-0004,"Năm Minh Mệnh thứ 3 đổi là trạm Phúc Thọ, năm thứ 4 đổi tên hiện nay."
q2_3_4_page_209-0005,TRẠM THỪA PHÚC
q2_3_4_page_209-0006,"Ở xã An Cư huyện Phú Lộc, phía nam đến trạm Nam Trực tính Quảng Nam 19 dặm linh."
q2_3_4_page_209-0007,Đầu đời Gia Long gọi là trạm Phúc An.
q2_3_4_page_209-0008,"Năm Minh Mệnh thứ 3 đổi là trạm Đức Phúc, năm thứ 4, đổi tên hiện nay."
q2_3_4_page_209-0009,Phía bắc trạm có kho nhỏ Thừa Phúc dựng năm Minh Mệnh thứ 9.
q2_3_4_page_209-0010,TRẠM THUẬN LAN
q2_3_4_page_209-0011,Ở địa phận hai xã Triều Thủy và Dương Nỗ HUYỆN Phú Vang.
q2_3_4_page_209-0012,Phía tây đến trạm Kinh 16 dặm phía đồng đến tấn Thuận An 14 dặm.
q2_3_4_page_209-0013,"Dựng năm Minh Mệnh thứ 17, lấy 12 người dân sở tại sung lính trạm."
q2_3_4_page_209-0014,TRẠM THUA AN
q2_3_4_page_209-0015,"Ở xã Thượng An huyện Phong Điền, phía nam đến trạm Kinh 25 dặm linh, phía bắc đến trạm Thừa Mỹ 30 dặm linh."
q2_3_4_page_209-0016,"Đầu đời Gia Long gọi là trạm Thượng An, năm Minh Mệnh thứ 3 đổi là Đức An năm thứ 4 đổi tên hiện nay."
q2_3_4_page_210-0001,TRẠM THUA MY
q2_3_4_page_210-0002,"Ở xã Mỹ Xuyên huyện Phong Điền, phía bắc đến trạm Thừa Xá 26 dặm linh."
q2_3_4_page_210-0003,Đầu đời Gia Long gọi là trạm Mỹ Xuyên.
q2_3_4_page_210-0004,"Năm Minh Mênh thứ 3 đổi là trạm Đức Mỹ, năm thứ 4 đổi tên hiện nay."
q2_3_4_page_210-0005,TRẠM TRỊ XÁ
q2_3_4_page_210-0006,"Ở xã Thượng Xá huyện Hải Lăng, phía bắc đến trạm Trị An 33 dặm linh."
q2_3_4_page_210-0007,Đầu đời Gia Long gọi là trạm Thượng Xá.
q2_3_4_page_210-0008,"Năm Minh Mệnh thứ 3 đổi tên 3 xa An Lạc huyện Dia Linh, phía bắc đến trạm Trị Cao 26 dặm linh."
q2_3_4_page_210-0009,"Đầu đời Gia Long gọi là trạm An Lạc, năm Minh Mệnh thứ 3 đổi tên hiện nay."
q2_3_4_page_210-0010,TRẠM TRI CAO
q2_3_4_page_210-0011,"Ở xã Cao Xá huyện Minh Linh, phía bắc đến trạm Trị Lập 25 dặm linh."
q2_3_4_page_210-0012,"Đầu đời Gia Long gọi là tram Cao Xá, năm Minh Mệnh thứ 3 đổi tên hiện nay."
q2_3_4_page_210-0013,TRẠM THỊ LẬP
q2_3_4_page_210-0014,"Ở xã Thượng Lap huyện Minh Linh, phía bắc đến trạm Quảng Lộc tỉnh Quảng Bình 34 dặm linh."
q2_3_4_page_210-0015,"Đầu đời Gia Long gọi là trạm Thượng Lập, năm Minh Mệnh thứ 3 đổi tên hiện nay."
q2_3_4_page_211-0001,СНО РНО́
q2_3_4_page_211-0002,CHỢ GIA HỘI
q2_3_4_page_211-0003,"Ở huyện Hương Trà, phía đông cầu Gia Hội, tục gọi chợ Mụ Đặng, một dải ven sông nhà tranh của dân ở xen nhau, thường có hỏa hoạn."
q2_3_4_page_211-0004,"Năm Minh Mệnh thứ 18, sau Thự Thống chế Vũ Lâm Lê Văn Thảo, đốc binh sĩ dựng nhà lợp ngói, gồm 89 gian."
q2_3_4_page_211-0005,"Chợ nhìn ra sông dựng đình gọi là đình Qui Giả, đình làm 2 tầng."
q2_3_4_page_211-0006,"Lại từ cầu Gia Hội đến chỗ đôi ngang trước trấn Bình Đài, dựng một dãy phố gồm 399 gian, dài 2 dặm linh, dân tình nguyện dựng là 149 gian, cột nhà đều xây bằng gạch, mặt trước đặt cánh cửa, cứ 3 gian lại có tường gạch xây ngang, mặt sau xây tường trổ cửa tròn."
q2_3_4_page_211-0007,Từ phía bắc cầu Gia Hội đến phía nam cầu Đông Gia gọi là phố Gia Hội.
q2_3_4_page_211-0008,Từ phía bắc cầu Đông Gia đến phía nam cầu Thế Lại gọi là phố Đông gia.
q2_3_4_page_211-0009,"Từ phía bắc cầu Thế Lại đến góc trấn Bình Đài gọi là phố Đông Hội, bờ sông xây lan can bằng gạch."
q2_3_4_page_211-0010,"Sau đổi ba phố là hàng, gọi là ba hàng phía đông thành."
q2_3_4_page_211-0011,"Lại từ chợ Gia Hội thẳng đến ấp Hạ chợ Dinh, chia đặt làm 8 hàng, là các hàng Gia Thái, Hòa Mỹ, Phong Lạc, Doanh Ninh, Hội Hòa, Mỹ Hưng, Thụy Lạc, Tam Đăng, gọi là tám hàng ven sông, dài 3 dặm linh."
q2_3_4_page_211-0012,"Giữa là đường phố, tả hữu nhà ngói liền nhau, buôn bán tấp nập, ở sông thuyền buôn thuyền chài đi lại như mắc cửi."
q2_3_4_page_212-0001,CHỢ AN VAN
q2_3_4_page_212-0002,"Ở bờ phía bắc sông Hộ Thành về mặt sau huyện Hương Trà, buôn bán tụ họp, năm Minh Mệnh thứ 16 dựng Bắc Trường Đình ở đây, nay bỏ."
q2_3_4_page_212-0003,PHỐ THANH HÀ
q2_3_4_page_212-0004,"Ở phía đông huyện Hương Trà, phố xá liền nhau, xưa là nơi đô hội có tiếng, nay thưa thớt."
q2_3_4_page_212-0005,CHỢ KIM LONG
q2_3_4_page_212-0006,"Ở phía tây nam huyện Hương Trà, phố xá đông đúc, là một chợ lớn."
q2_3_4_page_212-0007,"Lại các xã trong huyện có những chợ Xước Dy, Long Hồ, Bao Vinh, Thai Dưỡng, Cổ"
q2_3_4_page_212-0008,CHỢ NAM PHỐ
q2_3_4_page_212-0009,"Ở huyện Phú Vang, chợ họp đông đúc, phía đông có đình chợ."
q2_3_4_page_212-0010,"Lại các thôn xã trong huyện có các chợ Dương Nỗ, Đường Anh, An Truyền, Diêm Trường, Hà Thanh."
q2_3_4_page_212-0011,CHỢ AN CỰU
q2_3_4_page_212-0012,"Ở huyện Hương Thủy, buôn bán đông đúc, là một chợ lớn trong huyện."
q2_3_4_page_212-0013,"Năm Minh Mệnh thứ 16 dựng Nam Trường đình ở đây, nay bỏ."
q2_3_4_page_212-0014,"Lại các thôn xã trong huyện có các chợ Cam Thủy, Dương Xuân Thiên Lộc, Lang Xá, Dã Lê, La Sơn và Bằng Lãng."
q2_3_4_page_213-0001,CHỢ AN NÔNG
q2_3_4_page_213-0002,"Ở huyện Phú Lộc, phía bắc chợ có trạm Thừa Nông."
q2_3_4_page_213-0003,"Lại các thôn xã trong huyện có các chợ Lỗ Đông, Cao Đôi (phía đông chợ có trạm Thừa Hoá Trung Hạ; phía bắc chợ trạm Thừa Lưu), An Cư (phía bắc chợ có trạm Thừa Phúc và phía nam có tấn Hải Vân)."
q2_3_4_page_213-0004,CHỢ PHÚ LỄ
q2_3_4_page_213-0005,"Ở huyện Quảng Điền, vốn tên là chợ Bái Đáp sau đổi tên hiện nay, chợ bán thịt lợn chín ngon hơn các nơi khác."
q2_3_4_page_213-0006,"Lại trong huyện có các chợ Giã Lang Thành Công, Nước Lạnh, Niêm Phò, Thạch Bình."
q2_3_4_page_213-0007,CHỢ ĐẠI LỘC
q2_3_4_page_213-0008,"Ở huyện Phong Điền, quán xá đông đúc rộng rãi."
q2_3_4_page_213-0009,"Lại trong huyện có các chợ Phù Ninh, Kế Môn Vĩnh An, Mỹ Cương, Thế Chí, Vĩnh Xương, Ưu Điềm, Thanh Hương"
q2_3_4_page_213-0010,CHỢ DIÊN SINH
q2_3_4_page_213-0011,"Ở huyện Hải Lăng, quán xá đông đúc."
q2_3_4_page_213-0012,"Trong huyện lại có các chợ Thạch Hãn, chợ Phương Lang."
q2_3_4_page_213-0013,CHỢ CỔ THÀNH
q2_3_4_page_213-0014,"Ở huyện Đăng Xương. Trong huyện lại có các chợ Đại Hào, Lai Phúc."
q2_3_4_page_214-0001,CHỢ KIM ĐÂU
q2_3_4_page_214-0002,"Tục gọi chợ Sông, ở huyện Địa Linh."
q2_3_4_page_214-0003,"Trong huyện lại có các chợ Thượng Đô, Long Sơn, Mai Xá."
q2_3_4_page_214-0004,CHỢ ĐAN DUỆ
q2_3_4_page_214-0005,"Ở huyện Minh Linh. Trong huyện lại có các chợ Võ Xá, An Du, Hàm Hòa, Tùng Luật."
q2_3_4_page_214-0006,Còn các quán xá nhỏ ở ven đường trong hạt không thể chép hết.
q2_3_4_page_214-0007,BẾN ĐÒ
q2_3_4_page_214-0008,"Kính xét: trước kia bến sông đều gọi là độ, năm Minh Mệnh thứ 17 chuẩn định phầm những chỗ đò ngang, đò quan, đò dọc đều đổi gọi là ""tân""."
q2_3_4_page_214-0009,BÊN GIA HỘI
q2_3_4_page_214-0010,"Ở phía nam chợ Gia Hội huyện Hương Trà; trong huyện lại có 11 bến nữa là: Định Môn, Long Hồ, Kim Long, An Ninh, Xuân Dương, Bao Vinh, Phú Ốc, Thai Dương, Vĩnh Trị, Thuận An, đều là bến đò ngang quan trọng."
q2_3_4_page_214-0011,BÊN THANH PHÚC
q2_3_4_page_214-0012,"Ở huyện Hương Trà, phía bắc bến có trường diễn súng."
q2_3_4_page_214_215-0001,"Kính xét: bản triều, năm Nhâm Ngọ, Thần Tông thứ 7, bắt dân đắp núi đất cao hơn 30 trượng, rộng 150 trượng."
q2_3_4_page_215-0001,Hằng năm cứ đến tháng 7 diễn tập phép chèo thuyền bắn súng.
q2_3_4_page_215-0002,"Năm Quí Mão, Thái Tông thứ 15, đắp ụ ở trên núi đất cao hơn 30 thước, mặt ụ để đích bắn, hạ lệnh cho thủy sư bắn thi, nay vẫn còn dấu vết."
q2_3_4_page_215-0003,"Năm Minh Mệnh thứ 2, sửa đắp ụ bắn, cho quân sĩ diễn tập, xa giá thường đến xem."
q2_3_4_page_215-0004,BẾN DƯƠNG LĂNG
q2_3_4_page_215-0005,"Ở huyện Hương Thủy, huyện lại có 5 bến nữa: Bằng Lãng, Xuân Lai, Thiện Lộc, Hòa Đa, Phù Bài."
q2_3_4_page_215-0006,BẾN AN NÔNG
q2_3_4_page_215-0007,"Ở huyện Phú Lộc, huyện lại có 5 bến nữa: Sư Lỗ, Vinh Hòa, Cảnh Dương, Tư Tề, Hải Vân."
q2_3_4_page_215-0008,BẾN TIÊN NỘN
q2_3_4_page_215-0009,"Ở huyện Phú Vang, huyện lại có 2 bến nữa: Trừng Hà, La Bích."
q2_3_4_page_215-0010,BẾN LẠI BẰNG
q2_3_4_page_215-0011,"Ở huyện Phong Điền, huyện lại có 3 bến nữa: Bồ Điền, Mỹ Xuyên, Vân Trình."
q2_3_4_page_215-0012,BẾN CAO ĐÔI
q2_3_4_page_215-0013,"Ở phía nam huyện Phú Lộc, từ bến Cao Đôi về phía bắc đến bến Gia Hội, trước gọi là đò dọc Khúc Tượng."
q2_3_4_page_215-0014,Năm Minh Mệnh thứ 11 đổi tên hiện nay.
q2_3_4_page_216-0001,BÊN THANH HƯƠNG
q2_3_4_page_216-0002,BẾN THẠCH HÃN
q2_3_4_page_216-0003,BÊN PHƯƠNG LĂNG
q2_3_4_page_216-0004,BẾN CỔ THÀNH
q2_3_4_page_216-0005,BẾN TRÀ BÁT
q2_3_4_page_216-0006,"Thuộc xã Thanh Hương huyện Phong Điển, có đồ đọc đến bến phía bắc thành ngoài Kinh thành."
q2_3_4_page_216-0007,"Ở huyện Hải Lăng, là bến đường trạm đi qua, bờ sông gần đây có gò kho, nay còn nền cũ."
q2_3_4_page_216-0008,"Trong huyện lại có các bến An Thư, Lương Điền, Thượng Xá, đều là bến đò ngang quan trọng."
q2_3_4_page_216-0009,Ở xã Phương Lang thuộc huyện Hải Lăng.
q2_3_4_page_216-0010,"Trước gọi là Kẻ Hương, có đò dọc, từ khi khai sông Vĩnh Định, bến đò bị cạn nên dời đến bến Ngô Xá, về phía bắc đến chợ Kim Đâu huyện Do Linh thì đỗ."
q2_3_4_page_216-0011,Năm Minh Mệnh thứ 11 đổi tên hiện nay.
q2_3_4_page_216-0012,"Ở huyện Đăng Xương, phía đông bến có dinh cũ, nay còn nền cũ; phía tây bến có đền Linh Tho phủ nhân."
q2_3_4_page_216-0013,"Ở huyện Đăng Xương, phía tây bến có phủ cũ Toàn Thắng, nên cũ vẫn còn."
q2_3_4_page_216-0014,"Tương truyền, hồi đầu bản triều quân Trịnh vào lấn, Thần Tông thân đem đại binh đóng ở xã Trung Chỉ, có một bà già đem dâng đầu đỏ, chúa Thượng hỏi rằng: ""Quân ta đánh giặc liệu có thắng không?"
q2_3_4_page_216-0015,""". Bà già thưa rằng: ""Mười phần hẳn được"", chúa Thượng khen thưởng và gọi tên trại là ""Toàn Thắng""."
q2_3_4_page_216-0016,"Có thuyết nói: Thị Thắng, người xã Lập Thạch, biết dò xét hư thực của quân Trịnh, đến báo cho quan quân, nhân giặc không phòng bị liên ập đến đánh, quân Trịnh thua to, nhân đẩy gọi là trại ""Toàn Thắng""."
q2_3_4_page_217-0001,BẾN GIANG NGHIỄN
q2_3_4_page_217-0002,"Ở bờ sông phía tây thuộc huyện Đăng Xương, cát trắng nổi cổn, nước sông trong mát, tục gọi ""cổn cờ bãi cát"" tức là chỗ này."
q2_3_4_page_217-0003,"Lại có bến Xuân An, cũng ở địa phận huyện này."
q2_3_4_page_217-0004,BẾN DÃ ĐỘ
q2_3_4_page_217-0005,"Ở huyện Đăng Xương, sông rộng 100 dặm, sâu 2 trượng 5 thước, sóng gió dữ dội, thuyền đi sông phải phòng."
q2_3_4_page_217-0006,"Trong huyện lại có các bến An Lạc, Đông Hà, Thượng Đô, đều là những chỗ thuyền bè qua lại."
q2_3_4_page_217-0007,BẾN TIÊN AN
q2_3_4_page_217-0008,"Ở phía tây huyện Minh Linh, có nền phủ cũ."
q2_3_4_page_217-0009,"Tương truyền hồi đầu bản triều lập phủ ở đây, bến sông trước phủ có trồng một dãy mấy chục cây xoài, cành lá che rợp đường."
q2_3_4_page_217-0010,"Trong huyện lại có các bến Minh Lương, Cổ Trai, Tùng Luật."
q2_3_4_page_218-0001,BÊN CAM LỘ
q2_3_4_page_218-0002,Ở huyện Thành Hoá.
q2_3_4_page_218-0003,CÂU ĐƯỜNG QUAN
q2_3_4_page_218-0004,CÂU AN VÂN
q2_3_4_page_218-0005,CÂU LIỄU CỐC
q2_3_4_page_218-0006,CẨU CỔNG
q2_3_4_page_218-0007,CỔNG ĐÁ SÔNG LỢI NÔNG
q2_3_4_page_218-0008,"Ở huyện Hương Thủy, đường nước dọc sông, trước bắc 14 sở cầu gỗ, năm Minh Mệnh thứ 11, đổi xây cống đá."
q2_3_4_page_218-0009,"Suốt trong hạt những chỗ đường trạm đi qua, theo sông mà bắc cẩu, chỗ nào nước chảy xiết thì bắc cẩu gỗ, chỗ nào nước chảy chậm thì xây đá từ nam giới đến bắc giới, gồm 170 sở, dựng xây từ năm Minh Mệnh thứ 7."
q2_3_4_page_218-0010,"Ở chỗ giáp giới hai xã An Vân và Đốc Sơ thuộc huyện Hương Thủy, cầu dài 4 trượng, trước bắc bằng gỗ, năm Minh Mệnh thứ 21 đổi xây bằng đá."
q2_3_4_page_218-0011,"Ở huyện Hương Trà, cầu dài 5 trượng, bắc bằng gỗ, tục gọi cầu Tháp."
q2_3_4_page_218-0012,"Lại các xã thôn trong hạt đường nước đều bắc cầu để tiện đi lại, có những cầu Văn Xá, An Xá, An Quán, Tiên Lộc, Kim Ngọc, La Khê, Triều Thủy, Thủy Tú, Thanh Phước, Tiền Thành, Vân Khốt."
q2_3_4_page_219-0001,CÂU AN CỰU
q2_3_4_page_219-0002,"Ở xã An Cựu huyện Hương Thủy, bắc từ đầu đời Gia Long, cầu dài 7 thước, năm Minh Mệnh thứ 14 sửa lại."
q2_3_4_page_219-0003,CÂU DƯƠNG XUÂN
q2_3_4_page_219-0004,"Ở xã Dương Xuân thượng, huyện Hương Thủy, lại có tên là cầu Tiểu Khê, bắc từ năm Tự Đức thứ 4, dài 6 trượng 2 thước."
q2_3_4_page_219-0005,"Trong huyện lại có các cầu Thanh Thủy, Thế Lại, Thần Phù, Văn Giang, Lang Xá, Thanh Lang, Bằng Lãng."
q2_3_4_page_219-0006,CÂU NAM PHỐ HẠ
q2_3_4_page_219-0007,"Ở huyện Phú Lộc, trong huyện lại có các cầu Võng Trì, Cao Đôi, Phúc Tượng, Phú Cường, Thủy An, Nước Mặn, Nước Ngọt, Phú Hải, Đông An."
q2_3_4_page_219-0008,CẨU ĐƯỜNG ANH
q2_3_4_page_219-0009,"Ở huyện Phú Vang, trong huyện lại có các cầu Tích Ba, Dưỡng Mông, Vinh Vệ, An Lưu, Lai Thế."
q2_3_4_page_219-0010,CẨU MỸ XUYÊN
q2_3_4_page_219-0011,"Ở huyện Phong Điển, trong huyện lại có các cầu Vĩnh An, Hoàng Liên, Phù Trạch."
q2_3_4_page_220-0001,CÂU TRUNG ĐAN
q2_3_4_page_220-0002,CÂU ÁI TỬ
q2_3_4_page_220-0003,CẨU HÀ THƯỢNG
q2_3_4_page_220-0004,CÂU CAO XÁ
q2_3_4_page_220-0005,ĐÊ CÔNG THUẬN TRỰC
q2_3_4_page_220-0006,"Ở huyện Hải Lăng, tục gọi cầu Cưỡng."
q2_3_4_page_220-0007,Trong huyện lại có cầu Chi Đàn.
q2_3_4_page_220-0008,"Ở huyện Đăng Xương, trong huyện lại có cầu Lưỡng Thuận, Nhan Biểu."
q2_3_4_page_220-0009,"Ở huyện Do Linh. Trong huyện lại có các cầu Đại Độ, Kim Đâu, Anh Bình, Trúc Khê và cầu Trúc Lâm."
q2_3_4_page_220-0010,"Nửa phía nam thuộc huyện Đăng Xương, nửa phía bắc thuộc huyện Do Linh."
q2_3_4_page_220-0011,"Ở huyện Minh Linh, trong huyện lại có các cầu Đan Trì, Hà Cờ, Chấp Lễ."
q2_3_4_page_220-0012,Cầu Chấp Lễ là chỗ phân địa giới tỉnh Quảng Trị và Quảng Bình.
q2_3_4_page_220-0013,ĐÊ ĐẬP
q2_3_4_page_220-0014,"Ở xã Hà Trung huyện Phú Lộc, hạ lưu sông Lợi Nông, cửa lạch rộng 7 trượng 7 thước 5 tấc, hai bên xây đá dài 1 trượng 7 thước, giữa đặt cửa cổng để ngăn nước mặn, tả và hữu đắp đập dài, phía nam đến ấp Hà Chiêu, phía bắc đến ấp Hà Trữ, gồm 4 dặm linh."
q2_3_4_page_220-0015,"Đê đắp từ năm Gia Long thứ 13, đến năm Minh Mệnh thứ 7 và thứ 13 sửa lại."
q2_3_4_page_221-0001,"Xét: từ cửa lạch về phía tây đến cửa sông Lợi Nông 45 dặm, về phía đông dọc bờ đến cửa Tư Hiền 60 dặm linh, trước gọi là kênh Trực Môn, đầu đời Gia Long đổi tên hiện nay."
q2_3_4_page_221-0002,ĐÊ CÔNG AN LƯU
q2_3_4_page_221-0003,"Ở xã An Lưu huyện Phú Vang, dài 409 trượng 5 thước, bề ngang 2 trượng, có một cửa cổng rộng 2 trượng, đắp từ năm Gia Long thứ 16."
q2_3_4_page_221-0004,ĐẬP AN TRUYÊN
q2_3_4_page_221-0005,"Ở xã An Truyền huyện Phú Vang, vì ruộng của dân gần sông, thường có nước mặn tràn vào, nên đắp đê để ngăn nước mặn."
q2_3_4_page_221-0006,ĐÂP DƯƠNG NỖ
q2_3_4_page_221-0007,"Ở xã Dương Nỗ huyện Phú Vang, trước có đê đập để ngăn nước mặn."
q2_3_4_page_221-0008,"Năm Minh Mệnh thứ 9, nước lũ vỡ, dân sở tại xin miền tạp dịch để đắp lại, vua y cho."
q2_3_4_page_221-0009,ĐẬP QUI LAI
q2_3_4_page_221-0010,"Đất hai xã Qui Lai và Dương Nỗ huyện Phú Vang, có đầm cạn có thể cày cấy được."
q2_3_4_page_221-0011,"Năm Gia Long thứ 9, Chưởng Tượng quân Nguyễn Đức Xuyên xin bắt dân đắp đê ngăn nước mặn, cho dân cày cấy khi thành điền sẽ bổ thuế theo lệ ruộng công, vua y cho."
q2_3_4_page_221-0012,"Năm Thiệu Trị thứ 4, ở xã Qui Lai có một dai sông con, phía trên giáp sông Hương, phía dưới giáp sông Phổ Lợi, cũng đắp ngang một đường đê, thân để đặt một cửa cống, theo thời tiết lấy nước vào ruộng hoặc tháo nước ra sông, từ đấy lúa má đỡ hại."
q2_3_4_page_222-0001,ĐẬP PHÙ BÀI
q2_3_4_page_222-0002,"'3 xã Phù Bài huyện Hương Thủy, hằng năm cứ đến mùa xuân mùa hạ thì đắp đập ngang sông lấy nước tưới ruộng, mùa thu mùa đông lại tháo nước ra đầm Hòa Đa."
q2_3_4_page_222-0003,ĐẬP TÔ ĐÀ
q2_3_4_page_222-0004,"Ở đầm Tô Đà huyện Hương Thủy, đập dài hơn 70 trượng, cao 5 thước, cửa cống rộng 1 trượng, nước đầm thông với sông Lợi Nông; đắp từ năm Minh"
q2_3_4_page_222-0005,ĐẬP AN NÔNG
q2_3_4_page_222-0006,"Ở xã An Nông huyện Phú Lộc, hằng năm dân thường đắp đập ngang sông lấy nước tưới ruộng."
q2_3_4_page_222-0007,ĐẬP LA BÍCH
q2_3_4_page_222-0008,"Ở đầm La Bích huyện Phi Lộc, đập dai 130 trượng linh, cao 5 thước, cửa cống rộng 1 trượng nước đầm thông với sông Lợi Nông; đắp từ năm Minh Mệnh thứ 19."
q2_3_4_page_223-0001,ĐẬP NƯỚC NGỌT
q2_3_4_page_223-0002,Ở địa phận huyện Phú Lộc.
q2_3_4_page_223-0003,"Dân ba phường Cam Thủy, Thủy An và Bái Đáp đều đắp đập ở dòng sông Phú Xuyên để lấy nước tưới ruộng."
q2_3_4_page_223-0004,ĐẬP THUÝ VÂN
q2_3_4_page_223-0005,"Ở dưới núi Thuý Vân huyện Phú Lộc, trước kia đều là nước mặn và cát sỏi."
q2_3_4_page_223-0006,"Năm Minh Mệnh thứ 17, sai dân đắp đập ở ven khe để ngăn nước mặn."
q2_3_4_page_223-0007,"Trong đập chứa nước thành hồ để tưới ruộng, trong vòng mấy năm, ruộng khe được mùa, cây dừa cây liều xanh tốt, lại thêm có củ mài, dưa hấu, được lợi khá nhiều."
q2_3_4_page_223-0008,ĐẬP VĪNH XƯƠNG THỦ LỄ
q2_3_4_page_223-0009,"XÃ Vĩnh Xương nay thuộc huyện Đăng Xương, xã Thủ Lễ nay thuộc huyện Quảng Điền, trước có đập vệ nông, lâu ngày lở vỡ."
q2_3_4_page_223-0010,"Năm Minh Mệnh thứ 10, dân hai xã xin góp sức bồi đắp, vua y cho."
q2_3_4_page_223-0011,ĐẬP THANH HƯỚNG
q2_3_4_page_223-0012,"Ở xã Thanh Hương huyện Hương Trà, trước có đê đập, lâu ngày vỡ lở."
q2_3_4_page_223-0013,"Năm Minh Mệnh thứ 6, dân xã xin mượn biển binh có tên trong số góp sức bồi đắp, vua y cho."
q2_3_4_page_223-0014,ĐẬP THAI DƯƠNG
q2_3_4_page_223-0015,"Ở xã Thai Dương hạ huyện Hương Trà, dọc sông đắp đê đập để ngăn nước mặn và nước tràn."
q2_3_4_page_224-0001,ĐẬP KIM ĐÔI AN XUÂN
q2_3_4_page_224-0002,"Đất hai xã Kim Đôi và An Xuân huyện Quảng Điền ở gần biển, nước mặn, hại ruộng."
q2_3_4_page_224-0003,Năm Gia Long thứ 9 sai đắp đập để ngăn nước mặn.
q2_3_4_page_224-0004,ĐỀN MIẾU
q2_3_4_page_224-0005,MIẾU HỘI ĐÔNG
q2_3_4_page_224-0006,"Ở xã Triều Sơn, huyện Hương Trà, thờ thần kỳ trong cõi, hàng năm tế vào tháng trọng xuân và trọng thu, đến ngày bính sau ngày tế Xã tắc thì phái quan đến tế."
q2_3_4_page_224-0007,"Miếu dựng đầu đời Gia Long, năm Minh Mệnh thứ 7 sửa lại."
q2_3_4_page_224-0008,"Lại miếu Hội đồng đạo Quảng Trị ở xã An Tiêm huyện Đăng Xương, nay bỏ."
q2_3_4_page_224-0009,ĐÀN SƠN XUYÊN
q2_3_4_page_224-0010,"Ở xã Dương Xuân thượng, huyện Hương Thủy, mặt hướng về nam, thờ các vị thần núi cao, sông lớn trong cõi."
q2_3_4_page_224-0011,"Qui chế đàn gồm hai tầng: tầng thứ nhất vuông 5 trượng 4 thước, cao 2 thước 5 tấc, tầng thứ hai vuông 10 trượng 4 thước 4 tấc, cao 1 thước 3 tấc."
q2_3_4_page_224-0012,"Xung quanh trồng trúc xanh, mở 3 cửa trước, tả và hữu, ngoài xây trụ biểu."
q2_3_4_page_224-0013,Hằng năm tế vào các tháng trọng xuân và trọng thu.
q2_3_4_page_224-0014,MIẾU THÀNH HOÀNG
q2_3_4_page_224_225-0001,"Ở xã Dương Xuân, huyện Hương Thủy, thờ thần Thành Hoàng trong cõi, dựng năm Thiệu Trị thứ 6, Lại miếu Thanh Hoàng đạo Quảng Tri ở xã Thạch Hãn, huyện Hải Lăng, nay bỏ."
q2_3_4_page_225-0001,ĐÀN XÃ TẮC ĐẠO QUẢNG TRỊ
q2_3_4_page_225-0002,"Ở xã Thạch Hãn huyện Hải Lăng, thờ thần Xã Tắc bắn đạo."
q2_3_4_page_225-0003,"Dựng năm Minh Mệnh thứ 13, năm Tự Đức thứ 6 để cho đạo Quảng Trị thờ."
q2_3_4_page_225-0004,VĂN MIẾU ĐẠO QUẢNG TRỊ
q2_3_4_page_225-0005,"Ở xã An Đôn, huyện Đăng Xương."
q2_3_4_page_225-0006,"Đầu bản triều, Văn Miếu ở xã Phúc Mỹ, năm Gia Long thứ 13 dời đến xã Thạch Hãn, huyện Hải Lăng."
q2_3_4_page_225-0007,Năm Minh Mệnh thứ 21 dời đến chỗ hiện nay.
q2_3_4_page_225-0008,"Năm Tự Đức thứ 7, để cho đạo Quảng Trị thờ."
q2_3_4_page_225-0009,"ĐỀN THAI DƯƠNG phủ NHÂN Ở xã Thai Dương, huyện Hương Trà, thờ thần vị Thai Dương phủ nhân."
q2_3_4_page_225-0010,"Tương truyền trước có người din trong xã tên là Bố, đánh cá ở cửa biển một hôm mưa gió tối tim, đến nửa đêm mưa tanh trời quang."
q2_3_4_page_225-0011,"Bố thấy cạnh bờ có viên đá kỳ dị, bèn vỗ xoa, rồi ngủ đi, chợt mộng thấy một người đàn bà nhan sắc đẹp đẽ nói: ""Ta đây là Thai Dương phu nhân, mi là người phàm, sao dám nhờn như thế?"
q2_3_4_page_225-0012,"Phải đi ngay"". Bố giật mình tỉnh giấc biết là đá thần liền khấn ngay rằng: ""Nếu đá có thiêng, xin phù hộ cho tôi đánh cá được""."
q2_3_4_page_225-0013,"Từ đấy mỗi ngày đánh cá được càng nhiều, bèn dựng đền tranh ở bến sông để thờ viên đá."
q2_3_4_page_225-0014,"Chợt có thuyền khách buôn Nhật Bản đi qua đền, trông thấy viên đá, họ bảo nhau rằng ""Đây là đá ngọc"" rồi lấy búa lớn để bổ, thì tự nhiên người lăn đùng ra."
q2_3_4_page_225-0015,"Khiêng xuống thuyền thì không có sóng gió mà thuyền bị đắm, người trong thuyền không một người nào sống sót."
q2_3_4_page_225-0016,Từ đấy lừng lẫy anh linh.
q2_3_4_page_225-0017,"Hồi đầu bản triều cầu gió thường được linh ứng, bèn sửa làm đền miếu, có lệ quốc tế."
q2_3_4_page_225-0018,"Năm Gia Long thứ 10 sắc lập đền riêng, hằng năm tế vào ngày quí xuân, mùa thu."
q2_3_4_page_226-0001,"ĐỀN KỲ THẠCH phủ NHÂN Ở xã Thạch Phước, huyện Hương Trà."
q2_3_4_page_226-0002,"Tương truyền, trước có một người chài bủa lưới ở sông, khi kéo lưới lên thấy nặng, bèn lặn xuống nước xem biết là có viên đá vương lưới, bèn dời đi khúc sông khác."
q2_3_4_page_226-0003,"Đến đêm, mộng thấy một bà già bảo ràng: ""Ta đây là thần, nếu đem được ta lên bờ, ta sẽ phù hộ""."
q2_3_4_page_226-0004,"Ngày hôm sau, người chài họp những người đồng bọn lặn xuống sông khiêng đá lên bờ, thì là hai viên đá vuông to bằng tấm chiếu, sắc xanh trắng, mặt đá có nét chạm thân người mặt thú, 20 tay và 4 chân."
q2_3_4_page_226-0005,"Người chài ấy sợ cho là thần liền đem để ở chỗ sạch sẽ, rồi dựng đền tranh để thờ."
q2_3_4_page_226-0006,Từ đấy tỏ ra linh ứng.
q2_3_4_page_226-0007,"Hồi đầu bản triều, phong là ""Kỳ Thạch phủ nhân chi thần""."
q2_3_4_page_226-0008,"Gặp năm đại hạn, sai quan đến cẩu đảo hàng mấy tuần không được mưa, bèn sai dời hai viên đá đến bờ sông."
q2_3_4_page_226-0009,"Đêm hôm ấy liền nổi gió to mưa lốn, sáng hôm sau ra xem, thấy mất một viên, còn lại một viên, bèn rước về tế tạ."
q2_3_4_page_226-0010,Viên đá ấy nay vẫn còn.
q2_3_4_page_227-0001,ĐỀN LONG THÂÂN
q2_3_4_page_227-0002,"Ở xã Phụ Ổ, huyện Hương Trà."
q2_3_4_page_227-0003,"Mùa bè năm Minh Mệnh thứ 19, chân núi nổi tiếng sấm, sau đó nhân khan mưa, nhà vua cho là núi có sấm nổi, tất là có rồng, rồng có thể làm mưa, bèn sai viên Kinh doãn đến núi cầu đảo thì quả nhiên được mưa."
q2_3_4_page_227-0004,"Sau lập đền thờ, gọi là đền Long Thần núi Phụ Ổ."
q2_3_4_page_227-0005,ĐỀN THIÊN PHI
q2_3_4_page_227-0006,Ở xã Minh Hương huyện Hương Trà.
q2_3_4_page_227-0007,ĐỀN QUAN CÔNG
q2_3_4_page_227-0008,"Ở xã Trạc Linh, huyện Hương Trà."
q2_3_4_page_227-0009,"Năm Minh Mệnh thứ 12 sửa lại, ban cho biển ngạch bằng đồng."
q2_3_4_page_227-0010,Năm Tự Đức thứ 3 ban cho biển ngạch bằng gỗ thếp vàng.
q2_3_4_page_227-0011,ĐỀN THẨN NÚI NGỌC TRẢN
q2_3_4_page_227-0012,"Ở sườn núi Ngọc Trần xã Hải Cát huyện Hương Trà, gọi là đền Hàm Long, thờ thần Thiên Y A Na Diễn Phi Chúa Ngọc và thần Thủy Long."
q2_3_4_page_228-0001,Năm Minh Mệnh thứ 13 sửa lại.
q2_3_4_page_228-0002,Phía trước đền có vực rất sâu.
q2_3_4_page_228-0003,"Tương truyền, đáy vực là hang thủy tộc, có con rùa lớn bằng tấm chiếu, mỗi khi nổi lên tất có sóng dữ dội, người ta trông thấy gọi là sứ giả của Hà Bá."
q2_3_4_page_228-0004,ĐỀN HÀ BÁ
q2_3_4_page_228-0005,"Ở xã Hà Trung huyện Phú Lộc, dựng từ đời Gia Long."
q2_3_4_page_228-0006,ĐỀN THÂǸ HẢI VÂN
q2_3_4_page_228-0007,"Ở ấp An Cư huyện Phú Lộc, thờ thần núi Hải Vân, dựng từ đời Minh Mệnh."
q2_3_4_page_228-0008,ĐỀN THÂN TƯ HIÊN
q2_3_4_page_228-0009,"Ở xã Vinh Hòa huyện Phú Lộc, thờ thần cửa biển Tư Hiền, thần này trước thờ phụ ở miếu Nam Hải Long Vương."
q2_3_4_page_228-0010,"Năm Minh Mệnh thứ 6 mới dựng đền riêng, hằng năm tế vào mùa xuân, mùa thu."
q2_3_4_page_228-0011,ĐỄN THÂN NÚI THUY VÂN
q2_3_4_page_228-0012,"Ở phía tây bắc núi thuộc xã Vinh Hòa, thờ thần núi, đền dựng từ năm Minh Mệnh thứ 17."
q2_3_4_page_228-0013,ĐỀN THÂN XÍCH LONG
q2_3_4_page_228-0014,"Ở xã Bác Vọng, huyện Quảng Điển, gặp năm đại hạn, cẩu đảo thường được linh ứng."
q2_3_4_page_229-0001,"ĐỀN QUA QUA phủ NHÂN Ở xã Ái Tử, huyện Đăng Xương, thờ thần Qua Qua linh thờ phổ trạch tướng hựu phủ nhân."
q2_3_4_page_229-0002,"Hồi xưa, Thái Tổ ta trấn thủ Thuận Hoá, tướng Mạc là Lập Bạo đem quân vào lấn."
q2_3_4_page_229-0003,"Chúa Thượng liền thân đi đánh, đóng quân ở bến sông Ái Tử, nghe có tiếng ""oa oa"" chúa Thượng lấy làm lạ, đứng dây nhìn, thì chỉ thấy làn sóng ào ào mà thôi, nhân lẩm nhẩm khấn rằng: ""Thần sông có thiêng, nên giúp ta đánh tan quân giặc""."
q2_3_4_page_229-0004,"Đêm hôm ấy, mộng thấy một người đàn bà đến trước mặt, xin dùng ""mỹ kế""."
q2_3_4_page_229-0005,"Khi đã tỉnh giấc, nhân nghĩ: thần bảo ta dùng ""mỹ kế"", phải chăng là kế mỹ nhân?"
q2_3_4_page_229-0006,"Bèn sai nàng hầu là Ngô Thị đi dụ Lập Bạo, giả vờ mời Lập Bạo đến hội thể để giảng hòa."
q2_3_4_page_229-0007,"Lập Bạo mê nhan sắc Ngô Thị, liền đi."
q2_3_4_page_229-0008,Chúa Thượng nhân đặt phục binh bắt giết Lập Bạo.
q2_3_4_page_229-0009,"Sau khi xong việc, bèn lập đền thờ thần ở đấy."
q2_3_4_page_229-0010,"Năm Thiệu Trị thứ 2, khi đi Bắc tuần, nhà vua có làm thơ ghi lại sự tích."
q2_3_4_page_229-0011,ĐỀN LUÂN QUỐC CÔNG
q2_3_4_page_229-0012,"Ở phường Giang Nghiễn huyện Đăng Xương, thờ Luân Quốc Công Tống Phước Hợp, là công thần hồi đầu bản triều (sự tích xem phần ""Nhân vật"")."
q2_3_4_page_229-0013,ĐỀN ANH QUỐC CÔNG
q2_3_4_page_229-0014,"Ở bờ phía tây sông Cổ Thành, huyện Đăng Xương, thờ Anh Quốc Công Nguyễn Hữu Tiến là tiết chế hồi đầu bản triều (sự tích xem phần ""Nhân vật"")."
q2_3_4_page_230-0001,ĐỀN GIÁM SÁT TƯ MÃ
q2_3_4_page_230-0002,"Ở xã Như Lệ, huyện Hải Lăng, thờ thần Giám sát Tư Mã."
q2_3_4_page_230-0003,"Tương truyền đồi trước có quan Tư Mã đánh giặc, bị giặc đầm ông cỡi ngựa chạy đến đây thì chết."
q2_3_4_page_230-0004,"Sau hiển linh nên dân địa phương lập đền thờ, có lệ quốc tế."
q2_3_4_page_230-0005,ĐỀN TỨ VỊ THÁNH NƯƠNG
q2_3_4_page_230-0006,"Ở huyện Minh Linh (sự tích xem ""Nghệ An tỉnh chí"")."
q2_3_4_page_230-0007,HAI ĐỀN ĐƠN DUÊ
q2_3_4_page_230-0008,"Ở bên cạnh thành cổ xã Đơn Duệ, huyện Minh Linh, thờ hai tước vương đời trần là Chiêu Văn Vương Trần Nhật Duật và Huệ Vũ Vương Trần Quốc Điền."
q2_3_4_page_230-0009,Tương truyền hai vương đều theo vua Trần Anh Tông đi đánh Chiêm Thành.
q2_3_4_page_230-0010,"Khi thắng trận, các tướng đều tranh nhau cướp bóc, duy hai vương ngăn cấm quân sĩ không xâm phạm mảy may của dân, lại chiêu tập phủ dụ những dân phiêu lưu trở về làm ăn như cũ."
q2_3_4_page_230-0011,"Sau khi mất, dân địa phương tưởng nhớ ơn đức nên lập hai đền tranh để thờ."
q2_3_4_page_230-0012,"Đến đời Lê, vua Thánh Tông đi đánh Chiêm Thành, đóng quân ở đây, đêm mộng thấy hai vương đến xin giúp sức."
q2_3_4_page_230-0013,"Khi tỉnh giấc, nhà vua cho triệu phụ lão đến hỏi thấy giống hệt trong mộng."
q2_3_4_page_230-0014,"Khi thắng trận kéo quân về, nhà vua sai sửa lại đền thờ."
q2_3_4_page_231-0001,ĐỀN QUẾ NƯƠNG
q2_3_4_page_231-0002,"Ở phía nam động Tam Thạch, huyện Thành Hoá."
q2_3_4_page_231-0003,"Tương truyền thần là người phường Ba Lăng, họ Hồ tên tự là Quế Nương, tính thích hương hoa."
q2_3_4_page_231-0004,"Năm 17 tuổi nhiều người dạm hỏi đều không nhận, một hôm đi một mình vào trong động, người nhà đi tìm không thấy đâu cả, tìm đến trên động thì thấy có một giếng đá nước rất sâu và thấy áo của Quế Nương để ở đấy, cất tiếng gọi vẫn không thấy."
q2_3_4_page_231-0005,Sau đó phụ hồn vào đồng tự xưng là Quế Nương ngọc nữ.
q2_3_4_page_231-0006,"Người trong phường lập đền thờ, người buôn bán đi lại thường cầu đảo."
q2_3_4_page_231-0007,ĐỀN CAM LỘ
q2_3_4_page_231-0008,"Ở sơn phần phường Tân An huyện Thành Hoá, thờ thần núi."
q2_3_4_page_231-0009,"ĐỀN THỬY TỘC phủ NHÂN Ở xã Hà Lỗ, huyện Hải Lăng."
q2_3_4_page_231-0010,"Tương truyền thần là người xã Lương Điền, bản huyện, chưa có chồng."
q2_3_4_page_231-0011,"Một hôm theo ven sông bắt cá, thì bị chết đuối."
q2_3_4_page_231_232-0001,"Ngày hôm sau xác nổi lên và trôi giat vào bến sông Hà Lỗ, rồi phụ hồn vào đồng nói rằng: ""Nay Long Vương thủy tộc đã đem vào cung làm phủ nhân rồi""."
q2_3_4_page_232-0001,"Từ đấy tỏ ra anh linh, người địa phương lập đền thờ, phần mộ ở xã Lương Điển."
q2_3_4_page_232-0002,CHÙA QUÁN
q2_3_4_page_232-0003,CHÙA QUANG ĐỨC
q2_3_4_page_232-0004,Ở xã An Vân huyện Hương Trà.
q2_3_4_page_232-0005,"Năm Định Mão, ban triều Thế Tông thứ 1 cho biển ngạch vàng biển khắc năm chữ ""Sắc tứ Quang Đức tự"", phía ta biển khắc tám chữ: ""Quốc vương Từ Tế đạo nhân ngự đề"", biển ấy nay vẫn còn."
q2_3_4_page_232-0006,CHÙA KHÁNH VÂN
q2_3_4_page_232-0007,"Ở son phận xã Luu Bảo, huyện Hương Trà có suối bao quanh, phong cảnh cũng dep."
q2_3_4_page_232-0008,"Năm Dinh Mão ban triều Thế Tông thứ 1 ban cho biển vàng biển khắc năm chữ: ""Sắc tứ Khánh Vân tự"", phía tả biển khắc tám chữ: ""Quốc vương Từ Tế đạo nhân ngự đề""."
q2_3_4_page_232-0009,"Khoảng đời Minh Mệnh, Thuận Thiên Cao Hoàng Hậu bỏ của ra sửa lại."
q2_3_4_page_232-0010,CHÙA QUANG BẢO
q2_3_4_page_232-0011,"Ở xã Kim Long huyện Hương Trà, khoáng đời Minh Mệnh, Thuận Thiên Cao Hoàng Hậu bỏ"
q2_3_4_page_233-0001,CHÙA BẢO SƠN
q2_3_4_page_233-0002,"Ở xã An Ninh, h, huyện Hương Trà, khoảng đời Minh Mệnh, Thuận Thiên Cao Hoàng Hậu bổ của ra sửa lại."
q2_3_4_page_233-0003,CHÙA DIÊN THỌ
q2_3_4_page_233-0004,"Ở xã Hải Cát, huyện Hương Trà."
q2_3_4_page_233-0005,CHÙA PHÚ ỔC
q2_3_4_page_233-0006,"Ở xã Phú Ốc huyện Hương Trà, hồi đầu bản triều đảo vũ ở chùa thường linh ứng, bèn cho dân sở tại thu thuế đò ngang để dùng vào việc đền hương."
q2_3_4_page_233-0007,CHÙA BÁO QUỐC
q2_3_4_page_233-0008,"Ở ấp Trường Giang xã Phú Xuân huyện Hương Thủy, xưa gọi là chùa Hoàn Long."
q2_3_4_page_233-0009,Tương truyền chùa do Giác Phong hòa thượng dựng.
q2_3_4_page_233-0010,"Bản triều, Đinh Mão năm Thế Tông thứ 1 ban cho biển vàng, biển khắc năm chữ ""Sắc tứ Báo Quốc tự"", phía hữu biển khắc tám chữ ""Quốc vương Từ Tế đạo nhân ngự đề""."
q2_3_4_page_233-0011,"Sau bị Tây Sơn tàn phá, dùng chùa làm kho chứa diêm tiêu."
q2_3_4_page_233-0012,"Năm Gia Long thứ 7, Hiếu Khang Hoàng Hậu bỏ của ra sửa lại, đổi tên là chùa Thiên Thọ."
q2_3_4_page_233-0013,"Năm Minh Mệnh thứ 5 lại gọi theo tên cũ, năm Tự Đức thứ 11, sai trùng tu."
q2_3_4_page_233-0014,"Phía bắc chùa có một giếng cổ gọi là giếng Hàm Long sâu 4, 5 thước, đáy giếng có đá như hình hàm rồng, nước tử khe đá phun ra, vị ngon và trong mát, hồi đầu bản triều dùng dân ngự dụng, lại gọi là giếng Cấm, nay vẫn còn."
q2_3_4_page_234-0001,CHÙA QUỐC ÂN
q2_3_4_page_234-0002,Ở ấp Lương Cải xã Phú Xuân huyện Hương Thủy.
q2_3_4_page_234-0003,"Tương truyền, chùa do Hoán Bích thiên sư dựng."
q2_3_4_page_234-0004,"Bản triều Hiến Tông cho hai câu đối, phía tả câu đối khắc tám chữ ""Quốc vương Thiên Túng đạo nhân ngự đề"", nay vẫn còn."
q2_3_4_page_234-0005,"Phía dưới chùa có tháp Phổ Đồng, cũng do Hoán Bích thiên sư dựng."
q2_3_4_page_234-0006,"Đầu đời Gia Long, Mật Cường hòa thượng sửa lại."
q2_3_4_page_234-0007,CHÙA KIM TIÊN
q2_3_4_page_234-0008,"Ở ấp Bình An, huyện Hương Thủy."
q2_3_4_page_234-0009,"Tương truyền chùa do Bích Phong hòa thượng dựng, bản triều Thế Tông sửa lại."
q2_3_4_page_234-0010,"Phía trước chùa dựng lầu Vọng Tiên, quy chế rộng rãi, có giếng cổ sâu hơn 30 trượng, nước rất trong mát."
q2_3_4_page_234-0011,"Tương truyền trước có tiên nữ thường tấm đêm ở đây, nên cũng gọi là giếng Tiên."
q2_3_4_page_234-0012,CHÙA TUỆ LÂM
q2_3_4_page_234-0013,"Ở trên gò ấp Bình An, có khe bao quanh, phong cảnh cũng đẹp."
q2_3_4_page_234-0014,"Khoảng đời Minh Mệnh, An Mỹ Thái trưởng công chúa là Ngọc Ngôn sửa lại."
q2_3_4_page_235-0001,CHÙA TỪ ĐÀM
q2_3_4_page_235-0002,Ở trên gò ấp Bình An.
q2_3_4_page_235-0003,"Tương truyền chùa do Tử Thông hòa thượng dựng, lại có tên là chùa Ấn Tôn."
q2_3_4_page_235-0004,CHÙA VIÊN GIÁC
q2_3_4_page_235-0005,"Ở ấp Bình An. Tương truyền chùa do Liễu Quan hòa thượng dựng, trước gọi là chùa Cát Tường, sau đổi tên hiện nay."
q2_3_4_page_235-0006,Đời Tự Đức Diên Phúc công chúa bỏ của ra sửa lại.
q2_3_4_page_235-0007,CHÙA THIÊN LÂM
q2_3_4_page_235-0008,Ở ấp Bình An. Tương truyền chùa do Thạch Liêm hòa thượng dựng.
q2_3_4_page_235-0009,"Sau Bùi Đắc Tuyên Thái sư triều Nguy Tây dùng làm nhà ở, Đắc Tuyên bại, người trong ấp nhân nền cũ chữa lại."
q2_3_4_page_235-0010,"Đến khoảng đời Gia Long bản triều, Thừa Thiên Cao Hoàng Hậu bỏ của ra sửa lại."
q2_3_4_page_235-0011,"Phía tả chùa có một quả chuông đồng, cao 4 thước, mình tròn 6 thước, dày 4 tấc, mặt ngoài chuông có khắc chữ ""Lê Vĩnh Thịnh thập nhị niên chú""."
q2_3_4_page_235-0012,"Hồi đầu đời Gia Long, đánh được Bắc Thành, chở về để trong kho, sau sửa lại chùa, lại đem để ở chùa này."
q2_3_4_page_235-0013,CHÙA ĐÔNG THUYỀN
q2_3_4_page_235-0014,"Ở xã Dương Xuân thượng, huyện Hương Thủy, năm Thiệu Trị thứ 2, Định Hòa công chúa Ngọc Ky sửa chữa lại."
q2_3_4_page_235-0015,"Phía tây chùa có chùa Tây Thiền tương truyền dựng từ đỡi Thế Tông đầu bản triều, nay bỏ."
q2_3_4_page_235-0016,"Lại có chùa Kim Quang, do Đức Thịnh thiên sư dựng từ đầu đỡi Tự Đức và chùa Tuệ Minh, hai chùa này nay đều bỏ."
q2_3_4_page_235-0017,"Lại có chùa Từ lâm, chùa Khánh Sơn, chùa Hưng Long, chùa Thiên Hưng đều ở xã ấy, nay vẫn còn."
q2_3_4_page_236-0001,CHÙA THIÊN THAI NỘI
q2_3_4_page_236-0002,"Ở xã Dương Xuân, còn có tên nữa là chùa Thiên Tông."
q2_3_4_page_236-0003,"Tương truyền chùa do Liễu Quan hòa thượng dựng, chùa dựa vào núi, trông ra đồng bằng, phong cảnh cũng đẹp."
q2_3_4_page_236-0004,"Gần đấy có chùa Thiên Thai Ngoại, tương truyền do người đàn bà là Nguyễn Ngọc Duệ dựng sửa chữa lại, lại có chùa Quảng Tế cũng ở địa phận xã này."
q2_3_4_page_236-0005,CHÙA TỪ HIẾU
q2_3_4_page_236-0006,"Ở xã Dương Xuân, chùa cổ đời Minh Mệnh."
q2_3_4_page_236-0007,"Năm Thiệu Trị thứ 3, cung giám là Chu Phúc Năng bỏ tiền ra sửa chữa, sắc cho biển ngạch đề ""Từ Hiếu tự""."
q2_3_4_page_236-0008,CHÙA THIÊN HÒA
q2_3_4_page_236-0009,"Ở xã Dương Xuân, tương truyền chùa do Huệ Xán thiền sư dựng."
q2_3_4_page_236-0010,CHÙA CHI VIÊN
q2_3_4_page_236-0011,"Ở xã Dương Xuân, khoảng đời Minh Mệnh người cung tân là Văn Hòa Nguyễn Thị bỏ của ra sửa lại."
q2_3_4_page_237-0001,CHÙA TƯỜNG VÂN
q2_3_4_page_237-0002,CHÙA VIÊN THÔNG
q2_3_4_page_237-0003,CHÙA ĐỨC SƠN
q2_3_4_page_237-0004,CHÙA TĪNH THỔ
q2_3_4_page_237-0005,CHÙA LINH GIÁC
q2_3_4_page_237-0006,CHÙA PHỔ QUANG
q2_3_4_page_237-0007,CHÙA SÙNG HỌÁ
q2_3_4_page_237-0008,Ở xã Dương Xuân. Tương truyền chùa do Huệ Xán thiền sư dựng.
q2_3_4_page_237-0009,"Ở xã An Cựu, huyện Hương Thủy."
q2_3_4_page_237-0010,Tương truyền chùa do Liễu Quan hòa thượng dựng.
q2_3_4_page_237-0011,"Khoảng đời Minh Mệnh, Quảng Ninh Công Miên Mật bỏ của ra sửa lại."
q2_3_4_page_237-0012,Lại có chùa Thiệu Long giáo chủ ở xã An Cựu Tây.
q2_3_4_page_237-0013,"Ở xã Nguyệt Biểu, huyện Hương Thủy."
q2_3_4_page_237-0014,"Ở ấp Bình An. Tương truyền, gần đấy lại có chùa Pháp Vũ."
q2_3_4_page_237-0015,"Nay đều bỏ Ở xã Thanh Thủy thượng, huyện Hương Thủy."
q2_3_4_page_237-0016,"Ở ấp Tràng Giang, xã Phú Xuân huyện Hương Trà."
q2_3_4_page_237-0017,"Ở xã Triêm Ân, huyện Phú Lộc."
q2_3_4_page_237-0018,"Năm Nhâm Dân bản triều Thái Tổ thứ 45, thuyền ngự qua xã này nhân thấy phía đông bắc bờ sông cây cối xanh tươi, chim đàn lượn đỗ lấy làm thích, bèn dừng thuyền ngắm cảnh, thấy có di tích chùa cổ, sai sửa chữa lại và cho tên hiện nay, nay không biết ở chỗ nào."
q2_3_4_page_238-0001,CHÙA HÀ TRUNG
q2_3_4_page_238-0002,"Ở xã Hà Trung, huyện Phú Lộc, hồi đầu bản triều, Hiển Tông sai Hoán Bích thiền sư trụ trì ở đấy."
q2_3_4_page_238-0003,CHÙA NGHI GIANG
q2_3_4_page_238-0004,"Ở xã Nghi Giang, huyện Phú Lộc, bãi sông trước chùa sản nhiều rau câu, người ta gọi là chùa Rau Câu."
q2_3_4_page_238-0005,CHÙA SƠN TÙNG
q2_3_4_page_238-0006,"Ở xã Sơn Tùng, huyện Quảng Điền, chùa cổ."
q2_3_4_page_238-0007,"Năm Bính Tý bản triều Thế Tông thứ 6 sửa chữa lại và ban cho biển ngạch khắc năm chữ ""Sắc tứ Sơn Tùng tự"", lại cho 4 câu đối nay vẫn còn."
q2_3_4_page_238-0008,Năm Thiệu Trị thứ 2 sắc cho lồng bàn bằng sa vàng để tại chùa để truyền thắng tích.
q2_3_4_page_238-0009,CHÙA TUỆ VŨ
q2_3_4_page_238-0010,Ở xã Kim Đôi huyện Quảng Điền.
q2_3_4_page_238-0011,"Năm Minh Mệnh thứ 16, xa giá tuần du Quảng Trị, khi trở về gặp mưa to, ngự giá nghỉ ở bến sông trước chùa, mưa liền tạnh và trời quang đăng."
q2_3_4_page_238-0012,"Nhà vua mừng lắm, ban cho 40 lạng bạc, lại cho biển ngạch khắc năm chữ ""Sắc tử Tuệ Vũ tự"", phía tả biển khắc chữ ""Minh Mệnh thập lục niên, cát nhật tạo""."
q2_3_4_page_238-0013,"Năm Thiệu Trị thứ 2, ngự giá bắc tuần, ban cho vàng bạc và tiền."
q2_3_4_page_239-0001,CHÙA BÁC VỌNG
q2_3_4_page_239-0002,"Ở xã Bác Vọng, huyện Quảng Điền."
q2_3_4_page_239-0003,CHÙA GIÁC HOÀNG
q2_3_4_page_239-0004,"Ở xã Hiền Sĩ huyện Phong Điền, chùa cổ, sau bỏ."
q2_3_4_page_239-0005,"Năm Tân Sửu, bản triều Hiền Tông thứ 30 sửa chữa lại và cho tên hiện nay."
q2_3_4_page_239-0006,"Lại cho ba biển vàng: một biển khắc năm chữ ""Ngự đề Hoàng Giác tự"", một biển khắc ba chữ ""Kế thánh đường""."
q2_3_4_page_239-0007,"Một biển khắc hai chữ ""Cổ lâu"", phía tả biển khắc tám chữ ""Quốc vương Thiên Túng đạo nhân ngự đề""."
q2_3_4_page_239-0008,CHÙA ƯU Đ IỄM
q2_3_4_page_239-0009,"Ở xã Ưu Điểm huyện Phong Điển, phía hữu chùa có tượng Phật đá nổi, tục gọi ""tượng bà Lỗi""."
q2_3_4_page_239-0010,"Trước tượng khoảng đất rộng chừng một trượng, có bức bình phong bằng đá, cao rộng đều ba thước, trông phảng phất như hình ngựa hình ngưỡi."
q2_3_4_page_239-0011,Năm Minh Mệnh thứ 2 sửa chữa lại.
q2_3_4_page_239-0012,CHÙA TĨNH QUANG
q2_3_4_page_239-0013,Ở địa phận xã Ái Tử huyện Đăng Xương.
q2_3_4_page_239-0014,"Hồi đầu bản triều, cho tên chùa là Tĩnh Quang có một biển ngạch, nay vẫn còn, Tuyết Phong hòa thượng và Bảo Châu thiên sư kế tiếp nhau trụ trì ở đây."
q2_3_4_page_239-0015,Năm Minh Mệnh thứ 3 và thứ 21 sửa chữa lại.
q2_3_4_page_240-0001,CHÙA THIÊN TÂN
q2_3_4_page_240-0002,"Ở xã Đâu Kênh huyện Đăng Xương do Thái Tông hồi đầu bản triều dựng, có ban cho tượng Phật, đồ thờ và biển vàng, sau bỏ."
q2_3_4_page_240-0003,Năm Minh Mệnh thứ 3 và thứ 21 sửa chữa lại.
q2_3_4_page_240-0004,CHÙA LONG PHÚC
q2_3_4_page_240-0005,"Ở phường An Định, huyện Địa Linh, trước là miếu do ba phường An Định, An Hướng và Phương Xuân cùng thờ Thái Tổ Hoàng Đế bản triều."
q2_3_4_page_240-0006,"Đến năm Minh Mệnh thứ 4 đổi làm chùa, cho biển ngạch, lại cấp cho 70 mẫu ruộng công và ba người tự phủ để phụng sự."
q2_3_4_page_240-0007,CHÙA CỔ TRAI
q2_3_4_page_240-0008,"Ở xã Cổ Trai, huyện Minh Linh, xã này là quê hương của Hiếu Khang Hoàng Hậu bản triều."
q2_3_4_page_240-0009,"Sau khi hoàng hậu mất, người xã lập miếu thờ, năm Minh Mệnh thứ 5 đổi làm chùa Phật."
q2_3_4_page_241-0001,NHÂN VẬT
q2_3_4_page_241-0002,ĐỜI LÊ
q2_3_4_page_241-0003,"Nguyễn Quận: Ô Châu cận lục của Dương Văn An đời Mạc chép: Nguyễn Quận người huyện Hải Lăng, khoảng đời Lê Hồng Đức, theo đi đánh Chiêm Thành phá được thành Chà Bàn, các viên tướng khác đều tranh nhau lấy vàng, lụa, Nguyễn Quận chỉ nhổ lấy lá cờ lớn, ngoài ra không lấy gì cả."
q2_3_4_page_241-0004,"Vua Thánh Tông ngợi khen, bổ cho chức Quản vệ vệ sở Thanh Hoa, sau thăng lên giữ chức Tổng binh sứ ở Quảng Nam."
q2_3_4_page_241-0005,"Bùi Dục Tài: Ô châu cận lục chép: Dục Tài người huyện Hải Lăng đỗ chánh tiến sĩ khoảng đời Lê Cảnh Thống, từng làm Tham chính đạo Thanh Hoa."
q2_3_4_page_241-0006,"Khoảng đời Hồng Thuận, có công ứng nghĩa, thăng chức Tả Thị lang Lại bộ, khoảng đời Quang Thiệu làm Tham thị, về kinh lý bản đạo, rồi bị đảng gian giết."
q2_3_4_page_241-0007,ĐỜI NGUYỄN
q2_3_4_page_241-0008,"Tôn Thất Khê: con thứ mười của Thái Tổ, đầu bổ Chưởng cơ."
q2_3_4_page_241-0009,"Đến triều Hi Tông, được tấn phong Tổng trấn, Tường Quận công, nhận cố mệnh của Hi Tông dựng Thần Tông nối ngôi."
q2_3_4_page_241-0010,"Gặp lúc Anh là Trấn thủ Quảng Nam làm phản, Khê xin đem quân bắt giết Anh, vì có công được ban cho ấn bằng đồng và kiệu sơn then."
q2_3_4_page_241-0011,"Khi mất được tặng Tá lý Tôn thần, đặc tiến Thượng trụ quốc Bình chương quân Quốc trọng sự Quận công, thụy là Trung Nghị."
q2_3_4_page_241-0012,"Năm Gia Long thứ 4 được liệt tên vào Thượng đảng công thần quốc sơ, thờ phụ ở Thái Miếu."
q2_3_4_page_241-0013,"Năm Minh Mệnh thứ 12, tấn phong Nghĩa Hưng Quân vương."
q2_3_4_page_241-0014,"Khê là người rất thân phụ chính, trước sau hơn 40 năm từng trải ba triều, đức cao, công lớn, là chỗ dựa vững của đời."
q2_3_4_page_241-0015,"Tôn Thất Hiệp: con thứ tư của Thái Tông, có tài làm tướng, đầu bổ Chưởng cơ."
q2_3_4_page_241-0016,"Năm Nhâm Tí, quân Trịnh vào lấn, lúc ấy Hiệp mới 20 tuổi, nhận mệnh lệnh làm Nguyên soái, từ Nguyễn Hữu Dật trở xuống đều chịu tiết chế, hiệu lệnh nghiêm minh, ai cũng sợ phục."
q2_3_4_page_241-0017,"Quân Trịnh vượt sông Gianh, tiến sát đến luỹ Trấn Ninh, họ lấp hào, san ụ làm luỹ Trấn Ninh sắp vỡ."
q2_3_4_page_241-0018,"Tướng giữ lũy là Trương Phúc Cương muốn rút lui về giữ bảo Mỗi Nại, Hiệp vội vàng ngăn lại và nói: ""Một khi quân ta rút lui tất địch thừa thế lấn vào, vậy phải hết sức cố giữ, tôi tất đến cứu""."
q2_3_4_page_241-0019,"Hiệp liền sai Nguyễn Hữu Dật đem quân cứu viện Trấn Ninh, còn mình thì tự cầm quân giữ lũy Sa Phụ."
q2_3_4_page_241-0020,"Quân địch đánh Trấn Ninh không sao hạ được, bèn nhân đêm bỏ trốn."
q2_3_4_page_241_242-0001,"Hiệp đem quân đuổi đến núi Lệ Đề rồi trở về, bắt giết Anh, vì có công được ban cho ấn bằng đồng và kiệu sơn then."
q2_3_4_page_242-0001,"Khi mất được tặng Tá lý Tôn thần, đặc tiến Thượng trụ quốc Bình chương quân Quốc trọng sự Quận công, thụy là Trung Nghị."
q2_3_4_page_242-0002,"Năm Gia Long thứ 4 được liệt tên vào Thượng đảng công thần quốc sơ, thờ phụ ở Thái Miếu."
q2_3_4_page_242-0003,"Năm Minh Mệnh thứ 12, tấn phong Nghĩa Hưng Quân vương."
q2_3_4_page_242-0004,"Khê là người rất thân phụ chính, trước sau hơn 40 năm từng trải ba triều, đức cao, công lớn, là chỗ dựa vững của đời."
q2_3_4_page_242-0005,"Tôn Thất Hiệp: con thứ tư của Thái Tông, có tài làm tướng, đầu bổ Chưởng cơ."
q2_3_4_page_242-0006,"Năm Nhâm Tí, quân Trịnh vào lấn, lúc ấy Hiệp mới 20 tuổi, nhận mệnh lệnh làm Nguyên soái, từ Nguyễn Hữu Dật trở xuống đều chịu tiết chế, hiệu lệnh nghiêm minh, ai cũng sợ phục."
q2_3_4_page_242-0007,"Quân Trịnh vượt sông Gianh, tiến sát đến luỹ Trấn Ninh, họ lấp hào, san ụ làm luỹ Trấn Ninh sắp vỡ."
q2_3_4_page_242-0008,"Tướng giữ lũy là Trương Phúc Cương muốn rút lui về giữ bảo Mỗi Nại, Hiệp vội vàng ngăn lại và nói: ""Một khi quân ta rút lui tất địch thừa thế lấn vào, vậy phải hết sức cố giữ, tôi tất đến cứu""."
q2_3_4_page_242-0009,"Hiệp liền sai Nguyễn Hữu Dật đem quân cứu viện Trấn Ninh, còn mình thì tự cầm quân giữ lũy Sa Phụ."
q2_3_4_page_242-0010,"Quân địch đánh Trấn Ninh không sao hạ được, bèn nhân đêm bỏ trốn."
q2_3_4_page_242-0011,Hiệp đem quân đuổi đến núi Lệ Đề rồi trở về.
q2_3_4_page_243-0001,"Chúa Thượng nghe tin thắng trận, thưởng cho 100 lạng vàng, 100 lạng bạc và 50 tấm gấm."
q2_3_4_page_243-0002,"Sau khi đem quân về, Hiệp bổ hết nữ sắc, dựng am nhỏ thờ Phật, giảng bàn nghĩa lý huyền vi, đến năm Ất Mão thì mất."
q2_3_4_page_243-0003,"Được truy tặng Minh Nghĩa công thần phụ quốc Thượng tướng quân Cẩm Y vệ Đô đốc Chưởng phủ sự Thiếu uy Hiệp quận công, thụy là Toàn Tiết."
q2_3_4_page_243-0004,"Năm Gia Long thứ 4, liệt vào Thượng đẳng công thần khai quốc, thờ phụ ở Thái Miếu."
q2_3_4_page_243-0005,Năm Minh Mệnh thứ 12 truy phong Thành Quốc công.
q2_3_4_page_243-0006,"Tôn Thất Tứ: con thứ tư của Hiến Tông, đầu bổ hữu Cai đội."
q2_3_4_page_243-0007,"Tứ là người độ lượng, xem rộng các sách, sở trường về thơ quốc âm."
q2_3_4_page_243-0008,"Thế Tông lên ngôi, Tứ vì có tài nên bị nhiều người ghen ghét, liền về hưu, tự vui thú uống rượu ngâm thơ."
q2_3_4_page_243-0009,"Năm Quý Dậu mất, được tặng Thiếu sư Luân quốc công."
q2_3_4_page_243-0010,"Con tên là Dục, học rộng có tài, triều Duệ Tông làm Chưởng cơ, lãnh việc Hình bộ."
q2_3_4_page_243-0011,"Quyền thần Trương Phúc Loan muốn kết Dục về bè với mình nên gả con gái cho, nhưng Dục không theo, Phúc Loan để bụng ghét, sai người tố cáo là Dục mưu phản, xét hỏi không có chứng cỡ, bèn bãi quan về."
q2_3_4_page_243-0012,"Dục đặt tên nhà ở là Tĩnh Viễn đường, hằng ngày cùng bạn thân ngâm vịnh vui chơi, không bao giờ nói đến việc nước."
q2_3_4_page_243-0013,"Dục thơ hay, lại thạo đánh cờ, hiểu âm nhạc, tương truyền điệu ""nam cầm"" (nam ai) là do Dục chế."
q2_3_4_page_244-0001,Tôn Thất Xuân: con thứ mười bảy của Thế Tông.
q2_3_4_page_244-0002,"Năm Quý Tỵ, nguy Tây làm loạn, năm Bính Thân, Xuân cùng anh là Tôn Thất Quyền đánh giặc ở Quảng Nam bị bại, Quyền không rõ sau thế nào, còn Xuân thì vượt biển vào Gia Định."
q2_3_4_page_244-0003,"Đến lúc Long Xuyên thất thủ, Xuân cùng Mạc Thiên Tích sang Xiêm La xin viện binh, vua Xiêm lấy làm ngờ, nên Xuân bị hại chết."
q2_3_4_page_244-0004,"Về sau Xuân được truy tặng Thiếu phó, tước Quận công, liệt thờ ở miếu Trung Hưng công thần."
q2_3_4_page_244-0005,"Con là Tôn Thất Dịch có công theo đời ở Vọng Các, dầu đời Minh Mệnh được thăng Thị Trung hữu Thống chế."
q2_3_4_page_244-0006,"5 năm sau được thăng Đô thống chế Thần sách hữu đinh, rồi bổ ra án trấn Thanh Hoa, sau triệu về triều thì chết ở dọc đường."
q2_3_4_page_244-0007,Năm Tự Đức thứ 11 liệt thờ ở đền Hiền Lương.
q2_3_4_page_244-0008,"Tôn Thất Mân: con thứ năm của Hưng Tổ, trước theo Duệ Tông vào Gia Định."
q2_3_4_page_244-0009,"Năm Nhâm Dần, giặc Tây Sơn vào cướp, Thế Tổ phải chạy đến đảo Phú Quốc, Mân cùng Chu Văn Tiếp phân phó các tướng đánh tan được quân của tướng giặc là Đỗ Bế Trập ở Bến Nghé, giặc phải chạy về Quy Nhơn."
q2_3_4_page_244-0010,"Bọn Mân thu phục được Sài Gòn, năm Quý Mão, giặc Tây Sơn lại vào cướp, Mân giữ bảo Ngư Dốc, bảo thất thủ, Mân bỏ chạy rồi mất, được tặng Cẩm Y Chưởng vệ."
q2_3_4_page_244-0011,"Năm Gia Long thứ 4, truy tặng Thiếu phó, thờ phụ ở Thái Miếu."
q2_3_4_page_244-0012,"Năm Minh Mệnh thứ 5, đổi thờ phụ ở Thế Miếu."
q2_3_4_page_244-0013,Năm thứ 12 truy phong là An Biên Quận vương.
q2_3_4_page_244-0014,Tôn Thất Điển: con thứ 6 của Hưng Tổ.
q2_3_4_page_244-0015,"Đầu năm Ất Mùi, theo xa giá đi Gia Định."
q2_3_4_page_244-0016,"Năm Quý Mão, quân Tây Sơn vào cướp, phải chạy đến đảo Phú Quốc, lúc giặc đánh phá hòn Đá chồng (Lũy Thạch), Điển bị bắt, do không chịu khuất phục nên bị giết."
q2_3_4_page_244-0017,"Năm Gia Long thứ 4, được tặng Thái sư quốc công, thờ phụ ở Thái Miếu."
q2_3_4_page_244-0018,"Năm Minh Mệnh thứ 5 đổi thờ phụ ở Thế Miếu, năm thứ 12 tặng Thông Hoá Quân vương."
q2_3_4_page_244-0019,"Tôn Thất Tráng: con của Chưởng dinh Tôn Thất Thảo, có sức mạnh và thao lược."
q2_3_4_page_244-0020,"Thái Tông lên ngôi, điều làm tham tướng Thủy dinh Quảng Bình."
q2_3_4_page_244-0021,"Ông đến nơi liền cho sửa sang binh khí, huấn luyện binh sĩ, việc phòng bị biên thủy càng thêm nghiêm mật."
q2_3_4_page_244-0022,"Năm Bính Thân, theo Nguyễn Hữu Tiến đánh lấy Nghệ An, cùng Nguyễn Cửu Kiều đem chu sư đánh tan quân Trịnh ở cửa Đan Nhai."
q2_3_4_page_244-0023,"Năm Bính Ngọ, thăng Trấn thủ Cựu Dinh, sau thăng Chưởng dinh Quận công."
q2_3_4_page_245-0001,"Tôn Thất Vệ: con của Thái bảo Tôn Thất Hà, làm đến Chưởng cơ."
q2_3_4_page_245-0002,"Năm Canh Thân Hi Tông thứ 7, quân Trịnh vào lấn, Vệ đem quân chống cự, quân Trịnh không dám đến gần."
q2_3_4_page_245-0003,"Năm Đinh Mão thứ 14 quân Trịnh lại kéo vào, tướng Trịnh là Nguyễn Khải đặt dinh ở phía bắc sông Nhật Lệ, Vệ đem bộ binh, Tôn Thất Trung đem thủy binh để ứng cứu lẫn nhau."
q2_3_4_page_245-0004,"Quân Trịnh xông vào trận địa của Vệ, Vệ sai quân bắn súng lớn, quân Trịnh sợ rút lui, Tôn Thất Trung nhân nước thủy triều lên đã đem thủy binh tiến sát đến dinh Nguyễn Khải, quân Trịnh sợ hãi tan vỡ, chết rất nhiều."
q2_3_4_page_245-0005,"Vệ có tài làm tướng, cầm cờ tiết chuyện chiến đấu, lập nhiều công lao, làm đến Chưởng dinh."
q2_3_4_page_245-0006,Em là Tuyên làm Chưởng cơ.
q2_3_4_page_245-0007,"Năm Canh Thân Hy Tông thứ 7, nghịch Hợp và nghịch Trạch làm phản, Tuyên đem quân đi đánh, bọn Hợp thua chạy, Tuyên đuổi bắt được đem dâng nộp."
q2_3_4_page_245-0008,"Thần Tông lên ngôi, trấn thủ Quảng Nam là Anh làm phản, đắp lũy Cu Đê làm kế cổ thủ, Tuyên dẫn quân theo đường tắt xông thẳng đến Quảng Nam, đốt trại sách và bắt Anh đem về dâng nộp."
q2_3_4_page_245-0009,"Tuyên trí dũng hơn người, hai lần dẹp yên được biến loạn từ trong nhà gây ra, binh cơ thần tốc, người ta phục tài làm tướng."
q2_3_4_page_245-0010,"Tôn Thất Huy: con của Ý Công Tôn Thất Dục, có dũng lược, giỏi dụng binh, đầu theo Duệ Tông đi Gia Định."
q2_3_4_page_245-0011,"Lúc giặc Tây Sơn vào cướp, Thế Tổ chạy đến đảo Phú Quốc, Huy cùng bọn Tôn Thất Hội và Nguyễn Đức Xuyên đi theo."
q2_3_4_page_245_246-0001,"Năm Ất Tỵ theo xa giá sang Xiêm, năm Đinh Mùi trở về, đóng quân ở Mỹ quân Trịnh lại kéo vào, tướng Trịnh là Nguyễn Khải đặt dinh ở phía bắc sông Nhật Lệ, Vệ đem bộ binh, Tôn Thất Trung đem thủy binh để ứng cứu lẫn nhau."
q2_3_4_page_246-0001,"Quân Trịnh xông vào trận địa của Vệ, Vệ sai quân bắn súng lớn, quân Trịnh sợ rút lui, Tôn Thất Trung nhân nước thủy triều lên đã đem thủy binh tiến sát đến dinh Nguyễn Khải, quân Trịnh sợ hãi tan vỡ, chết rất nhiều."
q2_3_4_page_246-0002,"Vệ có tài làm tướng, cầm cờ tiết chuyện chiến đấu, lập nhiều công lao, làm đến Chưởng dinh."
q2_3_4_page_246-0003,Em là Tuyên làm Chưởng cơ.
q2_3_4_page_246-0004,"Năm Canh Thân Hy Tông thứ 7, nghịch Hợp và nghịch Trạch làm phản, Tuyên đem quân đi đánh, bọn Hợp thua chạy, Tuyên đuổi bắt được đem dâng nộp."
q2_3_4_page_246-0005,"Thần Tông lên ngôi, trấn thủ Quảng Nam là Anh làm phản, đắp lũy Cu Đê làm kế cổ thủ, Tuyên dẫn quân theo đường tắt xông thẳng đến Quảng Nam, đốt trại sách và bắt Anh đem về dâng nộp."
q2_3_4_page_246-0006,"Tuyên trí dũng hơn người, hai lần dẹp yên được biến loạn từ trong nhà gây ra, binh cơ thần tốc, người ta phục tài làm tướng."
q2_3_4_page_246-0007,"Tôn Thất Huy: con của Ý Công Tôn Thất Dục, có dũng lược, giỏi dụng binh, đầu theo Duệ Tông đi Gia Định."
q2_3_4_page_246-0008,"Lúc giặc Tây Sơn vào cướp, Thế Tổ chạy đến đảo Phú Quốc, Huy cùng bọn Tôn Thất Hội và Nguyễn Đức Xuyên đi theo."
q2_3_4_page_246_247-0001,"Năm Ất Tỵ theo xa giá sang Xiêm, năm Đinh Mùi trở về, đóng quân ở Mỹ Lung, cùng Tiến quân Lê Văn Quân đắp bảo để phòng thủ."
q2_3_4_page_247-0001,"Năm Mậu Thân, tiến công đánh các xứ Trần Định và Than Lung đều thắng lợi."
q2_3_4_page_247-0002,"Năm Nhâm Tý, xa giá thân đi đánh Quy Nhơn, Huy cùng với Tánh ở lại giữ Gia Định, đến mùa đông năm ấy thỉ mất, được tặng hàm Thái phó."
q2_3_4_page_247-0003,"Năm Gia Long thứ 4, được thờ phụ ở Thái Miếu, năm thứ 9, liệt thờ ở miếu Trung Hưng công thần."
q2_3_4_page_247-0004,"Năm Minh Mệnh thứ 4, đổi cho thờ phụ ở Thế Miếu, năm thứ 12 truy phong An Tây công."
q2_3_4_page_247-0005,"Tôn Thất Hội: con thứ ba của Tôn Thất Thắng, có trí lược."
q2_3_4_page_247-0006,"Đầu theo Thế Tổ sang Xiêm, năm Đinh Mùi trở về, đóng quân ở Tam Phụ (Ba Giòng) chống cự với giặc, lập nhiều chiến công."
q2_3_4_page_247-0007,"Mùa hè năm Quý Sửu, xa giá đánh Qui Nhơn, cho Hội làm Khâm sai Bình tây Đại tướng quân, điều khiển bộ Binh các đạo đi đánh Phan Rí."
q2_3_4_page_247-0008,"Hội thu phục được Bình Thuận, liền tiến thắng đến Qui Nhơn, hội với đại binh thủy đạo."
q2_3_4_page_247-0009,"Năm Giáp Dần, giặc vây Diên Khánh, Hội điều khiển dinh Tiền Thủy làm tiên phong."
q2_3_4_page_247-0010,"Giặc được tin quân của Hội đến, bèn giải vây chạy."
q2_3_4_page_247-0011,"Hội lại tiến đánh Thi Nại, phá luôn được các bảo của địch là Tiêu Cơ (Ghềnh Đá) và Mai Hương."
q2_3_4_page_247-0012,"Mùa đông năm ấy, giặc lại vây Diên Khánh, sai tư lệ Lê Trung xâm phạm Bình Thuận."
q2_3_4_page_247-0013,Hội điều khiển bộ Binh đóng ở Xoài Mít để chống cự.
q2_3_4_page_247-0014,"Năm Ất Mão, Hội tiến quân đánh sông Lũy (Lũy Giang) phá tan quân giặc, Lê Trung bỏ chạy, Hội thừa thắng đuổi đến Lạp Quán, giặc phải triệt vây bỏ trốn."
q2_3_4_page_247-0015,Hội bèn thay Võ Tánh đóng giữ Diên Khánh.
q2_3_4_page_247-0016,"Hội rèn luyện quân sĩ, yên uỷ nhân dân, cấm lệnh nghiêm minh, giặc không dám xâm phạm."
q2_3_4_page_247-0017,"Sau đó Hội được triệu về, năm Mậu Ngọ thì chết, được tặng Nguyên phụ công thần đặc tiến Thượng trụ quốc Chưởng dinh."
q2_3_4_page_247-0018,"Năm Gia Long thứ 9, liệt thờ ở miếu Trung Hưng công thần."
q2_3_4_page_247-0019,"Năm Minh Mệnh thứ 5, thờ phụ ở Thế Miếu."
q2_3_4_page_247-0020,"Năm thứ 12 truy phong Lạng Giang Quận công, năm thứ 16, thờ phụ ở Võ Miếu."
q2_3_4_page_247-0021,"Hội cầm quân đánh giặc, rất nhiều công lao, đứng đầu hàng công thần trung hưng, tính nghiêm trang, giữ lễ độ, các tướng đều kính sợ."
q2_3_4_page_247-0022,"Tôn Thất Dụ: con thứ hai của Tôn Thất Thắng, là anh của Tôn Thất Hội."
q2_3_4_page_247-0023,"Năm Giáp Ngọ theo vào Nam, làm Chưởng Tiền quân, năm Tân Sửu, ra giữ Bình Thuận."
q2_3_4_page_247-0024,"Năm Nhâm Dần quân giặc vào cướp Gia Định, Dụ đem bọn Tả chi Trần Xuân Trạch vào cứu viện và thu phục Sài Gòn, được thăng Khâm sai ngoại Tả Chưởng dinh lãnh Đại tư nông."
q2_3_4_page_247-0025,"Khi chết, được tặng Hữu quân chưởng phủ, liệt thờ ở đền Hiến Trung và miếu Trung Hưng công thần."
q2_3_4_page_248-0001,"Tôn Thất Cốc: con của Tôn Thất Đàm, làm Nội thủy Chưởng cơ."
q2_3_4_page_248-0002,"Mùa hè năm Quý Mão, chống cự với giặc ở hòn Đá chồng (Lũy Thạch), thì bị bắt, giặc dụ hàng, Cốc mắng nhiếc và không chịu khuất, giặc giận giết chết."
q2_3_4_page_248-0003,"Được tặng Chưởng dinh Quận công, liệt thờ ở miếu Hiển Trung và miếu Trung Hưng công thần."
q2_3_4_page_248-0004,"Tôn Thất Hoảng: con của Tôn Thất Huống, Tôn Thất Hoàn con của Tôn Thất Chiêm, theo vào Gia Định, có công đánh giặc, Hoảng làm Vệ uý vệ Nhuệ Uy."
q2_3_4_page_248-0005,"Năm Tân Dậu đánh nhau với giặc ở núi Thần Dầu, Hoàn làm Vệ uý vệ ban trực hữu."
q2_3_4_page_248-0006,"Năm Ất Mùi, theo đi đánh Quy Nhơn, đánh nhau với giặc ở Tân An, hai người đều chết trận."
q2_3_4_page_248-0007,"Khoảng đời Minh Mệnh, cả hai đều được tặng chức Thống chế."
q2_3_4_page_248-0008,"Tôn Thất Chương: con thứ ba của Tôn Thất Yến, đầu vào Gia Định theo Trương Phúc Luật đánh giặc, vì có công được thăng chức Thần Sách hữu dinh Đô thống chế."
q2_3_4_page_248-0009,Năm Nhâm Tuất là Đốc trấn Thanh Hoa.
q2_3_4_page_248-0010,"Bấy giờ, bọn giặc trốn ở Sơn Âm là Quách Tất Tự họp quân đánh úp Thiên Quan, Chương phân binh đóng giữ, giặc không dám phạm."
q2_3_4_page_248-0011,"Lúc chết, được tặng Chưởng cơ, năm Tự Đức thứ 5, liệt thờ ở miếu Trung Hưng công thần."
q2_3_4_page_248-0012,"Chương là người trung huệ đứng đầu địa phương, lâu ngày mà giữ lòng thanh liêm, người đời lấy làm khen ngợi."
q2_3_4_page_248-0013,"Chương có hai người con là Minh và Chiêu, làm quan thanh bạch, đều có phong độ như cha."
q2_3_4_page_248_249-0001,"Minh làm đến Thự Tổng đốc cự với giặc ở hòn Đá chồng (Lũy Thạch), thì bị bắt, giặc dụ hàng, Cốc mắng nhiếc và không chịu khuất, giặc giận giết chết."
q2_3_4_page_249-0001,"Được tặng Chưởng dinh Quận công, liệt thờ ở miếu Hiển Trung và miếu Trung Hưng công thần."
q2_3_4_page_249-0002,"Tôn Thất Hoảng: con của Tôn Thất Huống, Tôn Thất Hoàn con của Tôn Thất Chiêm, theo vào Gia Định, có công đánh giặc, Hoảng làm Vệ uý vệ Nhuệ Uy."
q2_3_4_page_249-0003,"Năm Tân Dậu đánh nhau với giặc ở núi Thần Dầu, Hoàn làm Vệ uý vệ ban trực hữu."
q2_3_4_page_249-0004,"Năm Ất Mùi, theo đi đánh Quy Nhơn, đánh nhau với giặc ở Tân An, hai người đều chết trận."
q2_3_4_page_249-0005,"Khoảng đời Minh Mệnh, cả hai đều được tặng chức Thống chế."
q2_3_4_page_249-0006,"Tôn Thất Chương: con thứ ba của Tôn Thất Yến, đầu vào Gia Định theo Trương Phúc Luật đánh giặc, vì có công được thăng chức Thần Sách hữu dinh Đô thống chế."
q2_3_4_page_249-0007,Năm Nhâm Tuất là Đốc trấn Thanh Hoa.
q2_3_4_page_249-0008,"Bấy giờ, bọn giặc trốn ở Sơn Âm là Quách Tất Tự họp quân đánh úp Thiên Quan, Chương phân binh đóng giữ, giặc không dám phạm."
q2_3_4_page_249-0009,"Lúc chết, được tặng Chưởng cơ, năm Tự Đức thứ 5, liệt thờ ở miếu Trung Hưng công thần."
q2_3_4_page_249-0010,"Chương là người trung huệ đứng đầu địa phương, lâu ngày mà giữ lòng thanh liêm, người đời lấy làm khen ngợi."
q2_3_4_page_249-0011,"Chương có hai người con là Minh và Chiêu, làm quan thanh bạch, đều có phong độ như cha."
q2_3_4_page_249_250-0001,"Minh làm đến Thự Tổng đốc Thanh Hoa, Chiêu làm đến Phó Vệ uý lãnh Quản phủ Hà Trung."
q2_3_4_page_250-0001,"Năm Minh Mệnh thứ 8, đều được ban cho bạc và áo, lại có sắc thư khen ngợi."
q2_3_4_page_250-0002,"Tôn Thất Bỉnh: con thứ của Tôn Thất Yến, năm Bính Thìn, vào Gia Định theo quân trải làm Thần sách quân hữu dinh Phó Đô thống chế, Thị trung tả Thống chế."
q2_3_4_page_250-0003,"Ông chết năm Minh Mệnh thứ 8, được tặng Thị nội Đô thống chế."
q2_3_4_page_250-0004,"Năm Tự Đức thứ 11, liệt thờ ở đền Hiền Lương."
q2_3_4_page_250-0005,Tôn Thất Lương: con của Tôn Thất Đồng.
q2_3_4_page_250-0006,"Đầu đời Minh Mệnh bổ Hàn Lâm viện Kiểm thảo, sau thăng Hiệp trấn Thanh Hoa."
q2_3_4_page_250-0007,"Gặp lúc vụ án tham nhũng của Trấn thủ Hồ Văn Trương và Tham hiệp Nguyễn Văn Thắng bị phát giác, chỉ một mình Tôn Thất Lương nổi tiếng là người thanh bạch, có sắc thư khen ngợi."
q2_3_4_page_250-0008,"Sau bị tội bị miễn chức, ít lâu lại được khai phục và được bổ Tổng đốc Thanh Hoa."
q2_3_4_page_250-0009,"Năm Thiệu Trị thứ 4, được gia hàm Thái tử Thiếu bảo."
q2_3_4_page_250-0010,"Năm thứ 6 thăng quyền Hiệp biện Đại học sĩ, lĩnh Tổng đốc Hà Ninh, rồi chết."
q2_3_4_page_250-0011,Năm Tự Đức thứ 11 liệt thờ ở đền Hiền Lương.
q2_3_4_page_250-0012,"Tôn Thất Nghị: con của Cai đội Tôn Thất Ti, đầu đời Gia Long sung đội Nội Hậu."
q2_3_4_page_250-0013,"Đầu đời Thiệu Trị dự việc bắt giặc ở Nam Kỳ có công, được thăng Lãnh binh An Giang, phong Long Bình Nam."
q2_3_4_page_250-0014,"Năm thứ 4, thăng Đề đốc Vĩnh Long, vì có công phá xích sắt ngăn sóng, bình định thành Trấn Tây, được thăng Thống chế sung Tham tán đại thần."
q2_3_4_page_250-0015,"Lúc chết, được tặng Long Võ dinh Đô thống chế, phong Long Bình tử, thụy là Vũ Dũng."
q2_3_4_page_250-0016,"Năm Tự Đức thứ 2, ghi tên ở bia Vũ công, năm thứ 11, liệt thờ ở đền Hiền Lương."
q2_3_4_page_250-0017,Tôn Thất Bính: cháu chín đồi của Tôn Thất Uông.
q2_3_4_page_250-0018,"Đầu đồi Minh Mệnh, lấy tư cách tôn sinh làm quan được thăng đến Tham hiệp hai trấn Bình Định, Bình Thuận."
q2_3_4_page_250-0019,"Năm thứ 14, triệu về triều, vừa lúc ở Nam Kỳ có loạn nghịch Khôi, Bính xin vào ra sức đánh giặc nhưng bị thua."
q2_3_4_page_250-0020,"Ông bị giặc bắt, vì mắng giặc mà chết, được tặng Án sát sứ."
q2_3_4_page_250-0021,"Lại Tôn Thất Chu, quyền Phó Vệ uý dinh Thần Cơ, năm Thiệu Trị thứ 7 đi tuần tiều ở tấn Đà Nẵng, bị người Tây bắn chết."
q2_3_4_page_250-0022,Năm Tự Đức thứ 11 liệt thờ ở đền Trung Nghĩa.
q2_3_4_page_250-0023,"Tổng Phước Trị: tiên tổ là người huyện Tống Sơn, sau dời đến Thuận Hoá, trước làm quan triều Lê, giữ chức Trấn thủ Thuận Hoá, tước Luân Quận công, chính sự khoan hòa được dân yêu mến."
q2_3_4_page_250_251-0001,"Lúc Thái Tổ đã vào trấn miền Nam, Trị đem sổ sách trong hạt dâng nộp trước mọi người, lại có công giúp dâp, đầu đời Gia Long được liệt vào bậc thứ nhì khai quốc công thần, cho một người cháu tập ấm để giữ việc thờ tự, thứ 4, thăng Đề đốc Vĩnh Long, vì có công phá xích sắt ngăn sóng, bình định thành Trấn Tây, được thăng Thống chế sung Tham tán đại thần."
q2_3_4_page_251-0001,"Lúc chết, được tặng Long Võ dinh Đô thống chế, phong Long Bình tử, thụy là Vũ Dũng."
q2_3_4_page_251-0002,"Năm Tự Đức thứ 2, ghi tên ở bia Vũ công, năm thứ 11, liệt thờ ở đền Hiền Lương."
q2_3_4_page_251-0003,Tôn Thất Bính: cháu chín đồi của Tôn Thất Uông.
q2_3_4_page_251-0004,"Đầu đồi Minh Mệnh, lấy tư cách tôn sinh làm quan được thăng đến Tham hiệp hai trấn Bình Định, Bình Thuận."
q2_3_4_page_251-0005,"Năm thứ 14, triệu về triều, vừa lúc ở Nam Kỳ có loạn nghịch Khôi, Bính xin vào ra sức đánh giặc nhưng bị thua."
q2_3_4_page_251-0006,"Ông bị giặc bắt, vì mắng giặc mà chết, được tặng Án sát sứ."
q2_3_4_page_251-0007,"Lại Tôn Thất Chu, quyền Phó Vệ uý dinh Thần Cơ, năm Thiệu Trị thứ 7 đi tuần tiều ở tấn Đà Nẵng, bị người Tây bắn chết."
q2_3_4_page_251-0008,Năm Tự Đức thứ 11 liệt thờ ở đền Trung Nghĩa.
q2_3_4_page_251-0009,"Tổng Phước Trị: tiên tổ là người huyện Tống Sơn, sau dời đến Thuận Hoá, trước làm quan triều Lê, giữ chức Trấn thủ Thuận Hoá, tước Luân Quận công, chính sự khoan hòa được dân yêu mến."
q2_3_4_page_251-0010,"Lúc Thái Tổ đã vào trấn miền Nam, Trị đem sổ sách trong hạt dâng nộp trước mọi người, lại có công giúp dâp, đầu đời Gia Long được liệt vào bậc thứ nhì khai quốc công thần, cho một người cháu tập ấm để giữ việc thờ tự."
q2_3_4_page_252-0001,Tổng Phước Hiệp: dòng đổi Luân Quận công Tổng Phước Trị.
q2_3_4_page_252-0002,"Đời Thế Tông làm Lưu thủ Long Hồ, đổi nhân chính, được dân yêu mến."
q2_3_4_page_252-0003,"Mùa đông ba phủ Bình Thuận, Diên Khánh, Bình Khang."
q2_3_4_page_252-0004,"Năm Ất Mùi Duệ Tông chạy vào Gia Định, cho Hiệp làm Tiết chế Kính Quận công."
q2_3_4_page_252-0005,Khi chết được tặng Hữu phủ quốc công.
q2_3_4_page_252-0006,Em họ là Phước Hòa làm Chưởng thủy dinh Quận công.
q2_3_4_page_252-0007,"Năm Đinh Mậu, Tây Sơn vào cướp Gia Định, Duệ Tông chạy vào Long Xuyên, Tân chính vương lui giữ Ba Việt, Hòa thống lãnh các quân giúp trận."
q2_3_4_page_252-0008,"Khi giặc xâm phạm Ba Việt, Hòa bị chết, được tặng Chưởng dinh Quận công."
q2_3_4_page_252-0009,"Năm Gia Long thứ 9, Phước Hiệp và Phước Hòa đều được liệt thờ ở miếu Trung tiết công thần."
q2_3_4_page_252-0010,"Nguyễn Hữu Dật: tiên tổ là người huyện Tống Sơn, sau dời đến Thuận Hoá."
q2_3_4_page_252-0011,Hữu Dật là con của Tham tướng Nguyễn Triều Văn.
q2_3_4_page_252-0012,"Đầu năm Mậu Tí đời Thái Tông, làm Cai cơ lãnh Ký lục dinh Bố chính, sau thăng đốc chiến cùng Nguyễn Hữu Tiến đánh lấy được đất bản huyện ở Nghệ An, rồi kéo quân về."
q2_3_4_page_252-0013,"Năm Nhâm Tý, quân Trịnh vào lấn, Nguyên soái Tôn Thất Hiệp đem quân chống cự, Dật giữ lũy Sa Phụ."
q2_3_4_page_252-0014,"Quân Trịnh đánh Trấn Ninh, Dật dời quân đến cứu, quân địch không phá nổi bèn kéo đi."
q2_3_4_page_252-0015,Từ đấy Nam Bắc hưu binh.
q2_3_4_page_252-0016,Khi chết được tặng Hữu quân Đô đốc phủ Chưởng phủ sự Chiêu Quận công.
q2_3_4_page_252-0017,"Dật là người sáng suốt, có tài lược làm tướng, nghĩ nhiều mưu lớn, đánh đầu được đấy; người ta ví ông với Khổng Minh (đời Hán) và Bá Ôn (đời Minh)."
q2_3_4_page_252-0018,"Đầu thời Gia Long, liệt vào bậc thượng đẳng công thần thờ phụ ở Thái Miếu."
q2_3_4_page_252-0019,Năm thứ 9 liệt thờ ở miếu Khai quốc công thần.
q2_3_4_page_252-0020,"Khoảng đời Minh Mệnh tặng Hữu quân Đô thống phủ Chưởng phủ sự Thái phó, phong Tĩnh Quốc công thờ phụ ở Võ Miếu."
q2_3_4_page_252-0021,"Dật có con là Hào và Kính đều có tài làm tướng, Hào thường theo cha đi đánh dẹp, nổi tiếng là dũng lược."
q2_3_4_page_252-0022,"Ở đời Hiển Tông, Hào làm Chưởng cơ ra trấn thủ Quảng Bình, yêu đương sĩ tốt, vỗ về nhân dân, dân đều yêu mến."
q2_3_4_page_252-0023,"Khi chết, tặng Đôn hậu công thần, đầu đời Gia Long, liệt vào bậc nhị đẳng công thần, cho một người dòng đổi được thế tập làm đội trưởng, trông nom việc thờ tự (về Hữu Kính có truyện riêng ở sau)."
q2_3_4_page_252-0024,"Nguyễn Hữu Kính: con thứ của Nguyễn Hữu Dật, thời tuổi trẻ theo cha đi đánh dẹp có công, làm đến Cai cơ."
q2_3_4_page_252-0025,"Đầu năm Nhâm Thân đời Hiển Tông, người Chiêm Thành phản, Kính đem quân dẹp yên."
q2_3_4_page_252_253-0001,"Năm Nhâm Dần đi kinh lược đất Chân Lạp, lấy đất Đông Phố đặt phủ Gia Định, chiêu tập dân phiêu cứu, quân địch không phá nổi bèn kéo đi."
q2_3_4_page_253-0001,Từ đấy Nam Bắc hưu binh.
q2_3_4_page_253-0002,Khi chết được tặng Hữu quân Đô đốc phủ Chưởng phủ sự Chiêu Quận công.
q2_3_4_page_253-0003,"Dật là người sáng suốt, có tài lược làm tướng, nghĩ nhiều mưu lớn, đánh đầu được đấy; người ta ví ông với Khổng Minh (đời Hán) và Bá Ôn (đời Minh)."
q2_3_4_page_253-0004,"Đầu thời Gia Long, liệt vào bậc thượng đẳng công thần thờ phụ ở Thái Miếu."
q2_3_4_page_253-0005,Năm thứ 9 liệt thờ ở miếu Khai quốc công thần.
q2_3_4_page_253-0006,"Khoảng đời Minh Mệnh tặng Hữu quân Đô thống phủ Chưởng phủ sự Thái phó, phong Tĩnh Quốc công thờ phụ ở Võ Miếu."
q2_3_4_page_253-0007,"Dật có con là Hào và Kính đều có tài làm tướng, Hào thường theo cha đi đánh dẹp, nổi tiếng là dũng lược."
q2_3_4_page_253-0008,"Ở đời Hiển Tông, Hào làm Chưởng cơ ra trấn thủ Quảng Bình, yêu đương sĩ tốt, vỗ về nhân dân, dân đều yêu mến."
q2_3_4_page_253-0009,"Khi chết, tặng Đôn hậu công thần, đầu đời Gia Long, liệt vào bậc nhị đẳng công thần, cho một người dòng đổi được thế tập làm đội trưởng, trông nom việc thờ tự (về Hữu Kính có truyện riêng ở sau)."
q2_3_4_page_253-0010,"Nguyễn Hữu Kính: con thứ của Nguyễn Hữu Dật, thời tuổi trẻ theo cha đi đánh dẹp có công, làm đến Cai cơ."
q2_3_4_page_253-0011,"Đầu năm Nhâm Thân đời Hiển Tông, người Chiêm Thành phản, Kính đem quân dẹp yên."
q2_3_4_page_253_254-0001,"Năm Nhâm Dần đi kinh lược đất Chân Lạp, lấy đất Đông Phố đặt phủ Gia Định, chiêu tập dân phiêu lưu đến ở."
q2_3_4_page_254-0001,"Năm Ất Mão, Chân Lạp phản, Kính đem quân đi đánh, người Chân Lạp đầu hàng."
q2_3_4_page_254-0002,"Khi kéo quân về đến bãi Cây Sao thì chết, được tặng Chưởng dinh."
q2_3_4_page_254-0003,"Đầu đời Gia Long liệt vào bậc thượng đảng thần, thờ phụ ở Thái Miếu."
q2_3_4_page_254-0004,"Năm thứ 9, liệt thờ ở miếu Khai quốc công thần."
q2_3_4_page_254-0005,"Năm Minh Mệnh thứ 12, được tặng Thần cơ dinh Đô thống chế, Vĩnh Yên Hầu."
q2_3_4_page_254-0006,"Kính có tài làm tướng, hồi đầu bản triều có nhiều công lao về việc khai thác Nam Kỳ, đến nay dân sở tại còn thờ."
q2_3_4_page_254-0007,"Nguyễn Cửu Kiều tiên tổ người huyện Tống Sơn, theo vào Nam, trú ở Thuận Hoá."
q2_3_4_page_254-0008,"Đời Hi Tông, Kiều làm Cai đội, lấy công chúa, thăng Chưởng cơ, sau ra trấn thủ Quảng Bình, ân tín rộng khắp, người ta đều vui theo."
q2_3_4_page_254-0009,"Năm Tân Mùi đời Thái Tông, Kiều theo Nguyễn Hữu Tiến đi đánh Nghệ An, lãnh Thủy sư xông thẳng vào cửa biển Đan Nhai, đánh tan thủy binh của Trịnh."
q2_3_4_page_254-0010,"Sau đánh nhau với giặc bị thương, về đến Quảng Bình thì chết, được tặng Hữu quân Đô đốc phủ Tả Đô đốc, Mỹ Quận công."
q2_3_4_page_254-0011,Kiều có hai con là Ứng và Dực đều làm quan to.
q2_3_4_page_254-0012,"Nguyễn Cửu Vân: con của Nguyễn Cửu Dực, làm đến Cai cơ."
q2_3_4_page_254-0013,"Năm Ất Dậu đời Hiển Tông, Chân Lạp có nổi loạn, Vân đem quân dẹp yên được và đóng quân ở Vũng Cù, khai khẩn ruộng đất làm gương cho quân và dân."
q2_3_4_page_254-0014,"Năm Tân Mão, thăng Phó tướng dinh Trấn Biên."
q2_3_4_page_254-0015,"Khi Vân ở biên thuỳ, người Chân Lạp theo phục, rất có công trong việc mở mang miền Nam."
q2_3_4_page_254-0016,"Con cả của Vân là Triêm, làm phó tướng, nối cha làm Lưu thủ Trấn Biên, người Chân Lạp xâm nhiều biên giới, Triêm làm giám quân dẹp yên."
q2_3_4_page_254-0017,"Triêm ở trong quân, người Chân Lạp sợ như cọp."
q2_3_4_page_254-0018,"Con thứ của Vân tên là Đàm, làm Cai cơ."
q2_3_4_page_254-0019,"Năm Nhâm Thìn, đời Duệ Tông, người Xiêm xâm lấn Hà Tiên và Nam Vang, lúc ấy Đàm làm Chánh thống suất liền tiến quân do đường Tiền Giang, phá tan quân Xiêm ở Nam Vang, người Xiêm xin hòa, Chân Lạp bèn yên."
q2_3_4_page_254-0020,"Năm Ất Mùi giặc Tây Sơn vào cướp, Duệ Tông chạy vào mặt Nam, Đàm đem quân theo hầu, trong trận Ký Giang, Đàm cùng Nguyễn Cửu Tuấn đều chết trận."
q2_3_4_page_254-0021,Năm Gia Long thứ 9 liệt thờ ở miếu Trung tiết công thần.
q2_3_4_page_254-0022,"Nguyễn Cửu Dật: cháu năm đời của Cửu Kiều, Dật có tài làm tướng, ban đầu được bổ Đội trưởng đội Hữu Tiệp."
q2_3_4_page_254-0023,"Năm Quý Tỵ, giặc Tây Sơn cướp Quảng Nam, Dật đem quân bản bộ đánh úp, quân giặc tan vỡ, được thăng Tả quân Đại đô đốc, tước Du Quận công."
q2_3_4_page_254-0024,"Dật làm tướng, có tài lấy ít đánh nhiều, đánh hơn mười trận đều thắng, quân giặc rất sợ."
q2_3_4_page_254-0025,"Năm Giáp Ngọ, quân Trịnh vào lấn, Duệ Tông phải chạy vào Nam, Dật cỡi thuyền theo hầu, gặp gió to, thuyền đấm nên Dật bị chết đuổi."
q2_3_4_page_254_255-0001,Năm Gia tướng dinh Trấn Biên.
q2_3_4_page_255-0001,"Khi Vân ở biên thuỳ, người Chân Lạp theo phục, rất có công trong việc mở mang miền Nam."
q2_3_4_page_255-0002,"Con cả của Vân là Triêm, làm phó tướng, nối cha làm Lưu thủ Trấn Biên, người Chân Lạp xâm nhiều biên giới, Triêm làm giám quân dẹp yên."
q2_3_4_page_255-0003,"Triêm ở trong quân, người Chân Lạp sợ như cọp."
q2_3_4_page_255-0004,"Con thứ của Vân tên là Đàm, làm Cai cơ."
q2_3_4_page_255-0005,"Năm Nhâm Thìn, đời Duệ Tông, người Xiêm xâm lấn Hà Tiên và Nam Vang, lúc ấy Đàm làm Chánh thống suất liền tiến quân do đường Tiền Giang, phá tan quân Xiêm ở Nam Vang, người Xiêm xin hòa, Chân Lạp bèn yên."
q2_3_4_page_255-0006,"Năm Ất Mùi giặc Tây Sơn vào cướp, Duệ Tông chạy vào mặt Nam, Đàm đem quân theo hầu, trong trận Ký Giang, Đàm cùng Nguyễn Cửu Tuấn đều chết trận."
q2_3_4_page_255-0007,Năm Gia Long thứ 9 liệt thờ ở miếu Trung tiết công thần.
q2_3_4_page_255-0008,"Nguyễn Cửu Dật: cháu năm đời của Cửu Kiều, Dật có tài làm tướng, ban đầu được bổ Đội trưởng đội Hữu Tiệp."
q2_3_4_page_255-0009,"Năm Quý Tỵ, giặc Tây Sơn cướp Quảng Nam, Dật đem quân bản bộ đánh úp, quân giặc tan vỡ, được thăng Tả quân Đại đô đốc, tước Du Quận công."
q2_3_4_page_255-0010,"Dật làm tướng, có tài lấy ít đánh nhiều, đánh hơn mười trận đều thắng, quân giặc rất sợ."
q2_3_4_page_255-0011,"Năm Giáp Ngọ, quân Trịnh vào lấn, Duệ Tông phải chạy vào Nam, Dật cỡi thuyền theo hầu, gặp gió to, thuyền đấm nên Dật bị chết đuổi."
q2_3_4_page_255_256-0001,"Năm Gia Long thứ 9, liệt thờ ở miếu Trung tiết công thần."
q2_3_4_page_256-0001,"Năm Minh Mệnh thứ 21, tặng Tả quân Đô thống phủ Chưởng phủ sự, Thăng Hoa Quận công."
q2_3_4_page_256-0002,Đầu đời Thiệu Trị đổi là Thăng Bình Quận công.
q2_3_4_page_256-0003,"Lại người họ là Nguyễn Cửu Tuấn do tập ấm được coi quân, năm Bính Thân theo Thế Tổ đi đánh Chân Lạp có công."
q2_3_4_page_256-0004,"Năm Đinh Dậu giặc Tây Sơn vào cướp Gia Định, Tuấn đóng quân ở Ký Giang chống cự, bị chết trận, được tặng Đô đốc phủ Chưởng phủ sự."
q2_3_4_page_256-0005,"Đầu đời Gia Long, liệt thờ phụ ở đền Hiển Trung."
q2_3_4_page_256-0006,"Năm thứ 9, liệt thờ ở miếu Trung tiết công thần."
q2_3_4_page_256-0007,"Trương Phúc Phấn: tiên tổ là người huyện Tống Sơn, nguyên trước là họ ""Trương Công"", sau đổi làm ""Trương Phúc""."
q2_3_4_page_256-0008,"Cha tên là Ca, đem gia quyến theo vào Nam ở huyện Phong Lộc, sau dời đến Thuận Hoá."
q2_3_4_page_256-0009,"Phấn vũ dũng, tài lược hơn người, làm đến Cai cơ, đời Hy Tông, ra làm Trấn thủ dinh Bố Chính."
q2_3_4_page_256-0010,"Năm Thần Tông thứ 12, quân Trịnh vào lấn, Phấn cùng con là Hùng giữ lũy Tràng Dục, đạn của địch bắn vào, lũy bị vỡ mất vài trượng, Phấn đốc quân bồi đắp; súng đạn địch bắn vào như mưa, Phấn vẫn ngồi nghiêm, không hề dao động."
q2_3_4_page_256-0011,"Quân địch cho là thần, bèn rút đi."
q2_3_4_page_256-0012,"Người ta gọi là ""Phấn cố trì""."
q2_3_4_page_256-0013,"Hùng là người dũng cảm, giỏi đánh có phong độ của cha, làm đến Cai cơ."
q2_3_4_page_256-0014,"Mỗi khi đánh nhau với giặc thì mình tiến trước mọi người, đến đầu như gió lướt cổ, quân Bắc sợ hãi gọi là ""Hùng sắt""."
q2_3_4_page_256-0015,"Đầu đời Gia Long, cha con Phấn đều liệt tên vào bậc nhị đẫng công thần."
q2_3_4_page_256-0016,"Cháu xa đời là Thận, đầu làm Chưởng cơ, lệ theo quân của Tống Phước Hiệp."
q2_3_4_page_256-0017,"Khi Duệ Tông vào Nam, Thận cùng Nguyễn Khoa Thuyện theo hầu vào Gia Định, giặc Tây Sơn xâm phạm Sài Gòn; Duệ Tông chạy đến Long Xuyên, giặc lại phạm Long Xuyên, cha con đều chết trận."
q2_3_4_page_256-0018,"Nguyễn Dương Hưu: 1 tiên tổ là người huyện Tống Sơn, theo vào Nam nhập tịch ở Thuận Hoá, cha tên là Nghĩa, làm thống suất dinh Quảng Bình, Hưu do tập ấm được coi bình."
q2_3_4_page_256-0019,"Năm Giáp Dần, đời Thái Tông thăng Cai cơ đạo Nha Trang, có công đánh dẹp Chân Lạp, thăng Trấn thủ dinh Bình Khang."
q2_3_4_page_256-0020,"Sau triệu về, trao chức Chưởng cơ lãnh Tham tướng Thủy dinh Quảng Bình."
q2_3_4_page_256-0021,Cháu là Chính làm đến Chưởng cơ.
q2_3_4_page_256-0022,"Cuộc biến loạn năm Giáp Ngọ, Hưu đánh nhau với quân Trịnh ở Vân Dã bị chết trận."
q2_3_4_page_256-0023,Năm Gia Long thứ 9 liệt thờ ở miếu Trung tiết công thần.
q2_3_4_page_256-0024,"Nguyễn Đức Bảo: tiên tổ là người huyện Tống Sơn, cha là Đức Tráng theo vào Nam, nhập tịch ở Thuận Hoá."
q2_3_4_page_256-0025,"Đời Thái Tông, Đức Bảo làm Chưởng cơ, sau ra làm Trấn thủ Quảng Nam, thăng Hữu quân Đô đốc phủ Tả Đô đốc Chưởng phủ sự, tước Quận công."
q2_3_4_page_256_257-0001,"Đức Bảo ở Quảng Nam lâu ngày, biết hòa lướt cổ, quân Bắc sợ hãi gọi là ""Hùng sắt""."
q2_3_4_page_257-0001,"Đầu đời Gia Long, cha con Phấn đều liệt tên vào bậc nhị đẫng công thần."
q2_3_4_page_257-0002,"Cháu xa đời là Thận, đầu làm Chưởng cơ, lệ theo quân của Tống Phước Hiệp."
q2_3_4_page_257-0003,"Khi Duệ Tông vào Nam, Thận cùng Nguyễn Khoa Thuyện theo hầu vào Gia Định, giặc Tây Sơn xâm phạm Sài Gòn; Duệ Tông chạy đến Long Xuyên, giặc lại phạm Long Xuyên, cha con đều chết trận."
q2_3_4_page_257-0004,"Nguyễn Dương Hưu: 1 tiên tổ là người huyện Tống Sơn, theo vào Nam nhập tịch ở Thuận Hoá, cha tên là Nghĩa, làm thống suất dinh Quảng Bình, Hưu do tập ấm được coi bình."
q2_3_4_page_257-0005,"Năm Giáp Dần, đời Thái Tông thăng Cai cơ đạo Nha Trang, có công đánh dẹp Chân Lạp, thăng Trấn thủ dinh Bình Khang."
q2_3_4_page_257-0006,"Sau triệu về, trao chức Chưởng cơ lãnh Tham tướng Thủy dinh Quảng Bình."
q2_3_4_page_257-0007,Cháu là Chính làm đến Chưởng cơ.
q2_3_4_page_257-0008,"Cuộc biến loạn năm Giáp Ngọ, Hưu đánh nhau với quân Trịnh ở Vân Dã bị chết trận."
q2_3_4_page_257-0009,Năm Gia Long thứ 9 liệt thờ ở miếu Trung tiết công thần.
q2_3_4_page_257-0010,"Nguyễn Đức Bảo: tiên tổ là người huyện Tống Sơn, cha là Đức Tráng theo vào Nam, nhập tịch ở Thuận Hoá."
q2_3_4_page_257-0011,"Đời Thái Tông, Đức Bảo làm Chưởng cơ, sau ra làm Trấn thủ Quảng Nam, thăng Hữu quân Đô đốc phủ Tả Đô đốc Chưởng phủ sự, tước Quận công."
q2_3_4_page_257_258-0001,"Đức Bảo ở Quảng Nam lâu ngày, biết hòa hợp với dân, được triều đình hạ sắc thư khen ngợi, ban cho ấn bằng đồng và kiệu sơn then để biểu dương, lúc chết gia tặng hàm Thiếu bảo."
q2_3_4_page_258-0001,"Bùi Công Kế: tiên tổ là người huyện Tống Sơn, sau dời vào ở Thuận Hoá."
q2_3_4_page_258-0002,"Kế có sức khoẻ, giỏi võ nghệ."
q2_3_4_page_258-0003,"Thời Duệ Tông làm Cai đội thuyền Nhưng Bính, có công đánh dẹp Cao Mên, thăng Chưởng cơ lãnh Trấn thủ dinh Bình Khang."
q2_3_4_page_258-0004,"Năm Ất Mùi, giặc Tây Sơn vào cướp, Kế đem quân do đường núi đánh úp, bị giặc bắt, Kế mắng chửi giặc mà chết, tặng Chưởng dinh, liệt thờ ở đền Hiển Trung và miếu Trung tiết công thần."
q2_3_4_page_258-0005,"Nguyễn Đăng Thịnh: người huyện Hương Trà, hiệu là Chuyết Trai, đồ Hương tiến, làm đến Ký lục Quảng Nam."
q2_3_4_page_258-0006,"Sau được triệu về, thăng Lễ bộ kiêm Lại bộ."
q2_3_4_page_258-0007,"Năm Giáp Tý, Thế Tông xưng vương, chế độ đổi mới phần nhiều do Thịnh xây dựng, lúc chết tặng chức Tham nghị."
q2_3_4_page_258-0008,"Thịnh hay thơ, có tập Chuyết trai vịnh sử."
q2_3_4_page_258-0009,"Nguyễn Cư Trinh: người huyện Hương Trà, hiệu là Đạm Am, cha là Nguyễn Đăng Đệ, người Nghệ An nguyên họ Trịnh, được cho quốc tính, gọi là ""Nguyễn Đăng"", làm đến Ký lục Chính dinh."
q2_3_4_page_258-0010,"Trinh là con út, đỗ Hương cổng, làm đến Tuần phủ Quảng Ngãi, có công dẹp yên người Man, được triệu về thăng Ký lục dinh Bố Chính."
q2_3_4_page_258-0011,"Chân Lạp vào cướp, được trao chức tham mưu, cùng Thống suất là Thiện Chính điều động tướng sĩ năm dinh di dẹp yên."
q2_3_4_page_258-0012,"Dué Tông lên ngôi, triệu về, thăng chức Quần tào vận sứ thuộc bộ Lại, lúc chết tặng Năm Minh Mệnh thứ 21 truy phong tước Tân Bình hầu và thờ phụ ở Thái Miếu."
q2_3_4_page_258-0013,"Trinh là người có tài lược, nhiều mưu kế, đối với việc vỡ đất đai, mở biên thuỳ ở cõi Nam rất có công lao đức vọng; lại hay thơ, có tập Pam Am thi tập."
q2_3_4_page_258-0014,"Con là Cu Dật có khí khái, năm thứ 9 đời Duệ Tông, quân Trịnh vào lấn, Cư Dật xin đánh giặc, được trao chức Cai đội đem quân đi chống cự nhưng bị thua và bị chết đuối khi lội qua sông Phú Lễ."
q2_3_4_page_258-0015,"Cháu là Cư Sĩ, có hiếu hạnh, làm đến Bố Chính Gia Định."
q2_3_4_page_258-0016,"Hồ Quang Đại: lại có tên là Hán Lâm, người HUYỆN Hương Trà, có văn học, thi đỗ thủ khoa."
q2_3_4_page_258-0017,"Đời Thái Tông, từng làm quan ở huyện, ở phủ, bớt phiền hà, ưa thanh tĩnh, quan lại và dân yêu mến, được triệu về thăng chức Thị giảng."
q2_3_4_page_258-0018,Khi chết tặng chức Quốc sư.
q2_3_4_page_258_259-0001,"Chấu là Hồ Phước Đào, làm đến Cai cơ có con gái được tuyển vào cung, được cho họ là Tống con cháu sau có người là họ ""Tống Phước"", có người là họ ""Tống Hồ"", triệu về thăng Ký lục dinh Bố Chính."
q2_3_4_page_259-0001,"Chân Lạp vào cướp, được trao chức tham mưu, cùng Thống suất là Thiện Chính điều động tướng sĩ năm dinh di dẹp yên."
q2_3_4_page_259-0002,"Dué Tông lên ngôi, triệu về, thăng chức Quần tào vận sứ thuộc bộ Lại, lúc chết tặng Năm Minh Mệnh thứ 21 truy phong tước Tân Bình hầu và thờ phụ ở Thái Miếu."
q2_3_4_page_259-0003,"Trinh là người có tài lược, nhiều mưu kế, đối với việc vỡ đất đai, mở biên thuỳ ở cõi Nam rất có công lao đức vọng; lại hay thơ, có tập Pam Am thi tập."
q2_3_4_page_259-0004,"Con là Cu Dật có khí khái, năm thứ 9 đời Duệ Tông, quân Trịnh vào lấn, Cư Dật xin đánh giặc, được trao chức Cai đội đem quân đi chống cự nhưng bị thua và bị chết đuối khi lội qua sông Phú Lễ."
q2_3_4_page_259-0005,"Cháu là Cư Sĩ, có hiếu hạnh, làm đến Bố Chính Gia Định."
q2_3_4_page_259-0006,"Hồ Quang Đại: lại có tên là Hán Lâm, người HUYỆN Hương Trà, có văn học, thi đỗ thủ khoa."
q2_3_4_page_259-0007,"Đời Thái Tông, từng làm quan ở huyện, ở phủ, bớt phiền hà, ưa thanh tĩnh, quan lại và dân yêu mến, được triệu về thăng chức Thị giảng."
q2_3_4_page_259-0008,Khi chết tặng chức Quốc sư.
q2_3_4_page_259-0009,"Chấu là Hồ Phước Đào, làm đến Cai cơ có con gái được tuyển vào cung, được cho họ là Tống con cháu sau có người là họ ""Tống Phước"", có người là họ ""Tống Hồ""."
q2_3_4_page_260-0001,"Nguyễn Đăng Đàn: người huyện Hương Trà, tư chất thông tuệ, đọc sách lướt mất qua là thuộc, nổi tiếng về lý học."
q2_3_4_page_260-0002,"Đời Thế Tông, lấy thân phận học trò áo vải, đến cửa khuyết hiến sách, chúa Thượng ngợi khen ban cho quan chức nhưng ông không nhận, ông về làm nhà ở núi Thanh Thủy, dạy học trò cho đến khi chết."
q2_3_4_page_260-0003,"Cháu là Đăng Trường cũng nổi tiếng văn học, cuộc biến năm Giáp Ngọ được cất nhắc làm Tham tán."
q2_3_4_page_260-0004,"Khi Duệ Tông vào Nam, ông theo không kịp."
q2_3_4_page_260-0005,"Sau ông vượt biển vào Nam, đến Bình Định thì bị quân Tây Sơn bắt, ông trốn đi; vào Gia Định, lại bị Nguyễn Văn Huệ bắt, ông không chịu khuất phục nên bị giết."
q2_3_4_page_260-0006,"Đầu đời Minh Mệnh được tặng chức Binh bộ Thượng thư, liệt thờ ở miều Trung tiết công thần."
q2_3_4_page_260-0007,"Hoàng Quang: người huyện Hương Trà, có tài năng kiến thức, giỏi văn chương, sở trường là văn quốc âm, Tây Sơn Nguyễn Văn Huệ triệu nhưng không đến."
q2_3_4_page_260-0008,"Quang thấy chính sự của Tây Sơn phiên hà, lòng người nhớ chúa cũ, bèn làm bài Hoài nam khúc, lời rất đau thương hùng tráng, người ta truyền tụng."
q2_3_4_page_260-0009,"Con là Hoàng Kim Hoán, đầu đời Gia Long, được trao chức Hàn Lâm viện, sau bổ ra làm Ký lục hai trấn Quảng Bình, Quảng Trị."
q2_3_4_page_260-0010,"Đầu đời Minh Mệnh đi sứ Bắc quốc trở về, được thăng Tả Tham tri Lại bộ, sau ra Hiệp trấn Thanh Hoa, vì có tội nên mất chức, ít lâu sau được khôi phục đổi đi Tham biện Lạng Sơn, chưa kịp đến nơi thì chết."
q2_3_4_page_260-0011,"Tổng Phước Khuông: tiên tổ là người Thanh Hoa, sau nhập tịch Thừa Thiên, Phước Khuông là cha Thừa Thiên Cao Hoàng Hậu, làm Chưởng dinh, cuộc biến năm Giáp Ngọ, đem gia quyến vào Gia Định."
q2_3_4_page_260-0012,"Năm Đinh Dậu, Thế Tổ dấy quân ở Long Xuyên, Phước Khuông đem quân hội đánh lấy lại được Sài Gòn."
q2_3_4_page_260-0013,"Năm Canh Tý, Thế Tổ lên vương, vì Phước Khuông có công giúp dập, nên được thăng ngoại Tả Chưởng dinh kiêm Chưởng phủ sự, sau đi dụ Chân Lạp thì mắc bệnh chết ở Nam Vang."
q2_3_4_page_260-0014,"Đầu đời Gia Long, tặng hàm Thái Bảo, tước Tống Quốc công, lập đền thờ ở xã Kim Long."
q2_3_4_page_260-0015,"Khoảng đời Minh Mệnh, đổi phong Quy Quốc công."
q2_3_4_page_260-0016,"Con là Phước Lương, làm đến Chưởng Trung Quân, tước Vĩnh Thịnh hầu."
q2_3_4_page_260-0017,"Tổng Phước Đạm: người huyện Hương Trà, trước theo Thế Tổ sang Vọng Các mật bàn kế phục hưng, khi trở về Gia Định, thăng Giám quân cai đội, hành Binh bộ sư, phầm kỷ luật trong quân đều do Phước Đạm bàn định."
q2_3_4_page_260-0018,"Sau theo xa giá đi Diên Khánh, lúc trở về thì chết ở dọc đường, tặng chức Cai cơ."
q2_3_4_page_260-0019,"Năm Minh Mệnh thứ 12 phong Tuân Nghĩa hầu, thờ phụ ở Thế Miếu."
q2_3_4_page_260_261-0001,"Lại người cùng họ là Tổng Phước Giao có công theo đòi ở Vọng Các, làm Cai cơ, đi chức, ít lâu sau được khôi phục đổi đi Tham biện Lạng Sơn, chưa kịp đến nơi thì chết."
q2_3_4_page_261-0001,"Tổng Phước Khuông: tiên tổ là người Thanh Hoa, sau nhập tịch Thừa Thiên, Phước Khuông là cha Thừa Thiên Cao Hoàng Hậu, làm Chưởng dinh, cuộc biến năm Giáp Ngọ, đem gia quyến vào Gia Định."
q2_3_4_page_261-0002,"Năm Đinh Dậu, Thế Tổ dấy quân ở Long Xuyên, Phước Khuông đem quân hội đánh lấy lại được Sài Gòn."
q2_3_4_page_261-0003,"Năm Canh Tý, Thế Tổ lên vương, vì Phước Khuông có công giúp dập, nên được thăng ngoại Tả Chưởng dinh kiêm Chưởng phủ sự, sau đi dụ Chân Lạp thì mắc bệnh chết ở Nam Vang."
q2_3_4_page_261-0004,"Đầu đời Gia Long, tặng hàm Thái Bảo, tước Tống Quốc công, lập đền thờ ở xã Kim Long."
q2_3_4_page_261-0005,"Khoảng đời Minh Mệnh, đổi phong Quy Quốc công."
q2_3_4_page_261-0006,"Con là Phước Lương, làm đến Chưởng Trung Quân, tước Vĩnh Thịnh hầu."
q2_3_4_page_261-0007,"Tổng Phước Đạm: người huyện Hương Trà, trước theo Thế Tổ sang Vọng Các mật bàn kế phục hưng, khi trở về Gia Định, thăng Giám quân cai đội, hành Binh bộ sư, phầm kỷ luật trong quân đều do Phước Đạm bàn định."
q2_3_4_page_261-0008,"Sau theo xa giá đi Diên Khánh, lúc trở về thì chết ở dọc đường, tặng chức Cai cơ."
q2_3_4_page_261-0009,"Năm Minh Mệnh thứ 12 phong Tuân Nghĩa hầu, thờ phụ ở Thế Miếu."
q2_3_4_page_261_262-0001,"Lại người cùng họ là Tổng Phước Giao có công theo đòi ở Vọng Các, làm Cai cơ, đi đánh dẹp, sau mắc bệnh chết, được tặng Anh Liệt tướng quân, liệt thờ ở miếu Trung Hưng công thần."
q2_3_4_page_262-0001,"Nguyễn Hữu Thụy: tiên tổ là người Thanh Hoa, sau dời đến Thừa Thiên."
q2_3_4_page_262-0002,"Hồi đầu trung hưng, theo xa giá vào Nam, làm Trung quân giám quân Chưởng cơ, lấy công chúa."
q2_3_4_page_262-0003,"Năm Nhâm Dần, người Xiêm đến xâm lấn, Thụy đốc binh chống cự, người Xiêm xin hòa, Thụy bèn đem quân về."
q2_3_4_page_262-0004,"Sau giặc Tây Sơn vào cướp, Thụy cùng công chúa đóng quân ở Đồng Nai, bị bại trận bèn sang Xiêm cầu viện, Thụy đi nhờ đường Chân Lạp thì bị hại chết, được tặng Chưởng cơ Quận công, liệt thờ ở đền Hiển Trung và miếu Trung tiết công thần."
q2_3_4_page_262-0005,"Phạm Văn Nhân: tiên tổ là người Thanh Hoa sau dời đến Thừa Thiên, có công theo đòi sang Vọng Các."
q2_3_4_page_262-0006,"Năm Quý Mão, hộ vệ Đông cung sang Tây, khi trở về làm Cai cơ coi quân Thần sách, theo đại binh đi đánh lấy lại Phú Xuân, có công nên được thăng Thần Vũ quân Quận công."
q2_3_4_page_262-0007,"Khi chết tặng chức Thái phó, liệt thờ ở miếu Trung Hưng công thần."
q2_3_4_page_262-0008,"Năm Minh Mệnh thứ 5, thờ phụ ở Thái Miếu, năm thứ 12 truy phong Tiên Hưng Quận công."
q2_3_4_page_262-0009,"Vũ Viết Bảo: tiên tổ là người huyện Tống Sơn xứ Thanh Hoa, sau theo vào Nam, nhập tịch huyện Hương Trà."
q2_3_4_page_262-0010,"Đầu đời Trung Hưng từng theo đi đánh dẹp, đầu đời Gia Long, làm Cai cơ thăng đến Thị trung Thống chế."
q2_3_4_page_262-0011,Khoảng đời Minh Mệnh thăng chức Thần cơ dinh Thống chế.
q2_3_4_page_262-0012,"Con là Tuấn làm Lãnh binh Trấn Tây, đem viện binh để giải vây Sa Tuôn nên bị thương chết, được tặng chức Chưởng vệ."
q2_3_4_page_262-0013,Năm Tự Đức thứ 12 liệt thờ ở đền Trung tiết.
q2_3_4_page_262-0014,"Mai Đức Nghị: người huyện Hương Trà, có công theo đi Vọng Các, ban đầu được trao chức túc trực Cai đội, theo đi đánh dẹp có công nên thăng Đô thống chế Hậu dinh quân Thần sách, sau mắc bệnh chết ở trong quân."
q2_3_4_page_262-0015,"Nghị là người kính cẩn, theo hầu trong khi hoạn nạn, tới lui không bao giờ trái lễ, vua rất quý trọng."
q2_3_4_page_262-0016,"Đầu đời Gia Long, tặng hàm Thiếu bảo Quận công, liệt thờ ở hai đền Bao Trung và Hiển Trung và thờ ở miếu Trung Hưng công thần."
q2_3_4_page_262-0017,"Năm Minh Mệnh thứ 5 thờ phụ ở Thế Miếu, năm thứ 12 truy phong Vĩnh Lại hầu."
q2_3_4_page_262-0018,"Lại người họ là Mai Đức Luật cũng có công ở Vọng Các, làm Cai đội, từng theo đi đánh trận, năm Đinh Ty mắc bệnh chết, tặng chức Cai cơ, liệt thờ ở miếu Trung Hưng công thần."
q2_3_4_page_263-0001,"Nguyễn Cửu Thống: người huyện Hương Trà, có học thức phẩm hạnh."
q2_3_4_page_263-0002,"Đời Thế Tông, sung chức Thị học cho thế tử Chương."
q2_3_4_page_263-0003,"Cuộc biến năm Giáp Ngọ, lên vào Gia Định hầu Thế Tổ về việc học tập."
q2_3_4_page_263-0004,"Năm Mậu Tuất, bổ ra Ký lục Phiên Trấn; năm Mậu Thân, lấy lại Gia Định, Thống vẫn giữ chức cũ."
q2_3_4_page_263-0005,Khi chết tặng chức Lại bộ.
q2_3_4_page_263-0006,"Em là Khiêm là Hộ bộ, lãnh Hộ tào Bắc Thành."
q2_3_4_page_263-0007,"Nguyễn Thái Nguyên: người huyện Hương Trà, cha là Sử, làm Hàn Lâm viện, tính cương trực, người ta gọi là ""Sử Ngư"" (1)."
q2_3_4_page_263-0008,"Nguyên là người có văn học, cũng cương trực như tính cha, đầu đời Trung Hưng có công theo đòi ở Vọng Các, từng làm tham mưu thăng Lại bộ, đổi sang Lễ bộ kiêm Đốc học, sau về trí sĩ, phụng triều thỉnh (2)."
q2_3_4_page_263-0009,"Năm Gia Long thứ 3 tặng Thái phó, liệt thờ ở miếu Trung Hưng công thần."
q2_3_4_page_263-0010,"Nguyễn Bảo Trí: người huyện Hương Trà, có văn học, đầu làm huyện giáo."
q2_3_4_page_263-0011,"Cuộc biến năm Giáp Ngọ, lên vào Gia Định; khi xa giá sang Xiêm La, không kịp đi theo."
q2_3_4_page_263-0012,"Khi trở về Gia Định, Bảo Trí vào yết kiến, được trao chức Lại bộ, giúp đỡ bàn mưu trong màn trướng, là văn thần bậc nhất thời trung hưng."
q2_3_4_page_263-0013,"Con là Đức Mưu, cũng có công theo đòi làm đến Lại bộ."
q2_3_4_page_263-0014,Cha con đều liệt thờ ở đền Hiển Trung và miếu Trung Hưng công thần.
q2_3_4_page_264-0001,"(1) Sử Ngư: tên hiệu của Sử Do, người Vệ thời Xuân Thu, sách Luận Ngữ chép lời Khổng Tử khen Sử Ngư là người cương trực."
q2_3_4_page_264-0002,"(2) Phụng triều thỉnh: đời xưa, các quan to vì già yếu được trí sĩ ở nhà, khi nào trong triều có đại hội, có lệnh mời thì vâng mệnh vào châu, gọi là phụng triều thỉnh."
q2_3_4_page_265-0001,"Trần Hưng Đạt: người huyện Hương Trà, là cha của Thuận Thiên Cao Hoàng Hậu, có văn học."
q2_3_4_page_265-0002,"Đời Duệ Tông, làm Hàn Lâm viện, cuộc biến năm Giáp Ngọ, lui về quê ở ẩn, sau lén vào Gia Định, được thăng dần đến Tham tri Lễ bộ."
q2_3_4_page_265-0003,"Sau khi đại định cùng với Lễ bộ Đặng Đức Siêu định điển lễ, tâu bày để thi hành; tuổi già về trí sĩ rồi chết."
q2_3_4_page_265-0004,"Đầu đời Minh Mệnh tặng chức Thái phó, phong Hà Hoa Quận công, dựng đền thờ ở Kim Long."
q2_3_4_page_265-0005,"Đầu đời Thiệu Trị gia tặng chức Thái sư, đổi phong Thọ Quốc công."
q2_3_4_page_265-0006,"Hoàng Viết Toản: người huyện Hương Trà, đầu đời Trung Hưng có công đánh giặc, làm đến Đô thống chế Hậu dinh."
q2_3_4_page_265-0007,"Đầu đời Gia Long, ra lãnh trấn Nghệ An, sau triệu về, lãnh Lưu thủ dinh Quảng Đức, rồi lại ra trấn Nghệ An, lúc chết tặng chức Chưởng dinh."
q2_3_4_page_265-0008,"Nguyễn Đình Bảo: người huyện Hương Trà, đầu đời Trung Hưng theo việc quân ngũ làm Vệ uý vệ Toàn võ."
q2_3_4_page_265-0009,"Năm Tân Dậu, đánh ở cửa biển Thi Nai bị chết trận, được tặng chức Chưởng cơ, liệt thờ ở đền Bao Trung."
q2_3_4_page_265-0010,"Nguyễn Đăng Phong: người huyện Hương Trà đầu đời Trung Hưng theo việc quân ngũ, làm Khâm sai thuộc nội Cai cơ."
q2_3_4_page_265-0011,"Năm Ky Mùi, theo đánh giặc ngồi thuyền bị đắm, được tặng Cẩm y vệ Chưởng vệ Cai cơ, liệt thờ ở đền Hiển Trung."
q2_3_4_page_266-0001,"Phạm Hữu Tâm: người huyện Hương Trà, tính tình phóng khoáng, đầu làm Cai cơ, có tội nên bị mất chức."
q2_3_4_page_266-0002,"Đầu đời Minh Mệnh khởi phục làm Cai đội, thăng Phó Vệ uý vệ Ban trực, sau ra làm Trấn thủ Biên Hòa."
q2_3_4_page_266-0003,"Nhân việc bất giặc ở Nam Kỳ có công được thăng Chưởng cơ, tước Tân Phúc nam, sung Tham tán đại thần quân thứ Gia Định, bày mưu đào đường ngầm (xà đạo) đánh hạ được thành Phan An, khi khải hoàn làm lễ bão tất (ốm gối vua) được phong tước bá, gia phong hàm Thái tử Thái bảo, tặng chức Tiền quân Đô thống Chưởng phủ sự."
q2_3_4_page_266-0004,"Năm thứ 19, phong Tân Phước hầu, khắc tên vào bia Võ công, lãnh Tổng đốc Hà Ninh."
q2_3_4_page_266-0005,"Năm Thiệu Trị thứ 2, triệu về nhưng chết dọc đường, được gia tặng Tân Phước Quận công, thụy là Trung Túc."
q2_3_4_page_266-0006,"Nguyễn Kim Bảng: người huyện Hương Trà, năm Tân Dậu, làm Thị thư viện, sau đổi Tham hiệp Hưng Hoá."
q2_3_4_page_266-0007,"Đầu đời Minh Mệnh, thăng hiệp trấn Hải Dương, sau triệu về bổ Tả Tham tri Hình bộ thăng Thượng thư Lại bộ, lãnh Tổng đốc Hải An, sau đổi Tổng đốc Hà Ninh, có tội nên bị mất chức, ít lâu sau khỏi phục làm Chủ sự thăng Thượng thư Lại bộ, sung Kinh lược Đại sứ ở Nam Kỳ."
q2_3_4_page_266-0008,"Hoàng Quýnh: người huyện Hương Trà, cháu họ của Tham biện Hoàng Kim Hoán, nổi tiếng về văn học, đầu châu ở tiềm để (1) Thanh Hòa làm đến Hữu Thị lang Lễ bộ, sung làm công việc ở Nội các, sau thăng Tả Tham tri Binh bộ, vì có tội nên bị bãi chức, ít lâu sau được khởi phục, làm đến Bố chính Gia Định, nhưng có lỗi bị biếm xuống Viên ngoại lang."
q2_3_4_page_266-0009,"Lại cháu họ tên là Đào đỗ Hương tiến, làm đến Tả Thị lang Binh bộ."
q2_3_4_page_266-0010,"Nguyễn Xuân Tình: người huyện Hương Trà, là người có học thức."
q2_3_4_page_266-0011,"Đầu đời Gia Long làm Hàn Lâm viện, sau thăng Ký lục Quảng Nam, ở chức hơn 10 năm, tự giữ thanh liêm, lại dân yêu mến."
q2_3_4_page_266-0012,"Sau triệu về sung Chính sứ sang nước Thanh, khi trở về thăng Thái Thường tự khanh tham bởi công việc Lễ bộ rồi chết."
q2_3_4_page_266-0013,"Trần Văn Quản: người huyện Hương Trà, do lại điển xuất thân, làm đến Án sát sứ Hà Tiên."
q2_3_4_page_266-0014,"Năm Minh Mệnh thứ 14, lính hồi hương làm phần, đêm chúng kéo vào sảnh đường, Quản cầm đại đao nấp trong trường, giặc xông vào, Quản tự tay giết được mấy người, giặc kế tiếp kéo đến, Quản bèn bị giết, được tặng chức Bố chính sứ."
q2_3_4_page_266_267-0001,"Nguyễn Tiến Lâm: người huyện Hương Trà, là giản binh đời Gia Long thăng dần đến Phó Vệ uý (1) Tiềm đề: chỗ ở của thái tử lúc chưa lên ngôi vua, lấy điển ""long tiềm tại uyên"" trong Kinh dịch, ý nói như con rồng còn nương náu dưới vực."
q2_3_4_page_267_268-0001,"Tiềm để Thanh Hòa, là tên phủ đệ của Minh Mệnh khi làm thái tử, dinh Hổ Oai."
q2_3_4_page_268-0001,"Năm Minh Mệnh thứ 14 đi Ninh Bình bắt giặc, bắt được bọn tướng giặc Lê Duy Lương, được thăng Vệ uý."
q2_3_4_page_268-0002,"Sau lại ra Bắc Kỳ đánh giải vây thành Lạng Sơn, thu phục tỉnh thành Cao Bằng, được thăng Chưởng cơ, hội đồng với quan quân Tuyên Quang và Thái Nguyên, bắt được đảng nghịch là bọn Nùng Văn Vân."
q2_3_4_page_268-0003,"Năm thứ 16 khải hoàn làm lễ ""bão tất"", được phong Ninh Lạc nam, thăng Thống chế dinh Hùng Nhuệ."
q2_3_4_page_268-0004,"Năm thứ 21, Trấn Tây có việc, sung Tham tán đốc binh, dẹp giặc có công."
q2_3_4_page_268-0005,"Năm Thiệu Trị thứ 2 triệu về, cho chức Đô thống Hữu quân, phong Ninh Lạc tử, lúc chết được tặng Hữu quân Đô thống Chưởng phủ sự."
q2_3_4_page_268-0006,Năm Tự Đức thứ 11 liệt thờ ở miếu Hiền Lương.
q2_3_4_page_268-0007,"Ngô Kim Lân: người huyện Hương Trà, do giám sinh xuất thân."
q2_3_4_page_268-0008,"Khoảng đời Minh Mệnh làm đến Bố chính Hải Dương, sau triệu về bổ Hữu Thị lang Hình bộ."
q2_3_4_page_268-0009,"Đầu đời Thiệu Trị làm Hộ lý Tuần phủ Hưng Yên, sau đổi Tuần phủ Ninh Bình, rồi chết."
q2_3_4_page_268-0010,"Nguyễn Hữu Thuyện: dòng đối Nguyễn Hữu Dật, đầu đời Minh Mệnh, làm Phó Vệ uý vệ Vũ Lâm."
q2_3_4_page_268-0011,"Năm thứ 15, đánh thành Phan An, bị chết trận, được tặng Vệ uý."
q2_3_4_page_268-0012,"Lại người cùng huyện là Nguyễn Tình Lộc, làm Phó Vệ uý vệ Tuyển phong tiền."
q2_3_4_page_269-0001,"Trần Kim Lịch làm Quản cơ Quảng Nam, Nguyễn Văn Tần làm Thự Phó Vệ úy vệ Hữu Báo, Nguyễn Văn Trì làm Tri huyện Vĩnh Yên, Nguyễn Đức Chung làm Lãnh binh Quảng Nam, Chu Văn Tuyên làm Quản cơ bang biện cơ Vĩnh Hựu, Nguyễn Khanh làm Phó Vệ úy vệ Quảng Ngãi, Phạm Phúc Thành làm Quản cơ Hậu cơ Quảng Ngãi, đều lần lượt chết trận."
q2_3_4_page_269-0002,"Năm Tự Đức thứ 11, đều liệt thờ ở đền Trung Nghĩa."
q2_3_4_page_269-0003,"Nguyễn Khoa Chiêm: người huyện Hương Thủy, tiên tổ là người xã Trạm Bạc, trấn Hải Dương, sau theo vào Nam, nhập tịch ở Thừa Thiên."
q2_3_4_page_269-0004,"Đời Hiển Tông làm đến Tham nghị chánh đoán sự về mưu kế việc nước, công việc biên thuỳ, giúp đỡ được nhiều, đến tuổi già về trí sĩ, lúc chết tặng chức Đại lý tự Thượng khanh."
q2_3_4_page_269-0005,"Chiêm có tài làm sử, giỏi văn chương, từng soạn sách Nam triều công nghiệp diễn chí lưu hành ở đời."
q2_3_4_page_269-0006,"Con là Khoa Đăng, làm Nội tán kiêm Án sát sứ Tổng tri quân quốc trọng sự, giỏi kế mưu, rất tài phát hiện những việc gian tà bí ẩn, tính ngay thẳng, bọn quyền thần nhiều người ghét, sau bị kẻ cướp giết."
q2_3_4_page_269-0007,"Cháu là Khoa Thuyện, làm Cai bạ Long Hồ ở đời Duệ Tông."
q2_3_4_page_269-0008,"Năm Giáp Ngọ, giặc Tây Sơn vào cướp Khánh Hòa và Bình Thuận, Thuyện cùng Lưu thủ Tống Phước Hiệp đánh lấy lại ba phủ Bình Thuận, Diên Khánh, Bình Khang, đóng quân ở Hòn Khói."
q2_3_4_page_269-0009,"Năm Ất Mùi, Duệ Tông chạy vào Nam, đỗ thuyền ở Bình Khang, Phước Hiệp ở lại cẩm cự với giặc."
q2_3_4_page_269-0010,"Thuyện theo hầu vào Gia Định, thăng chức Tham chính, kiêm hai bộ Hộ Công; tuổi già trí sĩ rồi chết, tặng Vĩ tích thượng khanh."
q2_3_4_page_269-0011,"Nguyễn Khoa Minh: con Tham chính Nguyễn Khoa Thuyện, là con nhà thế phiệt, được bổ Hàn Lâm viện Thị thư, thăng dần đến Thượng thư Hình bộ, vì phạm tội mất chức."
q2_3_4_page_269-0012,"Ít lâu sau được khôi phục làm Nội các Tu soạn, thăng dần đến Thượng như Hình bộ, lại thăng Hiệp biện Đại học sĩ, gia hàm Thái tử Thái bảo, sung Cơ mật viện đại thần."
q2_3_4_page_269-0013,"Anh là Khoa Kiên đầu thời trung hưng làm Khâm sai đốc chiến Cai cơ, 20 tuổi, sức khoẻ hơn người, thường lấy ít đánh nhiều, luôn lập chiến công; người ta gọi là Triệu Tử Long."
q2_3_4_page_269-0014,"Năm Ât Mùi, đánh nhau với giặc ở hòn Tam Sơn dinh Bình Hòa bị giặc bắt, không chịu khuất, mà chết."
q2_3_4_page_269-0015,"Khoảng đời Minh Mệnh tặng chức Chưởng cơ, liệt thờ ở đền Hiển Trung và miếu Trung Hưng công thần."
q2_3_4_page_269-0016,Em là Khoa Hào cũng làm quan đến Thượng thư Binh bộ.
q2_3_4_page_270-0001,"Đồ Văn Hưu: người huyện Hương Trà, có công theo đi Vọng Các, làm Cai đội đội Đằng Giao."
q2_3_4_page_270-0002,"Năm Đinh Mùi, trở về Gia Định, cùng Nguyễn Văn Trương tiến quân đóng ở Mỹ Lung, đánh tan quân giặc, bắt được mấy chục chiến thuyền, thăng Khâm sai thuộc nội Cai cơ."
q2_3_4_page_270-0003,"Năm Ất Mùi, vương sư đánh giặc ở Hồ Châu (bãi Cọp), Hựu cùng Nguyễn Văn Mẫn xông lên chém Đô đốc giặc là Nguyễn Hùng, giặc hết sức chống lại, đạn bắn như mưa, Hựu cùng Mẫn đều chết trận, được tặng Chưởng cơ, liệt thờ ở đền Hiển Trung và miếu Trung Hưng công thần."
q2_3_4_page_270-0004,"Năm Minh Mệnh thứ 5, thờ phụ ở Thế Miếu, năm thứ 12, tặng Thiếu phó Phụ đức hầu."
q2_3_4_page_270-0005,"Ngô Tá Đàm: người huyện Hương Trà, làm Thự Vệ uý vệ Tiền phong hữu."
q2_3_4_page_270-0006,"Năm Minh Mệnh thứ 15, đánh thành Phan An, bị chết trận, tặng chức Vệ uý."
q2_3_4_page_270-0007,"Lại người cùng huyện là Nguyễn Văn Vĩ làm Vệ uý vệ Hữu Thủy ở Nam Định, Nguyễn Xuân Thường làm Phó Lãnh binh ở Hà Nội đều lần lượt chết trận."
q2_3_4_page_270-0008,Năm Tư Đức thứ 11 đều liệt thờ ở đền Trung Nghĩa.
q2_3_4_page_270-0009,"Lê Quang Đại: người huyện Phú Vang, vì là người có văn học, đầu bổ Văn chức viện."
q2_3_4_page_270-0010,"Năm thứ 10 đời Túc Tông, thăng Cai bạ Quảng Nam, ít lâu triệu về, thăng Cai bạ phó đoán sự ở Chính Dinh."
q2_3_4_page_270-0011,"Năm thứ 6 Thế Tông xưng vương, Đại được thăng Hộ bộ kiêm Binh bộ."
q2_3_4_page_270-0012,Lúc chết được gia tặng Chính trị thượng khanh.
q2_3_4_page_271-0001,"Nguyễn Văn Thiệm: người huyện Phú Vang, có công theo đi Vọng Các, làm Cai bạ dinh Phiên Trấn."
q2_3_4_page_271-0002,"Năm Mậu Thân mắc bệnh chết, được tặng chức Ho bộ, liệt thờ ở đền Hiển Trung và miếu Trung Hưng công thần."
q2_3_4_page_271-0003,"Bùi Hữu Lễ: người huyện Phú Vang, làm Ký lục dinh Long Hồ, năm Bính Thân giặc Tây Sơn vào cướp, Lễ chống đánh, bị giặc bắt, mắng giặc mà chết."
q2_3_4_page_271-0004,"Năm Gia Long thứ 9, liệt thờ ở đền Trung tiết Võ Di Nguy: người huyện Phú Vang, có công theo đi Vọng Các, làm Cai cơ, giỏi thủy chiến, quản thuyền Nội Thủy, Trung Thủy."
q2_3_4_page_271-0005,"Hồi đầu đời Trung Hưng, thủy binh rất đắc lực, công của Di Nguy rất nhiều."
q2_3_4_page_271-0006,"Năm Canh Thân, theo đi đánh Quy Nhơn thuyền giặc giữ cửa biển Thi Nại, phòng bị rất kiên cố, mùa xuân năm Tân Dậu, Thế Tổ dùng kế hỏa công đốt phá thuyền giặc, Di Nguy cùng Lê Văn Duyệt đốc quân xông thẳng vào, giặc chống cự, Di Nguy ngồi ở mũi thuyền bị bắn chết."
q2_3_4_page_271-0007,"Đầu đời Gia Long được gia tặng Thiếu bảo, liệt thờ ở đền Hiển Trung và miếu Trung Hưng công thần, đầu đời Minh Mệnh gia tặng Thái bảo, thờ phụ ở Thế Miếu."
q2_3_4_page_271-0008,Năm thứ 12 truy phong Bình Giang Quận công.
q2_3_4_page_271-0009,"Nguyễn Đức Xuyên: người huyện Phú Vang có công theo đi Vọng Các, làm Vệ uý."
q2_3_4_page_271_272-0001,"Xuyên là người trung dũng, thuần phác, thăng dần đến chức Trấn."
q2_3_4_page_272-0001,"Năm Mậu Thân mắc bệnh chết, được tặng chức Ho bộ, liệt thờ ở đền Hiển Trung và miếu Trung Hưng công thần."
q2_3_4_page_272-0002,"Bùi Hữu Lễ: người huyện Phú Vang, làm Ký lục dinh Long Hồ, năm Bính Thân giặc Tây Sơn vào cướp, Lễ chống đánh, bị giặc bắt, mắng giặc mà chết."
q2_3_4_page_272-0003,"Năm Gia Long thứ 9, liệt thờ ở đền Trung tiết Võ Di Nguy: người huyện Phú Vang, có công theo đi Vọng Các, làm Cai cơ, giỏi thủy chiến, quản thuyền Nội Thủy, Trung Thủy."
q2_3_4_page_272-0004,"Hồi đầu đời Trung Hưng, thủy binh rất đắc lực, công của Di Nguy rất nhiều."
q2_3_4_page_272-0005,"Năm Canh Thân, theo đi đánh Quy Nhơn thuyền giặc giữ cửa biển Thi Nại, phòng bị rất kiên cố, mùa xuân năm Tân Dậu, Thế Tổ dùng kế hỏa công đốt phá thuyền giặc, Di Nguy cùng Lê Văn Duyệt đốc quân xông thẳng vào, giặc chống cự, Di Nguy ngồi ở mũi thuyền bị bắn chết."
q2_3_4_page_272-0006,"Đầu đời Gia Long được gia tặng Thiếu bảo, liệt thờ ở đền Hiển Trung và miếu Trung Hưng công thần, đầu đời Minh Mệnh gia tặng Thái bảo, thờ phụ ở Thế Miếu."
q2_3_4_page_272-0007,Năm thứ 12 truy phong Bình Giang Quận công.
q2_3_4_page_272-0008,"Nguyễn Đức Xuyên: người huyện Phú Vang có công theo đi Vọng Các, làm Vệ uý."
q2_3_4_page_272_273-0001,"Xuyên là người trung dũng, thuần phác, thăng dần đến chức Đô thống chế quân Thần Sách, tri tượng chính."
q2_3_4_page_273-0001,"Năm Tân Dậu, theo Nguyễn Văn Thành đóng quân ở Thị Dã để cầm cự với tướng giặc là Trần Quang Diệu, lập được nhiều chiến công, thăng Chưởng tượng quân Quận công."
q2_3_4_page_273-0002,"Khi chết gia tặng hàm Thái phó, thờ phụ ở Thế Miếu và liệt thờ ở miếu Trung Hưng công thần."
q2_3_4_page_273-0003,Năm Minh Mệnh thứ 12 truy phong Khoái Châu Quận công.
q2_3_4_page_273-0004,"Lê Phúc Điển: người huyện Phú Vang, đầu đời Trung Hưng làm Cai cơ."
q2_3_4_page_273-0005,"Năm Quý Mão trong trận Đá Chồng, giặc chợt đến, Điển vội vàng mặc áo của vua, đứng ở mũi thuyền, hồ to lên rằng: ""Ta là chủ cũ đây""."
q2_3_4_page_273-0006,"Giặc xô nhau đến bắt, do đấy Thế Tổ cưỡi thuyền khác chạy đến đảo Côn Lôn."
q2_3_4_page_273-0007,"Điển chửi giặc không chịu khuất phục nên bị giết, được gia tặng chức Chưởng cơ, liệt thờ ở đền Hiển Trung và miếu Trung tiết công thần."
q2_3_4_page_273-0008,"Lại người cùng huyện là Trần Đại Huế, đầu đời Trung Hưng làm Tham mưu."
q2_3_4_page_273-0009,"Năm Quý Mão, ông bị chết trong trận đánh ở Đồng Tuyên, được tặng chức Tham nghị, liệt thờ ở đền Hiển Trung."
q2_3_4_page_273-0010,"Phan Thiên Phúc: người huyện Phú Vang, đầu đời Trung Hưng có công theo đi Vọng Các, làm đến chức Hộ bộ."
q2_3_4_page_273-0011,"Phúc thạo kế toán về việc thu chi thuế má, nên trong khoảng hơn mười năm quân nhu quốc dụng, một tay xoay sở chu đáo."
q2_3_4_page_273-0012,"Sau vì tuổi già, được phụng triều thỉnh."
q2_3_4_page_273-0013,"Khi chết được gia tặng chức Tham chính, liệt thờ ở miếu Trung Hưng công thần."
q2_3_4_page_273-0014,"Lê Quang Định: người huyện Phú Vang, lưu ngụ ở Gia Định, đầu đời Trung Hưng, được bổ Hàn Lâm viện chế cáo, sung Đông cung Thị giảng, thường theo quân đồn đốc việc lương, vì có công nên được thăng Tả Tham tri Binh bộ."
q2_3_4_page_273-0015,"Đầu đời Gia Long, thăng Thượng thư Binh bộ, sung chánh sứ sang nước Thanh."
q2_3_4_page_273-0016,"Năm thứ 5 phụng mệnh soạn sách Hoàng Việt nhất thống địa dư chí, đổi bổ Thượng thư Hộ bộ, bàn định chương trình làm điền bạ."
q2_3_4_page_273-0017,"Năm thứ 12, mắc bệnh chết, được tặng chức Tham chính."
q2_3_4_page_273-0018,Năm Tự Đức thứ 4 liệt thờ ở miếu Trung Hưng công thần.
q2_3_4_page_273-0019,"Quang Định học rộng, hay thơ, bạn thân với Trịnh Hoài Đức và Ngô Nhân Tĩnh, lập Bình Dương thi xã, Đức từng chép họp các thơ gọi tên là "" Gia Định tam gia thi "" khắc in lưu hành."
q2_3_4_page_273-0020,"Lê Văn Tín: người huyện Phú Vang, đầu đời Trung Hưng, hai lần theo xa giá đi Vọng Các, làm Nội hậu phó đội, khi trở về Gia Định thăng dần đến Khâm sai thuộc nội Chưởng cơ."
q2_3_4_page_273-0021,"Khi chết được tặng chức Chưởng dinh, liệt thờ ở đền Hiển Trung và miếu Trung Hưng công thần."
q2_3_4_page_273-0022,"Con tên là Dũng, được tập ấm, làm ân ký uý, sau thăng Cai đội."
q2_3_4_page_273_274-0001,"Đầu đời Thiệu Trị theo quân, sau mắc bệnh chết, tuổi già, được phụng triều thỉnh."
q2_3_4_page_274-0001,"Khi chết được gia tặng chức Tham chính, liệt thờ ở miếu Trung Hưng công thần."
q2_3_4_page_274-0002,"Lê Quang Định: người huyện Phú Vang, lưu ngụ ở Gia Định, đầu đời Trung Hưng, được bổ Hàn Lâm viện chế cáo, sung Đông cung Thị giảng, thường theo quân đồn đốc việc lương, vì có công nên được thăng Tả Tham tri Binh bộ."
q2_3_4_page_274-0003,"Đầu đời Gia Long, thăng Thượng thư Binh bộ, sung chánh sứ sang nước Thanh."
q2_3_4_page_274-0004,"Năm thứ 5 phụng mệnh soạn sách Hoàng Việt nhất thống địa dư chí, đổi bổ Thượng thư Hộ bộ, bàn định chương trình làm điền bạ."
q2_3_4_page_274-0005,"Năm thứ 12, mắc bệnh chết, được tặng chức Tham chính."
q2_3_4_page_274-0006,Năm Tự Đức thứ 4 liệt thờ ở miếu Trung Hưng công thần.
q2_3_4_page_274-0007,"Quang Định học rộng, hay thơ, bạn thân với Trịnh Hoài Đức và Ngô Nhân Tĩnh, lập Bình Dương thi xã, Đức từng chép họp các thơ gọi tên là "" Gia Định tam gia thi "" khắc in lưu hành."
q2_3_4_page_274-0008,"Lê Văn Tín: người huyện Phú Vang, đầu đời Trung Hưng, hai lần theo xa giá đi Vọng Các, làm Nội hậu phó đội, khi trở về Gia Định thăng dần đến Khâm sai thuộc nội Chưởng cơ."
q2_3_4_page_274-0009,"Khi chết được tặng chức Chưởng dinh, liệt thờ ở đền Hiển Trung và miếu Trung Hưng công thần."
q2_3_4_page_274-0010,"Con tên là Dũng, được tập ấm, làm ân ký uý, sau thăng Cai đội."
q2_3_4_page_274-0011,"Đầu đời Thiệu Trị theo quân, sau mắc bệnh chết."
q2_3_4_page_275-0001,"Phạm Văn Điển: người huyện Phú Vang, dũng cảm, giỏi đánh."
q2_3_4_page_275-0002,"Đầu đời Trung Hưng làm Phó Trưởng sử ở Tượng dinh, có công đánh giặc, thăng dần đến Thống chế Tượng quân."
q2_3_4_page_275-0003,"Khoảng đời Minh Mệnh, có tội nên bị mất chức, sau được khởi phục làm Hiệu uý, đi dẹp giặc ở Nghệ An, Trấn Ninh và Thái Nguyên, đến đầu thắng đấy, được thăng Thống chế Tiền dinh Thần Sách, Vũ Tín tử."
q2_3_4_page_275-0004,"Lại hội tiều ở Tuyên Quang, đốt giết nghịch Vân, khi khải hoàn Điển được làm lễ ""bão tất"", thăng chức Đô thống, phong Vũ Tín bá lãnh Tổng đốc Thanh Hoa, về sau gia hàm Thái tử Thái bảo, phong Vũ Tín hầu và được khắc tên ở bia võ công."
q2_3_4_page_275-0005,Năm thứ 21 sung Kinh lược sứ Trấn Tây.
q2_3_4_page_275-0006,"Năm Thiệu Trị thứ 2, lãnh Tổng đốc An Tĩnh, khi chết được tặng chức Hữu quân Đô thống phủ đô thống Chưởng phủ sự."
q2_3_4_page_275-0007,"Năm Tự Đức thứ 11, liệt thờ ở đền Hiền Lương."
q2_3_4_page_275-0008,"Trần Văn Thành người huyện Phú Vang, đầu đời Trung Hưng làm Phó Vệ uý vệ Toàn võ."
q2_3_4_page_275-0009,"Năm Tân Dậu, theo Lê Văn Duyệt đi cứu viện Bình Định, đóng quân ở Thanh Hảo thì mắc bệnh chết, được tặng chức Chánh vệ uý, liệt thờ ở đền Hiển Trung."
q2_3_4_page_275-0010,"Trần Ngọc Dao: người huyện Phú Vang, lưu ngụ ở Quảng Nam, đỗ phó bảng."
q2_3_4_page_275-0011,"Đời Minh Mệnh, từng làm Án sát hai tỉnh Hà Tĩnh, Nghệ An, vì xét hình ngục trôi chảy nên thăng Bố chính, lãnh Tuần phủ hai tỉnh Hưng Yên, Lạng Sơn."
q2_3_4_page_275-0012,"Đầu đời Thiệu Trị triệu về, làm sung biện Nội các, thăng Hữu Tham tri Binh bộ lãnh Tuần phủ Định Tường rồi chết."
q2_3_4_page_275-0013,"Dương Văn Thuận: người huyện Phú Vang, làm Phó Quản cơ."
q2_3_4_page_275-0014,"Năm Thiệu Trị thứ 1, đi dẹp giặc Man ở đồn Châu Nham, trấn Hà Tiên thì bị chết trận, được tặng chức Cẩm binh Phó Vệ uý."
q2_3_4_page_275-0015,"Lại người cùng huyện là Quản cơ Dương Đức Quang, Cai đội Bạch Doãn Dụ, Tri châu Quan Hoá Tô Danh Cận, Tư vụ Nguyễn Văn Bá, Thự Tri huyện Luân Trung Trấn Tây Trương Công Nhượng, đều lần lượt chết trận, đều liệt thờ ở đền Trung Nghĩa."
q2_3_4_page_275-0016,"Nguyễn Đạc: người huyện Phú Vang, Thự Chưởng vệ, lãnh chức Lãnh binh Lạng Sơn."
q2_3_4_page_275-0017,"Năm Tự Đức thứ 4, đi dẹp giặc Thanh ở Thiết Sơn, bị chết trận, được tặng chức Chưởng vệ."
q2_3_4_page_275-0018,"Lại người cùng viện là Phó Quản cơ Hoàng Hữu Điều làm Cai đội, Nguyễn Văn Khoa đều chết trận, đều liệt thờ ở đền Trung Nghĩa."
q2_3_4_page_275-0019,"Hoàng Văn Diễn: người huyện Phú Lộc, lúc nhỏ vào học ở Gia Định, năm Tân Hợi đi thi trúng tuyển, được bổ Thị Thư viện."
q2_3_4_page_275-0020,"Đầu đời Gia Long làm Hiệp trấn Thanh Hoa, vì có tội nên mất chức."
q2_3_4_page_275-0021,"Đầu đời Minh Mệnh được khởi phục làm Lang trung Nội vụ phủ, sung sứ bộ sang Xiêm La."
q2_3_4_page_275_276-0001,"Khi trở về phủ hai tỉnh Hưng Yên, Lạng Sơn."
q2_3_4_page_276-0001,"Đầu đời Thiệu Trị triệu về, làm sung biện Nội các, thăng Hữu Tham tri Binh bộ lãnh Tuần phủ Định Tường rồi chết."
q2_3_4_page_276-0002,"Dương Văn Thuận: người huyện Phú Vang, làm Phó Quản cơ."
q2_3_4_page_276-0003,"Năm Thiệu Trị thứ 1, đi dẹp giặc Man ở đồn Châu Nham, trấn Hà Tiên thì bị chết trận, được tặng chức Cẩm binh Phó Vệ uý."
q2_3_4_page_276-0004,"Lại người cùng huyện là Quản cơ Dương Đức Quang, Cai đội Bạch Doãn Dụ, Tri châu Quan Hoá Tô Danh Cận, Tư vụ Nguyễn Văn Bá, Thự Tri huyện Luân Trung Trấn Tây Trương Công Nhượng, đều lần lượt chết trận, đều liệt thờ ở đền Trung Nghĩa."
q2_3_4_page_276-0005,"Nguyễn Đạc: người huyện Phú Vang, Thự Chưởng vệ, lãnh chức Lãnh binh Lạng Sơn."
q2_3_4_page_276-0006,"Năm Tự Đức thứ 4, đi dẹp giặc Thanh ở Thiết Sơn, bị chết trận, được tặng chức Chưởng vệ."
q2_3_4_page_276-0007,"Lại người cùng viện là Phó Quản cơ Hoàng Hữu Điều làm Cai đội, Nguyễn Văn Khoa đều chết trận, đều liệt thờ ở đền Trung Nghĩa."
q2_3_4_page_276-0008,"Hoàng Văn Diễn: người huyện Phú Lộc, lúc nhỏ vào học ở Gia Định, năm Tân Hợi đi thi trúng tuyển, được bổ Thị Thư viện."
q2_3_4_page_276-0009,"Đầu đời Gia Long làm Hiệp trấn Thanh Hoa, vì có tội nên mất chức."
q2_3_4_page_276-0010,"Đầu đời Minh Mệnh được khởi phục làm Lang trung Nội vụ phủ, sung sứ bộ sang Xiêm La."
q2_3_4_page_276_277-0001,"Khi trở về thăng dần đến Thượng thư Lại bộ, vì có lỗi nên bị giáng xuống làm Thị lang sung làm sư dạy bảo các hoàng tử nhỏ tuổi."
q2_3_4_page_277-0001,Đầu đời Thiệu Trị về trí sĩ.
q2_3_4_page_277-0002,"Diễn làm quan thanh bạch, không ai dám thỉnh thác vì tư tình, nên khi về hưu nhà rất nghèo."
q2_3_4_page_277-0003,"Đầu đời Tự Đức, viên Kinh doãn Võ Trọng Bình tâu lên, vua hạ chiếu cấp cho 8 mẫu ruộng làm thế nghiệp, lại cấp cho tiền để làm, nhà mới, rồi chết, năm Tự Đức thứ 11 liệt thờ ở đền Hiền Lương."
q2_3_4_page_277-0004,"Nguyễn Văn Chính: người huyện Phú Lộc, Thự Phó quản cơ ở Tiền dinh An Định."
q2_3_4_page_277-0005,"Năm Thiệu Trị thứ 6, dẹp giặc ở Ba Xuyên bị chết trận, được tặng Phó Quản cơ, liệt thờ ở đền Trung Nghĩa."
q2_3_4_page_277-0006,"Nguyễn Quang Tiền: người huyện Quảng Điền, đời Thế Tông làm Hàn Lâm viện."
q2_3_4_page_277-0007,"Quang Tiền học rộng hay thơ, các văn thư trao đổi về việc bang giao đều do tay thảo, sau có tội nên bị mất chức."
q2_3_4_page_277-0008,"Đến lúc Duệ Tông nối ngôi, được khởi phục chức cũ rồi chết."
q2_3_4_page_277-0009,"Tiền lại giỏi thiên văn, lúc ấy sao Chổi xuất hiện, Quang Tiền chỉ mà bảo mọi người rằng, trong 4, 5 năm nữa Quảng Nam sẽ có binh nổi, sau quả nhiên như thế."
q2_3_4_page_277-0010,"Nguyễn Văn Hiền: người huyện Quảng Điển, lưu ngụ ở Gia Định, làm Cai cơ, quản tiên phong thủy đạo."
q2_3_4_page_277-0011,"Năm Ất Mùi, đánh nhau với quân Tây Sơn ở hòn Tam Sơn dinh Bình Hòa thì bị chết trận, được tặng chức Chưởng cơ."
q2_3_4_page_277-0012,"Năm Gia Long thứ 9, liệt thờ ở đền Hiển Trung và miếu Trung tiết công thần."
q2_3_4_page_278-0001,Nguyễn Văn Thành con của Cai cơ Nguyễn Văn Hiền.
q2_3_4_page_278-0002,"Đầu đời Trung Hưng có công theo đi Vọng Các, làm đến Hiệu uý Tiền chi, có mưu lược, lập nhiều chiến công, nên được thăng Tiên phong dinh Bình Tây tiền tướng quân, lại thăng Chưởng tiền quân dinh."
q2_3_4_page_278-0003,"Lúc Thế Tổ thân thông suốt thủy sư đánh lấy Phú Xuân, Thành ở lại đóng ở Thị Dã, cầm cự với tướng giặc là Trần Quang Diệu, lập được công lớn, phong Bình Tây Đại tướng quân, tước Quận công."
q2_3_4_page_278-0004,Năm Nhâm Tuất bổ ra Tổng trấn Bắc Thành.
q2_3_4_page_278-0005,"Năm thứ 8 triệu về làm Chưởng Trung quân, sau vì vụ án của con là Thuyền phát giác, Văn Thành phải uống thuốc độc chết."
q2_3_4_page_278-0006,Năm Tự Đức thứ 21 có chiếu trả lại quan chức.
q2_3_4_page_278-0007,"Nguyễn Đô: người huyện Quảng Điền có công theo đi Vọng Các, làm Tuyên uý Thị giảng, hành Lễ bộ sự, thăng Hộ bộ, sung Giảng quan ở Đông cung."
q2_3_4_page_278-0008,"Lúc chết được tặng Thượng thư Lễ bộ, liệt thờ ở miếu Trung Hưng công thần."
q2_3_4_page_278-0009,"Nguyễn Đình Đức: người huyện Quảng Điền, đầu đời Trung Hưng thi đậu nên được bổ Cống sĩ viện, thăng Tham luận vệ Hùng võ, sau ra làm Ký lục Trấn Biên."
q2_3_4_page_278-0010,"Năm Tân Dậu, đổi Cai bạ Quảng Đức, thăng Tả Tham tri Hộ bộ."
q2_3_4_page_278-0011,"Lúc chết được tặng chức Tham chính, năm Tự Đức thứ 5, liệt thờ ở miếu Trung Hưng công thần."
q2_3_4_page_278-0012,"Lương Tiến Tường: người huyện Quảng Điển, lưu ngụ Gia Định."
q2_3_4_page_278-0013,"Đầu đời Trung Hưng làm Hàn Lâm viện Thị thư, có tài biện sự nên làm đến Cai bạ Quảng Bình."
q2_3_4_page_278-0014,"Đầu đời Minh Mệnh triệu về, thăng dần đến Hữu Tham tri Hộ bộ, lại thăng Thượng thư, lúc chết được tặng chức Hiệp biện Đại học sĩ."
q2_3_4_page_278-0015,"Thân Văn Quyến: người huyện Quảng Điền, nổi tiếng văn học."
q2_3_4_page_278-0016,"Đầu đời Minh Mệnh, cất bổ Giáo thụ phủ Thăng Bình, sau triệu về bổ Hàn Lâm viện Thị giảng, sung biện công việc Nội các, thăng Hữu Thị lang Hộ bộ."
q2_3_4_page_278-0017,"Vì tâu việc trái ý vua, nên bị bắt giam ở ngục Thừa Thiên, sau được tha ra phái đi Tây dương lập công chuộc tội."
q2_3_4_page_278-0018,"Khi trở về được khởi phục, làm đến Bố chính Định Tường, rồi chết."
q2_3_4_page_278-0019,"Con là Văn Duy có tài biện sự, đỗ Hương cống."
q2_3_4_page_278-0020,"Đầu đời Gia Long, làm đến Hữu Thị lang Binh bộ sung Kinh lược phó sứ Nam Định, thăng Hiệp trấn Thanh Hoá rồi chết."
q2_3_4_page_278-0021,"Văn Duy làm quan thanh liêm, cẩn thận, người ta đều thương tiếc."
q2_3_4_page_279-0001,"Đoàn Văn Phú: người huyện Quảng Điền, do lại điển xuất thân."
q2_3_4_page_279-0002,"Trong đời Minh Mệnh, làm Tả Thị lang Công bộ, sau bổ ra Tổng đốc Long-Tường làm quan thanh liêm, xử trí công việc nhanh chóng, đến đầu cũng có tiếng tốt."
q2_3_4_page_279-0003,"Năm thứ 21, mắc bệnh chết tại chức, tặng chức Hiệp biện Đại học sĩ."
q2_3_4_page_279-0004,"Năm Tự Đức thứ 21, liệt thờ ở đền Hiền Lương."
q2_3_4_page_279-0005,"Đặng Văn Thêm: trước tên là Hòa, người huyện Quảng Điền, đồ Hương cổng đời Gia Long, bổ Cổng sĩ viện, từng thăng Tổng đốc Định-An, Hà Ninh, Bình-Phú và Định-Biên, lại thăng Hiệp biện Đại học sĩ, gia hàm Thiếu bảo."
q2_3_4_page_279-0006,"Năm Tự Đức thứ 6, triệu về lãnh Thượng thư Hình bộ, được ít lâu thăng Thự Văn Minh điện Đại học sĩ, đổi lãnh Thượng thư Hộ bộ, rồi chết."
q2_3_4_page_279-0007,"Văn Thiêm thành thật, hiểu nhiều chính sự khoan hồng bình dị, lúc chết người ta đều thương tiếc."
q2_3_4_page_279-0008,Năm Tự Đức thứ 11 liệt thờ ở đền Hiền Lương.
q2_3_4_page_279-0009,"Lê Văn Phú: người huyện Quảng Điền, năm Tân Dậu, quy thuận."
q2_3_4_page_279-0010,"Đầu đời Gia Long bổ Chánh đội trưởng đội Thượng Trà, đời Minh Mệnh, thăng dần đến Chưởng cơ."
q2_3_4_page_279-0011,"Đầu đời Thiệu Trị, thăng Thự Thống chế dinh Thần cơ, năm thứ 2, sung Tham tán đại thần đi Nam Kỳ dự công việc binh nhung, sau lãnh Tổng đốc Định-Biên."
q2_3_4_page_279-0012,"Năm thứ 5 sung Tổng thống, đi quân thứ Vĩnh Long bắt giặc."
q2_3_4_page_279-0013,"Năm thứ 7 triệu về, trao chức Đô thống Kinh kỳ thủy sư, phong Vĩnh Trung nam."
q2_3_4_page_279-0014,"Đầu đời Tự Đức trải lãnh Tổng đốc Hà-Ninh, An-Tĩnh và Định-An rồi chết."
q2_3_4_page_279_280-0001,"Năm thứ 11 liệt thờ ở đền Hiền Lương, làm quan thanh liêm, xử trí công việc nhanh chóng, đến đầu cũng có tiếng tốt."
q2_3_4_page_280-0001,"Năm thứ 21, mắc bệnh chết tại chức, tặng chức Hiệp biện Đại học sĩ."
q2_3_4_page_280-0002,"Năm Tự Đức thứ 21, liệt thờ ở đền Hiền Lương."
q2_3_4_page_280-0003,"Đặng Văn Thêm: trước tên là Hòa, người huyện Quảng Điền, đồ Hương cổng đời Gia Long, bổ Cổng sĩ viện, từng thăng Tổng đốc Định-An, Hà Ninh, Bình-Phú và Định-Biên, lại thăng Hiệp biện Đại học sĩ, gia hàm Thiếu bảo."
q2_3_4_page_280-0004,"Năm Tự Đức thứ 6, triệu về lãnh Thượng thư Hình bộ, được ít lâu thăng Thự Văn Minh điện Đại học sĩ, đổi lãnh Thượng thư Hộ bộ, rồi chết."
q2_3_4_page_280-0005,"Văn Thiêm thành thật, hiểu nhiều chính sự khoan hồng bình dị, lúc chết người ta đều thương tiếc."
q2_3_4_page_280-0006,Năm Tự Đức thứ 11 liệt thờ ở đền Hiền Lương.
q2_3_4_page_280-0007,"Lê Văn Phú: người huyện Quảng Điền, năm Tân Dậu, quy thuận."
q2_3_4_page_280-0008,"Đầu đời Gia Long bổ Chánh đội trưởng đội Thượng Trà, đời Minh Mệnh, thăng dần đến Chưởng cơ."
q2_3_4_page_280-0009,"Đầu đời Thiệu Trị, thăng Thự Thống chế dinh Thần cơ, năm thứ 2, sung Tham tán đại thần đi Nam Kỳ dự công việc binh nhung, sau lãnh Tổng đốc Định-Biên."
q2_3_4_page_280-0010,"Năm thứ 5 sung Tổng thống, đi quân thứ Vĩnh Long bắt giặc."
q2_3_4_page_280-0011,"Năm thứ 7 triệu về, trao chức Đô thống Kinh kỳ thủy sư, phong Vĩnh Trung nam."
q2_3_4_page_280-0012,"Đầu đời Tự Đức trải lãnh Tổng đốc Hà-Ninh, An-Tĩnh và Định-An rồi chết."
q2_3_4_page_280-0013,Năm thứ 11 liệt thờ ở đền Hiền Lương.
q2_3_4_page_281-0001,"Lê Phúc Sơn: người huyện Quảng Điền, làm Phó Lãnh binh trấn Nam Định."
q2_3_4_page_281-0002,"Năm Minh Mệnh thứ 15 đi dẹp giặc ở phố Bắc Nẫm, trấn Thái Nguyên thì bị chết trận, tặng chức Vệ uý."
q2_3_4_page_281-0003,"Lại người cùng huyện là Thự Vệ uý Hồ Viết Tu, Phó Vệ uý Tả dực dinh Vũ Lâm Đoàn Văn Ngạch, Phó Quản cơ cơ Hữu tiệp trấn Nam Định Đoàn Viết Cải, Cai đội Hồ Viết Lăng, Nguyễn Văn Chử, Lê Văn Quýnh, Lê Văn Bạch, Trần Công Sinh, Tứ đẳng Thị vệ Nguyễn Văn Trung, Thành thủ uý sung Hiệp quản Hữu cơ trấn Bình Thuận Nguyễn Lệ, đều lần lượt chết trận."
q2_3_4_page_281-0004,Năm Tự Đức thứ 11 đều liệt thờ ở đền Trung Nghĩa.
q2_3_4_page_281-0005,"Nguyễn Văn Khiêm: người huyện Phong Lộc có công theo đi Vọng Các, thăng dần đến Thị trung Đô thống chế."
q2_3_4_page_281-0006,"Khiêm thống xuất quân Cấm vệ lâu năm, giữ mình thuần cẩn, nên càng được vua thân tín."
q2_3_4_page_281-0007,"Khi chết được tặng chức Thiếu bảo Quận công, liệt thờ ở miếu Trung Hưng công thần."
q2_3_4_page_281-0008,"Nguyễn Đình Thạch: người huyện Phong Lộc, có công theo đi Vọng Các, làm Cai đội coi binh Tân thuyền."
q2_3_4_page_281-0009,"Năm Canh Thân chết, tặng chức Cai cơ, liệt thờ ở đền Hiển Trung và miếu Trung Hưng công thần."
q2_3_4_page_281-0010,"Nguyễn Lương Nhàn: người huyện Phong Lộc, năm Tân Dậu quy thuận, năm Gia Long thứ 10 bổ Tiểu sai đội trưởng."
q2_3_4_page_281-0011,"Đầu đời Minh Mệnh thăng Cai đội, phái đi Trấn Tây bắt giặc Xiêm có công, được thăng Phó Vệ uý."
q2_3_4_page_281-0012,"Năm thứ 16 phá thành Phan An, Lương Nhân trèo lên thành trước mọi người, lại đi Thanh Hoa bắt giặc được thắng lợi nên được thăng Lãnh binh Quảng Bình và Thanh Hoa."
q2_3_4_page_281-0013,"Đời Thiêu Trị bổ Lãnh binh An Giang, thăng Đề đốc, sau triệu về bổ Thống chế hai dinh Tiền Phong và Vũ Lâm."
q2_3_4_page_281-0014,"Năm thứ 7, thăng Hữu quân Đô thống phủ Đô thống, lãnh Tổng đốc Nam Ngãi."
q2_3_4_page_281-0015,"Đầu đời Tự Đức chết khi đang tại chức, năm thứ 11, liệt thờ ở đền Hiền Lương."
q2_3_4_page_281-0016,"Hoàng Phúc San: (Lợi? ): người huyện Phong Lộc, làm Lãnh binh thành Trấn Tây."
q2_3_4_page_281-0017,"Năm Thiệu Trị thứ 1 dẹp giặc xiêm ở Ba Xuyên bị chết trận, nên được gia tặng Anh dũng tướng quân."
q2_3_4_page_281-0018,"Lại người cùng huyện là Phó Vệ uý Trương Văn Phương, Thự Phó vệ uý Ngô Doãn Phú, Đội trưởng bang biên Phó Quản cơ cơ Đinh hậu Hoàng Hữu Sổ, Cai đội Nguyễn Đắc Trân và Trương Tử Dĩ, Tư vụ sung biên Tri huyện Bình Xiêm Hoàng Công Hiền, đều lần lượt chết trận, đều liệt thờ ở đền Trung Nghĩa."
q2_3_4_page_281-0019,"Vũ Văn Thường: người huyện Phong Lộc, làm Phó Lãnh binh An Giang."
q2_3_4_page_281-0020,"Năm Minh Mệnh thứ 14, nghịch Khôi làm loạn trong trận Long Hồ, Thường bị thương nên bị giặc bắt, giặc dụ hàng nhưng không chịu khuất phục."
q2_3_4_page_281_282-0001,"Thường nhịn ăn rồi chết, được tặng chức Vệ uý, liệt thờ ở đền Trung Nghĩa, đội, phái đi Trấn Tây bắt giặc Xiêm có công, được thăng Phó Vệ uý."
q2_3_4_page_282-0001,"Năm thứ 16 phá thành Phan An, Lương Nhân trèo lên thành trước mọi người, lại đi Thanh Hoa bắt giặc được thắng lợi nên được thăng Lãnh binh Quảng Bình và Thanh Hoa."
q2_3_4_page_282-0002,"Đời Thiêu Trị bổ Lãnh binh An Giang, thăng Đề đốc, sau triệu về bổ Thống chế hai dinh Tiền Phong và Vũ Lâm."
q2_3_4_page_282-0003,"Năm thứ 7, thăng Hữu quân Đô thống phủ Đô thống, lãnh Tổng đốc Nam Ngãi."
q2_3_4_page_282-0004,"Đầu đời Tự Đức chết khi đang tại chức, năm thứ 11, liệt thờ ở đền Hiền Lương."
q2_3_4_page_282-0005,"Hoàng Phúc San: (Lợi? ): người huyện Phong Lộc, làm Lãnh binh thành Trấn Tây."
q2_3_4_page_282-0006,"Năm Thiệu Trị thứ 1 dẹp giặc xiêm ở Ba Xuyên bị chết trận, nên được gia tặng Anh dũng tướng quân."
q2_3_4_page_282-0007,"Lại người cùng huyện là Phó Vệ uý Trương Văn Phương, Thự Phó vệ uý Ngô Doãn Phú, Đội trưởng bang biên Phó Quản cơ cơ Đinh hậu Hoàng Hữu Sổ, Cai đội Nguyễn Đắc Trân và Trương Tử Dĩ, Tư vụ sung biên Tri huyện Bình Xiêm Hoàng Công Hiền, đều lần lượt chết trận, đều liệt thờ ở đền Trung Nghĩa."
q2_3_4_page_282-0008,"Vũ Văn Thường: người huyện Phong Lộc, làm Phó Lãnh binh An Giang."
q2_3_4_page_282-0009,"Năm Minh Mệnh thứ 14, nghịch Khôi làm loạn trong trận Long Hồ, Thường bị thương nên bị giặc bắt, giặc dụ hàng nhưng không chịu khuất phục."
q2_3_4_page_282-0010,"Thường nhịn ăn rồi chết, được tặng chức Vệ uý, liệt thờ ở đền Trung Nghĩa."
q2_3_4_page_283-0001,"Trần Đình Ân: người huyện Minh Linh, làm Tham chính chánh đoán sự, Đông Triều hầu."
q2_3_4_page_283-0002,"Ân trải thờ bốn triều, quốc kế binh mưu giúp sức được nhiều, năm 80 tuổi trí sĩ, chết ở nhà, được gia tặng hàm Đại lý tự khanh."
q2_3_4_page_283-0003,"Con trưởng là Trần Đình Khánh được tập ấm bổ văn chức ở Chính dinh, Khánh giỏi về từ hàn, đời Hiển Tông, thăng Cai bạ Quảng Nam, rất có tiếng về chính sự, lúc chết được tặng Thái thường tự khanh."
q2_3_4_page_283-0004,Con thứ là Đình Thuận làm Cai bạ phó đoán sự.
q2_3_4_page_283-0005,"Cháu là Đình Hi làm Cai bạ Bình Thuận, sau vua Thế Tông triệu về, thăng Cai bạ Chính dinh đi tuần xét quan lại các huyện, lúc trở về được thăng Hộ bộ kiêm Binh bộ rồi chết."
q2_3_4_page_283-0006,"Lê Khánh Trinh: người huyện Minh Linh, đỗ cử nhân đời Minh Mệnh, làm Hàn Lâm viện Thị giảng, sung Nội các, thăng Thị lang Hộ bộ, sau ra làm Bố chánh Gia Định."
q2_3_4_page_283-0007,"Đầu đời Thiệu Trị triệu về, thăng Tham tri Binh bộ rồi chết."
q2_3_4_page_283-0008,"Phan Văn Song: người huyện Minh Linh, làm Vệ uý Vũ Lâm."
q2_3_4_page_283-0009,"Năm Minh Mệnh thứ 14, trong trận đánh nguy Khôi ở thành Phan An thì bị chết trận, tặng chức Chưởng cơ."
q2_3_4_page_283-0010,"Lại người cùng huyện là Thự Phó vệ uý Võ diệu Lê Đình Cẩm, Cai đội Nguyễn Hữu Hiệu đều lần lượt chết trận, đều liệt thờ ở đền Trung Nghĩa."
q2_3_4_page_284-0001,"Đỗ Văn Hodng: lại có tên là Diên, người huyện Đăng Xương, làm quan đời Duệ Tông."
q2_3_4_page_284-0002,"Năm Quý Ty thứ 8, Nguyễn Văn Nhạc cướp phá Quảng Nam Quảng Ngãi, Duệ Tông hạ lệnh cho Nguyễn Cửu Thống đem quân đi đánh, cử Đỗ Văn Hoảng làm Tán lý, Hoảng bại binh bị chết."
q2_3_4_page_284-0003,"Năm Gia Long thứ 9, liệt thờ ở đền Hiển Trung và miếu Trung Hưng công thần."
q2_3_4_page_284-0004,"Vũ Văn An: người huyện Đăng Xương, đầu đời Trung Hưng làm Cai cơ dinh Tiền quân."
q2_3_4_page_284-0005,"Năm Giáp Dẫn theo đi đánh giặc ở cửa biển Thi Nại, bị chết trận, tặng chức Cai cơ."
q2_3_4_page_284-0006,Lại người cùng huyện là Hồ Công Siêu hồi đầu đời Trung Hưng làm-Khâm sai Tham tán.
q2_3_4_page_284-0007,"Năm Quý Mão theo Tôn Thất Dụ vào cứu viện Gia Định, đánh giặc ở cầu Tham Lương, bị chết trận, được tặng chức Tham khám."
q2_3_4_page_284-0008,"Phó Vệ úy vệ Uy võ Trần Văn Di hồi đầu đời Trung Hưng theo đi đánh giặc, bị chết trận, tặng chức Vệ uý."
q2_3_4_page_284-0009,"Cai đội Nguyễn Hữu Khoáng, năm Quý Mão đánh giặc tại Khố Sơn, bị chết trận, tặng chức Cai cơ."
q2_3_4_page_284-0010,"An, Di Khoáng đều liệt thd ở miếu Trung Hưng công thần An, Khoáng và Siêu đều thờ ở miếu Hiển Trung."
q2_3_4_page_284-0011,"Phan Văn Thuý: người huyện Đăng Xương đầu đời Trung Hưng quy thuận và theo quân, làm Về uý vệ Hổ uy."
q2_3_4_page_284-0012,"Đời Gia Long bổ ra Trấn thủ Quảng Bình, vì có tội biếm xuống Cai cơ."
q2_3_4_page_284-0013,"Đầu đời Minh Mệnh thăng Chưởng cơ, lại thăng Nội thị Long võ dinh Đô thống chế."
q2_3_4_page_284-0014,"Năm thứ 8 sung Kinh lược biên vụ Nghệ An, rồi lãnh Phó Tổng trấn Bắc Thành."
q2_3_4_page_284-0015,"Sau triệu về, thăng Hậu quân Đô thống phủ Chưởng phủ sự, phong Chương nghĩa hầu."
q2_3_4_page_284-0016,"Lúc Lê Văn Khôi chiếm cứ Phan An làm loạn, vua trao cho chức Thảo nghịch Hữu Tướng quân đem quân tiến đánh ở Biên Long, phá tan được giặc, rồi bệnh mất, được gia tặng hàm Thiếu bảo."
q2_3_4_page_284-0017,"Nguyễn Tăng Địch: người huyện Đăng Xương, lưu ngụ ở Gia Định."
q2_3_4_page_284-0018,"Năm Tân Hợi thi đậu bổ Cống sĩ viện, sau đổi làm Tham luận Tuyển phong."
q2_3_4_page_284-0019,"Đầu đời Gia Long thăng dần đến Hiệp trấn Thanh Hoa, đổi Ký lục Bình Định, sau triệu về, thăng Hữu Tham tri Binh bộ."
q2_3_4_page_284-0020,Đầu đời Minh Mệnh thăng Thự Thượng thư Công bộ rồi chết.
q2_3_4_page_284-0021,"Nguyễn Hoàng: người huyện Đăng Xương, năm Minh Mệnh thứ 7, được ghi tên vào sổ Anh danh, thăng Đội trưởng, rồi thăng dần đến Phó Vệ uý vệ Kỳ võ, đi Trấn Tây bắt giặc."
q2_3_4_page_284-0022,"Đầu đời Thiệu Trị, có công đánh các xứ Sơn Tĩnh, Ô Môn và Trà Vinh, thăng Lãnh binh hai tỉnh Vĩnh Long, An Giang, lại thăng Chưởng vệ."
q2_3_4_page_284-0023,"Năm thứ 5, quản binh thuyền đi đường Tiền Giang dẹp giặc đại thắng, lại đánh tan xích sắt ngăn sông, dẹp yên Trấn Tây nên được thăng Đề đốc, được ban cho bài vàng ""An Tây tuấn kiện tướng""."
q2_3_4_page_284_285-0001,Sau triệu về trao chức Thống chế dinh Tiền Phong Long võ dinh Đô thống chế.
q2_3_4_page_285-0001,"Năm thứ 8 sung Kinh lược biên vụ Nghệ An, rồi lãnh Phó Tổng trấn Bắc Thành."
q2_3_4_page_285-0002,"Sau triệu về, thăng Hậu quân Đô thống phủ Chưởng phủ sự, phong Chương nghĩa hầu."
q2_3_4_page_285-0003,"Lúc Lê Văn Khôi chiếm cứ Phan An làm loạn, vua trao cho chức Thảo nghịch Hữu Tướng quân đem quân tiến đánh ở Biên Long, phá tan được giặc, rồi bệnh mất, được gia tặng hàm Thiếu bảo."
q2_3_4_page_285-0004,"Nguyễn Tăng Địch: người huyện Đăng Xương, lưu ngụ ở Gia Định."
q2_3_4_page_285-0005,"Năm Tân Hợi thi đậu bổ Cống sĩ viện, sau đổi làm Tham luận Tuyển phong."
q2_3_4_page_285-0006,"Đầu đời Gia Long thăng dần đến Hiệp trấn Thanh Hoa, đổi Ký lục Bình Định, sau triệu về, thăng Hữu Tham tri Binh bộ."
q2_3_4_page_285-0007,Đầu đời Minh Mệnh thăng Thự Thượng thư Công bộ rồi chết.
q2_3_4_page_285-0008,"Nguyễn Hoàng: người huyện Đăng Xương, năm Minh Mệnh thứ 7, được ghi tên vào sổ Anh danh, thăng Đội trưởng, rồi thăng dần đến Phó Vệ uý vệ Kỳ võ, đi Trấn Tây bắt giặc."
q2_3_4_page_285-0009,"Đầu đời Thiệu Trị, có công đánh các xứ Sơn Tĩnh, Ô Môn và Trà Vinh, thăng Lãnh binh hai tỉnh Vĩnh Long, An Giang, lại thăng Chưởng vệ."
q2_3_4_page_285-0010,"Năm thứ 5, quản binh thuyền đi đường Tiền Giang dẹp giặc đại thắng, lại đánh tan xích sắt ngăn sông, dẹp yên Trấn Tây nên được thăng Đề đốc, được ban cho bài vàng ""An Tây tuấn kiện tướng""."
q2_3_4_page_285_286-0001,Sau triệu về trao chức Thống chế dinh Tiền Phong phong Võ Xá tử.
q2_3_4_page_286-0001,"Đầu đời Tự Đức, bổ đi Tổng đốc Định-Biên, khắc tên vào bia Võ Công, rồi đổi Tổng đốc Long-Tường, sau triệu về bổ Đô thống Hữu quân."
q2_3_4_page_286-0002,"Năm thứ 9 chết, tặng chức Đô thống phủ Đô thống Chưởng phủ sự, liệt thờ ở miếu Hiền Lương."
q2_3_4_page_286-0003,"Lê Mậu Cúc: người huyện Đăng Xương, Trấn thủ Nam Định."
q2_3_4_page_286-0004,"Năm Minh Mệnh thứ 7, Phan Bá Vành nổi loạn, Cúc đem quân tiều bắt, bị chết trận, tặng chức Thống chế."
q2_3_4_page_286-0005,Năm Tự Đức thứ 11 liệt thờ ở đầu tả ban đền Trung Nghĩa.
q2_3_4_page_286-0006,"Lại người cùng huyện là Phó Vệ uý vệ Trang võ Phạm Văn Toản, Phó Vệ uý vệ Cẩm y Hoàng Văn Quý, Cai đội Nguyễn Văn Hòa, Hồ Văn Vạn, Mai Văn Biên, Nguyễn Văn Phú, Thành thủ uý sung hiệp Quản cơ Tĩnh man Dương Phúc Tú đều lần lượt chết trận."
q2_3_4_page_286-0007,"Án sát Thái Nguyên Nguyễn Mưu, năm Minh Mệnh thứ 15 đi dẹp giặc ở châu Bạch Thông, thất lợi nên bị bắt, lúc ở trong giặc, Mưu bí mật sai Đội trưởng Trần Văn Kha đem thư mật báo quan quân đánh úp, việc tiết lộ nên bị giặc giết."
q2_3_4_page_286-0008,Năm Tự Đức thứ 11 đều liệt thờ ở đền Trung Nghĩa.
q2_3_4_page_286-0009,"Nguyễn Công Tiệp: người huyện Hải Lăng, năm Tân Dậu quy thuận, thăng dần đến Tham tri Hộ bộ, lãnh Hộ tào Bắc Thành."
q2_3_4_page_286-0010,"Sau triệu về làm Tả Tham tri Binh bộ, vì có tội bị biếm xuống làm Lang trung, sau lại thăng Hữu Thị lang Binh bộ, biện lý Binh Tào Gia Định, lúc chết được tặng chức Tham tri Binh bộ."
q2_3_4_page_286-0011,"Tiệp am hiểu điển cố, từng soạn sách Sĩ hoạn tu tri lục lưu hành."
q2_3_4_page_286-0012,"Nguyễn Hữu Gia: người huyện Hải Lăng, là con Hiệp biên Đại học sĩ Nguyễn Hữu Thận, đỗ cử nhân."
q2_3_4_page_286-0013,"Khoảng đời Minh Mệnh, đầu bổ điển tịch, thăng dần đến Thị lang Binh bộ, ra lãnh Binh tào Bắc thành, có tội nên bị biếm xuống làm Án sát Tuyên Quang."
q2_3_4_page_286-0014,"Em là Hữu Huyến cũng đỗ cử nhân làm Lang trung Lễ bộ, đời Tự Đức sung sứ bộ sang nước Thanh, về đến Ngô Châu thì chết, gia tặng hàm Thái bộc tự khanh."
q2_3_4_page_286-0015,"Nguyễn Thừa Tự: người huyện Hải Lăng, đời Thế Tông làm Ký lục Quảng Nam, sau triệu về lãnh Hộ bộ và Binh bộ rồi chết, được tặng chức Tham chính."
q2_3_4_page_286-0016,"Con là Thừa Diễn làm Ký lục Bình Thuận, đầu đời Trung Hưng theo đi Gia Định được trao chức Tham tán, đóng giữ Cần Úc rồi chết."
q2_3_4_page_286-0017,"Con Thừa Diễn là Thừa Ước, làm Khâm sai đốc chiến đánh giặc ở Gia Định bị chết trận."
q2_3_4_page_286-0018,"Diễn, Ước đều liệt thờ ở đền Trung Tiết."
q2_3_4_page_286-0019,"Lê Đại Nghĩa: người huyện Hải Lăng, tính cương trực, đầu đời Trung Hưng làm Hàn Lâm viện, từng theo đi đánh dẹp."
q2_3_4_page_286-0020,"Đầu đời Gia Long ra làm Ký lục Quảng Trị, sau triệu về phụng triều thỉnh."
q2_3_4_page_286_287-0001,"Đại Nghĩa từng chầu tiềm để, đầu đời Minh Mệnh trao cho chức Cần Chính điện Đại học sĩ, dạy bảo hoàng bộ."
q2_3_4_page_287-0001,"Tiệp am hiểu điển cố, từng soạn sách Sĩ hoạn tu tri lục lưu hành."
q2_3_4_page_287-0002,"Nguyễn Hữu Gia: người huyện Hải Lăng, là con Hiệp biên Đại học sĩ Nguyễn Hữu Thận, đỗ cử nhân."
q2_3_4_page_287-0003,"Khoảng đời Minh Mệnh, đầu bổ điển tịch, thăng dần đến Thị lang Binh bộ, ra lãnh Binh tào Bắc thành, có tội nên bị biếm xuống làm Án sát Tuyên Quang."
q2_3_4_page_287-0004,"Em là Hữu Huyến cũng đỗ cử nhân làm Lang trung Lễ bộ, đời Tự Đức sung sứ bộ sang nước Thanh, về đến Ngô Châu thì chết, gia tặng hàm Thái bộc tự khanh."
q2_3_4_page_287-0005,"Nguyễn Thừa Tự: người huyện Hải Lăng, đời Thế Tông làm Ký lục Quảng Nam, sau triệu về lãnh Hộ bộ và Binh bộ rồi chết, được tặng chức Tham chính."
q2_3_4_page_287-0006,"Con là Thừa Diễn làm Ký lục Bình Thuận, đầu đời Trung Hưng theo đi Gia Định được trao chức Tham tán, đóng giữ Cần Úc rồi chết."
q2_3_4_page_287-0007,"Con Thừa Diễn là Thừa Ước, làm Khâm sai đốc chiến đánh giặc ở Gia Định bị chết trận."
q2_3_4_page_287-0008,"Diễn, Ước đều liệt thờ ở đền Trung Tiết."
q2_3_4_page_287-0009,"Lê Đại Nghĩa: người huyện Hải Lăng, tính cương trực, đầu đời Trung Hưng làm Hàn Lâm viện, từng theo đi đánh dẹp."
q2_3_4_page_287-0010,"Đầu đời Gia Long ra làm Ký lục Quảng Trị, sau triệu về phụng triều thỉnh."
q2_3_4_page_287_288-0001,"Đại Nghĩa từng chầu tiềm để, đầu đời Minh Mệnh trao cho chức Cần Chính điện Đại học sĩ, dạy bảo hoàng tử; về việc giảng dạy giúp ích khá nhiều."
q2_3_4_page_288-0001,"Năm thứ hai thì chết được tặng chức Tham tri Binh hộ, đầu đời Thiệu Trị tặng Thượng thư Lễ bộ."
q2_3_4_page_288-0002,"Năm Tự Đức thứ 11, liệt thờ ở đền Hiền Lương."
q2_3_4_page_288-0003,"Con là Hữu Bản, cũng cương trực như tính cha."
q2_3_4_page_288-0004,"Đời Minh Mệnh do ấm sinh, thăng dần đến Lang trung Hộ bộ, có tội nên bị mất chức, sau được khởi phục thăng dần đến Bố chánh Định Tường rồi chết khi còn tại chức."
q2_3_4_page_288-0005,"Nguyễn Đức Hoạt: người huyện Hải Lăng, đỗ cử nhân đời Minh Mệnh, làm đến Nội các Thừa chỉ, sau đi sứ nước Thanh về, được thăng Bố chánh Nghệ An."
q2_3_4_page_288-0006,"Đầu đời Thiệu Trị làm Hữu Tham tri Lại bộ, lại sung chánh sứ sang nước Thanh, khi trở về được thăng Thượng thư Lại bộ, ra làm Tổng đốc Định Biên, rồi chết tại chức."
q2_3_4_page_288-0007,"Trần Tuyên: người huyện Hải Lăng, đời Minh Mệnh làm Bố chánh Vĩnh Long."
q2_3_4_page_288-0008,Đầu đời Thiệu Trị đi dẹp giặc nhưng thua nên bị giết.
q2_3_4_page_288-0009,"Đời Tự Đức liệt thờ ở đền Trung Nghĩa, sau tỏ dấu vết linh ứng có sắc cho dựng đền riêng."
q2_3_4_page_288-0010,"Lại người cùng huyện có thí sai Phó quản cơ Phan Đắc Cường, Phó quản cơ Lê Văn Tứ, Cai đội Trần Văn Giai và người huyện Địa Linh; An Giang là Phó quản cơ Nguyễn Văn Loan, thí sai Phó quản cơ Nguyễn Hữu Tăng, Cai đội Phạm Văn Tình đều lần lượt chết trận, đều liệt thờ ở đền Trung Nghĩa."
q2_3_4_page_289-0001,NGƯỜI CHIÊM THÀNH LIỆT NỮ
q2_3_4_page_289-0002,My È trinh phủ nhân: là vợ chúa Chiêm Thành Sạ Đẩu.
q2_3_4_page_289-0003,"Lý Thái Tông thân đi đánh Chiêm Thành, Sạ Đẩu chống cự, bày trận ở bên sông Bố Chính."
q2_3_4_page_289-0004,"Quách Gia Di xông trận chém được Sạ Đẩu, rồi kéo quân vào thành Phật Thệ, bắt thê thiếp của Sạ Đẩu."
q2_3_4_page_289-0005,"Khi về đến Hoàng Giang, phủ nhân nghe sứ của vua triệu đến hầu thuyền ngự, bèn nhảy xuống sông tự tử, người trong nước cho là có nghĩa nên lập đền thờ."
q2_3_4_page_289-0006,"Về sau Thái Tông đi ra Ly Nhân, thuyền ngự theo ven sông thấy bờ có đền, lấy làm lạ bèn hỏi bầy tôi tả hữu đem việc ấy tâu bày, vua thương xót, sai quan tế phong Hiệp chính nương."
q2_3_4_page_289-0007,"Trương Tiết Phụ: (không rõ tên), tiên tổ là người Chiết Giang (Trung Quốc) đã nhiều đời ở Chiêm Thành."
q2_3_4_page_289-0008,"Lúc 17 tuổi lấy chồng là người họ Từ, phụng dưỡng mẹ chồng rất hiếu thảo."
q2_3_4_page_289-0009,"Bấy giờ biên giới có biến động chồng phải theo quân đi đánh thì bị chết trận ở giữa biển, thị được tin gào khóc thảm thiết, đến bờ biển tìm được xác chồng đem về chôn ở cạnh mộ tổ, nuôi dưỡng con côi, suốt đời không cải giá, người ta khen là trinh tiết, Thạch Liêm thiền sư có làm thơ khen."
q2_3_4_page_290-0001,ĐỜI NGUYỄN
q2_3_4_page_290-0002,Nguyễn Thị Ngữ: tiên tổ là người Quảng Bình sau dời đến ở xã Xước Dụ huyện Hương Trà.
q2_3_4_page_290-0003,Thị là vợ Thượng thư bộ Lễ Đặng Đức Siêu.
q2_3_4_page_290-0004,"Tây Sơn nổi loạn, Siêu lẻn vào Gia Định, thị ở nhà nuôi con giữ tiết, tư đồ giặc là Vũ Văn Dũng muốn lấy, thị không chịu."
q2_3_4_page_290-0005,"Dũng cũng không cưỡng. Sau Siêu trở về rồi chết vào năm Gia Long thứ 9, thị làm ma đủ nghi lễ rồi ở goá đến già."
q2_3_4_page_290-0006,"Năm Minh Mệnh thứ 8, có sắc ban biển ngạch khắc bốn chữ ""Đổng quản phương tiêu"" (1) và cho dựng đình treo biển để biểu dương."
q2_3_4_page_290-0007,"Thị thọ 82 tuổi, chết năm Thiệu Trị thứ 2, vua ban cho gầm đoạn vải lụa và tiền để trị tang."
q2_3_4_page_290-0008,"Nguyễn Thị Chính: người huyện Hương Trà, năm 18 tuổi, lấy người cùng làng là Lê Tân, sinh một trai một gái."
q2_3_4_page_290-0009,"Lê Tân chết còn mẹ già, thị thờ mẹ chồng, nuôi con bé, khổ hạnh hơn 40 năm."
q2_3_4_page_290-0010,Năm Minh Mệnh thứ 8 được biểu dương.
q2_3_4_page_290-0011,"Nguyễn Thị Luyện: người huyện Hương Trà, năm 22 tuổi, chồng là Nguyễn Sinh chết, không có con, thị giữ trinh tiết 46 năm."
q2_3_4_page_290-0012,"Năm Minh Mệnh thứ 8, được biểu dương."
q2_3_4_page_290-0013,"(1) Đổng quản: quản bút đỏ, đời xưa phụ nữ dùng để ghi chép những lời khuyện răn."
q2_3_4_page_290-0014,Bốn chữ này nghĩa là làm tiêu biểu dấu thơm của người phụ nữ.
q2_3_4_page_291-0001,"Nguyễn Thị Xuân: người huyện Quảng Điền, chồng là Hoàng Hòa, làm Đội trưởng."
q2_3_4_page_291-0002,"Năm Canh Thân, đầu đời Trung Hưng, Hòa theo đi đánh giặc bị chết trận, lúc ấy thị Xuân 26 tuổi, ở goá nuôi mẹ chồng, lúc mẹ chồng chết, ma chay đủ lễ nghi, giữ tiết nghĩa 27 năm rồi chết."
q2_3_4_page_291-0003,Năm Minh Mệnh thứ 8 được biểu dương.
q2_3_4_page_291-0004,"Đỗ Thị Tuyết: người huyện Đăng Xương, lấy chồng người cùng làng là Ngô Văn Thuỳ, mới một tháng thì Thuỳ chết."
q2_3_4_page_291-0005,"Lúc ấy thị 20 tuổi, không có con, nhiều người muốn lấy, cha mẹ chồng khuyện thị cải giá, thị thề giữ tiết đến chết."
q2_3_4_page_291-0006,"Khi cha mẹ chồng chết, thị làm ma chay đủ lễ nghi, người ta đều khen là người hiếu."
q2_3_4_page_291-0007,Năm Minh Mệnh thứ 17 được biểu dương.
q2_3_4_page_291-0008,TĂNG
q2_3_4_page_291-0009,"Tạ Nguyên Thiều: tự là Hoán Bích, tiên tổ là người Triều Châu tỉnh Quảng Đông (Trung Quốc), năm 19 tuổi xuất gia ở chùa Báo Tư."
q2_3_4_page_291-0010,"Năm Ất Tỵ, Thái Tông thứ 17 sang phương Nam, treo tích trượng ở phủ Quy Ninh, dựng ngôi chùa Thập Tháp, Di Đà."
q2_3_4_page_291-0011,Sau đến núi Phú Xuân ở Thuận Hoá dựng chùa Quốc Ân và xây tháp Phổ Đồng.
q2_3_4_page_291-0012,"Lại vâng mệnh của Anh Tông sang phương Đông tìm cao tăng, tìm được Thạch Liêm hòa thượng về trụ trì chùa Hà Trung."
q2_3_4_page_291_292-0001,"Lúc mắc bệnh, có làm bài kệ rằng Tích tích kính vô trân Minh minh châu bất dung, Đường đường vật phi vật Liệu liêu không phỉ không."
q2_3_4_page_292-0001,(Lặng lẽ như gương không bụi Sáng suốt như ngọc không hình.
q2_3_4_page_292-0002,Rõ ràng là vật mà không phải vật Không rộng mà c chẳng phải không).
q2_3_4_page_292-0003,"Rồi chết một cách nghiêm trang, tính theo tuổi nhà chùa thì thọ 81 tuổi."
q2_3_4_page_292-0004,"Tăng đồ dựng tháp Hoá Môn để chứa cất xá ly, Hiển Tông cho hiệu là Hạnh Đoan thiền sư."
q2_3_4_page_292-0005,"Giác Linh: hiệu là Huyền Khê hòa thượng, người Quảng Đông, hòa thượng là đời thứ 25 của sơn phái Lâm Tế."
q2_3_4_page_292-0006,"Lúc còn ít tuổi, tính thích du hiệp, tỉnh võ nghệ, vì báo cửu mà giết người, bèn trốn đi ở chùa."
q2_3_4_page_292-0007,"Lúc đầu vượt biển sang Đông Phố (nay là Gia Định) làm sư vận du, sau đến Thuận Hoá, theo tích trượng ở chùa Pháp Vân (nay đổi là Thiên Phúc)."
q2_3_4_page_292-0008,"Hòa thượng tỉnh thiền học, tăng đồ ngày càng nhiều, nghe hòa thượng giỏi võ nghệ, có người xin học cũng dạy không từng từ chối."
q2_3_4_page_292-0009,"Được ít lâu đồ đệ e rằng thầy dấu nghề không truyền hết, họ muốn thử."
q2_3_4_page_292-0010,"Một hôm, ngồi ăn ở phương trượng, có người ngầm cấp cái chùy sắt đứng sau vung đánh, hòa thượng nghe tiếng chùy liền giơ đũa gạt, chùy văng ra, võ nghệ cao đến như thế."
q2_3_4_page_293-0001,"Nguyễn Hoàng Mật: người huyện Phù Cát, Bình Định, 15 tuổi xuất gia, lưu ngụ ở Gia Định, vào ở chùa Đại Giác, giữ giới hạnh rất tinh."
q2_3_4_page_293-0002,"Quý Tỵ, năm Duệ Tông thứ 8, cắt tóc làm tăng."
q2_3_4_page_293-0003,"Năm Gia Long thứ 13, triệu vào Kinh cấp cho tăng cương, trụ trụ chùa Thiên Mụ, thống quản tăng chúng."
q2_3_4_page_293-0004,"Năm Minh Mệnh thứ 16 thì tịch, thọ 101 tuổi."
q2_3_4_page_293-0005,"Nguyễn Nhất Định: người huyện Đăng Xương, 7 tuổi xuất gia, ở chùa Linh Quang đã lớn, thờ Phổ Tĩnh thiển sư làm thầy, tinh thông nội điển, chúng tăng tôn làm đại sư."
q2_3_4_page_293-0006,"Năm Gia Long thứ 16, được trụ trì chùa Báo Quốc."
q2_3_4_page_293-0007,"Năm Minh Mệnh thứ 11 cấp cho giới đao và độ điệp, giữ quán Linh Hựu, cấp cho tăng cương, giữ chùa Giác Hoàng."
q2_3_4_page_293-0008,"Năm Thiệu Trị thứ 7 thì tịch, thọ 64 thọ."
q2_3_4_page_293-0009,THỔ SẢN
q2_3_4_page_293-0010,"Kính xét: sản vật phương Nam, phẩm loại rất nhiều, so với phương Bắc, thì trong số Bản thảo cương mục chép phẩm vật phương Nam chiếm đến quá nửa; nhưng phương Nam phương Bắc tên gọi khác nhau, khó nhận rõ được."
q2_3_4_page_293-0011,"Nay kính dịch các thi tập thánh chế các đời Minh Mệnh và Thiệu Trị, lại tham khảo các sách: Thi kinh tập tuyển, Lễ ký Nguyệt lệnh, Nam phương thảo mộc trạng của Kê Hàm nhà Tấn, Bản thảo cương mục của Lý Trân nhà Minh, Nông chính toàn thư của Từ Quang Khải, Quản phương phả của Lý Tượng Tấn, Bát Tiên tự điển, Cách trí kính nguyên của Trần Nguyên Long, An Nam chí của Cao Hùng Trưng, Khâm châu ký của Kê Niên nhà Tống, Loại dịch vật bộ của Diêu Bồi Khiêm, Ô châu cận lục của Dương Văn An nhà Mạc, Phủ biên tạp lục và Vân đài loại ngữ của Lê Quý Đồn nhà Lê, Dược tính chỉ nam của Tuệ Tĩnh thiền sư, Thực vật tiệp lục của Nguyễn Công Triều, Gia Định thông chí của Trịnh Hoài Đức bản triều, Sĩ hoạn tu tri lục của Nguyễn Công Tiệp, Nghệ An phong thổ ký của Bùi Dương Lịch."
q2_3_4_page_293-0012,"Lại tìm hỏi rộng đến những người dã lão điền phủ để biết rõ tên gọi, biên rõ hình loại."
q2_3_4_page_293-0013,"Phầm phẩm vật có chép trong các sách, đều chưa rõ xuất xứ, nếu không, thì vâng chép tên được vua cho, hoặc được vua đổi, hoặc vẫn theo tên tục cũ, hoặc vâng chép tên chữ mà chép luôn cả tên tục để tiện kê cứu."
q2_3_4_page_293_294-0001,"Tựu trung vật nào chép đầy đủ trong ""Thừa Thiên chí"" mà các tỉnh khác cũng có, thì không chép lại ở các tỉnh chí nữa, duy tỉnh nào có thổ sản đặc thù hoặc nhiều đặc biệt, hoặc sung lệ cống lệ thuế, thì mới chép, thảo mộc trạng của Kê Hàm nhà Tấn, Bản thảo cương mục của Lý Trân nhà Minh, Nông chính toàn thư của Từ Quang Khải, Quản phương phả của Lý Tượng Tấn, Bát Tiên tự điển, Cách trí kính nguyên của Trần Nguyên Long, An Nam chí của Cao Hùng Trưng, Khâm châu ký của Kê Niên nhà Tống, Loại dịch vật bộ của Diêu Bồi Khiêm, Ô châu cận lục của Dương Văn An nhà Mạc, Phủ biên tạp lục và Vân đài loại ngữ của Lê Quý Đồn nhà Lê, Dược tính chỉ nam của Tuệ Tĩnh thiền sư, Thực vật tiệp lục của Nguyễn Công Triều, Gia Định thông chí của Trịnh Hoài Đức bản triều, Sĩ hoạn tu tri lục của Nguyễn Công Tiệp, Nghệ An phong thổ ký của Bùi Dương Lịch."
q2_3_4_page_294-0001,"Lại tìm hỏi rộng đến những người dã lão điền phủ để biết rõ tên gọi, biên rõ hình loại."
q2_3_4_page_294-0002,"Phầm phẩm vật có chép trong các sách, đều chưa rõ xuất xứ, nếu không, thì vâng chép tên được vua cho, hoặc được vua đổi, hoặc vẫn theo tên tục cũ, hoặc vâng chép tên chữ mà chép luôn cả tên tục để tiện kê cứu."
q2_3_4_page_294-0003,"Tựu trung vật nào chép đầy đủ trong ""Thừa Thiên chí"" mà các tỉnh khác cũng có, thì không chép lại ở các tỉnh chí nữa, duy tỉnh nào có thổ sản đặc thù hoặc nhiều đặc biệt, hoặc sung lệ cống lệ thuế, thì mới chép."
q2_3_4_page_295-0001,LOAI COC
q2_3_4_page_295-0002,"Loai lia canh: tuc goi lia té, Bdn thdo chép ring, ít nhựa không dính gọi là ""canh""; Lễ ký chép ""gia sơ"", tức thứ lúa này."
q2_3_4_page_295-0003,"Năm Minh Mệnh thứ 17 đúc cửu đỉnh, khắc hình tượng vào Cao đỉnh."
q2_3_4_page_295-0004,"Lúa Minh Xuân: thân lúa cao, bông lúa dày hạt thóc vàng lợt mà hơi dài, gạo trắng nấu cơm rất thơm mà dẻo, tháng 11 cấy, tháng 4 chín, ưa ruộng thấp."
q2_3_4_page_295-0005,"Lúa ở tổng Bái An, đạo Quảng Trị hằng năm phải cống."
q2_3_4_page_295-0006,"Lúa thơm: tục gọi lúa da vàng, thân lúa cứng bông hia dầy, hạt thóc hơi dài, gạo rất trắng, nấu cơm rất thơm mềm."
q2_3_4_page_295-0007,"Lại có một loại tục gọi de trắng, hạt thóc hơi vàng, gạo trắng và thơm, tháng 10 cấy, tháng 3 chín, ưa ruộng thấp."
q2_3_4_page_295-0008,"Các tỉnh đều có nhưng chỉ có lúa sản ở xã An Cựu, huyện Hương Thủy là hơn cả, cũng gọi là ""lúa hương An Cựu"" hàng năm phải cống."
q2_3_4_page_295-0009,"Lúa móng chim: Gia Định thông chí gọi là 2 điểu trdo đạo, thân lúa thấp mà nhỏ, bông lúa ngắn và thưa, hạt thóc như hình móng chim."
q2_3_4_page_295-0010,"Hạt gạo nhọn hai đầu, sắc trắng, nấu cơm thơm mềm."
q2_3_4_page_295-0011,"Tháng 10 cấy, tháng 3 chín, ưa ruộng thấp."
q2_3_4_page_295-0012,Các tỉnh đều có nhưng lúa ở tính Vĩnh Long Nam Kỳ là hơn cả hàng năm phải cống.
q2_3_4_page_296-0001,"Lúa chiêm: Cương mục chép la chiêm đạo, tục gọi lúa chiêm, thân lúa cứng mà thấp, bông lúa dầy hạt thóc hơi tròn, gạo trắng nấu cơm trước mềm sau rắn."
q2_3_4_page_296-0002,"Tháng 11 cấy, tháng 3 chín, ưa ruộng trũng các tỉnh đều có."
q2_3_4_page_296-0003,"Lúa mạn: mạn đạo, tục gọi lúa mạn, thân lúa mềm, bông lúa dày, hạt thóc hơi day, gạo đỏ, nấu cơm rắn."
q2_3_4_page_296-0004,"Tháng 10 cấy, tháng 3 chín, ưa ruộng trũng các tỉnh đều có."
q2_3_4_page_296-0005,"Lúa chiêm: vâng mệnh chép tên chữ Hán là hồng chiên đạo (dưới đây đều thế), thân lúa mềm bông lúa to, hạt thóc hơi đen mà tròn, gạo đỏ."
q2_3_4_page_296-0006,"Có 2 loại: một loại không có râu, cơm mềm; một loại có râu, cơm rắn."
q2_3_4_page_296-0007,"Tháng 5 cấy, tháng 8 chín, ưa ruộng sâu và ruộng nước mặn, các tỉnh đều có."
q2_3_4_page_296-0008,"Ngoài ra còn có lúa tục gọi là lúa can xa, ưa nước mặn, có lẽ đồng loại mà khác tên."
q2_3_4_page_296-0009,"Lúa héo trắng: tảo bạch đạo, thân lúa thấp bông lúa dày, hạt thóc hơi dài, gạo trắng, cơm mềm tháng 5 cấy, tháng 8 chín."
q2_3_4_page_296-0010,"Lại có một loại tục gọi lúa hẻo rằng, hạt thóc có vin, gạo đỏ, cơm rắn, tháng 11 cấy, tháng 3 chín, ưa ruộng trũng, các tỉnh đều có, nhưng lúa tổng Bái Ân Quảng Trị là tốt nhất."
q2_3_4_page_296-0011,"Lúa cánh: hương canh đạo, thân lúa cao và cứng, bông lúa dài mà thưa, hạt thóc và gạo đều trắng, cơm mềm ma thơm, tháng 5 cấy, tháng 11 chín, ưa ruộng cao, các tỉnh đều có."
q2_3_4_page_296-0012,"Lúa ba trăng: Tam nguyệt đạo, có tên nữa là lúa thai, thân lúa thấp, bông lúa ngắn, hạt thóc hơi tròn, hạt gạo hơi đồ, cơm mềm, tháng 5 cấy, tháng 8 chín, ưa ruộng cao, các tỉnh đều có."
q2_3_4_page_296-0013,"Theo Vdn dai loại ngữ của Lê Quý Đôn, thì giống lúa này trồng ở Nghệ An, vì từ lúc cấy đến lúc chín chỉ có ba tháng nên gọi tên thế."
q2_3_4_page_296-0014,"Lúa bát ngoạt: bát nguyệt đạo, thân lúa thấp bông lúa đài, hạt thóc to, gạo trắng, cơm mềm, tháng 5 cấy, tháng 8 chín, ưa ruộng cao, các tỉnh đều có."
q2_3_4_page_296-0015,"Lúa trắng: bạch đạo, thân lúa cao mà cứng, lá to hạt sai, hạt théc tròn mà mỏng vỏ, gạo rất trắng cơm mềm déo, tháng 5 cấy, tháng 9 chin, ưa ruộng cao, các tỉnh đều có."
q2_3_4_page_297-0001,"Lúa lăng hồng lăng đạo, thân cao, bông lớn hạt thóc hơi dài, gạo đỏ, nấu cơm trước mềm sau rắn, tháng 5 cấy, tháng 7-8 chín, ưa ruộng cao; từ Quảng Trị trở vào Nam đều có."
q2_3_4_page_297-0002,"Giống lúa nầy vỏ dầy, gạo ít, chỉ vì chín sớm nên người ta thích trồng."
q2_3_4_page_297-0003,"Lia dung: phù dung đạo, thân cứng, gié dài hạt thóc hơi vàng, gạo trắng, cơm mềm, tháng 5 cấy tháng 11 chín, ưa ruộng cao, các tỉnh đều có."
q2_3_4_page_298-0001,"Lúa chày chày: văn đạo, có 2 loại đỏ và trắng, loại trắng bông ngắn, hạt thóc dày; loại đỏ, gié dài, hạt thóc thưa, cơm đỏ, tháng 5 cấy, tháng 12 chín, ưa ruộng khô."
q2_3_4_page_298-0002,"Từ Quảng Nam trở vào Nam, cấy nhiều giống lúa này."
q2_3_4_page_298-0003,"Lúa đen: ô tiên đạo, thân mềm, bông dày, hạt thóc hơi tròn, hạt gạo nhỏ mà dày, sắc trắng, cơm mềm, tháng 5 cấy, tháng 10 chín, ưa ruộng cao, các tỉnh đều có."
q2_3_4_page_298-0004,"Các thứ lúa ở trên, nhà nông đều tuỳ theo thổ nghi mà cấy."
q2_3_4_page_298-0005,"Ngoài ra tục còn gọi lúa thốc, lúa vàng, lúa trĩ, lúa nhự, lúa cú hiên, lúa viện, chủng loại còn nhiều, không sao chép hết được."
q2_3_4_page_298-0006,"Xét: Gia Định thông chí của Trịnh Hòa Đức, có các thứ lúa tạo, lúa sá, lúa móng tay, lúa mô cải, lúa kha đông, lúa kha de, lúa tráng nhất, lúa chàng cô, v v."
q2_3_4_page_298-0007,"Các thứ lúa này thì lúa tạo là nhất, thứ đến là lúa kha de."
q2_3_4_page_298-0008,"Lại xét Vân đài loại ngữ của Lê Quý Đôn thì các thứ lúa có tên gọi rất nhiều, xin phụ lục sau đây Lúa sài đường thân mềm yếu, hạt lúa đổ mà dài và nhọn, vỏ dày, gạo trắng mà dẻo."
q2_3_4_page_298-0009,"Lúa bổ lộ: thân cứng, hạt thóc trắng, hơi tròn, vỏ mỏng, gạo lần sắc đỏ và trắng, cơm rắn."
q2_3_4_page_299-0001,"Lúa đá: cũng như lúa bồ lộ, rất dễ trồng, không kỳ đất xấu tốt, thân lúa cao lớn và thẳng, bông lúa chia thành vài ba chạc, chín muộn, gạo trắng, nhiều nhựa dính và mềm, hợp giã bột."
q2_3_4_page_299-0002,"Lúa chiêm di: mạ chậm sinh, thân mềm, nên cấy thay đổi ruộng, tính không sợ nước, bị ngâm hàng tháng vẫn trổ bông như thường, cơm rất mềm dẻo."
q2_3_4_page_299-0003,"Lúa chiêm dự: lá to, bông thưa, ưa ruộng nhiều màu, thóc đỏ, gạo trắng, cơm mềm."
q2_3_4_page_299-0004,"Lúa chiêm vàng: thân cao, lá to, gió mưa không đổ, bông lúa hơi to, ưa ruộng nhiều màu, hạt thóc đỏ, gạo không trắng lắm, cơm rắn."
q2_3_4_page_299-0005,"Lúa chiêm bầu: rất dễ trồng nên cấy thưa, ưa ruộng có thủy triều, hạt thóc và gạo vừa to vừa đỏ, cơm rất rắn."
q2_3_4_page_299-0006,"Lúa chiêm hom: có ba loại: một loại hạt thóc nhỏ và dài, sắc đỏ, có râu; một loại sắc lỡn lợt, không có râu, nhiều lông nhỏ; một loại hạt thóc to, sắc đỏ, có râu, rất ưa ruộng lầy."
q2_3_4_page_299-0007,"Ba loại lúa này gạo đều trắng, rất nhiều nhựa, không giã làm bột được, nấu cơm cũng lâu chính."
q2_3_4_page_299-0008,"Tám loài lúa trên, đều hợp vụ hạ."
q2_3_4_page_299-0009,"Lúa tám xoan: thân cao, bông dài và mềm, hạt thóc thưa mà nhỏ, hơi dài, sắc vàng, gạo rất trắng, vị thơm ngon."
q2_3_4_page_300-0001,"Lúa thông: có tên nữa là thảo trĩ, một tên là ô canh, thân nhỏ và yếu, hay đổ."
q2_3_4_page_300-0002,"Có hai loại, một loại hạt thóc lớn, sắc vàng, gạo trắng; một loại hạt thóc lớn, sắc trắng, gạo rất đỏ."
q2_3_4_page_300-0003,"Lúa bầu trĩ: hạt thóc có điểm sắc trắng, cơm mềm hợp giã bột."
q2_3_4_page_300-0004,"Lúa cổ tày: tên nữa là chạu sành, lại tên nữa là trĩ muộn."
q2_3_4_page_300-0005,"Ưa ruộng không cao không trũng, rò lúa nhỏ và thấp, bông hơi cứng."
q2_3_4_page_300-0006,"Có hai loại: một loại sai hạt, hạt gạo nhỏ và đỏ, tục gọi hoa khế, cơm mềm vị nhạt; một loại hạt thóc nhỏ, sắc trắng, không được sai hạt, cơm rắn, vị lại nhạt lắm."
q2_3_4_page_300-0007,"Lúa bát lùn: thân lúa thấp, hạt thóc nhỏ, gạo trắng, cơm ngon, để lâu vẫn mềm."
q2_3_4_page_300-0008,"Lúa bát lại: có tên nữa là tám quảng, thân lúa cao, hạt thóc mịn và giẹp, sắc vàng, gạo không trắng lắm."
q2_3_4_page_300-0009,"Lúa bát sinh: có tên nữa là tháp mạ, một thân đẻ ra bốn năm thân, hạt thóc sắc vàng, bên cạnh hơi đen, gạo trắng."
q2_3_4_page_300-0010,"Lúa bát râu: hạt thóc có râu vàng, dài chừng một tấc, gạo trắng."
q2_3_4_page_300-0011,"Lúa cánh: thân lúa dày, hạt lúa to mà giẹp, chín sớm, gạo trắng, vị thơm, lúc lúa đang thì con giá, đi qua ruộng cách 5-6 bước, cũng ngửi thấy thơm."
q2_3_4_page_301-0001,"Lúa hiên: thân cao, bông dài, có hai loại: loại chín muộn thì gạo trắng, vị thơm và mềm; loại chín sớm thì gạo đỏ, cơm rắn lắm."
q2_3_4_page_301-0002,"Lúa nghệ: có tên nữa là lúa hiên nghệ, thân lúa cao, bông lúa lớn, hạt sai, sắc đỏ, gạo hơi vàng, cơm dẻo."
q2_3_4_page_301-0003,"Lúa di: ưa ruộng cao, nhiều màu; thân lúa thẳng, bông lúa dày, hạt sai, thóc nhỏ và giẹp, gạo trắng, thổi cơm đấu gạo này có thể bằng 5 đấu gạo khác."
q2_3_4_page_301-0004,Lúa sóc: cũng giống lúa sài đường.
q2_3_4_page_301-0005,"Lúa dự: thân lúa ngắn, bông lúa dài, thóc nhỏ, gạo trắng và thơm, hợp giã bột."
q2_3_4_page_301-0006,"Lúa dự hom: hạt thóc nhỏ, có lông, gạo rất trắng, vị thơm nồng, hơi có chất độc, đàn bà để ăn bị tắc mạch sữa."
q2_3_4_page_301-0007,"Lúa mềm: hạt thóc tròn và to, có râu, vỏ nhấn, gạo trắng, vị thơm như gạo nếp, hợp giã bột."
q2_3_4_page_301-0008,"Lúa trī nước: rồ lúa cao và cứng, ưa ruộng thấp, chín muộn, thóc và gạo đều đỏ, cơm hơi rắn."
q2_3_4_page_301-0009,"Lúa câu: thân ngắn, bông nhỏ, gạo rất đỏ, ưa ruộng cao, từ lúc cấy đến lúc chín chỉ 40 ngày, cơm rắn."
q2_3_4_page_302-0001,"Lúa bát trâu: thân lúa cứng, thóc vừa vàng vừa đen, gạo trắng, cơm rắn."
q2_3_4_page_302-0002,"Lúa ếch: cấy về mùa hè hay mùa thu, cấy sớm cấy muộn đều được, tháng 4 cấy, tháng 7 gặt, hạt thóc dài mà trắng, hạt gạo hơi nhỏ, nấu cơm vị đăm no lâu."
q2_3_4_page_302-0003,"Lúa mộ sản xuất ở Thái Nguyên, ưa ruộng đồi, thân lúa to, hạt thóc nhỏ, gạo đỏ, khi trồng, tỉa hạt như tỉa ngô."
q2_3_4_page_302-0004,Hai mươi mốt thứ lúa kể trên: hợp mùa thu.
q2_3_4_page_302-0005,"Xét Tu tri lục của Nguyễn Công Tiệp, chép về số hạt thóc, thì thóc ở Thừa Thiên mỗi năm là 79.500 hạt."
q2_3_4_page_302-0006,"Thóc ở Nam Kỳ mỗi thăng 72.246 hạt, thóc ở Bắc Kỳ mỗi thăng 56.323 hạt."
q2_3_4_page_302-0007,"Loại lúa nếp: theo Bản thảo, thì có nhựa đính gọi là nhu (nếp) cũng gọi là đồ, có thể dùng để cất rượu, thổi xôi, nấu chè và rang cốm."
q2_3_4_page_302-0008,"Năm Minh Mệnh đúc cửu đỉnh, khắc hình tượng vào Nhân đỉnh."
q2_3_4_page_302-0009,"Nếp voi: cự nhu (tên do vua Minh Mệnh mới đổi): thân lúa cao, bông thưa, hạt thóc tròn và lớn, được nhiều gạo, sắc trắng, cơm mềm, tháng 10 cấy, tháng 3 tháng 4 chín, ưa ruộng trũng."
q2_3_4_page_302-0010,"Thứ nếp này bắt đầu sản xuất ở Nghệ An, nay các tỉnh đều có - Vân đài loại ngữ của Lê Quý Đôn chép ""Tượng nhu"" tức lúa này."
q2_3_4_page_303-0001,"Nếp cau: viên nhu, thân lúa cao, bông lúa day hạt thóc dài và lớn, được rất nhiều gạo, gạo trắng cơm rất dẻo, tháng 10 cấy, tháng 3 chín, ưa ruộng tring."
q2_3_4_page_303-0002,"Thứ lúa này bắt đầu sản xuất ở Nghệ An, nay các tỉnh đều có-Vận đài loại ngữ của Lê Quý Đôn chép là ba tiêu nhu (nếp chuối) tức là lúa này."
q2_3_4_page_303-0003,"Nếp bò: hoàng ngưu nhu, thân lúa cứng, bông lúa day, hạt thóc tròn mà dài, gạo trắng, cơm có nhiều nhựa và dẻo; tháng 10 cấy, tháng 3 chín, ưa ruộng sâu, các tỉnh đều có."
q2_3_4_page_303-0004,Vân đài loại ngữ của Lê Quý Đôn chép hoàng ngưu chỉ nhu (nếp mỡ bò) tức là lúa nay.
q2_3_4_page_303-0005,"Nếp vdn: văn nhu, thân lúa cao, bông lúa thưa hạt thóc hơi dài mà có vằn, gạo trắng, cơm nhiều nhựa và dẻo, tháng 5 cấy, tháng 10 chín, ưa ruộng sâu, các tỉnh đều có."
q2_3_4_page_303-0006,"Nếp but: niêm nhu, thân lúa cứng, bông lúa day hạt thóc hơi tròn, mà lớn, sắc lốm đốm vàng và đen gạo trắng, cơm có nhiều nhựa, tháng 11 cấy, tháng 4 chín, ưa ruộng sâu, các tỉnh đều có."
q2_3_4_page_303-0007,"Nếp kỳ lân: (theo tên chép trong Tap lục), thân lúa cao, bông lúa dài, hạt thóc tròn và lớn, có râu hơi đen, gạo trắng; cơm hơi thơm, tháng 5 cấy, tháng."
q2_3_4_page_303_304-0001,"10chín, ưa ruộng su, cdc tỉnh đều có, gié lúa dày, hạt thóc hơi tron, gạo trắng, cơm thơm ngon, tháng 11 cấy, tháng 2 chín, ưa ruộng sâu các tỉnh đều có."
q2_3_4_page_304-0001,"Nếp cút: am thuần nhu (vâng mệnh chép chữ Hán), thân lúa thấp, bông lúa nhỏ, hạt thóc tròn hơi trắng, gạo đỏ nhợt, tháng 5 cấy, tháng 10 chín, ưa ruộng khô, các tỉnh đều có."
q2_3_4_page_304-0002,"Nếp đa đa: giá cô nhu, thân lúa cao, bông lúa dày, hạt thóc dài, hơi trắng, gạo đỏ, tháng 5 cấy tháng 10 chín, ưa ruộng khô."
q2_3_4_page_304-0003,"Tổng Bái Ân, đạo Quảng Trị cấy nhiều."
q2_3_4_page_304-0004,"Nếp cò: lộ ti nhu, thân lúa cứng, bông lúa dài, hạt thóc gạo trắng, cơm mềm, có nhiều nhựa, tháng 10 cấy tháng 3 năm sau chín, ưa ruộng sâu, các tỉnh đều có."
q2_3_4_page_304-0005,"Nếp cái: hương cái nhu, thân lúa cứng, lá to hạt hơi dài, thóc hơi tròn mà có vin, gạo trắng, cơm rất thơm và dẻo, tháng 10 cấy, tháng 3 chín, ưa ruộng sâu, các tỉnh đều có."
q2_3_4_page_304-0006,"Nếp than: ô hương nhu, lại có tên nữa là nếp qua, thân lúa cứng, bông lúa dài, hạt thóc dài mà hơi đen, gạo đỏ, cơm rất thơm mà ít nhựa, tháng 5 cấy, tháng 10 chín, ưa ruộng cao ráo, các tỉnh đều có."
q2_3_4_page_304-0007,"Vân đài loại ngữ của Lê Quý Đôn chép ""Nha Nhu"" (nếp quạ), tức lúa này."
q2_3_4_page_305-0001,"Nếp lụa: bạch nhu, thân lúa to, bông lúa day hạt thóc 16m đốm sắc vàng và đỏ, hạt gạo dai và trắng, cơm mềm nhưng không thơm, tháng 5 cấy tháng 10 chín, ưa ruộng thấp, các tỉnh đều có."
q2_3_4_page_305-0002,"Thứ lúa này bắt đầu cấy ở Thừa Thiên, nên từ Quảng Nam trở vào Nam đều gọi là nếp Huế."
q2_3_4_page_305-0003,"Nếp tây: dương nhu, thân lúa lớn, bông lúa dày hạt thóc tròn và to, vỏ dầy, gao trắng, cơm rất thơm tháng 5 cấy, tháng 8 chín, ưa ruộng sâu."
q2_3_4_page_305-0004,"Thứ lúa này từ Tây Dương đem sang, mới cấy vị rất thơm đến những lần sau hương vị giảm dần."
q2_3_4_page_305-0005,"Nếp sáp: lạp nhu, thân lúa thấp, bông dày, hạt thóc hung hung vàng đỏ, gạo trắng, cơm mềm, tháng 5 cấy, tháng 10 chín, ưa ruộng cao, các tỉnh đều có nhưng lúa tổng Bái Ấn tỉnh Quảng Trị là hơn cả."
q2_3_4_page_305-0006,"Nếp trứng: noãn nhu, thân cao, bông dày, hạt thóc tròn và to, vỏ móng, gạo trắng, cơm thơm ngon tháng 11 cấy, tháng 4 năm sau chín, ưa ruộng sâu các tỉnh đều có."
q2_3_4_page_305-0007,"Nếp chuột: thử nhu, thân cao, bông nhiều, hạt thóc hơi nhỏ, gạo hơi vàng, cơm mềm mà không thơm, tháng 5 cấy, tháng 10 chín, ưa ruộng khô, các tỉnh đều có."
q2_3_4_page_305-0008,"Nếp mây: vân nhu, thân cao, bông to, hạt thóc hơi dai, gạo trắng, cơm nhiều nhựa mà ít thơm, tháng 5 cấy, tháng 10 chín, ưa ruộng cao, các tỉnh đều có."
q2_3_4_page_306-0001,"Nếp măng: mang nhu, thân cứng, bông dài, hạt thóc to, có râu, gạo rất trắng, cơm mềm mà thơm, tháng 5 cấy, tháng 9, tháng 10 gặt, ưa ruộng sâu, các tỉnh đều có."
q2_3_4_page_306-0002,"Mười chín thứ nếp trên, trong phủ hạt và ở các tỉnh, đều tùỳ theo thổ nghi mà cấy."
q2_3_4_page_306-0003,"Ngoài ra còn các thứ tục gọi là nếp lão, nếp na, nếp mông, nếp muối, phẩm loại rất nhiều không thể chép hết."
q2_3_4_page_306-0004,"Xét Gia Định thông chí của Trịnh Hoài Đức chỉ chép có 3 loại là nếp hương bầu, nếp sáp và nếp than mà thôi."
q2_3_4_page_306-0005,"Lại xét Vân đài loại ngữ của Lê Quý Đôn chép tên lúa rất nhiều, vậy phụ lục sau đây để phòng tham khảo."
q2_3_4_page_306-0006,"Nếp quả vải: lệ chi nhu, thân cao, bông lớn, hạt thóc dài, hơi giẹp, như hình quả vải, gạo trắng."
q2_3_4_page_306-0007,"Nếp nàng hai: nhị nương nhu, thân cao mà cứng, bông dài dày sịt, hạt thóc hơi tròn, có râu, gạo trắng."
q2_3_4_page_306-0008,"Nếp măm: đoản đâu nhu, mới trỗ, đồng đồng ra ngoài lá 1-2 tấc, hạt lúa to, thân và bông cũng như lúa nàng hai, cơm cũng mềm và nhiều nhựa."
q2_3_4_page_306-0009,"Nếp quảng: quảng nhu, thân lớn, bông dài, hạt thóc có râu, ngắn tròn mà giẹp, sắc vàng, gạo trắng."
q2_3_4_page_307-0001,"Nếp bổ lộ: bổ lộ nhu, có tên nữa là nếp trần, thân thấp, bông nhỏ, hạt thóc đỏ mà nhọn, gạo hơi trắng, nấu cơm không dẻo lắm."
q2_3_4_page_307-0002,Năm thứ lúa trên đều ưa ruộng sâu.
q2_3_4_page_307-0003,"Nếp sóc: đăng sơn nhu, thân rất cao và cứng, không sợ gió mưa, bông lớn mà nhiều, hạt lúa dài có râu, gạo trắng ưa đồng lầy, cơm hơi mềm."
q2_3_4_page_307-0004,"Nếp bầu hương: hạt thóc tròn và lớn, sắc xanh vàng, gạo trắng mà thơm."
q2_3_4_page_307-0005,"Tháng 8 lúa mới chín, rang qua, rồi giã thành cốm giẹp, ăn sống rất ngon thơm, đem ngào với nước đường hoặc xào lên, đều ngon, người ta thường gói vào lá sen để tặng nhau."
q2_3_4_page_307-0006,"Nếp hoa vàng: hoàng hoa nhu, có một tên nữa là a nhu, thân lớn, hạt nhiều bông cao; hạt thóc giẹp to mà vàng, gạo trắng, cơm mềm."
q2_3_4_page_307-0007,"Nếp rồng: long nhu, hạt thóc nhỏ mà vàng, gạo trắng thơm, nấu cơm trước rắn sau mềm."
q2_3_4_page_307-0008,"Nếp chúc: chúc nhu, có một tên nữa là hoàng ngưu đảm (mật bò), rất nhiều thóc, hạt thóc tròn mà trắng, cơm mềm nhiều nhựa."
q2_3_4_page_307-0009,"Năm loại lúa trên đều ưa ruộng trũng, gọi chung là nếp cài, đều là thượng phẩm."
q2_3_4_page_307-0010,"Nếp rụt: đoản nhu, đồng đồng không trổ ra ngoài lá, hạt thóc và gạo đều trắng, cơm thơm và mềm."
q2_3_4_page_308-0001,"Nếp rẻ mùa: tiện thu nhu, có tên nữa là nếp dĩnh, hạt thóc vàng đỏ và dài, gạo trắng, chín sớm, không thơm."
q2_3_4_page_308-0002,"Nếp tư sinh: tư sinh nhu, một thân để ra 4, 5 thân, thóc và gạo không trắng lắm."
q2_3_4_page_308-0003,"Nếp hoa dâu: lương khương hoa nhu, có tên nữa là nếp sản, một thân để ra 4, 5 thân, bông to mà thưa, hạt lúa nhọn, lốm đốm đen, gạo trắng."
q2_3_4_page_308-0004,"Nếp thọ: thọ nhu, hạt nhỏ mà dài, sắc vàng, gạo trắng, giã gạo nấu cơm đều hao."
q2_3_4_page_308-0005,"Nếp cẩm: cẩm nhu, thân tía, bông đen, sắc vàng, hạt thóc và gạo đều biếc."
q2_3_4_page_308-0006,"Nếp nghễn cổ: diên cảnh nhu, có tên nữa là nếp hùng, thân cao, đồng đồng trổ ra ngoài lá, thóc và gạo đều trắng."
q2_3_4_page_308-0007,"Bảy thứ lúa trên đều không mềm dẻo, ưa ruộng sâu."
q2_3_4_page_308-0008,"Lúa bổ nâu: vũ dư lương nhủ, ưa đất đổi, nương rẫy, nhiều thân, sai bông, thóc và gạo đỏ nhợt, nấu cơm ngon, cơm để đến 5 ngày vẫn còn thơm dẻo."
q2_3_4_page_308-0009,"Nếp nai: lộc nhu, một thân để ra 3, 4 thân, cũng ưa đất đồi, hạt thóc vàng, gạo trắng mà thơm, chín rất sớm."
q2_3_4_page_309-0001,"Đậu cót: uyển đậu, hột đậu có vần."
q2_3_4_page_309-0002,"Bản thảo chép là hồ đậu, là hồi hột đậu, là thành ban đậu, hột tròn như viên thuốc, hoặc luộc, hoặc rang ăn đều ngon, giã làm bột rất trắng, có thể chữa được bệnh khát, luộc ăn."
q2_3_4_page_309-0003,"Đậu đũa: giang đậu, lại gọi là đậu leo."
q2_3_4_page_309-0004,"Bản thảo chép là hàng song, nợi nào cũng có."
q2_3_4_page_309-0005,"Dây đậu bò lan dài hơn một trượng, hoa có hai sắc đỏ và trắng, quả có nhiều sắc trắng, hồng, đỏ, tía và sặc sỡ, có quả dài đến 2 thước, non dùng làm rau, già hái để lấy hột."
q2_3_4_page_309-0006,"Đậu này có thể ăn thay rau, ăn quả thay gạo, công dụng rất nhiều."
q2_3_4_page_309-0007,"Là thượng phẩm trong loài đậu, lại có công hiệu lý bổ trung ích khí, bổ thận kiện vị."
q2_3_4_page_309-0008,"Cứu hoang bản thảo nói: hái đọt non sao chín rửa sạch, rồi trộn với dầu muối để ăn; lại ăn quả non sao chín, cũng có thể cứu đói."
q2_3_4_page_309-0009,"Đầu dao: đao đầu, cũng gọi là đầu gươm."
q2_3_4_page_309-0010,"Theo Bản thảo còn có tên là hiệp kiếm đầu, dây đầu bò lan đến 1, 2 trượng, lá giống lá đầu đũa nhưng dài và to hơn một chút, nở hoa tía như hình con ngài."
q2_3_4_page_309-0011,"Quả dài đến hàng thước, tựa như quả bồ kết, hình dẹp mà có xương sống thành ba cạnh."
q2_3_4_page_309-0012,"Quả non luộc ăn với tương hoặc mật đều ngon, quả già thì bóc lấy hột, hột đầu to bằng đầu ngón tay, sắc đỏ nhợt, nấu với thịt gà, thịt lợn ăn rất ngon, có thể lợi trường vị, chữa được ách nghịch (bệnh nấc), ích thận và bổ nguyên khí."
q2_3_4_page_309-0013,"Cứu hoang bản thảo nói: hái đọt và lá non xào chín rửa sạch, rồi trộn Ý dĩ: tục gọi hột bo bo, Bdn thảo còn có tên là ý vị tử, có thể làm nhẹ người, chống chướng khí."
q2_3_4_page_309-0014,"Mã Viện đời Đông Hán lấy được ở Giao Chỉ đem về, người ta chê cười là đem trân châu về, tức là hột ấy."
q2_3_4_page_309-0015,Huyện Thành Hoá sản nhiều.
q2_3_4_page_309-0016,"Có thể nấu cháo nấu cơm, là có thể cùng với gạo mà ủ rượu."
q2_3_4_page_309-0017,"Cứu hoang bản thảo chép có tên là gạo hồi hồi hái hạt giã bỏ vỏ, lấy nhân nấu cháo ăn, lấy lá nấu Lúa ngô: ngọc thục thử, tục gọi là lúa bắp có mấy giống đỏ trắng vàng, bông nở ở ngọn bất quả (bắp) ở đốt cây, râu như nhung đó, hột trắng mà dẻo tốt."
q2_3_4_page_309-0018,"Theo Bdn thảo thì có tên nữa là ngọc cao lương, theo Quần phương phả thì có tên là ngự mạch, vì dùng để dâng vua, nên gọi thế."
q2_3_4_page_309-0019,Lại vì lấy giống từ Tây Phiên về nên có tên là phiên mạch là nhung thúc.
q2_3_4_page_309-0020,Gia Định thông chí của Trịnh Hoài Đức gọi là hoàng thúc lại gọi là hoàng mạch.
q2_3_4_page_309-0021,Ván đài loại ngữ của Lê Quý Đôn gọi là ngô hòa (lúa ngô).
q2_3_4_page_310-0001,Năm loại trên từ hột mè các tỉnh đều có.
q2_3_4_page_310-0002,"Đậu đen: hắc đậu, Bản thảo gọi là đại đậu, là thúc, quả là giáp, lá là hoắc, thân cây gọi là ky sắc đen lại gọi là ô đậu, có thể làm thuốc chữa bệnh và ăn được."
q2_3_4_page_310-0003,"Có thể trị bệnh phù, tiêu được bệnh đầy và hạ khí."
q2_3_4_page_310-0004,"Phép cửu hoang của Hoàng Sơn Cốc nói lấy một thăng đậu đen và một thăng quán chúng, nấu cho chín, rồi bỏ quán chúng đi, còn đậu đen thì phơi khô; mỗi ngày, trong lúc lòng không ăn 5, 7 hạt, bởi vì cành lá các thứ cây đều có vị, có thể làm no lòng được."
q2_3_4_page_310-0005,"Tứ thì nguyệt lệnh nói: khi trồng đậu đen, cần kiêng ngày Nhâm Tý, lại có một loại lúa đậu, hạt nhỏ như hạt đậu xanh mà sắc đen, có thể làm tương để ăn."
q2_3_4_page_310-0006,"Đầu xanh: lục đầu có, mấy sắc là quan lục và du lục, có thể nấu cháo, nấu cơm, làm bột, làm bánh, là vật trọng yếu trong thực phẩm."
q2_3_4_page_310-0007,"Tẩm nước cho lên mẫm làm giá là vật ngon trong các thứ rau, có thể giải các chết độc, thật là loại cốc cứu đỡi; khi trồng nên kiêng ngày Mão."
q2_3_4_page_310-0008,Năm Minh Mệnh thứ 17 khắc hình tượng vào Chương đỉnh.
q2_3_4_page_310-0009,"Đầu trắng: bạch đầu, Bản thảo chép là phạn đầu, mẫm non dùng làm rau để ăn; dùng làm tương, làm đầu phụ rất tốt."
q2_3_4_page_310-0010,Năm Minh Mệnh thứ 17 khắc hình tượng vào Dụ đỉnh.
q2_3_4_page_311-0001,"Đầu nănh: hoàng đậu, dùng làm tương, làm đậu phụ để ăn dần."
q2_3_4_page_311-0002,"Cứu hoang bản thảo nói: lấy đọt và lá non luộc chín, ngâm nước, rửa sạch, rồi trộn dầu muối để ăn, hoặc luộc cả quả hoặc luộc hột để ăn; lại cũng có thể xay làm bột được."
q2_3_4_page_312-0001,"Đầu văn: biển đầu, Bản thảo chép tên là diên ly đầu, tên nữa là nga my đầu, người ta thường trồng ở nơi rào giậu; quả luộc ăn khá ngon, có thể chữa bệnh hoắc loạn cấp tính."
q2_3_4_page_312-0002,Năm Minh Mệnh thứ 17 khắc hình tượng vào Nghị đỉnh.
q2_3_4_page_312-0003,"Đầu phụng: địa đầu, hình dáng như mắt chim phụng, cũng gọi đầu lạc."
q2_3_4_page_312-0004,"Lại có tên là lạc hoa sinh, thổi xôi hoặc luộc để ăn, hoặc ép dầu, là một mối lợi lớn; bã đầu đóng thành bánh đem bón ruộng rất tốt."
q2_3_4_page_312-0005,Năm Minh Mệnh thứ 17 khắc hình tượng và Tuyên đỉnh.
q2_3_4_page_312-0006,"Đầu đó: xích tiểu đậu, Bản thảo chép: tên là xích đậu, thân cao chừng một thước, lá hơi tròn, hoa như hoa đậu đũa mà nhỏ, quả dài 2, 3 tấc, lúc quả vàng thì hái về nấu với cá chép, để ăn, chữa bệnh cước khí và bệnh phù thũng."
q2_3_4_page_312-0007,"Cứu hoang bản thảo nói: hái đọt non sao chín, dùng nước rửa sạch, trộn dầu muối để ăn, sáng mắt ra."
q2_3_4_page_312-0008,Quả đậu cũng có thể luộc ăn được.
q2_3_4_page_312-0009,"Lại một phương pháp nữa: đậu đỏ một cân rưỡi sao lên, đậu nành một cân rưỡi sao lên, hai vị giã nhỏ trộn lẫn, mỗi lần dùng một cáp uống với nước trong, mỗi ngày uống 3 lần, uống hết 3 cân có thể giữ được 10 ngày không đói."
q2_3_4_page_312-0010,"Lại một thuyết: ăn tiểu đậu, sẽ trừ hết nhớt rãi, lợi tiểu tiện, nhưng dùng nhiều sẽ bị hư háo, gây còm và khô táo."
q2_3_4_page_313-0001,"Đậu cót: uyển đậu, hột đậu có vần."
q2_3_4_page_313-0002,"Bản thảo chép là hồ đậu, là hồi hột đậu, là thành ban đậu, hột tròn như viên thuốc, hoặc luộc, hoặc rang ăn đều ngon, giã làm bột rất trắng, có thể chữa được bệnh khát, luộc ăn."
q2_3_4_page_313-0003,"Đậu đũa: giang đậu, lại gọi là đậu leo."
q2_3_4_page_313-0004,"Bản thảo chép là hàng song, nợi nào cũng có."
q2_3_4_page_313-0005,"Dây đậu bò lan dài hơn một trượng, hoa có hai sắc đỏ và trắng, quả có nhiều sắc trắng, hồng, đỏ, tía và sặc sỡ, có quả dài đến 2 thước, non dùng làm rau, già hái để lấy hột."
q2_3_4_page_313-0006,"Đậu này có thể ăn thay rau, ăn quả thay gạo, công dụng rất nhiều."
q2_3_4_page_313-0007,"Là thượng phẩm trong loài đậu, lại có công hiệu lý bổ trung ích khí, bổ thận kiện vị."
q2_3_4_page_313-0008,"Cứu hoang bản thảo nói: hái đọt non sao chín rửa sạch, rồi trộn với dầu muối để ăn; lại ăn quả non sao chín, cũng có thể cứu đói."
q2_3_4_page_313-0009,"Đầu dao: đao đầu, cũng gọi là đầu gươm."
q2_3_4_page_313-0010,"Theo Bản thảo còn có tên là hiệp kiếm đầu, dây đầu bò lan đến 1, 2 trượng, lá giống lá đầu đũa nhưng dài và to hơn một chút, nở hoa tía như hình con ngài."
q2_3_4_page_313-0011,"Quả dài đến hàng thước, tựa như quả bồ kết, hình dẹp mà có xương sống thành ba cạnh."
q2_3_4_page_313-0012,"Quả non luộc ăn với tương hoặc mật đều ngon, quả già thì bóc lấy hột, hột đầu to bằng đầu ngón tay, sắc đỏ nhợt, nấu với thịt gà, thịt lợn ăn rất ngon, có thể lợi trường vị, chữa được ách nghịch (bệnh nấc), ích thận và bổ nguyên khí."
q2_3_4_page_313-0013,"Cứu hoang bản thảo nói: hái đọt và lá non xào chín rửa sạch, rồi trộn dầu muối để ăn; quả đậu non thì luộc ăn, chín thì bóc lấy hột nấu ăn, hoặc giã làm bột cũng được."
q2_3_4_page_313-0014,"Đậu quyên: quyên đậu, dây leo, quả giống quả đậu ván mà to hơn, có hai loại đen và trắng, luộc chín trộn dầu muối ăn rất ngon."
q2_3_4_page_313-0015,"Đậu túi: hà bao đậu, dây leo, quả như hình cái túi, nên gọi thế, quả có lông."
q2_3_4_page_313-0016,Đậu mèo: miêu đầu (theo Cương mục).
q2_3_4_page_313-0017,"Theo Bản thảo, thì có tên là lê đậu, tên nữa là hổ đậu, dây leo."
q2_3_4_page_313-0018,"Lá giống lá đậu đũa, hoa nở thành cụm vào tháng 6 tháng 7, sắc tía, giống hoa đậu ván."
q2_3_4_page_313-0019,"Mỗi đốt dây có hơn mười quả, dài đến 3, 4 tấc, lớn như ngón tay cái, hột như hột đậu dao, có vần lốm đốm như vần mèo, luộc xong bỏ nước đen đi, rồi đem nấu lẫn với thịt gà hoặc thịt lợn, vị rất ngon."
q2_3_4_page_313-0020,"Đậu cua: giải đậu (vâng mệnh chép tên chữ Hán), dây leo, quả như quả đậu xanh; hột đậu vàng, lại có một loại gọi là đậu tầm, có thể hòa tạng và bổ tì."
q2_3_4_page_313-0021,"Đậu móng chim: điểu trảo đậu, dây leo, quả dài vài ba tấc, hình dáng như móng chim nên gọi thế, vị rất ngon."
q2_3_4_page_314-0001,"Đậu xương rồng: long cốt đậu, quả to bằng cổ tay trẻ con, dài 5 tấc, có 4 cạnh, vị ngon."
q2_3_4_page_314-0002,"Mười bảy loại đậu ở trên, các tỉnh đều có."
q2_3_4_page_315-0001,LOAI RAU
q2_3_4_page_315-0002,Hanh: thông (theo Cương mục).
q2_3_4_page_315-0003,"Theo Bản thảo thì dọc hành gọi là thái bá, là hòa sự thảo, là lộc thai, tính chất hay phát tán, chữa bệnh nhức đầu."
q2_3_4_page_315-0004,"Năm Minh Mệnh thứ 17, khắc hình tượng vào Cao đỉnh."
q2_3_4_page_315-0005,"Lại có một loại gọi là dương thông (hành tây). vì ở Tây Dương đem sang, nên gọi thế."
q2_3_4_page_315-0006,"Có hai loại đỏ và trắng, củ lớn bằng năm tay, khi củ đã già thi trong ruột nầy mầm, rồi trổ vọt lên một cái nốn, đầu nốn nở chùm hoa nhỏ sắc trắng, kết hạt đen như hạt thi là."
q2_3_4_page_315-0007,"Theo lời chú giải trong bài thơ vịnh ""Hành tây"" của Minh Mệnh ngự chế, thì thứ hành này ngon He: cửu, theo Bdn thảo thì có tên gọi là chung ""nhũ, là khởi dương thảo."
q2_3_4_page_315-0008,"Lễ ký gọi là phong bản có thể chữa được chứng mộng tinh, di tỉnh và đau lưng."
q2_3_4_page_315-0009,"Năm Minh Mệnh thứ 17, khắc hình tượng Kiệu: giới, theo Bồn thdo thì có tên là hỏa thông 14 thái chi."
q2_3_4_page_315-0010,Có thể lợi thủy và cố trường.
q2_3_4_page_315-0011,Năm Minh Mệnh thứ 17 khắc hình tượng vào Chương đỉnh.
q2_3_4_page_315-0012,"Tỏi: toán, có hai loại lớn và nhỏ, củ lớn gọi là tỏi, củ nhỏ gọi là niéng."
q2_3_4_page_315-0013,"Theo Bdn thảo thì tỏi nhỏ gọi là huân thái, tỏi lớn gọi là hồ."
q2_3_4_page_315-0014,Năm Minh Mệnh thứ 17 khắc hình tượng vào Huyền đỉnh.
q2_3_4_page_316-0001,"Tôi lai: lão nhai toản, theo Bdn thảo có tên là 6 toán, là thạch toán, là thủy ma, những chỗ ẩm thấp đều có."
q2_3_4_page_316-0002,"Hoa nở sáu cánh sắc hồng như hoa sơn đơn, củ như củ tồi, củ nào vỏ đỏ thịt trắng thì hơi có độc, thế mà Cứu hoang bản thảo nói củ này có thể sao đi, rồi ngâm vào nước sôi để ăn, chỉ để cứu hoang mà thôi."
q2_3_4_page_316-0003,"Rau húng: nhẫm, có một loại lá tía, gọi là quế nhẫm, vị thơm hắc, tục gọi húng quế."
q2_3_4_page_316-0004,"Sáu loại kể trên, các tỉnh đều có."
q2_3_4_page_316-0005,"Rau cdi: giới, chủng loại rất nhiều."
q2_3_4_page_316-0006,"Bản thảo chép rằng: xét Tự thuyết của Vương An Thạch thì chữ ""giới"" có nghĩa là ngăn, vì thứ rau này khiến ra mồ hôi, tan khi tà, ngăn ngừa được bệnh cho mình."
q2_3_4_page_316-0007,"Có thể khoan trương, yên thận vào long đờm."
q2_3_4_page_316-0008,Năm Minh Mệnh thứ 17 khắc hình tượng vào Nghị đính.
q2_3_4_page_316-0009,"Cải củ: la bạc, Bản thảo gọi là lai bặc, củ và lá có thể ăn sống, ăn chín, làm dưa, phơi khô, ngâm tương, ngâm giấm, làm đường và ăn trừ bữa, là một thứ rất ích lợi trong loài rau."
q2_3_4_page_316-0010,"Về phần chữa bệnh thì có thể làm long đờm, tán phong, trị bệnh ly, hạt cải chữa mụn lở và đại tiểu tiện không thông."
q2_3_4_page_316-0011,"Cải vân đài vân đài giới, Bản thảo gọi là hàn thái, [2 hồ thái, là đài thái."
q2_3_4_page_316-0012,"Lý Thuy Trân nói: giống rau này mềm, dễ nay be, trầy lấy be mà ăn, tất nó sẽ nảy nhiều nhánh nên gọi là vân đài."
q2_3_4_page_317-0001,"Hột cải bốc: bạch giới tử, Bản thảo gọi là hồ giới, là thục giới, loại cải này đem từ đất Hồ Nhung về mà trồng nhiều ở đất Thục nên gọi như thế, tháng 3 nở hoa vàng trắng."
q2_3_4_page_317-0002,"Lại có loài thân như dọc cải, hạt như hạt kê, sắc vàng và trắng, lại có một loại thân to mà ruột đặc, rất cao, hạt cũng lớn, thứ rau này tuy thuộc loài cải, mà là một loại riêng."
q2_3_4_page_317-0003,"Có thể làm long đồm, tiêu thũng và khỏi đau."
q2_3_4_page_317-0004,"Gừng: khương, Bản thảo nói có thể trừ được khí tà nên gọi là khương."
q2_3_4_page_317-0005,"Củ non gọi là tử khương, nhào với mật rất gon, củ già gọi là mẫu khương, can khương."
q2_3_4_page_317-0006,Năm Minh Mệnh thứ 17 khắc hình tượng vào Tuyên đỉnh.
q2_3_4_page_317-0007,"Ngò: hồ tuy, cũng gọi là hột mùi, Bản thảo gọi là hương tuy, có thể trừ đậu và chữa mụn lỏ."
q2_3_4_page_317-0008,"Thì là: tiểu hồi hương, Bản thảo cũng gọi là thì là; có thể bổ thận, kiện tỳ và trừ được bệnh đầy bụng."
q2_3_4_page_317-0009,"Cứu hoang bản thảo nói: hái lá cây này luộc chín rồi thay nước khác rửa cho sạch, trộn với dầu muối để ăn; hạt dùng để gia vị các món ăn, rất thơm."
q2_3_4_page_317-0010,"Rau bổng ngọt: đông phong thái, cũng gọi là rau ngót."
q2_3_4_page_317-0011,"Bản thảo gọi là đông phong (gió phương đông) và ghi rằng thứ rau này sinh trước mùa xuân, nên có tên là đông phong."
q2_3_4_page_317-0012,"Lại có sách chép là đông phong (gió mùa đông) ý nói thứ rau này cảm khí mùa đông mà sinh, lá non dùng nấu canh ăn rất ngon, hoặc giã lấy nước hòa vào gạo nếp để gói bánh, sắc bánh cũng đẹp."
q2_3_4_page_317-0013,"Rau muống: úng thái, tính thanh, vị ngọt, có thể giải được các chất độc, là một thứ rau lạ của phương Nam, giống rau này rất dễ trồng, trồng dưới nước hoặc trên cạn đều được cả."
q2_3_4_page_317-0014,"Bản thảo nói rau này chữa được chứng khó để; lại có một loại là hải úng, tục gọi rau muống bể, mọc ở bãi biển, vị đắng không ăn được, có thể trị chứng đau lừng và chứng phong thấp."
q2_3_4_page_317-0015,"Rau giền trắng: hiện, có tính sát trùng, chữa mụn lở sơn và chữa vết rắn cắn; lại có một loài tử hiện, tục gọi rau giền đỏ, có thể chữa bệnh cũng như rau giền trắng."
q2_3_4_page_317-0016,"Cứu hoang bản thảo nói: hái đọt và lá đem luộc chín, rửa sạch, trộn với dầu muối để ăn, hoặc phơi khôi rồi xào ăn cũng ngon."
q2_3_4_page_317-0017,"Rau sam: mã xỉ hiện, có hai loại lá lớn và lá nhỏ."
q2_3_4_page_317-0018,"Bản thảo nói rau này có công dụng sát trùng, tiêu thủng và chữa bệnh đau mất đỏ."
q2_3_4_page_317-0019,"Cứu hoang bản thảo nói: lấy đọt và lá đem rửa sạch, phơi khô, rồi sao cho chín, trộn với dầu muối để ăn."
q2_3_4_page_317-0020,"Hào cửu ngũ quẻ Khoái trong Kinh dịch chép: ""Hiện lục khoái"", lại chua: hiện lục nay là mã xỉ hiện, cảm nhiều khí âm."
q2_3_4_page_317_318-0001,"Tương truyền trị bệnh lở, lấy rau mùa đông mà sinh, lá non dùng nấu canh ăn rất ngon, hoặc giã lấy nước hòa vào gạo nếp để gói bánh, sắc bánh cũng đẹp."
q2_3_4_page_318-0001,"Rau muống: úng thái, tính thanh, vị ngọt, có thể giải được các chất độc, là một thứ rau lạ của phương Nam, giống rau này rất dễ trồng, trồng dưới nước hoặc trên cạn đều được cả."
q2_3_4_page_318-0002,"Bản thảo nói rau này chữa được chứng khó để; lại có một loại là hải úng, tục gọi rau muống bể, mọc ở bãi biển, vị đắng không ăn được, có thể trị chứng đau lừng và chứng phong thấp."
q2_3_4_page_318-0003,"Rau giền trắng: hiện, có tính sát trùng, chữa mụn lở sơn và chữa vết rắn cắn; lại có một loài tử hiện, tục gọi rau giền đỏ, có thể chữa bệnh cũng như rau giền trắng."
q2_3_4_page_318-0004,"Cứu hoang bản thảo nói: hái đọt và lá đem luộc chín, rửa sạch, trộn với dầu muối để ăn, hoặc phơi khôi rồi xào ăn cũng ngon."
q2_3_4_page_318-0005,"Rau sam: mã xỉ hiện, có hai loại lá lớn và lá nhỏ."
q2_3_4_page_318-0006,"Bản thảo nói rau này có công dụng sát trùng, tiêu thủng và chữa bệnh đau mất đỏ."
q2_3_4_page_318-0007,"Cứu hoang bản thảo nói: lấy đọt và lá đem rửa sạch, phơi khô, rồi sao cho chín, trộn với dầu muối để ăn."
q2_3_4_page_318-0008,"Hào cửu ngũ quẻ Khoái trong Kinh dịch chép: ""Hiện lục khoái"", lại chua: hiện lục nay là mã xỉ hiện, cảm nhiều khí âm."
q2_3_4_page_318_319-0001,"Tương truyền trị bệnh lở, lấy rau sam, thuốc lào và lá cây thài lài giã lẫn với nhau, lọc lấy nước cô lại cho đặc, hòa lẫn với giấm, bôi vào chỗ lở, sẽ công hiệu."
q2_3_4_page_319-0001,Rau diếp cá: ngư tanh thái.
q2_3_4_page_319-0002,"Bản thảo gọi là trấp, có thể chữa bệnh đau răng và sốt rét."
q2_3_4_page_319-0003,"Rau diếp: khổ cử, Bản thảo chép là thiên hương thái có thể tri được mun nhot ác tính lá nó Tính dầu lạnh nhưng rất bổ ích, ăn lâu nhẹ mình ít ngủ ít, điều hòa mười hai kinh lạc, lợi ngũ tạng, không nên ăn lẫn với tiết, sẽ sinh bệnh trĩ; có thuyết nói không nên ăn với mật."
q2_3_4_page_319-0004,"Rau đắng: khổ thái, Thiên Nguyệt lệnh sách Lễ ký nói ""Khổ thái tú"" (rau đắng tươi tốt), tức rau này."
q2_3_4_page_319-0005,"Bản thảo nói: ""Người ta ăn khổ thái và long quỳ thì không ngủ được"", nên lại có tên là ""khước thụy thảo""."
q2_3_4_page_319-0006,"Lời chua về thảo mộc trong Ly tao nói: xét Dịch thông quái nghiệm nguyên đổ thì khổ thái sinh từ cuối mùa thu, qua mùa đông, đến mùa xuân mới thành cây, lá như lá rau diếp mà nhỏ, bẻ ra trong có nước trăng trắng, hoa vàng như hoa cúc, mọc ở khắp mọi nơi."
q2_3_4_page_319-0007,"Các thuyết, chưa biết thuyết nào là đúng."
q2_3_4_page_320-0001,"Rau hién: huyén, Bdn thdo goi 1a vong ưu, là nghi nam, là đàn cức, hoa của nó tục gọi là kim trâm, lá non có thể ăn được."
q2_3_4_page_320-0002,"Kinh Thi nói: ""Yên đắc nguyên thảo, ngôn thụ chi bối"" (mong sao được rau huyện, để trồng ở phía bắc nhà) tức là rau này, Cứu hoang bản thảo nói: hái đọt và lá non luộc chín, rửa sạch rồi trộn dầu muối để ăn."
q2_3_4_page_320-0003,"Quân phương phủ nói: khi trồng, nên chọn cây nào gốc trồi lên trên, lá quay xuống đất mà trồng thì nảy mầm nhiều lắm."
q2_3_4_page_320-0004,"Bạc hà: có loại lá dài và loại lá tròn, Bản thảo công dụng tiêu đờm và chữa chứng nhức đầu."
q2_3_4_page_320-0005,"Cứu gọi là tô lan, là nam bạc hà, là kim tiền bạc hà, hoang bản thảo nói: hái đọt và lá luộc chín, bỏ nước đắng đi rồi trộn dầu muối để ăn, làm dưa lẫn với củ kiệu cũng được, nấu nước lá khô rồi hòa với rượu để uống, hoặc nấu nước uống thay trà cũng được cả nhưng người mới ốm khỏi không nên uống, vì uống sẽ bị đổ mổ hôi trộm nhiều."
q2_3_4_page_320-0006,"Mèo ăn phải bị say, đồ là do vật lý cảm ứng."
q2_3_4_page_320-0007,"Lại ở Tây Dương có một loại riêng, thân cây và lá đều giống nam bạc hà, nhưng vị thơm hắc hơn, dùng để cất dầu gọi là dầu măng tà, chữa các chứng phong hàn, nhức đầu, đau bụng v v có công hiệu ngay; lại có một loại khoai bạc hà, lá giống lá khoai nước mà rất mỏng, thân cây dùng làm rau sống hoặc xào cũng được, tục gọi là khoai ăn dọc."
q2_3_4_page_321-0001,"Rau câu: thạch hoa thái, Bản thảo gọi là quỳnh chi là kê cước thái mọc ở biển, giống như san hô có sắc đỏ và trắng; trên cành có răng nhỏ, dầm với giấm gừng ăn rất ngon, hoặc nấu thành thạch ăn với nước đường, có thể giải được phù nhiệt ở thượng tiêu."
q2_3_4_page_321-0002,"Rau mật bến: tử thái, Bản thảo gọi là tử nhuyễn sinh ở biển, bám vào đá để sống, sắc xanh thẫm, lá lốn mà mỏng, người gần biển thường hái nặn thành hình cái bánh, phơi khô đem bán, có thể trị bệnh đơn chân."
q2_3_4_page_321-0003,"Hai thứ rau câu và rau mật bến, các tỉnh gần biển đều có."
q2_3_4_page_321-0004,"Tử tô: Bản thảo gọi là xích tô, lá dùng ăn sống hoặc nấu canh, có thể trị được chất độc cá và ba ba; lại có một loại gọi là bạch tô, lá hai mặt đều trắng, về loại rau húng."
q2_3_4_page_321-0005,"Cứu hoang bản thảo nói: lá tử tô dùng xào ăn, hoặc nấu ăn đều được, hạt tử tô nghiên lấy nước nấu cháo ăn cũng ngon."
q2_3_4_page_321-0006,Năm Minh Mệnh thứ 17 khắc hình tượng vào Dụ đỉnh.
q2_3_4_page_321-0007,"Rau rút: thuần, Bản thảo chép là thủy quỳ; Tẻ dân yếu thuật nói: rau này tính thuần hòa dễ sinh nên gọi là thuần, sống theo dòng nước."
q2_3_4_page_321-0008,"Kinh Thi nói: ""Bạc thái kỳ mão"", mão tức là rau thuần, có thể thanh nhiệt và lợi trường."
q2_3_4_page_321-0009,"Xét: rau thuần phương Nam lá nhỏ, giống lá cây hổ người, rau thuần phương Bắc lá to như móng ngựa mà tròn, có lẽ là loại khác; hay là vì phương Nam phương Bắc khí hậu không giống nhau chăng?"
q2_3_4_page_321-0010,Vậy chép ra đây để phòng tham khảo.
q2_3_4_page_321-0011,"Rau cén: Bản thảo gọi là thủy anh, là sở quỳ có hai loại cần nước và cần cạn, dùng để ăn sống hoặc muối dưa đều được, có công dụng dưỡng huyết lợi trường."
q2_3_4_page_321-0012,"Rau mác: xước thái sinh dưới nước, Bản thảo chép là minh thái, là xước thái."
q2_3_4_page_321_322-0001,"Nam phương thảo mộc trạng của Kê Hàm nhà Tấn nói: xước thảo sinh ở ao hồ, lá giống lá từ tô, củ như ngó sen, ăn rau này sinh ra buồn ngủ nên gọi là minh thái."
q2_3_4_page_322-0001,"Rau tềm tơi: lạc quỳ, Bản thảo gọi là chung qùy, là yên chỉ thái, chỗ nào cũng có, dây leo ở dậu thưa, lá dày mà nhấn, có thể dùng để nấu canh, hạt lớn như hạt ngũ vị, vắt ra có nước tia."
q2_3_4_page_322-0002,"Tương truyền nếu đốt ngón tay bị nhọt độc, thì giã lá cây này, hòa chút ít muối vào mà rịt sẽ có công hiệu."
q2_3_4_page_322-0003,"Rau mơ: la ma, Bản thảo gọi là bông lan."
q2_3_4_page_322-0004,"Kinh Thi nói: ""Bông lan chi chi"" tức là rau này, sách ấy lại chua rằng: bông lan có tên là la ma."
q2_3_4_page_322-0005,"Rau này có dây leo xa, bẻ ra có nước trăng trắng, có thể ăn sống cũng có thể xào để ăn."
q2_3_4_page_322-0006,"Ngạn ngữ nói: ""Ngàn dặm xa nhà, đừng ăn củ kỷ cùng là rau mơ"", ý nói rau này có công dụng ích tính cường dương."
q2_3_4_page_323-0001,"Hai mươi hai loại rau trên, các tỉnh đều có."
q2_3_4_page_323-0002,"Rau màn màn: mạn mạn thái, thuộc loài rau cải, có thể muối dưa, lá màn màn, có thể chữa nhức đầu, giã nát ra hòa lẫn chút muối, gián vào huyệt thái dương, có công hiệu ngay."
q2_3_4_page_323-0003,"Rau mảnh bát: bạch anh thái, Bản thảo gọi là bạch thảo dây leo, lá có ba khía, hoa trắng, vị thanh đạm và ngọt, dùng để nấu canh, hạt gọi là quỷ mục (mắt ma), lớn bằng ngón tay, chưa chín có sắc xanh, khi chín có sắc đỏ; chưa chín thì nhào với mật để ăn, chín thì trẻ con cũng hái ăn."
q2_3_4_page_323-0004,"Rau xương sông hoạt lộc thái, thân cây mọc thẳng, ngọn cây trổ ra cành lá, nở hoa nhỏ, hạt như hạt hạc sắt, có tơ như bông, lá có răng cưa, vị thơm hắc, có thể dùng làm rau sống."
q2_3_4_page_323-0005,"Tương truyền, trẻ con ho thì hái lá xương sông giã lấy nước, đun sôi cho uống sẽ khỏi."
q2_3_4_page_323-0006,"Bản thảo gọi là thiên thạch tinh, Dậu dương tạp trở gọi là lưu hoạch thảo, lại có tên nữa là hoạt lộc thảo."
q2_3_4_page_323-0007,"Giữa đời Tống Nguyên Gia (1), Lưu Hoạch, người Thanh Châu, bắt được một con nai, mổ ngũ tạng con nai đem thứ cỏ này nhét đẩy vào, con nai liền vùng đứng dậy."
q2_3_4_page_323_324-0001,"Lưu Hoạch lấy làm lạ bèn moi cỏ trong bụng nai ra thì nai lại ngã (1) Tổng Nguyên Gia: niên hiệu của Tổng Văn Đế (424-453) thời Nam Bắc Triều, xuống, ba lần nhét cỏ vào, moi cỏ ra đều như thế cả."
q2_3_4_page_324-0001,Lưu Hoạch bèn lấy cỏ ấy về trồng.
q2_3_4_page_324-0002,Công dung của cỏ này là chữa được gay xương và thương tích tục gọi là Lưu hoạch thảo.
q2_3_4_page_324-0003,"Rau tên: tần thái, cũng gọi là dai bi, Bản thảo gọi là tần địch lê, vị thơm, có thể dùng để ăn sống."
q2_3_4_page_324-0004,"Tục nói, rau tần gỏi vược là vị ngon."
q2_3_4_page_324-0005,"Rau độc vừng: a lê thái, dùng ăn sống."
q2_3_4_page_324-0006,"Cải tền ô: đồng cao, tục gọi cải cúc, dùng ăn sống hoặc nấu canh đều ngon."
q2_3_4_page_324-0007,"Bản thảo gọi là bồng cao, hoa sắc vàng như hoa cúc."
q2_3_4_page_324-0008,"Gién gai: try hiện, mầm cây có nhiều gai, khi non có thể luộc ăn, cũng dùng để nuôi lợn."
q2_3_4_page_324-0009,Cứu hoang bản thảo nói: mùa he hái về luộc ăn cũng như rau giền nhà trồng.
q2_3_4_page_324-0010,Bảy loại rau trên các tỉnh đều có.
q2_3_4_page_324-0011,"Củ môn hay khoai môn vu, Bản thảo gọi là thổ chi, là tồn chi, chủng loại rất nhiều."
q2_3_4_page_324-0012,"Gia Định thông chí chép: ở nơi gò đống có cam vu (môn ngọt), lạp vu (môn sáp), xích vu (môn đỏ)."
q2_3_4_page_324-0013,"Ở nơi chằm phá có thủy vu (môn nước), hổ vu (môn hổ), khương vu (môn riéng), tử vu (môn tía), bạch vu (môn trắng) v v."
q2_3_4_page_324-0014,"Cứu hoang bản thảo nói: môn có 6 loại: thanh vu (môn xanh) củ nhỏ và dài, có nhiều độc, bắt đầu phải luộc bằng nước tro, rồi thay nước khác luộc cho thật chín, mới có thể ăn được; bạch vu (môn trắng), chân vu (2) liên thiền vu (? ), tử vu (môn tía), ít độc, nướng hoặc luộc đều được, nên ăn nguội có thể chữa bệnh nhiệt và chỉ khát; còn dã vu (môn dại) độc lắm, không ăn được."
q2_3_4_page_324-0015,"Khoai từ: thổ vu, Bản thảo gọi là thổ noãn, là hoàng độc, có thể trừ nhiệt, chữa ho và giải độc."
q2_3_4_page_324-0016,"Ci mài: thự dư, Bản thảo gọi là sơn dược, là ngọc điên, hoặc giã bột nấu cháo, hoặc thái ra từng phiến nấu chè mật, đều ngon, củ nào sinh ở trên dây gọi là linh dư tử."
q2_3_4_page_324-0017,"Vị củ mài ngon hơn khoai, có thể dưỡng tâm, bổ thận và lợi tì vị."
q2_3_4_page_324-0018,"Cứu hoang bản thảo nói: củ mài thổi xôi ăn rất ngon, nước, nấu xào luộc đều được cả."
q2_3_4_page_324-0019,"Khoai lang: phiên thự, có hai loại, đỏ và trắng luộc hoặc phơi khô đều có thể ăn trừ bữa được."
q2_3_4_page_324-0020,"Lời chua về cam thự trong Loại dịch vật bộ nói: khoai lang hình tròn mà dài, vị rất ngọt, khoai rừng vị hơi kém."
q2_3_4_page_324-0021,Vân đài loại ngữ chép: có người nói thứ khoai này đến từ Lữ Tống.
q2_3_4_page_325-0001,"Củ đậu: đậu thự, đây eo, có quả như đậu vấn nhưng quả có chất độc không ăn được, củ như củ cải, sắc trắng, vị ngọt, xào với mỡ và muối hoặc phơi khô ăn dần, đều tốt."
q2_3_4_page_326-0001,"Khoai tía: cam chư, Thực vật bản thảo nói: hình như gan lợn, củ lớn nặng đến hơn."
q2_3_4_page_326-0002,"10 cân, cao vỏ thấy có sắc tía, ăn có vị thơm ngon."
q2_3_4_page_326-0003,"Lại có tên là can chư, có thể ăn trừ bữa rất bổ ích; lại có một loại gọi là khoai thốc, thịt trắng, vị lớ ngọt, cũng to bằng khoai tía."
q2_3_4_page_326-0004,"Măng tre: trúc duẫn, Bản thảo, Lục Điền nói: trong một tuần là măng, ngoài một tuần là trúc, Mao Thi nói: ""Kỳ tốc y hà?"
q2_3_4_page_326-0005,"Duy duẫn cập bỏ"" (nghĩa là dùng thứ gì làm rau?"
q2_3_4_page_326-0006,Có măng và cỏ bỏ).
q2_3_4_page_326-0007,Duẫn tức là măng tre.
q2_3_4_page_326-0008,"Cũng gọi là măng cây sản xuất ở Tùng Luật Quảng Trị là tốt nhất, vị ngọt tươi khô đều tốt, chủ trị giảng hỏa và tiêu đàm."
q2_3_4_page_326-0009,"Cứu hoang bản thảo nói: lấy măng non luộc chín, trộn mỡ và muối, hoặc thui qua, hoặc phơi khô nấu ăn cũng ngon."
q2_3_4_page_326-0010,"Quả cà: gia, có mấy thứ lớn nhỏ, xanh, trắng, tía."
q2_3_4_page_326-0011,"Bản thảo gọi là côn lôn qua, là thảo miết giáp."
q2_3_4_page_326-0012,"Lĩnh biểu lục của Lưu Tuân nói: hái lá cà rắc trên mặt đường, rồi rắc tro quây lại thì quả cà tốt sai, gọi là giá gia (cưới cà)."
q2_3_4_page_326-0013,"Có thể chữa được chứng phù thũng, lại có một loại thủy gia, tục gọi là cà giái dê, hình tròn mà dài độ 3, 4 tấc, có hai thứ tía và trắng; lại có một loại cà chua, dây leo, hình tròn, sắc xanh."
q2_3_4_page_326-0014,"Quả bầu: hồ lô, Bản thảo gọi là hồ qua, là biểu qua, thuộc về loại bầu."
q2_3_4_page_326-0015,"Đã có thể nấu chín để ăn, lại có thể phơi khô để làm đồ dùng."
q2_3_4_page_326-0016,"Quả lớn làm ống, làm ang, quả nhỏ làm chén, bát, làm phao để bơi, làm sinh để tấu nhạc; vỏ và ruột dùng để nuôi lợn; hột dùng để đốt đuốc; ích lợi rất rộng, chủng loại rất nhiều, lại có thể chữa mụn lở và bệnh phù."
q2_3_4_page_326-0017,"Bí đao: đóng qua, Bản thảo gọi là bạch qua, là thủy chi, là địa chi, vườn tược các nơi đều có trồng, dây leo, đọt và lá đều có lông nhong, Quả trắng như bông có thể dùng để phiếu đồ mặc, thịt dùng để nấu canh, làm mứt; nhân trong hạt cũng có thể ăn được."
q2_3_4_page_326-0018,"Bí đao có công dụng vừa làm rau, vừa làm quả; có thể giải khát và tiêu thũng."
q2_3_4_page_326-0019,"Khi hái quả, kiêng rượu, sơn, xạ và cơm nếp, nếu đụng phải các thứ ấy quả tất bị thối."
q2_3_4_page_326-0020,"Dưa hấu: tây qua, quả to là dưa hấu, quả nhỏ là dưa hồng, cùng một loại mà hai thứ."
q2_3_4_page_326-0021,"Bản thảo gọi là hàn qua, thuộc loại quả; có thể chỉ khát, thông tiểu tiện và chữa tê thấp."
q2_3_4_page_326-0022,"Dưa đá: điểm qua, Bản thảo gọi là cam qua, chép vào loại quả, có thể chỉ khát và lợi tiểu tiện."
q2_3_4_page_327-0001,"Bí ngô: nam qua, Bản thảo nói rằng ngoài vỏ có khía, thịt vàng, không ăn sống được, khi ăn gọt vỏ và bỏ hột đi, vị như củ mài, có thể bổ trung ích khí."
q2_3_4_page_328-0001,"Dưa gang: việt qua, Bản thảo gọi là sao qua, là thái qua, sắc xanh và trắng, dùng ăn sống, làm dưa, làm mứt và ngâm giấm đều được cả."
q2_3_4_page_328-0002,Có thể dã rượu chữa bệnh cam và mụn lỏ.
q2_3_4_page_328-0003,"Dưa bà cai: hồ qua, sắc xanh và vàng, vỏ có nhiều gai."
q2_3_4_page_328-0004,"Bản thảo gọi là hoàng qua, có thể chữa đau mắt đỏ và vết thương đòn, lại có loại dưa chuột hột cũng như hột dưa bà cai nhưng nhỏ hơn, ăn sống hoặc chín đều được."
q2_3_4_page_328-0005,"Quả mướp: tỳ qua, Bản thảo gọi là thiên la qua, là man qua, có thể tiêu đồm chữa mụn nhọt và phù thũng."
q2_3_4_page_328-0006,"Cứu hoang bản thảo nói: hai quả mướp non thái nhỏ, nấu chín ngâm nước mà rửa, trộn dầu muối để ăn."
q2_3_4_page_328-0007,"Mướp đắng: khổ qua, Bản thảo chép là cẩm lệ chi, là lại bồ đào, ăn sống ăn chín đều được cả."
q2_3_4_page_328-0008,Có thể làm sáng mất và bổ khí lực.
q2_3_4_page_328-0009,Cứu hoang bản thảo nói: cẩm lệ chi lúc chín vàng ăn ruột.
q2_3_4_page_328-0010,"Mướp hổ: hổ qua, quả to bằng ngón tay cái, dài hơn một thước, vỏ có vần xanh, vị ngọt."
q2_3_4_page_328-0011,"Nấm thông: tùng tẩm, Bản thảo chép rằng nấm này mọc ở bóng cây thông, lúc nào cũng có thể hái được."
q2_3_4_page_328-0012,Phầm vật từ cây thông sinh ra đều đáng quý.
q2_3_4_page_329-0001,"Nấm hương: hương tẩm, tức là nấm cây phong."
q2_3_4_page_329-0002,"Bản thảo chép rằng nấm hương sinh trên thân cây phong mục ở trong núi sâu, nhỏ hơn nấm đất mà mỏng, sắc vàng và đen, vị rất thơm ngon."
q2_3_4_page_329-0003,"Là một phẩm vật quý nhúng nếu có rắn rết bò qua bên dưới thì có độc, ăn phải sẽ cưỡi mãi không thôi, lấy nước dây bí đao mà uống có thể giải được độc."
q2_3_4_page_329-0004,"Núi sâu ở các tỉnh đều có, nhiều nhất là ở Lạng Sơn."
q2_3_4_page_329-0005,"Nấm tai mèo: mộc nhĩ, Bản thảo gọi là mộc nậu, là mộc khuẩn, là mộc nga, phần nhiều sinh trên cây gỗ mục như cây dâu, cây hoè, cây du và cây liễu v v."
q2_3_4_page_329-0006,"Có thể dùng xào nấu với thịt lợn, thịt gà, vịt v v., lại có thể chữa bệnh chảy nước mắt và huyết ly."
q2_3_4_page_329-0007,"Nấm đất: thổ khuẩn, Bản thảo gọi là đỗ tẩm, là địa tẩm, là chương đầu."
q2_3_4_page_329-0008,"Nấm do đất mọc ra gọi là khuẩn, nấm do thân cây mọc ra gọi là nâu."
q2_3_4_page_329-0009,"Quách Phác nói: các thứ nấm do dưới đất mọc ra đều có công dụng chữa được mụn lở, thứ nấm đen mọc trên bãi phân trâu lại càng ngon; đất tro trên mặt đất, gặp mưa thu mọc thành nấm có hai đài gọi là tiên nhân mạo (mũ tiên), có công dụng chữa bệnh huyết."
q2_3_4_page_329-0010,"Người nào ăn phải nấm độc thì cười mãi không thôi, lấy lá chè đắng giã với phèn chua rồi hòa vào nước lã để uống sẽ khỏi."
q2_3_4_page_330-0001,"Nấm tràm: tràm tẩm, rừng có cây tràm hàng năm tháng 6 tháng 7 gặp mưa gốc cây mọc nấm, sắc tía và đen, vị hơi đắng cũng là một vật quý."
q2_3_4_page_330-0002,"Lại có một loại kê quan khuẩn, tục gọi nấm mồng gà sắc hơi đỏ, vị cũng ngon."
q2_3_4_page_330-0003,"Nấm voi: tượng khuẩn, người nài lấy cứt voi đem xuống sông rửa cho thật sạch hết mùi thối rồi đem về ủ bằng lá chuối, 7 ngày sau sẽ mọc nấm; vị ngọt và thanh đạm, bán cũng được đất tiền."
q2_3_4_page_330-0004,"Lại có một loài gọi là Mã bột, tục gọi là nấm củ."
q2_3_4_page_330-0005,"Bản thảo diễn nghĩa nói rằng mã bột có tên nữa là mả thí, lại có tên là ngưu niệu cô, sinh ở chỗ đất ẩm hoặc trên cây mục, mùa hạ mùa thu hái lấy, thứ lớn bằng trái đấu, thứ nhỏ cũng bằng cái thưng, cái thược."
q2_3_4_page_330-0006,"Hàn Thoái Chi nói: ""Ngưu sưu, mã bột"" đều hái lấy và chứa cất, tức là thứ nấm này."
q2_3_4_page_330-0007,"Công dụng có thể thanh phế, tán huyết nhiệt và bôi vết lở rất hay."
q2_3_4_page_330-0008,"Nấm mối: bạch nghĩ khuẩn, tổ mối ở dưới cây trúc, gặp mưa về mùa đông khí đất uất kết liền mọc nấm, sắc trắng, vị ngọt, thơm, ăn rất ngon."
q2_3_4_page_330-0009,"Bốn loại nấm từ nấm tràm trở xuống là theo tục mà gọi, các tỉnh đều có."
q2_3_4_page_331-0001,LOẠI HOA
q2_3_4_page_331-0002,"của Phạm Thành Lại nói: cây mai phong vận, đẹp mà cốt cách, cho nên cây nào có cành ngang thưa gây và cành già kỳ quái là quý hơn cả."
q2_3_4_page_331-0003,"Đến tiết các hoa nở, thì hoa mai nở trước tiên."
q2_3_4_page_331-0004,"Thơ của Vương Tăng nhà Tống có câu rằng: ""Tuyết trung vị luận điều canh sự, Tiên hướng bách hoa đầu thượng khai"" (nghĩa là: Chưa nói điều canh trong lúc tuyết, Hàng đầu nở trước các loại hoa) là ghi sự thực."
q2_3_4_page_331-0005,"Quả mai (mơ) vị chua, dùng để nêm canh, Thiên Duyệt Mệnh trong Kinh Thư nói: như điều canh, thì người như quả mai và muối, là thế."
q2_3_4_page_331-0006,"Phép chế bạch mai thì đem quả mai ướp muối mười ngày liền thành sắc trắng như sương, nên gọi là sương mai."
q2_3_4_page_331-0007,"Lại có một loại hồng mai hoa sắc đỏ, một loại ô mai hoa trắng, quả như quả nhãn."
q2_3_4_page_331-0008,"Hoa hoàng mai: tục gọi bông mai vàng, Bản thảo chép là lạp mai."
q2_3_4_page_331-0009,"Kính xét: bài thơ ""Vịnh hoàng mai"" trong Minh Mệnh thánh chế có lược chú rằng: thân cây cứng và thẳng, lá xanh lợt mà sáng mịn, nhọn dài, hoa có năm cánh, nhị như ngọc, lòng hoàng đàn, cũng giống mai trắng nhưng sắc vàng thẩm và thơm hơ."
q2_3_4_page_331-0010,"Khi hoa rụng thì cuống khô biến thành sắc hồng, lại giống như hoa, khác hẳn các loại hoa khác."
q2_3_4_page_331-0011,Mai vàng ở Sa Sơn đạo Quảng Trị có nhiều.
q2_3_4_page_331-0012,"Cứu hoang bản thảo nói: hái hoa luộc chín, rửa sạch, trộn dầu muối để ăn."
q2_3_4_page_332-0001,"Hoa hải đường kính xét bài thơ ""Vịnh hải đường"" trong Minh Mệnh thánh chế có lời chú rằng: theo Quản phương phả thì hải đường có bốn loại, là chiêm cánh, tây phủ, thuỳ lục và mộc qua."
q2_3_4_page_332-0002,"Ngoài ra lại có loại hoa vàng, loại hoa thơm nhưng đều là cành mềm, hoa nhỏ, hoặc sắc vàng, hoặc đỏ lợt, hoặc như yên chi, chỉ có mấy sắc ấy thôi."
q2_3_4_page_332-0003,"Hải đường phương nam thì cây cao, lá to vừa dài vừa nhọn, hoặc sắc đỏ tươi, ruột có nhị, cánh to mà dày, lúc nổ đẹp hơn hoa phù dung nên tục gọi là ""sen cạn""; so với hoa hải đường ở đất Thục thì đẹp hơn nhiều, tựa hồ phương Bắc không có giống hải đường này cho nên những lời trước thuật có khác."
q2_3_4_page_332-0004,"Còn như nói rằng ""hoa đẹp lá tươi, mềm mại như xử nữ, hay say như Dương Phi say, yếu điệu mại như Tây Tử"", thực chưa hình dung hết được vẻ đẹp của hoa ấy."
q2_3_4_page_332-0005,Năm Minh Mệnh thứ 17 khắc hình tượng vào Nghị đỉnh.
q2_3_4_page_332-0006,Lại có một loại gọi là Kim ty hải đường.
q2_3_4_page_332-0007,"Hoa phù dung: Bản thảo chép là mộc phù dung, lại có một loại là bắc phù dung lấy ở phương bắc về nên thêm chữ ""bắc"" để phân biệt với phù dung nước ta, cũng cùng một loại."
q2_3_4_page_332-0008,"Quân phương phả chép là mộc liên, là cự rương, trong khoảng tháng 8, tháng 9 lần lượt hoa nổ và tàn; lạnh mà cũng không rừng, không kết quả."
q2_3_4_page_332-0009,"Thơ của Bạch Lạc Thiên có câu: ""Mộc liên khai tận thủy liên khai"" (nghĩa là: sau khi hoa mộc liên nổ xong đến lượt thủy tiên nổ)."
q2_3_4_page_332-0010,"Nước ta, hoa phù dung đều nổ rộ về tháng 2, tháng 3 đến tháng 8, tháng 9 lại nổ."
q2_3_4_page_332-0011,"Kính xét: bài thơ ""Vịnh phù dung"" của Minh Mệnh thánh chế có câu rằng: ""Thu quang chiếm tân phục xuân quang"", (nghĩa là: chiếm hết quang cảnh thu lại chiếm quang cảnh xuân)."
q2_3_4_page_332-0012,"Lại có câu ""Ung doanh đào vãn tam phần sắc; thả nhượng liện tân nhất dạng hương"", (nghĩa là: được hơn đào muộn ba phần sắc, nhưng kém sen đầu một vị hương"", đều là ghi sự thực."
q2_3_4_page_332-0013,Công dụng có thể thanh phế điều kinh.
q2_3_4_page_332-0014,"Lại có một loại phù dung, buổi sáng nổ hoa trắng, nửa ngày sắc hơi đỏ, đến tối thì đỏ thầm, người ta gọi là ""tam sắc tuý phù dùng"" (phù dung say, biến ba sắc)."
q2_3_4_page_332_333-0001,"Xem lời chú bài thơ ""Thu thiên tức cảnh"" trong Minh Mệnh thánh chế, Loại dịch hoa sử chép rằng: ở Cùng Châu có lộng sắc mộc phù dung, ngày thứ nhất hoa trắng, ngày thứ bai đỏ nhợt, ngày thứ ba sắc vàng, ngày thứ tư sắc đỏ thầm, lúc rụng biến thành hoa tía, người ta gọi là ""văn quan hoa"", ta, cũng cùng một loại."
q2_3_4_page_333-0001,"Quân phương phả chép là mộc liên, là cự rương, trong khoảng tháng 8, tháng 9 lần lượt hoa nổ và tàn; lạnh mà cũng không rừng, không kết quả."
q2_3_4_page_333-0002,"Thơ của Bạch Lạc Thiên có câu: ""Mộc liên khai tận thủy liên khai"" (nghĩa là: sau khi hoa mộc liên nổ xong đến lượt thủy tiên nổ)."
q2_3_4_page_333-0003,"Nước ta, hoa phù dung đều nổ rộ về tháng 2, tháng 3 đến tháng 8, tháng 9 lại nổ."
q2_3_4_page_333-0004,"Kính xét: bài thơ ""Vịnh phù dung"" của Minh Mệnh thánh chế có câu rằng: ""Thu quang chiếm tân phục xuân quang"", (nghĩa là: chiếm hết quang cảnh thu lại chiếm quang cảnh xuân)."
q2_3_4_page_333-0005,"Lại có câu ""Ung doanh đào vãn tam phần sắc; thả nhượng liện tân nhất dạng hương"", (nghĩa là: được hơn đào muộn ba phần sắc, nhưng kém sen đầu một vị hương"", đều là ghi sự thực."
q2_3_4_page_333-0006,Công dụng có thể thanh phế điều kinh.
q2_3_4_page_333-0007,"Lại có một loại phù dung, buổi sáng nổ hoa trắng, nửa ngày sắc hơi đỏ, đến tối thì đỏ thầm, người ta gọi là ""tam sắc tuý phù dùng"" (phù dung say, biến ba sắc)."
q2_3_4_page_333-0008,"Xem lời chú bài thơ ""Thu thiên tức cảnh"" trong Minh Mệnh thánh chế, Loại dịch hoa sử chép rằng: ở Cùng Châu có lộng sắc mộc phù dung, ngày thứ nhất hoa trắng, ngày thứ bai đỏ nhợt, ngày thứ ba sắc vàng, ngày thứ tư sắc đỏ thầm, lúc rụng biến thành hoa tía, người ta gọi là ""văn quan hoa""."
q2_3_4_page_334-0001,"Hoa tân di: tục gọi cây da (đa) lông, Bản thảo gọi là hậu đào, là mộc bút, là nghinh xuân."
q2_3_4_page_334-0002,"Tháng 2 nổ hoa, lúc mới nảy ở đầu cành, búp hoa dài chừng nửa tấc mà đầu nhọn, trông hệt như ngòi bút, có lớp lớp lông nhung xanh vàng dài độ nửa phân."
q2_3_4_page_334-0003,"Đến lúc nổ hoa, trước còn nhỏ rồi lớn dần như cái chén, cánh hoa đỏ bừng, sắc như hoa sen, thơm như hoa lan."
q2_3_4_page_334-0004,"Lại có thứ vàng lợt, thứ đỏ thầm, cũng có thứ đỏ tươi như hoa đỗ quyên, tục gọi ""hồng thạch kiều"" là nó."
q2_3_4_page_334-0005,"Kính xét: bài thơ ""Vịnh hoa tân di"" của Minh Mệnh thánh chế có câu rằng: ""Hoa thần kình ngọc trần, Thiên nữ chước quỳnh tương"" (nghĩa là: thần trong hoa nâng chén ngọc, gái nhà trời rót quỳnh tương)."
q2_3_4_page_334-0006,"Lời chú giải về thảo mộc của Ly tao chép rằng, xét: Thục quốc đồ kinh nói: cây tân di cao vài ba nhận (1), lá giống lá cây hồng, hẹp mà dài, hoa sắc trắng pha tía, hoa rụng không có quả, đầu mùa hè lại trổ hoa như hình cái bút nhỏ."
q2_3_4_page_334-0007,"Lại có một loại tháng ba hoa nổ, tháng tư hoa rụng, quả đỏ như quả tương tự."
q2_3_4_page_334-0008,"Hoa đào: có mấy loại là vân đào, phỉ đào, mùa xuân nở hoa, có cây sắc hoa đỏ tươi, có cây sắc hoa trắng như tuyết, rưỡm rà đáng yêu."
q2_3_4_page_334-0009,(1) Nhận: đơn vị đo chiều cao đỡi xưa.
q2_3_4_page_335-0001,"Hoa giáp trúc đào: kính xét bài thơ ""Vịnh giáp trúc đào"" của Thiệu Trị thánh chế chú rằng: theo Quân phương phả, giáp trúc đào hoa năm cánh, đổ lợt, xinh đẹp như hoa đào, lá hẹp dài giống lá trúc nên gọi thế, từ mùa xuân đến mùa thu hoa nổ kế tiếp, đẹp đẽ đáng yêu."
q2_3_4_page_335-0002,"Hoa mộc tê: Bản thảo nói: cây mộc tê thuộc loài quế, vì thố gỗ như sừng tê nên gọi thế, hoa trắng và nhỏ, rất thơm."
q2_3_4_page_335-0003,"Có thể hoá đồm, nhuận phế và giải ôn độc."
q2_3_4_page_335-0004,Nam mẫu đơn: nguyên trước gọi hoa bông trang.
q2_3_4_page_335-0005,"Bản thảo chép là sơn đơn, Gia Định thông chí chép là dã mẫu đơn; Cách trí kính nguyên chép là phiên sơn đơn, cây cao 4, 5 thước, hoa rực rỡ đáng yêu."
q2_3_4_page_335-0006,"Hoa hạnh: Bản thảo chép là điềm mai, lá tròn mà có khía, tháng 2 nổ hoa đỏ; có nhiều loại: kim hạnh, sa hạnh, nại hạnh v v."
q2_3_4_page_335-0007,"Kính xét: tập thơ Minh Mệnh thánh chế, có bài ""Hạnh hoa sơ phóng"", đó là vật ở Thượng uyển, ở dân gian ít khi trông thấy."
q2_3_4_page_335-0008,Hoa hoàng hoa bút: (theo Thông chí).
q2_3_4_page_335-0009,"Tục gọi là bông sứ, cây cao hơn một trượng, lá dày, nhọn mà dài, hoa vàng nhợt, vị thơm nồng, lúc hoa mới nở búp như đầu ngòi bút nên gọi thế, thớ gỗ rắn dai, dùng làm dụng cụ rất tốt."
q2_3_4_page_335-0010,"Trong đời Minh Mệnh, Nguyễn Hữu Bình làm Tri huyện Phúc Chính (tỉnh Biên Hòa) đem dân lên núi lấy gỗ làm cột buôm, thấy lá cây biến thành chim cu còn bám ở trên cành, trông kỳ lạ là cây bông sứ, bắt lấy để ăn, vị rất ngon, vậy chép phụ ở đây để tham khảo."
q2_3_4_page_335-0011,Hoa thích đồng: (theo Cương mục).
q2_3_4_page_335-0012,Tục gọi hoa cây vông.
q2_3_4_page_335-0013,"Nam phương thảo mộc trạng chép rằng: cây này tháng 3 lá xanh tốt, sau đó nở hoa sắc đỏ xen ở khe lá, ánh hoa chiếu vào vật khác đều đỏ thẫm, 5, 3 chùm rụng đi thì 5, 3 chùm khác lại nở, sinh sản ở quận Cửu Chân, nay chỗ nào cũng có."
q2_3_4_page_335-0014,"Hoa lê: Bát tiền của Tuân Sinh nói: hoa này say trăng cợt gió, tinh thần tiêu sái, không hoa nào có thể ví được."
q2_3_4_page_335-0015,"Cách vật tùng đàm nói: tháng 2 tháng 3, các hoa nổ hết mới thấy hoa lê, sắc đẹp, hương dịu, tự cam ở nơi tịch mịch."
q2_3_4_page_335-0016,"Thăng am ngoại tập nói: hoa lê có hai loại, cánh hoa tròn mà nhãn thì quả tất ngọt, cánh hoa khuyết mà nhấn thì quả tất chua."
q2_3_4_page_335-0017,Năm Minh Mệnh thứ 17 khắc hình tượng vào Dụ đỉnh.
q2_3_4_page_335-0018,"Hoa tử vi: Quản phương phả gọi là bách nhật hoa, là phạ dưỡng hoa, nếu gãi vào vỏ cây thì suốt từ gốc đến ngọn cây đều rung động."
q2_3_4_page_335-0019,"Thời Đường, trong cung cấm trồng nhiều cây này vì hoa tươi lâu."
q2_3_4_page_335-0020,"Ngoài sắc tía ra lại có hai sắc nữa là đỏ và trắng, hoa tía lại pha màu xanh thẫm gọi lá thuý vi."
q2_3_4_page_335-0021,Năm Minh Mệnh thứ 17 khắc hình tượng vào Cao đỉnh.
q2_3_4_page_336-0001,"Biên Hòa) đem dân lên núi lấy gỗ làm cột buôm, thấy lá cây biến thành chim cu còn bám ở trên cành, trông kỳ lạ là cây bông sứ, bắt lấy để ăn, vị rất ngon, vậy chép phụ ở đây để tham khảo."
q2_3_4_page_336-0002,Hoa thích đồng: (theo Cương mục).
q2_3_4_page_336-0003,Tục gọi hoa cây vông.
q2_3_4_page_336-0004,"Nam phương thảo mộc trạng chép rằng: cây này tháng 3 lá xanh tốt, sau đó nở hoa sắc đỏ xen ở khe lá, ánh hoa chiếu vào vật khác đều đỏ thẫm, 5, 3 chùm rụng đi thì 5, 3 chùm khác lại nở, sinh sản ở quận Cửu Chân, nay chỗ nào cũng có."
q2_3_4_page_336-0005,"Hoa lê: Bát tiền của Tuân Sinh nói: hoa này say trăng cợt gió, tinh thần tiêu sái, không hoa nào có thể ví được."
q2_3_4_page_336-0006,"Cách vật tùng đàm nói: tháng 2 tháng 3, các hoa nổ hết mới thấy hoa lê, sắc đẹp, hương dịu, tự cam ở nơi tịch mịch."
q2_3_4_page_336-0007,"Thăng am ngoại tập nói: hoa lê có hai loại, cánh hoa tròn mà nhãn thì quả tất ngọt, cánh hoa khuyết mà nhấn thì quả tất chua."
q2_3_4_page_336-0008,Năm Minh Mệnh thứ 17 khắc hình tượng vào Dụ đỉnh.
q2_3_4_page_336-0009,"Hoa tử vi: Quản phương phả gọi là bách nhật hoa, là phạ dưỡng hoa, nếu gãi vào vỏ cây thì suốt từ gốc đến ngọn cây đều rung động."
q2_3_4_page_336-0010,"Thời Đường, trong cung cấm trồng nhiều cây này vì hoa tươi lâu."
q2_3_4_page_336-0011,"Ngoài sắc tía ra lại có hai sắc nữa là đỏ và trắng, hoa tía lại pha màu xanh thẫm gọi lá thuý vi."
q2_3_4_page_336-0012,Năm Minh Mệnh thứ 17 khắc hình tượng vào Cao đỉnh.
q2_3_4_page_337-0001,"Hoa tường vi: tục gọi hoa tầm xuân, hoa sắc đỏ, thân cây lẹo, có nhiều gai."
q2_3_4_page_337-0002,"Loại dịch quản phương phả gọi là thích hồng, là sơn táo, cây nào hoa có phấn hồng gọi là phấn đoàn."
q2_3_4_page_337-0003,"Ngoài ra còn gọi là bảo tướng kim bát, vu phật kiến tiếu, thất tỷ muội, thập tỷ muội v v., hình thể cũng giống nhau."
q2_3_4_page_337-0004,"Theo Bản thảo thì hoa này có công hiệu chỉ ly, sát trùng và chữa được lở loét."
q2_3_4_page_337-0005,Lại có một loại gọi là Tây Dương tường vi.
q2_3_4_page_337-0006,"Kính xét lời lược dẫn trong bài thơ ""Vịnh Tây Dương tường vi"" của Minh Mệnh thánh chế nói: hoa này cũng như các hoa thường, duy đoá hoa lớn hơn và vị hương nồng hơn, người Tây Dương cũng gọi là đô-da (rosa) cùng với hoa mai khối không khác lắm."
q2_3_4_page_337-0007,"Nhưng cây và lá so với mai khối thì tường vi cây cứng nhiều gai, lá nhiều vẫn mà hơi tròn, hoa thì vị thơm ngào ngạt ngang với hoa mai khối, người Tây Dương cũng dùng để nấu dầu và cất nước hoa."
q2_3_4_page_337-0008,"Hai loại khác nhau, nhưng người ta thường gọi chung không phân biệt."
q2_3_4_page_337-0009,"Tường vi chịu rét, hoa nhiều mà rất thơm, mùa hè hoa cũng nổ rộ nhưng vị hương có phần kém."
q2_3_4_page_337-0010,"Hoa mai khối: Quân phương phả gọi là bồi hồi hoa, có hương có sắc."
q2_3_4_page_337-0011,"Lại có loại mai khối lá thơm, xuất tự Tây Dương, hoa không thơm mà lá thơm, nên gọi thế."
q2_3_4_page_337-0012,"Kính xét lời lược dẫn trong bài thơ ""Vịnh Tây Dương mai khối"" của Minh Mệnh thánh chế nói hoa này xuất tự Đại Tây Dương, theo tiếng Tây Dương là đô-da (rosa), cành và lá không khác gì cây thường, duy cây cao đến hơn 4 thước, hoa tươi tốt hơn, các hoa khác không ví được; hương lại thanh nhã đáng yêu, dầu nhiều mà không chán."
q2_3_4_page_337-0013,"Cho nên người Tây Dương dùng để nấu dầu và cất nước hoa, đem bán ở các nơi xa gần, nhiều người ưa chuộng."
q2_3_4_page_337-0014,"Năm Minh Mệnh thứ 17, khắc hình tượng vào Anh đỉnh."
q2_3_4_page_337-0015,"Hoa mộc cận: tục gọi bông bụt, Bản thảo gọi là thuấn hoa, sáng nổ chiều rụng, lại có tên nữa là nhật cập."
q2_3_4_page_337-0016,"Có thể chữa lở loét và bệnh phù, chỉ tả chỉ lý."
q2_3_4_page_337-0017,"Kính xét lời lược chú trong bài thơ ""Vịnh mộc cận"" của Thiệu Trị thánh chế nói: Ngoại quốc đổ nói rằng nước quân tử nhiều hoa mộc cận, nhân dân hái ăn."
q2_3_4_page_337-0018,"Quản phương phả chép: hoa này có hai loại, có năm tua nhị vàng, loại có hoa cánh kép, tơ nhị nhỏ, chỉ có các màu có đỏ thẫm, đỏ phấn và trắng mà thôi."
q2_3_4_page_337-0019,"Sách Mao thi nói: ""Hữu nữ đồng xa, nhan như thuấn hoa"" (nghĩa là có gái cùng đi xa, nhan sắc như bông bụt) tức là hoa này."
q2_3_4_page_337-0020,"Cứu hoang bản thảo nói: hái lấy lá non, luộc chín rửa nước lạnh, rồi trộn dầu muối để ăn."
q2_3_4_page_337-0021,Lá cây mộc cận trắng cũng có thể ăn như thế được.
q2_3_4_page_337-0022,Năm Minh Mệnh thứ 17 khắc hình tượng vào Dụ đỉnh.
q2_3_4_page_338-0001,"Hoa lan: Cách vật tùng thoại nói: lan mọc thành khóm, cây tía, đốt đỏ, lá xanh, mỗi rò nổ một hoa, hương kín đáo mà thanh nhã."
q2_3_4_page_338-0002,"Thỉnh thoảng trong hoa có một điểm móc trong như ngọc, gọi là lan cao."
q2_3_4_page_338-0003,"Hoa hoặc trắng, hoặc tía, hoặc xanh nhạt, chủng loại rất nhiều: tố tâm lan, xích ngọc lan, đại phượng vĩ lan, yến vĩ lan, ngọc lan, kim chi lan, hắc lan v v."
q2_3_4_page_338-0004,"San hồ lan: mọc thành khóm, cây mềm, cành nhỏ, hoa như ống bút nhỏ, dài chừng một tấc, sắc đỏ, không thơm, người ta phần nhiều trồng làm cảnh."
q2_3_4_page_338-0005,"Hạc đính lan: mọc thành khóm, lá dài mà xanh, hình dáng hoa như mào chim hạc nhưng sắc đổ nhạt, người ta phần nhiều trồng ở non bộ để làm cảnh."
q2_3_4_page_338-0006,"Kê cước lan: tục gọi hoa sói trắng, lại có tên là trân châu lan, mọc thành khóm, hình dáng hoa như chân gà, sắc trắng mà thơm."
q2_3_4_page_338-0007,Năm Minh Mệnh thứ 17 khắc hình tượng vào Tuyên đỉnh.
q2_3_4_page_338-0008,"Lại có một loại hoa sắc vàng, tục gọi sói vàng, ở rừng và đồng nội hay có."
q2_3_4_page_338-0009,"Điểu lan: kính xét lỡi chú trong bài thơ ""Vịnh điểu lan"" của Minh Mệnh thánh chế nói: điểu lan có tên nữa là phong lan, hoa giống hệt hoa lan, lá hơi lớn, mọc ở trên cây khác, hoa thường treo ngược."
q2_3_4_page_338-0010,"Loại vật quân phương phả chép: phong lan sinh sản từ trong hang tối núi Ô Thai, rễ treo mà sống, có hoa vàng, hoa trắng giống hoa lan mà nhỏ."
q2_3_4_page_338_339-0001,"Không cần phải trồng, cứ lấy một khóm lớn đựng vào cái trong hoa có một điểm móc trong như ngọc, gọi là lan cao."
q2_3_4_page_339-0001,"Hoa hoặc trắng, hoặc tía, hoặc xanh nhạt, chủng loại rất nhiều: tố tâm lan, xích ngọc lan, đại phượng vĩ lan, yến vĩ lan, ngọc lan, kim chi lan, hắc lan v v."
q2_3_4_page_339-0002,"San hồ lan: mọc thành khóm, cây mềm, cành nhỏ, hoa như ống bút nhỏ, dài chừng một tấc, sắc đỏ, không thơm, người ta phần nhiều trồng làm cảnh."
q2_3_4_page_339-0003,"Hạc đính lan: mọc thành khóm, lá dài mà xanh, hình dáng hoa như mào chim hạc nhưng sắc đổ nhạt, người ta phần nhiều trồng ở non bộ để làm cảnh."
q2_3_4_page_339-0004,"Kê cước lan: tục gọi hoa sói trắng, lại có tên là trân châu lan, mọc thành khóm, hình dáng hoa như chân gà, sắc trắng mà thơm."
q2_3_4_page_339-0005,Năm Minh Mệnh thứ 17 khắc hình tượng vào Tuyên đỉnh.
q2_3_4_page_339-0006,"Lại có một loại hoa sắc vàng, tục gọi sói vàng, ở rừng và đồng nội hay có."
q2_3_4_page_339-0007,"Điểu lan: kính xét lỡi chú trong bài thơ ""Vịnh điểu lan"" của Minh Mệnh thánh chế nói: điểu lan có tên nữa là phong lan, hoa giống hệt hoa lan, lá hơi lớn, mọc ở trên cây khác, hoa thường treo ngược."
q2_3_4_page_339-0008,"Loại vật quân phương phả chép: phong lan sinh sản từ trong hang tối núi Ô Thai, rễ treo mà sống, có hoa vàng, hoa trắng giống hoa lan mà nhỏ."
q2_3_4_page_339_340-0001,"Không cần phải trồng, cứ lấy một khóm lớn đựng vào cái giỏ tre buộc bằng tóc đàn bà treo ở ngoài trời chỗ không nắng đến, ngày hai buổi tưới bằng nước trà nguội hoặc nước lã; mùa đông, mùa hè vẫn xanh, có thể gọi là tiên thảo (cỏ tiên)."
q2_3_4_page_340-0001,"Có thuyết nói, phong lan có công dụng thôi sinh (giục để mau), treo ở trong phòng để rất hiệu nghiệm."
q2_3_4_page_340-0002,"Ngư tử lan: tục gọi hoa ngâu, Bản thảo gọi là chân châu lan, cây cao lá tốt, hoa nhỏ như trứng cá, sắc vàng mà thơm."
q2_3_4_page_340-0003,Hoa phả nói nhị hoa như hạt châu.
q2_3_4_page_340-0004,"Hoa có từng gié thơm nồng, lá có thể đoạn trường (? ), kỵ bón bằng phân, tưới bằng nước có mùi cá tanh thì tốt lắm."
q2_3_4_page_340-0005,"Hoa ngọc lan: Quân phương phả nói hoa có chín cánh sắc trắng hơi biết, hương vị như lan, một cuống một hoa, đều mọc ở cành."
q2_3_4_page_340-0006,"Bản thảo chép là có thể tiêu ung độc, sát trùng."
q2_3_4_page_340-0007,Năm Minh Mệnh thứ 17 khắc hình tượng vào Huyền đỉnh.
q2_3_4_page_340-0008,Hoa lựu: hoa thạch lựu có thể dùng làm yên chi.
q2_3_4_page_340-0009,Tương truyền vô quả lựu có thể trị chứng tả của trẻ con.
q2_3_4_page_340-0010,"Huệ: Nam phương bản thảo trạng chép một tên là huân thảo, lá như lá gai, đối nhau, khí như mi vu, có thể trừ lệ khí."
q2_3_4_page_340-0011,"Xuất từ Nam Hải, nay chỗ nào cũng có."
q2_3_4_page_340-0012,Bản thảo nói rằng huệ tức là cây linh lăng hương ngày nay.
q2_3_4_page_341-0001,"Cúc: có mấy chục loại sắc hoa vàng, trắng, tía nhiều sắc."
q2_3_4_page_341-0002,"Bản thảo gọi là nhật tinh, là nữ tiết, là nữ hoa, là nữ hành, là cánh sinh, là chu doanh, là âm thành; duy cúc vàng có thể làm thuốc rồi đến cúc trắng, có thể thanh tâm minh mục."
q2_3_4_page_341-0003,"Lại một loại cúc dại tên là khổ ý dĩ, vị đắng có thể làm thuốc."
q2_3_4_page_341-0004,"Kính xét: Minh Mệnh thánh chế bài ""Vịnh cúc"" có các thứ: trạng nguyên hồng, hạc linh, tử hà liên, tiểu kim tiền, tuý Dương phi, thắng hoàng kim, tuý hồng trang, tiểu kim linh, đan phượng đài, ngọc linh lung, yên chi cầu, trầm hương phiến, bạch phượng vĩ, bạch ngọc đới, trân châu cầu, thu ba bạch phượng vĩ, bạch ngọc đới, trân châu cầu, thu ba bạch, kim toản giáp, văn yên hà, tuyết sư tử, hoàng kim giáp."
q2_3_4_page_341-0005,"Lại kính xét Thiệu Trị thánh chế bài ""Vịnh cúc"" có các thứ: hoàng kim ấn, hoàng la tán, hoàng vạn quyển, đại kim tiền, tử kim đính, ngọc huề long, khánh vân hồng, đại hồng bào, hạc đính hồng, tử hà tường, tử liên đài, nhất phố tuyết, ngọc thỏ hoa, phấn giáp điệp, kim trản ngân đài, thọ an chân châu, cẩm tâm tú khẩu, dương hồng lệ bạch, kim bối hồng tâm, phượng triện mẫu đơn, đại hồng bảo châu, kim bôi ngân bàn, tất sắc hỉ dung, loan giao phượng hữu, hoàng kim trâm, hoàng kim cầu, hoàng hương cầu, hoàng linh lung, hoàng phượng vĩ, kim hà hoa, đản hoàng cầu, hồng tảo cúc, tử mẫu đơn, ngọc quý long ngọc lâu xuân, ngọc long châu, thủy tỉnh bạch, nganhi bạch, hàn kim liên, thanh hà liên, giang nam lam cúc."
q2_3_4_page_341-0006,"Cứu hoang bản thảo nói: lấy thứ cúc cành tía hương thơm mà vị ngọt, hái lá luộc ăn hoặc nấu canh."
q2_3_4_page_341-0007,"Thứ cúc cành xanh mà lớn, khí vị đắng không ăn được; gọi là khổ ý dĩ, hoa cũng có thể luộc ăn hoặc sao làm trà mà uống."
q2_3_4_page_341-0008,"Cúc bách nhật: tục gọi là bông nổ ngày, hoa hình cầu tựa kim cúc, có hai loại đỏ, trắng, không thơm."
q2_3_4_page_341-0009,"Cúc vạn thọ: sinh bụi cây cao hơn thước, cành lá rưỡm rà; hoa có các màu vàng lợt, vàng thẫm, khi nở thì đầy cây, sắc vàng, choáng mắt, lá non cũng làm rau ăn sống được."
q2_3_4_page_341-0010,Hoa nguyệt quý: tục gọi hoa hồng.
q2_3_4_page_341-0011,"Bản thảo chép có tên là nguyệt nguyệt hồng, có tên là tháng xuân, lại tên là sấu dung, lại tên là đấu tuyết hồng, người ta hay trồng."
q2_3_4_page_341-0012,"Thân xanh, mọc lan dài gai cứng, hoa đỏ thẫm, hàng tháng nở hoa, cũng là loại tường vi."
q2_3_4_page_341-0013,"Chủ trị dâm sang, thũng độc."
q2_3_4_page_341-0014,"Lại một loài giống cây ngâu, tục gọi là hoa tứ quý, lá nhọn mà xanh, hoa năm cánh, sắc trắng mà thơm, cứ mỗi cuối tháng là hoa nở, cũng gọi là hoa nguyệt quý."
q2_3_4_page_342-0001,"Hoa hoè: hoa sắc vàng, cây cao 7, 8 thước, nhiều cành lá mọc ngang, hoa búp tròn sắc vàng."
q2_3_4_page_342-0002,Tương truyền có thể chữa chứng du phong.
q2_3_4_page_342-0003,Hái lá nấu nước sông và tắm rất tốt.
q2_3_4_page_342-0004,Lại trị bạch thốn trùng của trẻ con.
q2_3_4_page_342-0005,"Lấy lá giã nhỏ, bỏ vào ít muối, bôi ở trên rốn rất hiệu."
q2_3_4_page_342-0006,"Lại một loài gọi là kim phượng hoa, lá giống lá hoè mà nhỏ hơn, hoa sắc đỏ."
q2_3_4_page_342-0007,"Tương truyền hoa có thể trị chứng kiết ly, bạch ly."
q2_3_4_page_342-0008,"Hoa phương: hoa sắc đỏ, ruột hoa có nhung đỏ, lá giống lá hoè mà nhỏ."
q2_3_4_page_342-0009,"Hoa xoan: tục gọi là hoa sầu đầu, tháng 3 tháng 4 nở hoa, sắc trắng mà thơm."
q2_3_4_page_342-0010,"Tương truyền có thể trị bạch thốn trùng của trẻ con, lấy quả và vỏ cây sao lên mà nấu uống thì tốt."
q2_3_4_page_342-0011,"Hoa ngọc biện: Kính xét lời chú trong bài thơ ""Vịnh ngọc biện hoa"" của Minh Mệnh thánh chế nói: cây ngọc biện xuất tự nước ngoài, người Tây Dương gọi là lăng đê đầu, hoa có năm cánh, sắc trắng, không thơm, mỏng như cánh con ve, nên gọi là ngọc biện."
q2_3_4_page_342-0012,"Hoa hàm tiếu: Loại dịch môn sắc tân ngữ chép: hoa hàm tiếu có thứ lớn, thứ nhỏ, thứ hoa nhỏ vị rất thơm, bốn mùa có hoa mà giữa mùa hè hoa càng nổ rộ, lại có tử hàm tiếu và mạt ly hàm tiếu đều nổ hoa vào lúc mặt trời lặn."
q2_3_4_page_342-0013,"Nghệ hao phả nói: hoa hàm tiếu sản ở Quảng Đông, như hoa lan, thường bất mãn như ngậm cười rồi héo tàn ngay."
q2_3_4_page_343-0001,"Hoa khiên ngưu: dây leo đầy giàn, mềm mại đáng yêu."
q2_3_4_page_343-0002,"Vưng uyển chép rằng: hoa khiên ngưu nổ vào sáng sớm, lúc mặt trời mọc đã héo, hoa rất đẹp và thơm nhưng không để lâu được."
q2_3_4_page_343-0003,"Hoa hoàng quang: Kính xét lời chú trong bài thơ ""Vịnh hoàng quang hoa"" của Minh Mệnh thánh chế nói: hoa này thuộc loài thảo, sản ở các gò ở Tây Dương và Hạ Châu (Tân Gia Ba)."
q2_3_4_page_343-0004,"Lá nhỏ, cành mềm, giống cây tiểu hồi, rất nhiều hoa, cánh hoa vàng thẫm và mượt nên gọi là hoàng quang sắc đỏ, không thơm."
q2_3_4_page_343-0005,"Suốt bốn mùa đêu có hoa, mà nhiều hoa, nhất là về mùa xuân và mùa thu."
q2_3_4_page_343-0006,"Phầm hoa nở mùa xuân, thì mùa hè tàn, lấy hạt trồng đến mùa thu lại nở hoa."
q2_3_4_page_343-0007,"Hoa cám châu: Kính xét lời chú trong bài thơ ""Vịnh cám châu hoa"" của Thiệu Trị thánh chế nói rằng: hoa này cây thắng, cọng nhỏ, cọng sinh ba lá, lá hai chỉa, ba lá bằng đầu nhau như hình ba con bướm cùng bay múa."
q2_3_4_page_343-0008,"Hoa sắc xanh pha vàng, năm cánh, mọc chùm như chuỗi ngọc, nên gọi là tam điệp nhiều cám châu hoa (ba con bướm lượn quanh hoa cám châu)."
q2_3_4_page_343-0009,"Nguyên mọc ở đồng nội, một người thợ gặt trông thấy lấy làm lạ nên đem dâng vào triều, nhà vua sai trồng ở Thượng Uyển."
q2_3_4_page_344-0001,"Hoa sơn khương: theo Nam phương thảo mộc trạng thì cây và lá tức là cây gừng nhưng củ không thể ăn được, hoa nảy ra ở nách lá thành từng gié, hạt như hạt ngô, đỏ, chữa bệnh lãnh khí rất thần hiệu; sản ở Cửu Chân và Giao Chỉ, nay chỗ nào cũng có."
q2_3_4_page_345-0001,"Hoa tiền thu la: Quân phương phả chép là hán cung thu sắc, sắc hoa đỏ thấm, nổ vào tháng 8, có giá trị hơn hoa tiền xuân la, nổ về mùa hè, cánh hoa nhọn thẳng đáng yêu."
q2_3_4_page_345-0002,"Hoa tiền xuân la: Quản phương phả chép là tiền hồng la, ngọn cao hơn một thước, cành mềm, lá xanh, mọc đối nhau, tháng 8 nở hoa, màu đỏ thẫm, hoa như đồng tiền lớn, sáu cánh quanh tròn như cắt thành, trông cũng thanh nhã."
q2_3_4_page_345-0003,Hoa và lá có thể giã để sứt vết lỏ.
q2_3_4_page_345-0004,"Hoa nguyệt quế: tục gọi là hoa quế, sinh bụi, cây cao hơn thước; hoa đỏ tương đáng yêu nhưng có sắc mà không thơm, người ta trồng ở chậu sành làm cảnh."
q2_3_4_page_345-0005,Hoa lão thiếu niên: có tên nữa là phẩm hồng.
q2_3_4_page_345-0006,Quản phương phả gọi là nhạn lai hồng.
q2_3_4_page_345-0007,"Lúc mới mọc như cây rau giền, đến giữa mùa thu, lá ở gốc tía thẫm, cây nào lá toàn đỏ, gọi là tía thiếu niên; cây nào lá xen lẫn các màu đỏ tía vàng xanh, gọi là cẩm tây phong."
q2_3_4_page_345-0008,"Lại có tên là thập dạng cẩm và cẩm bố nạp, hai loại này thêm vẻ đẹp mùa thu."
q2_3_4_page_345-0009,"Nghệ hoa phả nói: cây lão thiếu niên là ở gốc sắc tía mà lá ở ngọn sắc đỏ; cây thiếu niên lão, lá ở ngọn vàng mà lá ở gốc xanh."
q2_3_4_page_345-0010,"Hoa chi tử: tục gọi là hòa danh, Bản thảo gọi là mộc đơn, là việt đào, là biển chi."
q2_3_4_page_345-0011,"Phật kinh chép là thiểm bạc, hoa nổ rộ về mùa hè, có sáu cánh sắc trắng, nhị vàng, thơm ngào ngạt, quả có râu, vỏ mỏng, có thể dùng nhuộm màu vàng."
q2_3_4_page_345-0012,"Hoa có công dụng thanh vị, sáng mắt và chữa bệnh khát, cây mọc ở rừng thì tốt, mọc ở đồng thì kém."
q2_3_4_page_345-0013,"Hoa ngọc anh: tục gọi hoa bánh hỏi, cây cao vài ba thước, hoa trắng, đài kép, rất thơm, không có quả."
q2_3_4_page_345-0014,"Hoa hoàng anh: tục gọi cây vàng anh, cây cao vài ba thước, lá xen lẫn xanh vàng, trông khá đẹp, người ta thường trồng ở non bộ để làm cảnh."
q2_3_4_page_345-0015,Tương truyền lá nó có thể chữa bệnh đỏ mắt.
q2_3_4_page_346-0001,"Hoa kê quan tục gọi hoa mào gà, Loại dịch mộng hoa lục gọi là hoa rửa tay."
q2_3_4_page_346-0002,"Bản thảo nói hoa này chữa được bệnh thương phong, bệnh trĩ lậu và băng huyết."
q2_3_4_page_346-0003,"Hoa mỹ nhân tiêu: tục gọi chuối hoa, lá giống lá chuối mà nhỏ hơn, hoa sắc đỏ."
q2_3_4_page_346-0004,Hoa triều chi mấu đơn: tục gọi hoa loại trà.
q2_3_4_page_346-0005,"Bản thảo gọi là cổ tử hoa, là thiên kiếm thảo, cành mềm phải dựa vào cây khác để sống, trông sáng sủa thanh nhã."
q2_3_4_page_346-0006,"Hoa sắc vàng, củ không có lông, có đốt, chứng hoặc nấu đều có thể ăn được, vị ngọt và ngon."
q2_3_4_page_346-0007,"Kinh Thi nói ""Ngã hành kỳ dã, ngôn thái kỳ phúc"" (ta đi ra đồng, để hái rau phúc) tức là cây này."
q2_3_4_page_346-0008,"Cứu hoang bản thảo gọi là phúc tử căn, đào lấy củ, rửa sạch rồi nấu ăn, hoặc phơi khô rồi giã nát, nấu cơm ăn cũng tốt hoặc nghiên thành bột làm bánh nướng, thổi xôi ăn đều được cả."
q2_3_4_page_346-0009,"Nhưng nếu ăn luôn thì váng đầu, đau bụng, nên ăn xen kẽ thì hơn."
q2_3_4_page_346-0010,"Hoa phượng tiên: Bản thảo gọi là tảo trân châu, là kim phượng hoa, là giáp trúc đào, là nhiễm chỉ giáp thảo."
q2_3_4_page_346-0011,"Hạt nó, Bản thảo chép là cấp tính tử."
q2_3_4_page_346-0012,"Hoa bám sát vào cành có các màu đỏ, trắng và tía."
q2_3_4_page_346-0013,"Hạt nó chữa hóc và thôi sinh, củ nó chữa gãy xương và tắc kinh."
q2_3_4_page_346-0014,"Cứu hoang bản thảo gọi là tiểu đào hồng, hái lấy lá non đem nấu chín, ngâm nước một đêm, dùng làm rau trộn với dầu và muối mà ăn."
q2_3_4_page_346-0015,"Lại có một loài phượng tiên, hoa nở ở trên lá, tục gọi là cây móng nước, lá phơi khô dùng để gọi đầu rất thơm."
q2_3_4_page_346-0016,"Loài cây hoa nở trên lá, Quản phương phả chép rất nhiều thứ, chỉ có thứ hoa này không chép, xem lời chú của Minh Mệnh thánh chế."
q2_3_4_page_346-0017,"Hoa lăng tiêu: Bản thảo gọi là tử uy, dây leo bám trên thân cây cao, màu hoa vàng và đỏ."
q2_3_4_page_346-0018,"Kinh thi nói: ""Thiều chi hoa, vân kỳ hoàng hĩ"" (Hoa cây lăng thiều đã thơm và vàng) tức là hoa này."
q2_3_4_page_346-0019,"Hoa sử nói: trong vườn nhà Phú Trịnh Công, cây lăng tiêu không phải bám vào cây khác mà mọc một mình, lâu năm thành cây lớn, cao vài ba tầm, sừng sững đứng yên."
q2_3_4_page_346-0020,Chu Biền nói: hoa này chẳng phải là trang hào kiệt trong loài thảo mộc đó ư?
q2_3_4_page_346_347-0001,"Mặc khách huy tê nói: lăng tiêu có chất độc không nên đến gần tốt hoặc nghiên thành bột làm bánh nướng, thổi xôi ăn đều được cả."
q2_3_4_page_347-0001,"Nhưng nếu ăn luôn thì váng đầu, đau bụng, nên ăn xen kẽ thì hơn."
q2_3_4_page_347-0002,"Hoa phượng tiên: Bản thảo gọi là tảo trân châu, là kim phượng hoa, là giáp trúc đào, là nhiễm chỉ giáp thảo."
q2_3_4_page_347-0003,"Hạt nó, Bản thảo chép là cấp tính tử."
q2_3_4_page_347-0004,"Hoa bám sát vào cành có các màu đỏ, trắng và tía."
q2_3_4_page_347-0005,"Hạt nó chữa hóc và thôi sinh, củ nó chữa gãy xương và tắc kinh."
q2_3_4_page_347-0006,"Cứu hoang bản thảo gọi là tiểu đào hồng, hái lấy lá non đem nấu chín, ngâm nước một đêm, dùng làm rau trộn với dầu và muối mà ăn."
q2_3_4_page_347-0007,"Lại có một loài phượng tiên, hoa nở ở trên lá, tục gọi là cây móng nước, lá phơi khô dùng để gọi đầu rất thơm."
q2_3_4_page_347-0008,"Loài cây hoa nở trên lá, Quản phương phả chép rất nhiều thứ, chỉ có thứ hoa này không chép, xem lời chú của Minh Mệnh thánh chế."
q2_3_4_page_347-0009,"Hoa lăng tiêu: Bản thảo gọi là tử uy, dây leo bám trên thân cây cao, màu hoa vàng và đỏ."
q2_3_4_page_347-0010,"Kinh thi nói: ""Thiều chi hoa, vân kỳ hoàng hĩ"" (Hoa cây lăng thiều đã thơm và vàng) tức là hoa này."
q2_3_4_page_347-0011,"Hoa sử nói: trong vườn nhà Phú Trịnh Công, cây lăng tiêu không phải bám vào cây khác mà mọc một mình, lâu năm thành cây lớn, cao vài ba tầm, sừng sững đứng yên."
q2_3_4_page_347-0012,Chu Biền nói: hoa này chẳng phải là trang hào kiệt trong loài thảo mộc đó ư?
q2_3_4_page_347_348-0001,"Mặc khách huy tê nói: lăng tiêu có chất độc không nên đến gần có người ngửa mặt nhìn hoa lăng tiêu bị giọt sương trong hoa sa vào mắt, sau thành mù."
q2_3_4_page_348-0001,"Hoa này có thể làm truy thai, có thể chữa huyết băng và phong chẩn."
q2_3_4_page_348-0002,"Hoa đồ mi: Loại dịch hoạ phả nói hoa đồ mi lớn, sắc trắng, có nhiều cánh mà thơm, cành và gốc có nhiều gai."
q2_3_4_page_348-0003,"Cổ thi có câu: ""Nở đến đồ mi hết mùa hoa"" vì hoa này đến hết mùa xuân mới nở."
q2_3_4_page_348-0004,"Thành trai tạp ký chép: Phạm Thục Công ở Hứa Hạ làm giàn trồng cây đồ mi ở trước nhà Trường Tú, hằng năm đến cuối mùa xuân hoa đồ mi nở thì họp khách uống rượu dưới giàn cây, người nào có hoa đồ mi sa vào chén thì phải uống hết một bát lớn, nếu có gió đưa nhè nhẹ thì cử toạ đều uống, người đời gọi là Phi anh hội."
q2_3_4_page_348-0005,"Hoa kim tiền: Quân phương phả gọi là tý ngọ hoa, là kim bảng cập đệ hoa."
q2_3_4_page_348-0006,"Hoa sử nói: hôm Trịnh Vinh làm bài thơ ""Vịnh kim tiền hoa"" thơ chưa làm xong thì ngủ quách, mộng thấy người con gái mặc xiêm đỏ ném tiền để thưởng và nói ""Để nhuận bút cho anh""."
q2_3_4_page_348-0007,"Khi tỉnh giấc, sờ trong bọc được mấy đoá hoa, bèn gọi đùa hoa ấy là nhuận bút hoa."
q2_3_4_page_348-0008,Hoa mạt ly: tục gọi hoa lài.
q2_3_4_page_348-0009,"Bản thảo gọi là nại hoa, sắc trắng, nổ về đêm, mùi thơm đáng yêu."
q2_3_4_page_348-0010,Có công dụng mát da và nhuận táo.
q2_3_4_page_348-0011,"Quản phương phả gọi là mạt lệ, là mật ly, là mật lệ."
q2_3_4_page_348-0012,"Nam phương thảo mộc trang nói: người phương nam thích hoa mạt ly vừa thơm vừa đẹp, họ đua nhau trồng, con gái thường dùng dây tơ màu xỏ vào ruột hoa để trang sức trên đầu."
q2_3_4_page_348-0013,Năm Minh Mệnh thứ 17 khắc hình tượng vào Chương đỉnh.
q2_3_4_page_348-0014,"Hoa tố hình: Quân phương phả gọi là na tất mình hoa, là dã tất mật hoa, lấy từ Tây Vực về, thân và cành ẻo lả giống cây mạt ly mà nhỏ."
q2_3_4_page_348-0015,"Quảng Đông tân ngữ nói: lúc yến tiệc uống rượu say nên đem vòng hoa tố hình ra hiến, khách ngửi hương thơm mát thì dầu say khướt cũng tỉnh; đem treo trong trướng thì có thể giải khí nóng mùa hè, chiếu gối sinh mát."
q2_3_4_page_348-0016,Ngạn ngữ nói: tố hình tránh nắng.
q2_3_4_page_348-0017,"Hoa thạch trúc: có tên nữa là cẩm nhung, Quản phương phả nói: thạch trúc thuộc loài thảo; nhỏ bé mà thơm, hoa có năm sắc, tánh hoặc đơn, hoặc kép; lại có một thứ gọi là tiền nhung, màu hoa lộng lẫy, choáng mắt, mùi hoa phưng phức động lòng."
q2_3_4_page_348-0018,"Lại nói hoa cánh kép gọi là lạc dương hoa, lại có tên nữa là tú trúc."
q2_3_4_page_349-0001,"Hoa thục quỳ: Bản thảo gọi là nhung quỳ, là ngô quỳ, hoa sắc vàng, đoá to, hạt có thể ăn được."
q2_3_4_page_349-0002,"Có thể thôi sinh, chữa được lở loét độc, vỏ có thể bện làm thừng chão."
q2_3_4_page_349-0003,"Loại dịch hoa phả nói: nhung quỳ sản ở Tây Thục, có đến 50, 60 loại hoa, rất nhiều hình thái kỳ lạ, có màu tía hồng, màu tía trắng đen, màu hồng đào thẫm và màu hồng nhạt, các màu xen lẫn lộn."
q2_3_4_page_349-0004,Không loại cây nào tháng 5 lại nổ nhiều hoa như loại cây này; lại có tên nữa là nhất trượng hồng.
q2_3_4_page_349-0005,Năm Minh Mệnh thứ 17 khắc hình tượng vào Thuần đỉnh.
q2_3_4_page_349-0006,Hoa thu quỳ: Loại dịch Quân phương phả chua rằng: Bản thảo gọi là hoàng thục quỳ khác loại với thục quỳ.
q2_3_4_page_349-0007,"Lá thu quỳ như lá phù dung, có năm khía nhọn như hình móng tay, hẹp mà nhiều chỗ khuyết."
q2_3_4_page_349-0008,"Có tên nữa là trắc kim trản, tính hay hướng về mặt trời; lại có một tên nữa là trung khách."
q2_3_4_page_349-0009,Hạt có tính thôi sinh.
q2_3_4_page_349-0010,"Hoa dương tiểu quỳ: loại này xuất tự Tây Dương, lá có năm chĩa, hoa có năm cánh, sắc đỏ, không thơm, mùa đông mùa xuân nở rộ, rực rỡ đáng xem."
q2_3_4_page_349-0011,"Hoa ngọc trâm: Quân phương phả gọi là bạch ngạc, là bạch hạc tiên, là quý nữ hoa, hoa trắng sáu cánh xoè ra, hình dáng giống cái trâm ngọc trắng cài đầu; lá có công dụng giải nọc độc rắn rết."
q2_3_4_page_350_351-0001,"Hoa kia trâm: cây như cây yên chi, dài chừng một thước, hoa có sắc vàng và đỏ, hình như cái trâm vàng, nên gọi thế, hạt như hạt cải, có chất độc, noa c Hep drong guutr pmukig-pnu tldia-bỏ noa ndy."
q2_3_4_page_351-0001,"Hoa yên chi: tục gọi hoa phấn, hoa đỏ có phấn, có công dụng chữa bệnh đậu, mất đỏ."
q2_3_4_page_351-0002,"Nếu trẻ con lên đằng đằng tai, thì dùng hoa này ngâm vào nước rồi nhỏ vào tai."
q2_3_4_page_351-0003,"Loại dịch thảo hoa phả nói rằng: mạt ly tía có tên nữa là yên chi hoa, có thể xứt môi, hạt có phấn dùng để xoa mặt; lại có thứ hoa vàng hoa trắng."
q2_3_4_page_351-0004,"Hoa sơn trà: Bản thảo nói rằng lá sơn trà giống lá chè, hoa có màu đỏ và màu trắng."
q2_3_4_page_351-0005,"Quản phương phả gọi là man đà la, hoa có mấy loại nổ vào tháng 10 đến tháng 12, chỉ giống bảo châu là quý hơn cả."
q2_3_4_page_351-0006,"Lại có hoa trà mai nổ vào tháng 11 giữa lúc các hoa khác tàn, hoa như đồng tiền mất ngỗng, có màu hồng phấn, ruột vàng, tươi lâu, trông rất nhã."
q2_3_4_page_351-0007,"Hoa hồng lệ xuân: Nghệ hoa phả của Cao Liêm chép: hoa hồng lệ xuân cánh đơn, bay múa như cánh bướm pha phẩy trăm ngàn vẻ đẹp, là thứ quý trong loài hoa."
q2_3_4_page_351-0008,"Nông phố thư chép: lệ xuân có tên nữa là ngu mỹ nhân, lại có tên là mãn viên xuân, lại có tên là bách ban kiều."
q2_3_4_page_351-0009,"Hoa thủy tiên: Bản thảo gọi là kim trảm ngân đài, củ như củ tỏi, ưa ẩm thấp, không thể thiếu nước nên gọi thế."
q2_3_4_page_351-0010,"Hoa sáng đẹp, vị thơm thanh nhã."
q2_3_4_page_351-0011,"Cây hoa cánh đơn gọi là thủy tiên, cây hoa cánh kép gọi là ngọc lung linh."
q2_3_4_page_351-0012,"Củ chữa mụn nhọt, phù thủng và hóc xương cá."
q2_3_4_page_351-0013,"Hoa dùng làm nước thơm gội đầu, trừ được phong khí."
q2_3_4_page_351-0014,"Hoa trinh nữ: tục gọi hoa hổ người, cao chừng một thước, có gai, lá như lá rau rút mà hơi dài, hoa đỏ thẫm phớt, động vào thì lá liền cụp lại như ngủ."
q2_3_4_page_351-0015,Đầu đời Minh Mệnh cho tên là tri tu thảo.
q2_3_4_page_351-0016,Hoa mãn thiên hương: tên cũ là mãn thiên tỉnh tục gọi cây nể.
q2_3_4_page_351-0017,"Đầu đời Minh Mệnh cho đổi tên hiện nay, cành và lá như cây câu kỷ, hoa trắng mà thơm."
q2_3_4_page_351-0018,"Hoa tam hợp: giống cây man tương thảo, bò leo hoa sắc tía."
q2_3_4_page_352-0001,"Hoa lục mạt lý: tục gọi bôn lý, lại có tên là hoa thiên lý."
q2_3_4_page_352-0002,"Gia Định thông chi gọi là man lý hoa, sắc xanh non, sinh bò leo trên giàn che kín, hoa nở thơm ngát."
q2_3_4_page_352-0003,"Người ta hay đan tre làm giàn, nằm ngỗi ở dưới làm hội hóng mát."
q2_3_4_page_352-0004,"Quảng Đông chi nói rằng hai châu Lôi Quynh có lục mạt ly, có hoàng mạt ly tên là hoàng hinh."
q2_3_4_page_352-0005,"Hoa keo: (theo Thông chí): tục gọi hoa dứa, thân có đốt như cây bồ quỳ, lá như lá dứa gai có gai, buồng hoa non trắng, nhị hoa có phấn vàng, mùi hương rất ngát, đem để trong hòm quần áo dầu lâu ngày vẫn chưa hết mùi hương."
q2_3_4_page_352-0006,"Lại có một loài gọi là hương keo, tục gọi dứa thơm lá xanh mà không có gai, cắt dùng thổi xôi thì thơm lắm."
q2_3_4_page_352-0007,"Hoa giáng điệp: (theo Cương mục), tục gọi bông nắc nẻ, vì hoa cây này như hình con bướm nên gọi là giáng điệp."
q2_3_4_page_352-0008,"Hoa tỷ muội: (theo Cương mục), Nghệ hoa phả chép rằng: cây này có hai loại, một là thập tỷ muội và một là thất tỷ muội, hoa có mấy màu: đỏ trắng và tía nhạt, hình dáng giống hoa tưỡng vi."
q2_3_4_page_352-0009,"Hoa sen: Bản thảo gọi là phù cử, hoa gọi là hám nãm, có loại hoa đổ và loại hoa trắng, hoa trắng quý hơn."
q2_3_4_page_352-0010,"Hoa thược dược: (theo Cương mục), có hai loại: hoa đỏ và hoa trắng."
q2_3_4_page_352-0011,"Bản thảo nói là tương ly, mọc thành khóm, thân có gai, hoa dụi dàng đáng yêu."
q2_3_4_page_352-0012,"Kinh Thi nói: ""Tặng chi đĩ thược dược"", tức là hoa này."
q2_3_4_page_353-0001,"Hoa dương hồ điệp: sản ở Tây Dương, thân mềm lá nhỏ, dài và xanh, hoa trắng, không thơm."
q2_3_4_page_354-0001,"Hoa da da hợp: (theo Quản phương phả): hoa này ban ngày nổ, ban đêm cụp lại, mùi hương rất ngát."
q2_3_4_page_354-0002,"Cách vật luận nói: hoa da hợp nổ về tháng 4 tháng 5, màu hoa đỏ và trắng."
q2_3_4_page_354-0003,"Thơ của Nguyễn Chân nhà Đường có câu: ""Cách liên đương thử hiện, Lưu vinh nhật thiên trường"" (nghĩa là: đáng yêu nổ trong mùa nóng nực, để ngâm vinh trong lúc ngày dài)."
q2_3_4_page_354-0004,"Hoa biếc: (vâng mệnh chép tên bằng chữ Hán): dây bò leo ở tường giậu, hoa màu biếc."
q2_3_4_page_354-0005,"Các loài hoa trên, các tỉnh đều có."
q2_3_4_page_354-0006,LOẠI QUẢ
q2_3_4_page_354-0007,"Quả xoài: chữ Hán là yêm la: (theo Đại Thanh NHẤT THỐNG CHÍ): có hai loại nhỏ và lớn, Bản thảo gọi là hương cái, đầu đời Minh Mệnh cho tên là mông."
q2_3_4_page_354-0008,"Cây rất lớn, lá như lá chè mà dày, lá non ăn được, có vị chua."
q2_3_4_page_354-0009,"Quả to bằng cái chén, hơi dài và hơi dẹt, chín vào tháng 5 tháng 6, thịt mềm, sắc vàng tươi, vị rất ngọt thơm, thật là vật phẩm quí ở phương Nam."
q2_3_4_page_354-0010,"Vân đài loại ngữ của Lê Quý Đôn chép rằng: tục truyền năm nào xoài sai quả thì ngũ cốc mất mùa, xoài ít quả thì ngũ cốc được mùa."
q2_3_4_page_354-0011,Ứng với thời tiết cũng có nghiệm.
q2_3_4_page_354-0012,Năm Minh Mệnh thứ 17 khắc hình tượng vào Chương đỉnh.
q2_3_4_page_355-0001,Quả vải: chữ Hán là lệ chi.
q2_3_4_page_355-0002,"Bản thảo gọi là đơn lệ chi, Loại dịch, Bạch cư-di lệ chi đổ tư chép: vỏ như nhiều đỏ, da mỏng như lụa tía, thịt trắng sáng như băng tuyết, nước ngọt chua như sữa chua."
q2_3_4_page_355-0003,"Nếu rời cành một ngày thì đổi sắc, hải ngày thì đổi hương, ba ngày thì đổi vị."
q2_3_4_page_355-0004,"Có thể điều khí mạch, thông thần minh."
q2_3_4_page_355-0005,Năm Minh Mệnh thứ 17 khắc hình tượng vào Huyền đỉnh.
q2_3_4_page_355-0006,Quả nhãn: chữ Hán là long nhãn.
q2_3_4_page_355-0007,"Bản thảo gọi là viên nhãn, là lệ chi nô, lệ chi vừa quá mùa thì long nhãn chín, cho nên gọi thế."
q2_3_4_page_355-0008,"Quả bằng lệ chi mà nhỏ, tròn như hòn đạn, vị ngọt; có thể trấn kinh và cường ký."
q2_3_4_page_355-0009,Năm Minh Mệnh thứ 17 khắc hình tượng vào Tuyên đỉnh.
q2_3_4_page_355-0010,"Cam: loại rất nhiều, vượn tược người ta trồng nhiều, duy cam đường vị rất ngọt thơm, Bắc Kỳ rất nhiều, hàng năm có lệ tiến cống."
q2_3_4_page_355-0011,"Bản thảo gọi là mộc nô, chưa có sương thì chua, có sương rồi thì ngọt, cho nên gọi là cam."
q2_3_4_page_355-0012,"Sách Tàng khí nói: cam có cam đỏ, cam vàng, cam vú, cam cát, tựu trung cam vú (nhũ cam) là tốt nhất."
q2_3_4_page_355-0013,"Vân đài loại ngữ của Lê Quý Đồn nói: cam sen, cam vú, vỏ sần sì, vị rất ngọt."
q2_3_4_page_355-0014,"Cam chanh vỏ mỏng mà mìn, vị hơi chua mà ngọt."
q2_3_4_page_355-0015,"Cam mật la vỏ dày vị ngọt; cam giấy, tức kim quật, vỏ mỏng sắc đỏ dễ yêu, vị chua; cam Động Đình quả rất lớn dày, vị rất ngọt."
q2_3_4_page_355-0016,Âu công quy điền lục nói: muốn giữ kim quật thì giấu ở trong đậu xanh lâu ngày không hỏng.
q2_3_4_page_355-0017,"Quật (quýt) tính nhiệt, đậu tính hàn, cho nên giữ lâu được."
q2_3_4_page_355-0018,"Vỏ quýt có thể nhuận trưỡng, thông vị."
q2_3_4_page_355-0019,"Nông chính toàn thư nói: phầm cam, quýt, chanh đều kỵ phân lợn, chỉ bón tro và phân dê là sinh quả nhiều."
q2_3_4_page_355-0020,"Bưởi: có hai loại, loại lớn gọi là đầu du, tức là bưởi tàu, thịt sắc đỏ vị chua, rồi đến bưởi trắng, vị ngọt."
q2_3_4_page_355-0021,"Bản thảo gọi là hồ cam, có thể trừ chứng đau tim, chứng ăn mất ngon."
q2_3_4_page_355-0022,"Lại có một loại quả xanh mà nhỏ hơn bưởi, đầu nhọn, chín thì sắc vàng, vị ngọt thơm, cũng là loại bưởi."
q2_3_4_page_355-0023,"Thanh trà: quả giống bưởi mà ngọt và thơm hơn, phơi khô càng ngọt, cũng là loại quả tốt Thanh yên: tên chữ Hán là quả hương duyên."
q2_3_4_page_355-0024,"Bản thảo gọi là câu duyên, sống gần nước, quả lớn như cái bát, thịt dày sắc trắng, vị cay mà thơm hắc, bỏ vào hòm quần áo mấy ngày không hết thơm."
q2_3_4_page_355-0025,"Lá cũng thơm. Nam phương bản thảo trạng chép hình như quả bí, vỏ như chanh, sắc vàng, vị rất thơm."
q2_3_4_page_356-0001,"Phật thủ cam: tục gọi là quả phật thủ, cây giống cây thanh yên, cành có gai, cũng ưa gần nước."
q2_3_4_page_356-0002,"Nghệ hải đồng chước chép có tên là phi tương, quả như tay người, có ngón, da như da bưởi, sắc như sắc bí, vị không ngon lắm nhưng thơm mát rất thích."
q2_3_4_page_356-0003,Đặt ở bàn có thể dùng để thưởng ngoạn.
q2_3_4_page_356-0004,"Chủ trị khí nghịch, đau bụng; vỏ dùng ướp trà rất thơm."
q2_3_4_page_356-0005,Quả làm mất rất tất giá trị rất nuý phầm.
q2_3_4_page_356-0006,Tục truyền chọn còn chuọt xuong gọc quy tuu có nhiều quả.
q2_3_4_page_356-0007,Vỏ quýt có tính khoan trung hạ khí.
q2_3_4_page_356-0008,Lựu: có hai loại đỏ và trắng.
q2_3_4_page_356-0009,Bản thảo gọi là an thạch lựu.
q2_3_4_page_356-0010,"Báo vật chí chép rằng Trương Khiên đời Hán lấy được ở nước Đồ Lâm An Thạch đem về, nên gọi thế."
q2_3_4_page_356-0011,"Có thể nhuận chứng khô họng, rễ có thể sát trùng."
q2_3_4_page_356-0012,"Chanh: Bản thảo chép có tên là kim cẩu, còn có tên là hộc xác."
q2_3_4_page_356-0013,"Vỏ có thể công áo, có thể trộn rau sống, có thể hòa tương thịt, có thể rim với mật làm mứt, ngửi thì thơm, ăn thì ngon, thực là thứ quả quý."
q2_3_4_page_356-0014,"Có thể tiêu đàm chỉ ẩu, tục truyền rễ có thể chỉ khai."
q2_3_4_page_356-0015,"Anh đào: Bản thảo gọi là hàm đào, cây không cao lắm, đầu mùa xuân nổ nhiều hoa trắng, óng ánh như tuyết."
q2_3_4_page_356-0016,"Kinh Thi nói: ""Đào chi yêu yêu"" tức là cây này."
q2_3_4_page_356-0017,"Vì quả anh đào chín trước các quả khác, nên người xưa lấy làm quý, gọi là tiên đào."
q2_3_4_page_356-0018,"Thiên Nguyệt lệnh sách Lễ ký chép rằng: ""Tháng trọng xuân đào mới nổ hoa"" là thế."
q2_3_4_page_356_357-0001,"Cứu hoang bản thảo nói: hái lá non luộc chín, ngâm nước cho thành sắc vàng, lại bàn có thể dùng để thưởng ngoạn."
q2_3_4_page_357-0001,"Chủ trị khí nghịch, đau bụng; vỏ dùng ướp trà rất thơm."
q2_3_4_page_357-0002,Quả làm mất rất tất giá trị rất nuý phầm.
q2_3_4_page_357-0003,Tục truyền chọn còn chuọt xuong gọc quy tuu có nhiều quả.
q2_3_4_page_357-0004,Vỏ quýt có tính khoan trung hạ khí.
q2_3_4_page_357-0005,Lựu: có hai loại đỏ và trắng.
q2_3_4_page_357-0006,Bản thảo gọi là an thạch lựu.
q2_3_4_page_357-0007,"Báo vật chí chép rằng Trương Khiên đời Hán lấy được ở nước Đồ Lâm An Thạch đem về, nên gọi thế."
q2_3_4_page_357-0008,"Có thể nhuận chứng khô họng, rễ có thể sát trùng."
q2_3_4_page_357-0009,"Chanh: Bản thảo chép có tên là kim cẩu, còn có tên là hộc xác."
q2_3_4_page_357-0010,"Vỏ có thể công áo, có thể trộn rau sống, có thể hòa tương thịt, có thể rim với mật làm mứt, ngửi thì thơm, ăn thì ngon, thực là thứ quả quý."
q2_3_4_page_357-0011,"Có thể tiêu đàm chỉ ẩu, tục truyền rễ có thể chỉ khai."
q2_3_4_page_357-0012,"Anh đào: Bản thảo gọi là hàm đào, cây không cao lắm, đầu mùa xuân nổ nhiều hoa trắng, óng ánh như tuyết."
q2_3_4_page_357-0013,"Kinh Thi nói: ""Đào chi yêu yêu"" tức là cây này."
q2_3_4_page_357-0014,"Vì quả anh đào chín trước các quả khác, nên người xưa lấy làm quý, gọi là tiên đào."
q2_3_4_page_357-0015,"Thiên Nguyệt lệnh sách Lễ ký chép rằng: ""Tháng trọng xuân đào mới nổ hoa"" là thế."
q2_3_4_page_357_358-0001,"Cứu hoang bản thảo nói: hái lá non luộc chín, ngâm nước cho thành sắc vàng, lại dùng nước đã đun sôi rửa cho sạch, trộn với dầu muối mà ăn."
q2_3_4_page_358-0001,"Quả nên ăn lúc chín mềm, quả còn rắn chưa chín cũng có thể xào nấu để ăn hoặc thái thành từng phiến phơi khô, trộn bột, để dành ăn dần."
q2_3_4_page_358-0002,Đào đất: chữ Hán là xích ty đào.
q2_3_4_page_358-0003,"Kính xét lời chú trong bài ""Vịnh xích ty đào"" của Minh Mệnh thánh chế rằng: đào này thân cây thấp, lá xanh sáng sủa, dày mà to, hoa đỏ tươi mà có tơ rủ xuống nên gọi tên thế."
q2_3_4_page_358-0004,"Hình quả trên tóp dưới nổ, vỏ đỏ, cùi trắng như bông, không thơm ngọt lắm, trông thật đáng yêu, khác hẳn hình sắc các thứ đào khác, có lẽ phương Bắc triều (Trung Quốc) không có giống này."
q2_3_4_page_358-0005,Năm Minh Mệnh thứ 17 khắc hình tượng vào Thuần đỉnh.
q2_3_4_page_358-0006,"Quả ổi: chữ Hán là thiên đào, tháng 2 nổ hoa thành từng cụm, sắc vàng, tháng 5 quả chín, vị ngọt nhưng chát."
q2_3_4_page_358-0007,"Gia Định thông chi gọi là sơn lựu, lá non vị chát, có thể ăn sống nhưng không nên ăn nhiều."
q2_3_4_page_358-0008,"Quả khế: Bản thảo gọi là dương đào, quả có năm múi như hình sống gươm; lại có tên là ngũ liêm tử, Nam phương thảo mộc trạng nói rằng người phương nam gọi ""liêm là kiếm""."
q2_3_4_page_358-0009,"Quả có hai loại: ngọt và chua, rim với mật làm mứt."
q2_3_4_page_358-0010,"Kinh thi nói ""Thấp hữu trường sở"" tức là cây này."
q2_3_4_page_359-0001,"Quả tiết lê: (theo Cương mục), Bản thảo gọi là ngọc nhũ, là mật phụ, cây cao 2, 3 trượng, tháng 2 nổ trắng như tuyết, hoa có sáu cánh, ngày thượng ty không có gió mà kết quả thì ngon."
q2_3_4_page_359-0002,"Cứu hoang bản thảo nói: quả chưa chín hãy còn rắn, hái về nấu chín để ăn, quả đã chín thì hái lấy ăn sống hoặc xôi chín ăn cũng ngon, hoặc bóc lấy vỏ phơi khô để dành ăn dần."
q2_3_4_page_359-0003,"Kính xét lời chua trong bài thơ ""Vịnh lê hoa"" của Minh Mệnh thánh chế nói: nước ta về hạt Cao Bằng sản thứ lê, quả rất to, lê phương Bắc không ví được nhưng vị thơm ngọt thì kém tuyết lê ở Thiên Tân."
q2_3_4_page_359-0004,"Năm trước đã hạ lệnh chọn lấy thứ tuyết lê vào hạng thượng phẩm đem từ nước Thanh về trồng ở trong điện, gần đây đã kết quả, vị rất ngon."
q2_3_4_page_359-0005,"Quả lê: tục gọi quả đào rày, chữ Hán là đường lê, cây cao hơn một trượng, lá dày mà hơi dài, hoa có tơ nhỏ, quả có thể ăn được."
q2_3_4_page_359-0006,"Bản thảo nói đường lê quả lớn như quả hạnh, vị chát, ăn được."
q2_3_4_page_359-0007,"Lời chú về thảo mộc chép trong Tự điển nói cây cam đường tức là cây đường lê ngày nay, hạt sắc trắng vị hơi chát, hình nhấn và đẹp."
q2_3_4_page_359-0008,Kinh thi nói cây cam đường tức là cây này.
q2_3_4_page_359-0009,Quả na: chữ Hán là phật đầu lê (theo Thông chí).
q2_3_4_page_359-0010,"Tục gọi quả mạng cầu, hình dáng xù xì, lại có tên là tú cầu tử."
q2_3_4_page_359-0011,"Cây cao chừng 7, 8 thước, lá nhọn mùa đông rét lá rụng hết, đến mùa xuân lại nảy lá mùa hạ nở hoa và kết quả, mùa thu mới chín, vị Xu 1ê: tục gọi qua bình bát, cũng gọi là dã lê cây cao chừng một trượng, giống cây na, lá nhọn mà dài như lá cây xoài, vỏ quả giống vỏ quả thạch lựu mà hơi xù xì, quả chín về mùa thu, vị thô mà nhạt, không thanh ngọt bằng quả na."
q2_3_4_page_359-0012,"Quả thơm: chữ Hán là bách nhãn lê, cũng gọi là quả dứa, lại có tên là phiên lê, là phượng lê; phần nhiều trồng ở nương vườn về miền núi."
q2_3_4_page_359-0013,"Quả chín về tháng 5, vị đới ngọt và chua, lá có thể dệt vải."
q2_3_4_page_359-0014,Tiên lý: tục gọi là quả mận.
q2_3_4_page_359-0015,"Bdn thảo nói rễ trị lở loét, vỏ trị răng."
q2_3_4_page_359-0016,"Cứu hoang bản thảo nói Trẩy quả nấu chín mà ăn, không nên hòa mật mà ăn, tổn ngũ tạng."
q2_3_4_page_359-0017,"Thạch lật: tục gọi quả dầu lai, cây cao 4, 5 thước mà lớn."
q2_3_4_page_359-0018,"Quả như hòn đạn, sinh trong bao, chín thì bao rách hột rời ra, có thể ép dầu thắp đèn, xôi lên Quả vd: chữ Hán là cổ độ tử."
q2_3_4_page_359-0019,"Bdn thảo gọi là vô hoa quả, có thể ăn sống được, nấu lẫn với thịt lợn ăn cũng ngon."
q2_3_4_page_359-0020,"Gỗ bền và dẻo, có thể dùng làm bàn cờ."
q2_3_4_page_359_360-0001,"Lại có một loại dương vô hoa quả sản ở Tây Dương, lá như lá cây thạch lật, không có hoa mà kết mùa đông rét lá rụng hết, đến mùa xuân lại nảy lá mùa hạ nở hoa và kết quả, mùa thu mới chín, vị Xu 1ê: tục gọi qua bình bát, cũng gọi là dã lê cây cao chừng một trượng, giống cây na, lá nhọn mà dài như lá cây xoài, vỏ quả giống vỏ quả thạch lựu mà hơi xù xì, quả chín về mùa thu, vị thô mà nhạt, không thanh ngọt bằng quả na."
q2_3_4_page_360-0001,"Quả thơm: chữ Hán là bách nhãn lê, cũng gọi là quả dứa, lại có tên là phiên lê, là phượng lê; phần nhiều trồng ở nương vườn về miền núi."
q2_3_4_page_360-0002,"Quả chín về tháng 5, vị đới ngọt và chua, lá có thể dệt vải."
q2_3_4_page_360-0003,Tiên lý: tục gọi là quả mận.
q2_3_4_page_360-0004,"Bdn thảo nói rễ trị lở loét, vỏ trị răng."
q2_3_4_page_360-0005,"Cứu hoang bản thảo nói Trẩy quả nấu chín mà ăn, không nên hòa mật mà ăn, tổn ngũ tạng."
q2_3_4_page_360-0006,"Thạch lật: tục gọi quả dầu lai, cây cao 4, 5 thước mà lớn."
q2_3_4_page_360-0007,"Quả như hòn đạn, sinh trong bao, chín thì bao rách hột rời ra, có thể ép dầu thắp đèn, xôi lên Quả vd: chữ Hán là cổ độ tử."
q2_3_4_page_360-0008,"Bdn thảo gọi là vô hoa quả, có thể ăn sống được, nấu lẫn với thịt lợn ăn cũng ngon."
q2_3_4_page_360-0009,"Gỗ bền và dẻo, có thể dùng làm bàn cờ."
q2_3_4_page_360_361-0001,"Lại có một loại dương vô hoa quả sản ở Tây Dương, lá như lá cây thạch lật, không có hoa mà kết quả, quả chưa chín sắc xanh, đã chín sắc trắng, vỏ hơi ráp, vị ít ngọt."
q2_3_4_page_361-0001,"Xem lời chú trong bài thơ ""Vịnh dương vô hoa quả"" của Minh Mệnh thánh chế."
q2_3_4_page_361-0002,"Quả sung: chữ Hán là ưu đàm tử, cũng gọi là vô hoa quả."
q2_3_4_page_361-0003,Ngẫu nhiên có hoa là điểm lành.
q2_3_4_page_361-0004,"Đầu đời Thế Tông bản triều có điểm nở hoa sung, tức là cây này."
q2_3_4_page_361-0005,Quả có thể ăn sống.
q2_3_4_page_361-0006,Cứu hoang bản thảo nói: mất mùa thì hái quả sung mà ăn.
q2_3_4_page_361-0007,"Sản tử: tục gọi quả sáp, cũng gọi quả giàu."
q2_3_4_page_361-0008,"Theo phần Nam châu ký của Từ Biểu chép trong Bản thảo thập di, thì cây này quả giống quả đào, cây dài hơn thước, tháng 2 nở hoa liền kết quả, tháng 5 quả chín, sắc vàng, đem muối để dành, vị chua như bạch mai; có thể chữa chứng đau lừng và chứng huyết của phụ nữ."
q2_3_4_page_361-0009,Quả mít: chữ Hán là ba la mật.
q2_3_4_page_361-0010,"Bản thảo chép tên là nang gia kết, quả to như cái đấu, có gai mềm, vị rất ngọt thơm, hột có thể luộc ăn, có thể ích tỉnh khí, khử phiền."
q2_3_4_page_361-0011,"Có hai loại khô và ướt, chất gỗ có sắc mà bền, có thể dùng làm rưỡng cột, xẻ ván, duy tính không chịu đất."
q2_3_4_page_361-0012,"Các tỉnh đều có, mà từ Nghệ An vào Nam miền gần núi có nhiều."
q2_3_4_page_361-0013,Năm Minh Mênh thứ 17 khắc hình tượng vào Cao Đinh.
q2_3_4_page_361-0014,"Quả thù đủ: chữ Hán là nam mộc qua, lại có tên là nhũ qua, sống chín đều ăn được, vị ngọt lợ quả sống rim mật làm mứt rất ngon."
q2_3_4_page_361-0015,"Thân cây đẽo hết vỏ xanh, nạo nhỏ muối làm dựa hoặc trộn dầu muối mà ăn, có thể cứu đói."
q2_3_4_page_361-0016,"Lại có loài dương mộc qua xuất tự Tây Dương, cây cao hơn trượng, lá xanh tươi, quả trên nhỏ dưới to, vị ngon ngọt."
q2_3_4_page_361-0017,"Quả chuối: chữ Hán là ba tiêu, quả lớn như sừng bò, vị ngọt thơm."
q2_3_4_page_361-0018,"Sách Đài nhã chép ba tiêu không rụng lá, hễ một lá mọc thì một lá khô cho nên gọi là tiêu."
q2_3_4_page_361-0019,"Vân đài loại ngữ nói ba tiêu ở Giao Châu có nhiều loại: chuối lùn, quả to vỏ xanh, vị ngọt hơi chát; chuối xanh, quả to vỏ cây xanh, vị toàn ngọt; chuối bụt, quả to vỏ vàng, rất ngọt; chuối lá, quả to vỏ vàng, hơi ngọt; chuối mỏ qua, quả như quả chuối lá mà dài, hơi chua; chuối mốc, quả nhỏ vỏ lợt, thịt vàng mịn rất ngọt; chuối tai mèo, quả nhỏ mà dài, vỏ đỏ vị lạt; chuối hột, quả to, vỏ có hơi sắc xanh, thịt vàng nhiều hột, rất ngọt; chuối sơn tiêu, cây thấp quả nhỏ."
q2_3_4_page_361-0020,"Các loại chuối rất nhiều, duy chuối cau từ Nam Kỳ đem về trồng, vỏ mỏng mà ngọt thơm là tốt nhất."
q2_3_4_page_361-0021,"Bản thảo nói: thân cây có sợi tơ, có thể đệt làm vải nhỏ, tục gọi là tiêu cát, lá cơ thể dùng để gói, củ nấu với thịt cũng ngon, năm mất mùa có thể cứu đói."
q2_3_4_page_361-0022,Công dụng của cây chuối rất rộng.
q2_3_4_page_362-0001,"Chuổi sừng trâu: chữ Hán là dương đại tiêu, đời Minh Mệnh có người từ Hạ Châu đến hiến, trồng ở Thượng Uyển, người Tây Dương gọi là ""Ngẫu tàng độ""."
q2_3_4_page_363-0001,"Quả phùng quân: tục gọi quả bần quân, cây nhiều gai, quả nhỏ như hòn đạn, sắc đen tía, vị ngọt."
q2_3_4_page_363-0002,"Tương truyền ngày xưa hành quân tuyệt lương rất đói, gặp quả này lấy ăn đỡ đói cho nên gọi tên thế."
q2_3_4_page_363-0003,Hoặc có người cho là quả sơn trà là lầm.
q2_3_4_page_363-0004,"Quả thị: chữ Hán là hương thị, cây lớn như cây xoài, quả sắc vàng, thơm ngon ăn được; gỗ chất bèn chắc, có thể làm bản in sách."
q2_3_4_page_363-0005,"Bản thảo chép có tên là hỏa châu thị, Nông chính toàn thư chép cây thị có bảy điều tuyệt: 1 thọ; 2 nhiều bóng; 3 không có tổ chim; 4 không có mọt; 5 lá trắng, có thể thưởng ngoạn; 6 quả ngon có thể ăn; 7 lá rụng to lớn có thể viết chữ."
q2_3_4_page_363-0006,Quả bề thị: tục gọi quả tấm.
q2_3_4_page_363-0007,"Bản thảo gọi là ngưu nại thị (thị sữa bò), cây nhỏ mọc thành khóm mà thấp nên gọi tên là bề thị."
q2_3_4_page_363-0008,"Quả sắc đen tía, ngọt mà nhiều hạt nhỏ, có thể ăn sống, rễ và vỏ lấy nước có thể nhuộm lưới, bồi quạt."
q2_3_4_page_363-0009,"Tô tụng đồ kinh chép có một loại thị nhỏ, gọi là nhuyến táo, tục gọi là ngưu nại thị."
q2_3_4_page_363-0010,"Lý Thì Trân (Bản thảo) nói quả nhỏ tròn như ngón tay, gọi là đinh hương thị."
q2_3_4_page_363-0011,"Quả móc: chữ Hán gọi là tông lư tử, cây nhỏ bằng cây dã mẫu đơn."
q2_3_4_page_363-0012,"Lá thơm có thể thay trà; quả sắc đỏ, chín thì đen, vị ngọt hơi chát, ăn thì đen miệng."
q2_3_4_page_364-0001,"Quả hồng: chữ Hán là hắc thị, quả lớn như quả thị mà ít hột, vị rất ngọt, có thể thanh vị khí."
q2_3_4_page_364-0002,"Phầm uống rượu không nên cùng ăn, khiến dễ say."
q2_3_4_page_364-0003,"Cứu hoang bản thảo nói: lấy quả thị chín mềm mà ăn, quả thị chưa mềm thì lấy ngâm nước cho chín mà ăn."
q2_3_4_page_364-0004,"Thị sống thì lạnh, không nên ăn nhiều."
q2_3_4_page_364-0005,"Quả táo: chữ Hán là táo tử, quả lớn như ngón tay cái, vị ngọt lạt; có thể điều vinh vệ, ích tinh thần."
q2_3_4_page_364-0006,Gỗ bền cứng có thể làm bản in sách.
q2_3_4_page_364-0007,"Cứu hoang bản thảo nói: lấy lá non luộc chín, ngâm nước thành sắc vàng, rửa sạch trộn dầu muối mà ăn."
q2_3_4_page_364-0008,"Táo chín đổ trẩy mà ăn, quả còn xanh chưa chín có thể nấu ăn được."
q2_3_4_page_364-0009,"Quả báng: chữ Hán là quang lang, tục gọi cây tương."
q2_3_4_page_364-0010,"Quả cây này có thể nấu cháo ăn; thân cây có bột, có thể làm bánh, các tỉnh đều có nhiều, nhất là ở sơn phần Hải Vân huyện Phú Lộc."
q2_3_4_page_364-0011,"Bản thảo gọi là khô lang mộc, là thiết mộc."
q2_3_4_page_364-0012,"Lý Thì Trân nói sách Quảng Châu chí của Quách Nghĩa Cung chép rằng cây lớn 4, 5 ôm cao 6, 7 trượng, đứng thẳng, không có cành ngang, mỗi cây có vài chục tàn lá mọc, ở trên ngọn hình dáng như lá móc."
q2_3_4_page_364-0013,"Chất gỗ rắn, bổ vào mấy tấc thì có bột sắc đỏ vàng, có thể ăn được."
q2_3_4_page_364-0014,"Lại Hải sa lục của Cố Giới chép rằng: thân cây có từng đốt như cây tre vàu, ngọn cây trổ mấy tàu lá, hoa nổ thành buồng, sắc lục, kết quả như hạt châu xanh mỗi chế có hàng trăm quả, mỗi cây có gần trăm chế rũ xuống từng chùm như hình cái tán, trông rất đáng yêu."
q2_3_4_page_364-0015,"Chất gỗ rất rắn, hình dáng giống gỗ hoa lê mà nhiều vân, thuyền Phiên thường dùng để thay giáo sắt, rất là lợi hại."
q2_3_4_page_364-0016,"Vỏ rất mềm mà bền, có thể dùng làm thừng chảo."
q2_3_4_page_364-0017,"Hoa mộc khảo chép rằng, trong núi có một thứ cây gọi là cây sa cô, người ta lấy vỏ cây giống như cát căn của Trung Quốc, giã nát ngâm nước, rồi gạn lấy bột làm thành từng viên bằng hạt đậu xanh, phơi khô đem bán gọi là gạo sa cô (1)."
q2_3_4_page_364-0018,"Thứ này sản ở nước Bồ Thích Gia, thuyền buôn thường chở đến bán ở nước ta, nhiều người mua để ăn."
q2_3_4_page_364-0019,"Quả bùi: chữ Hán là căm lăm, lại gọi là quả cà na, cũng gọi là trám trắng, tính trước đắng sau ngọt."
q2_3_4_page_364-0020,"Bản thảo gọi là trung quả, là gián quả, cây cao không thể trèo được."
q2_3_4_page_364-0021,"Lúc quả chín, lấy đanh đóng vào gốc cây, hoặc nhét một ít muối vào trong vỏ cây thì một đêm quả khắc rụng xuống."
q2_3_4_page_364-0022,Đấy là việc huyền diệu về vật lý.
q2_3_4_page_364-0023,"Thứ cây này có nhựa như nhựa cây đào, dùng để trét thuyền."
q2_3_4_page_364-0024,Có công dụng giải chất độc của cá.
q2_3_4_page_365-0001,"Quả trám đen: chữ Hán là ô cảm lãm, cây to, quả nhiều, vị chát, phải ngâm nước ấm mới ăn được; đập vỡ hạt ra lấy nhân ăn rất thơm ngon; có công dụng sinh tân và khai vị."
q2_3_4_page_366-0001,Quả cau: chữ Hán là tân lang.
q2_3_4_page_366-0002,"Bản thảo gọi là tân môn, là nhân tần, là tấy đán."
q2_3_4_page_366-0003,"Chữ tân và chữ lang đều là danh từ dùng để gọi quý khách, gọi là tân lang là lấy ý khi khách đến chơi, trước hết lấy tân lang mà mời."
q2_3_4_page_366-0004,"Quả này có công dụng hạ khí và tiện thủy đạo, tục ngữ nói: ""Năm trước rẻ cau, năm sau đất lúa"" cũng có ứng nghiệm."
q2_3_4_page_366-0005,Năm Minh Mệnh thứ 17 khắc hình tượng vào Anh đỉnh.
q2_3_4_page_366-0006,Quả cau rừng: chữ Hán là sơn tân lang.
q2_3_4_page_366-0007,"Bản thảo chép rằng, theo lời chú giải về La Phù Sơn của Trúc Pháp Chân thì quả này còn có tên là nạp tử, sinh ở Nhật Nam."
q2_3_4_page_366-0008,"Thân giống cây mía, mỗi khóm mọc hơn mười gốc, mỗi gốc đến mười buồng, mỗi buồng vài trăm quả, quả dài hơn một tấc, tháng 5 hái quả, vị vừa đắng vừa ngọt, nay ở sơn phần huyện Phú Lộc có rất nhiều."
q2_3_4_page_366-0009,"Quả tam lang: chữ Hán là sơn tam lang, mọc rất nhiều ở sơn phần huyện Phú Lộc, cây như cây nhãn, lá như lá mít, tháng 5 nở hoa kết quả, tháng 9 tháng 10 quả chín, gặp năm đói, người ta hái quả chín nấu ăn."
q2_3_4_page_366-0010,"Quả nho: chữ Hán là bồ đào, vị đối chua ngọt, xuất từ nước Đại Uyển (1), vị nước ngon lạ, người Tây (1) Một nước ở Trung Á, nay thuộc Liên bang Xô Viết."
q2_3_4_page_367-0001,"Vực dùng để cất rượu, gọi là rượu bồ đào."
q2_3_4_page_367-0002,Cứu hoang bản thảo nói: quả bồ đào chín lấy nước để cất rượu.
q2_3_4_page_367-0003,Quả tẩm duộc: chữ Hán là thành châu tử.
q2_3_4_page_367-0004,"Kính xét lời chú trong bài thơ ""Vịnh thanh châu tử"" của Minh Mệnh thánh chế, tục gọi quả tẩm duộc."
q2_3_4_page_367-0005,"Cây cao hơn một trượng, vỏ trắng nhăn nheo, lá lúc mới nẩy sắc tía thẫm, lớn lên thành sắc lục, nhọn dài và nhấn."
q2_3_4_page_367-0006,"Quả rất sai, chíu chít đầy cành, từ lúc bắt đầu kết quả đến lúc chín vẫn giữ sắc xanh, nên gọi là thành châu."
q2_3_4_page_367-0007,"Vị chua, có thể dùng để tra nấu, cũng như quả mai (mơ) ở phương Bắc vậy."
q2_3_4_page_367-0008,Quả giáng châu: chữ Hán là giáng châu tử (theo tên do Minh Mệnh cho).
q2_3_4_page_367-0009,"Tục gọi là quả măng cụt, người nước Thanh gọi là mã ngật, đầu quả có tai, vỏ dày, trôn quả có vần xanh như hình hồi văn, sắc đỏ, vị ngọt và thơm, sản ở Nam Kỳ."
q2_3_4_page_367-0010,Khoảng đời Minh Mệnh đem về trồng ở Sơn Lăng mới ban cho tên hiện nay.
q2_3_4_page_367-0011,"Quả lòn bon: chữ Hán là nam trân, cây cao chừng vài ba trượng, mùa xuân hoa nổ, mùa thu quả chính, vỏ mỏng, thịt trắng tinh, vị ngọt và thơm, sản ở Quảng Nam."
q2_3_4_page_367-0012,Khoảng đời Minh Mệnh đem trồng ở Sơn Lăng và cho tên là nam trân.
q2_3_4_page_367-0013,"Quả chôm chôm: chữ Hán là thiều lệ chi, Bản thảo gọi là thiều tử."
q2_3_4_page_368-0001,Quả đấm: chữ Hán là đằng thiểu tử (theo Cương mục).
q2_3_4_page_368-0002,"Quả chúc mào: chữ Hán là sơn thiểu tử, phần nhiều mọc ở rừng núi, quả lớn như quả sơn tang (dâu rừng), thịt và hạt bám sát nhau, vị ngọt, lúc chín người ta hái ăn cả thịt và hạt."
q2_3_4_page_368-0003,"Bản thảo chép rằng Ngu hành chí của Phạm Thành Đại nói ở Quảng Nam có quả sơn thiểu, chín về mùa hè, sắc đỏ, cùi như cùi quả vải."
q2_3_4_page_368-0004,"Quả mít nài: chữ Hán lá sơn nại tử (vâng mệnh chép), cây cao như cây mít, quả đỏ và gai mềm, vị cũng ngon ngọt, gỗ chịu chôn dưới đất được lâu, có thể dùng làm rưỡng cột."
q2_3_4_page_368-0005,"Quả thiên tuế tử: (theo Theo mộc trạng), cây lùn như hình cây liễu mới mọc, lá cũng thế, quả ở dưới gốc, vị béo có thể ăn được."
q2_3_4_page_368-0006,"Người ta thường trồng ở cạnh non bộ để làm cảnh, người dựng nhà mới thường lấy lá treo ở xà nhà, có lẽ họ lấy nghĩa lâu dài."
q2_3_4_page_368-0007,"Nam phương thảo mộc trạng nói cây thiên tuế có dây bò man ra đất, quả ở gốc, có râu màu lục, quấn quýt với nhau như dệt."
q2_3_4_page_368-0008,"Mỗi bẹ hơn 200 quả, màu xanh và vàng trong vỏ có thịt như quả lật, quả khô thì vỏ và thịt tách rời nhau, cầm quả mà lắc nghe có tiếng động."
q2_3_4_page_368-0009,"Củ thiên tuế to bằng cái đấu, đào lấy đem thái nhỏ, ngâm nước độ 4, 5 ngày, sau đó rửa sạch giã và lọc thành bột làm bánh, ăn rất ngon."
q2_3_4_page_369-0001,"Qud dâu rừng: chữ Hán là sơn tang thầm (vâng ""mệnh chép)."
q2_3_4_page_369-0002,"Có hai loại, một loại tục gọi dâu tiên kết quả ở thân cây, rủ xuống từng chùm ăn ngọt và thơm; một loại tục gọi dâu đất, quả ít chất ngọt mà nhiều, chất chua."
q2_3_4_page_369-0003,"Lại có một loại tục gọi dâu bão sản đạo Quảng Trị, quá to như đầu ngón tay, vi ngọt thanh, có thể dùng để cất rượu."
q2_3_4_page_369-0004,"Bd bia: chữ Hán là ky mục (theo Cương mạc) vi chua như quả mơ, có thể dùng tra nấu thức ăn."
q2_3_4_page_369-0005,"Bản thảo gọi là quỷ mục, cây cao và to, lá như lá cây gió, quả như quả trứng vịt, hơi méo mó không được tròn, chín về tháng 8, sắc vàng, vị ingot và chua nhào với mật ăn rất ngon."
q2_3_4_page_369-0006,"Quả sa kê: có một tên là du liên, lại một tên là sắc kê, sản ở các gò ở Tây Dương và Hạ Châu."
q2_3_4_page_369-0007,"Khoảng đời Minh Mệnh có người đem về dâng, bèn cho trồng ở các sở thuộc ly cung."
q2_3_4_page_369-0008,"Cây cao hơn vài trượng, lá có ba khía, quả như cái bát, rất tròn, vỏ có gai mềm, sắc đỏ, vị béo và ngọt nhưng có mùi hôi, lúc mới ăn ngại nuốt, ăn rồi mới thấy ngọt thơm."
q2_3_4_page_369-0009,HO tiêu: (theo Cương mục).
q2_3_4_page_369-0010,"Tục gọi hột tiêu. An nam chí chép là cây leo, lá giống lá sơn được (củ mài), vị cay mà thơm gắt, mùa xuân nở hoa, mia thu kết quả."
q2_3_4_page_369-0011,"Kinh thi nói: ""Tiêu liêu chi thực, phiền diễn doanh thăng "" tức là quả này."
q2_3_4_page_369-0012,"Lại bỏ vỏ đi gọi là bạch tiêu, tục gọi tiêu sọ, sản ở đạo Quảng Tri Quả màng tang: chữ Hán là tất trừng già, Bản thảo gọi là tỳ lăng già tử."
q2_3_4_page_369-0013,"Lý Thì Trân nói là cây leo, mùa xuân nở hoa trắng, mùa hè kết quả đen, cùng với hồ tiêu là một vật mà hai loài."
q2_3_4_page_369-0014,Quả ót: chữ Hán là phiên tiêu.
q2_3_4_page_369-0015,Ở phật thủ: chữ Hán là phật thủ tiêu.
q2_3_4_page_369-0016,"Hột sân: chữ Hán là hoàn lục tử (theo Chỉ nam thập dị), cũng giống như hồ tiêu nhưng vị cay mà hôi, Bản thảo gọi là xú tiêu."
q2_3_4_page_369-0017,"Có hai loại đỏ và trắng, đọt non sắc trắng, tương truyền có công dụng chữa bệnh phù, củ chữa đau cuống họng."
q2_3_4_page_369-0018,"Cứu hoang bản thảo nói: hái lá non luộc chín, thay nước ngâm rồi rửa sạch, trộn dầu muối để ăn."
q2_3_4_page_369-0019,Cây mía: chữ Hán là cam giá (theo Cương mục).
q2_3_4_page_369-0020,"Có hai loại đỏ và trắng, loại trắng là địch giá, tục gọi mía lau, ưa trồng đất bãi; loại đỏ là côn lôn giá, tục gọi mía bằng, ưa trồng ở vườn."
q2_3_4_page_369-0021,"Mía lau có thể làm đường cát, mía bằng chỉ để ăn, công dụng đều có thể tiêu đỡm và điều hòa tì vị."
q2_3_4_page_369-0022,"Lại có một loại gọi là mía tây, thân cây và lá đều tía, vị ngọt, công dụng có thể chữa bệnh ho."
q2_3_4_page_370-0001,"Hột sen: chữ Hán là liên tử, Bản thảo nói: hạt sen bỏ vào nước ngọt thì chìm, bỏ vào nước mặn thì nổi."
q2_3_4_page_370-0002,"Người nấu muối dùng để thử muối, hễ thấy hạt sen nổi là nước mặn dùng được; lại xát thành bột để làm bánh, hoặc rim với mật để làm mứt rất tốt, có thể ích khí giải nhiệt, củ sen gọi là ngó."
q2_3_4_page_370-0003,"Cứu hoang bản thảo chép rằng, ngó sen có thể nấu ăn được; hạt sen đều có thể ăn sống hoặc ăn chín; lại có công dụng dùng để thay lương."
q2_3_4_page_370-0004,"Người tu tiên thường chứa hạt sen già và ngó sen khô, càng để được lâu năm ăn càng tốt; lại dùng hạt sen xát thành bột hoặc giã thành gạo để ăn đều được cả."
q2_3_4_page_370-0005,Năm Minh Mệnh thứ 17 khắc hình tượng vào Nhân đỉnh.
q2_3_4_page_370-0006,"Củ ấu: chữ Hán là lăng thực, thường nở hoa trái hướng mặt trời, nên tính hàn."
q2_3_4_page_370-0007,"Bản thảo gọi là lăng, có tên nữa là thủy lật, lại có tên nữa là sa dác."
q2_3_4_page_370-0008,"Ở thôn quê người ta phơi khô để làm lương ăn, có công dụng yên trung bổ khí."
q2_3_4_page_370-0009,"Cứu hoang bản thảo nói: thái củ ấu tươi và lớn, bóc vỏ đi để ăn sống củ nào vỏ già và củ nhỏ, non thì nấu chín mà ăn."
q2_3_4_page_370-0010,"Hoặc phơi khô, rang lên mà làm gạo, giã làm bột rất trắng, nhiều người ưa dùng."
q2_3_4_page_370-0011,"Phép tịch cốc trường sinh của đạo sĩ, xôi củ ấu đem phơi khô, rồi nhào với mật làm bánh để ăn."
q2_3_4_page_370-0012,"Cứu hoang bản thảo lại nói: ăn nhiều thì ngũ tạng hàn, tổn hại dương khí và đầy bụng, uống rượu gừng hoặc miệng ngậm hạt ngô thù nuốt lấy nước thì tiêu ngay."
q2_3_4_page_371-0001,"Củ súng: chữ Hán là khiếm thực, hoa nở thường hướng về mặt trời, nên tính ôn."
q2_3_4_page_371-0002,"Bản thảo gọi là kê đầu, lại có tên nữa là nhạn trắc, hái củ làm bột, có thể thai lương, dot non dùng làm rau ăn, có công dụng tư thận ích khí."
q2_3_4_page_371-0003,"Cứu hoang bản thảo nói rằng hái lấy củ và đọt non nấu chín để ăn, lúc củ đã già thì hái củ bóc lấy nhân, hoặc đem cả củ phơi nắng vỏ tự khắc nứt ra."
q2_3_4_page_371-0004,"Hoặc đem củ bỏ vào cối để giã rồi bỏ vỏ đi, lấy nhân nghiền nát thành bột, 1am thành tấm bánh gói vào lá để xôi, đều có thể ăn được, nhưng ăn nhiều thì không bổ ti vi, lại khó tiêu hoá, ăn sống thì động phong."
q2_3_4_page_371-0005,"Củ năn: chữ Hán là bột tê, Bdn thảo gọi là 6 vu là địa lật, củ sắc đen, to bằng ngón tay, vỏ dầy có lông, vị ngọt, có thể ăn sống được."
q2_3_4_page_371-0006,"Cứu hoang bản thỏo nói: hái củ luộc chín hoặc gia làm bột ăn bổ trường vị, không thấy đói, phụ nữ có mang không nên ăn."
q2_3_4_page_372-0001,"Củ từ cô: chữ Hán là thủy từ cô, Bdn thảo gọi là tạ cô, là hà phù tỳ, là bạch địa lật, là yến vị thảo."
q2_3_4_page_372-0002,"Sinh chỗ nước nông, tháng ba mới sinh, mọc đọt xanh, bên trong rỗng, bên ngoài có cạnh góc lá như đuôi én, trước nhọn, sau chẻ; sau tiết sương thì rễ khô kết lại thành củ, màu đông mùa xuân hát lấy, dùng nước tro nấu chín, bóc vỏ đi mà ăn đọt non cũng có thể nấu ăn được."
q2_3_4_page_372-0003,"Cứu hoang bản thảo nói: hái lấy đọt non ở gần gốc, luộc chín trộn dầu muối để ăn."
q2_3_4_page_372-0004,Các loại kể trên các tỉnh đều có.
q2_3_4_page_373-0001,"""LOẠI THẢO"
q2_3_4_page_373-0002,"Hoàng tinh: theo Cuong mục, Bản thảo gọi là hoàng chi, là mậu kỷ chi, là lộc trúc, là tiên nhân dư lương, là cứu cùng thảo, là dã sinh khương, là trùng lâu, là kê cách, là thuỳ châu, có lẽ là tính của cỏ chi."
q2_3_4_page_373-0003,"Củ như củ gừng non, sắc vàng, người ta giã múc bột, gọi là bột hoàng, tỉnh; có công dụng bổ tỉnh dién tuy, dùng lâu sẽ sống lau."
q2_3_4_page_373-0004,"Chỗ nào cũng có, nhiều nhất là ở hạt ""Quảng Bình."
q2_3_4_page_373-0005,"""Cỏ láng: chữ Hán là quán chúng."
q2_3_4_page_373-0006,"Bản thảo gọi là quán tiết, là quán cừ, là bách đầu, là chỉ đầu cẩu tích thảo, là phượng vĩ thảo."
q2_3_4_page_373-0007,"Có thể chữa thất huyết phá huyết, ngăn dịch khí."
q2_3_4_page_373-0008,Lá dùng để lợp nhà.
q2_3_4_page_373-0009,Chỗ nào cũng có. Lông cu ly: chữ Hán là kim mao cẩu tích.
q2_3_4_page_373-0010,"Bản thảo gọi là cường lữ, là phù cân, là bách chi, là cẩu thanh."
q2_3_4_page_373-0011,"Có công dụng chữa chứng lưng đau, chân yếu."
q2_3_4_page_373-0012,"Khi bị thương ra mấu, cắt lấy lông 4 ấy rịt vào chỗ bị thương thì cầm máu ngay; lông mềm nhuyễn, có thể dùng để nhồi gối."
q2_3_4_page_373-0013,"Sdn ở chín châu thuộc phủ Cam Lộ, sáu tỉnh miền núi Bắc Kỳ có nhiều."
q2_3_4_page_373-0014,"""Sài hồ: tục gọi rẽ lật."
q2_3_4_page_373-0015,Bản thảo gọi là vân cao là sơn thái.
q2_3_4_page_373-0016,"Thiên N guyệt Lệnh sách Lễ ký chép ""Tháng mạnh đông, cỏ vân mới moc"", tức là cỏ này."
q2_3_4_page_373-0017,"Sinh ở bờ biển thì tốt non, có công dụng: chữa Chứng hư lao giải nhiệt, chữa chứng nhức đầu."
q2_3_4_page_373-0018,"Cứu hoang bản thảo nói: hái đọt và lá luộc chín, thay nước, rửa hết vị đắng rồi trộn dầu muối để ăn."
q2_3_4_page_373-0019,Công Gáng Vikiêm chữ Háp þà tiêg hỏi Bản thảo chép Cây thanh ngâm: chữ Hán là long đồm thảo.
q2_3_4_page_373-0020,"Bản thảo gọi là lăng du, hoa rất đẹp."
q2_3_4_page_373-0021,Có công dụng sát trùng và trừ nhiệt.
q2_3_4_page_373-0022,"Cứu hoang bản thảo nói: hái lá luộc chín, thay nước, rửa hết vị đáng, trộn dầu muối để ăn, chở ăn lúc đói lòng sẽ đi tiểu tiện luôn."
q2_3_4_page_373-0023,"Củ tam thất: Bản thảo chép là sơn tất, là kim bất hoán, cây này mỗi cành tả ba lá, hữu bốn lá, nên gọi là tam thất."
q2_3_4_page_373-0024,"Lá có công dụng chữa được chỗ đao thương chảy máu và các chứng thổ huyết, tiện huyết."
q2_3_4_page_373-0025,"Cổ chỉ: chữ Hán là kim ty thảo, dây xơ bền, có công dụng chữa máu cam và huyết băng."
q2_3_4_page_373-0026,"Tương truyền phương thuốc chữa huyết băng: lấy kim ty thảo hợp với mã tiên thảo sắc uống, rất công hiệu."
q2_3_4_page_374-0001,Củ địa liên: chữ Hán là sơn tam mai.
q2_3_4_page_374-0002,"Bản thảo gọi là sơn lạt, có công dụng chữa chứng lãnh thống và hoắc loạn."
q2_3_4_page_375-0001,Cao lương khương: tục gọi cổ riêng ấm.
q2_3_4_page_375-0002,"Bản thảo gọi là man khương, có công dụng chữa chứng vị hàn, phong thấp và đau cổ tay."
q2_3_4_page_375-0003,"Loại dịch chua rằng, trong bài ""Cửu ca"" có câu: ""Hái cổ đỗ nhã ở phương châu""."
q2_3_4_page_375-0004,"Bản thảo chép rằng đỗ nhã, nay thỉnh thoảng có ở Sở Trung, người ta gọi là lương khương, củ có vị cay."
q2_3_4_page_375-0005,"Lại có thuyết nói cây lớn là cao lương khương, cây nhỏ là đỗ nhã."
q2_3_4_page_375-0006,Quả đã: chữ Hán là ích trí tử.
q2_3_4_page_375-0007,"Bản thảo nói, hột như ngọn bút, dài 7, 8 phân, tháng 2 nổ hoa, màu như hoa sen, kết quả tháng 5, tháng 6 thì chín, vị cay, trộn lẫn trong ngũ vị, mùi thơm ngát; cũng có thể muối phơi khô và làm bánh."
q2_3_4_page_375-0008,Trương Tân ở Giao Châu từng làm bánh ích trí dâng lên Nguy Vũ Đế.
q2_3_4_page_375-0009,"Có công dụng điều hòa tam tiêu, ích tỉnh bổ tì."
q2_3_4_page_375-0010,Lá lốt: chữ Hán là tất bạt.
q2_3_4_page_375-0011,Bản thảo gọi là tất bạt.
q2_3_4_page_375-0012,Có công dụng chữa chứng lãnh ly.
q2_3_4_page_375-0013,Trầu không: chữ Hán là phù lưu.
q2_3_4_page_375-0014,"Bản thảo gọi là cụ tương, là thổ tất bạt."
q2_3_4_page_375-0015,"Công dụng có thể giải khí lam chướng, dịch khí, trừ ác khí trong bụng."
q2_3_4_page_375-0016,"Ngạn ngữ nói: ""Quả cau lá trầu có thể khuây sầu""."
q2_3_4_page_375-0017,"Bị bỏng nước sôi hoặc lửa, nhai nhỏ lá trầu đắp vào chỗ bị bỏng sẽ có công hiệu."
q2_3_4_page_375-0018,"Rau muối: chữ Hán là cam tùng hương, lá giống lá cây thủy tùng, vị mặn, miền gần biển đều có."
q2_3_4_page_376-0001,"Bản thảo gọi là khổ di chỉ, lá nhỏ, dây bò dài, mọc thành cụm, lá có thể trộn lẫn với các chất hương khác để nấu nước tắm khiến thân thể thơm tho."
q2_3_4_page_376-0002,"Nam sử chép rằng, hàm thảo lá giống lá cây da cao, mùi thơm, người nước Nữ Nhân ăn hàm thảo như cầm thú, có lẽ là cây này."
q2_3_4_page_376-0003,Nghệ khương hoàng: cũng gọi là củ ngại.
q2_3_4_page_376-0004,Bản thảo gọi là bảo đỉnh hương.
q2_3_4_page_376-0005,"Công dụng có thể tiêu tích, vỡ nhọt và thông ứ huyết."
q2_3_4_page_376-0006,Củ nghệ: chữ Hán là uất kim.
q2_3_4_page_376-0007,Bản thảo gọi là mã truật.
q2_3_4_page_376-0008,"Có thể chữa vết đao thương, khai thông uất kết, làm cho kinh lạc lưu thông, sinh da thịt và hành huyết."
q2_3_4_page_376-0009,Năm Minh Mệnh thứ 17 khắc hình tượng Củ nghệ xanh: chữ Hán là nga truật.
q2_3_4_page_376-0010,Bản thảo gọi là thạch mã truật.
q2_3_4_page_376-0011,Có công dụng phá chưng kết và tiêu thực.
q2_3_4_page_376-0012,Củ gấu: chữ Hán là hương phụ.
q2_3_4_page_376-0013,"Bản thảo chép là tước đầu hương, là phù tu, là sa thảo."
q2_3_4_page_376-0014,"Kinh Thi nói ""Nam sơn hữu đài"", tức là thứ này: Có thể khai thông uất kết, tục truyền củ hoá thành con rế."
q2_3_4_page_376-0015,Cd tranh: chữ Hán là bạch mao.
q2_3_4_page_376-0016,"Bản thảo chép gốc gọi là nhự căn, lại có tên là địa cân."
q2_3_4_page_376-0017,"Sách Chu dịch nói: ""Bạt mao liên nhự"" (nhổ cỏ liền cả rễ) tức là thứ cỏ nay."
q2_3_4_page_376-0018,"Lại có tên nữa là di, là cỏ tranh mới sinh."
q2_3_4_page_376-0019,Lá cỏ tranh có thể lợp nhà và dùng làm bao mao trong khi tế tự.
q2_3_4_page_376-0020,Rễ cỏ tranh có công dụng chữa tiện huyết và tiêu thủy thăng.
q2_3_4_page_376-0021,"Kinh Thi nói ""Bạch mao bao chi"" (bọc bằng cỏ bạch mao), tức là cỏ này."
q2_3_4_page_376-0022,"Gia hựu đồ kinh nói: mùa xuân cỏ tranh mọc khắp đất như kim, tục gọi là mao châm, cũng có thể ăn được."
q2_3_4_page_376-0023,"Lại có một loại gọi là gian mao, chỉ mọc ở trên núi giống cỏ tranh mà dài."
q2_3_4_page_376_377-0001,"Hàng năm cứ đến mùa thu thì nầy dot nở hoa thành từng gié như hoa lau, quả đen nhọn, dài độ một phân, thường bám vào quần áo và đâm vào người, rễ ngắn và cứng như rễ tre nhỏ, không có đốt mà vị hơi ngọt, có thể dùng làm vị thuốc nhưng công dụng không bằng bạch mao."
q2_3_4_page_377-0001,"Lại có loại hoàng mao, gié như gié gian mao có thể dùng bện thừng chão; lại có loại hương mao vị thơm có thể dùng lọc rượu."
q2_3_4_page_377-0002,"Cứu hoang bản thảo nói: hái cỏ tranh non bóc lấy ruột nén để ăn, với trẻ con ăn rất bổ; rễ cỏ cũng có thể ăn được, vị ngọt, ăn lâu có lợi, ăn rễ này có thể nhịn cơm."
q2_3_4_page_377-0003,"Cỏ sd: chữ Hán là mao hương, Bản thảo gọi là ổn thi la, cũng gọi hương ma."
q2_3_4_page_377-0004,Có công dụng giải tà khử uế.
q2_3_4_page_377-0005,"Hương phủ chép ring, dùng mao hương nấu nước tắm, làm cho thân thể thơm; sắc nước uống chữa được chứng đau bụng lạnh."
q2_3_4_page_377-0006,"Vân hương: mọc thành khóm, lá giống lá uyển đậu, tục gọi là thất lý hương, người xưa dùng bỏ vào sách để để trừ nhậy sách, gọi là hương thảo, lại gọi là cửu lý hương."
q2_3_4_page_377-0007,"Y học tập thành nói cửu lý hương trị ung thư dạ dày, giã ra ngâm rượu mà uống."
q2_3_4_page_377-0008,"Tương truyền, rễ và lá sao thơm chữa bệnh ho."
q2_3_4_page_377-0009,"Quản phương phả nói: cửu lý hương có tên nữa là chỉ giáp hoa, cây và hoa rưỡm rà giống cây tử vi, hoa nở rất dày, lá nhỏ mà sắc đỏ, mùi hương ngào ngạt; để trong tóc càng lâu càng thơm, giã lá để nhuộm móng tay rất đỏ."
q2_3_4_page_377-0010,Cổ hương bài: chữ Hán là bài thảo hương.
q2_3_4_page_377-0011,"An nam chí chép: cây lá tròn, dày, có lông, rễ có thể hợp với các mùi hương khác mà trừ mùi hồi thổi."
q2_3_4_page_377-0012,"Hoắc hương, Bản thảo gọi là đầu lâu bà hương."
q2_3_4_page_377-0013,"Có công dụng khai vị khí và chỉ hoắc loạn; lá phơi khô, nấu nước gội đầu rất thơm."
q2_3_4_page_377-0014,Thảo đậu khấu: tục gọi cây mày cháy.
q2_3_4_page_377-0015,"Bản thảo chép là đậu khấu, là lậu khấu, là thảo quả, thân cao vài ba trượng, quả sinh ở ngọn cây."
q2_3_4_page_377-0016,"Có công dụng kiện tỳ, tiêu thực, và trị khí lam chứng."
q2_3_4_page_377-0017,Sa nhân: cũng gọi là súc sa mật.
q2_3_4_page_377-0018,"Bản thảo chép rằng cây và đọt giống cây riềng ấm, cao 3, 4 thước, hoa nổ ở dưới gốc, quả vỏ vàng đỏ, hột rất cay và thơm, có công dụng tiêu thực và chữa hoắc loạn."
q2_3_4_page_377_378-0001,"Năm Minh Mệnh thứ 17 khắc hình tượng vào Thuần đỉnh, vào sách để để trừ nhậy sách, gọi là hương thảo, lại gọi là cửu lý hương."
q2_3_4_page_378-0001,"Y học tập thành nói cửu lý hương trị ung thư dạ dày, giã ra ngâm rượu mà uống."
q2_3_4_page_378-0002,"Tương truyền, rễ và lá sao thơm chữa bệnh ho."
q2_3_4_page_378-0003,"Quản phương phả nói: cửu lý hương có tên nữa là chỉ giáp hoa, cây và hoa rưỡm rà giống cây tử vi, hoa nở rất dày, lá nhỏ mà sắc đỏ, mùi hương ngào ngạt; để trong tóc càng lâu càng thơm, giã lá để nhuộm móng tay rất đỏ."
q2_3_4_page_378-0004,Cổ hương bài: chữ Hán là bài thảo hương.
q2_3_4_page_378-0005,"An nam chí chép: cây lá tròn, dày, có lông, rễ có thể hợp với các mùi hương khác mà trừ mùi hồi thổi."
q2_3_4_page_378-0006,"Hoắc hương, Bản thảo gọi là đầu lâu bà hương."
q2_3_4_page_378-0007,"Có công dụng khai vị khí và chỉ hoắc loạn; lá phơi khô, nấu nước gội đầu rất thơm."
q2_3_4_page_378-0008,Thảo đậu khấu: tục gọi cây mày cháy.
q2_3_4_page_378-0009,"Bản thảo chép là đậu khấu, là lậu khấu, là thảo quả, thân cao vài ba trượng, quả sinh ở ngọn cây."
q2_3_4_page_378-0010,"Có công dụng kiện tỳ, tiêu thực, và trị khí lam chứng."
q2_3_4_page_378-0011,Sa nhân: cũng gọi là súc sa mật.
q2_3_4_page_378-0012,"Bản thảo chép rằng cây và đọt giống cây riềng ấm, cao 3, 4 thước, hoa nổ ở dưới gốc, quả vỏ vàng đỏ, hột rất cay và thơm, có công dụng tiêu thực và chữa hoắc loạn."
q2_3_4_page_378-0013,Năm Minh Mệnh thứ 17 khắc hình tượng vào Thuần đỉnh.
q2_3_4_page_379-0001,Hương nhu: có hai loại tía và trắng.
q2_3_4_page_379-0002,"Bản thảo gọi là hương nhu, là hương nhung."
q2_3_4_page_379-0003,"Có công dụng tiêu phiên, giải thử."
q2_3_4_page_379-0004,Năm Minh Mệnh thứ 17 khắc hình tượng vào Thuần đỉnh.
q2_3_4_page_379-0005,Rau má: chữ Hán là tích tuyết thảo.
q2_3_4_page_379-0006,"Bản thảo gọi là xa tiền thảo, là địa tiền thảo, rễ và lá đều cay và thơm, có thể dùng ăn sống, năm mất mùa hái ăn đỡ đói."
q2_3_4_page_379-0007,"Có công dụng chữa đơn độc, đau mất và trẻ con ho."
q2_3_4_page_379-0008,"Tương truyền giã lá và rễ mà ngâm đồng thiếc cho thành mềm, là do các vật chế phục lẫn nhau."
q2_3_4_page_379-0009,Cổ mười tưới: chữ Hán là trạch lam.
q2_3_4_page_379-0010,"Bản thảo gọi là thủy hương, là đô lương hương, là hài nhi cúc."
q2_3_4_page_379-0011,"Có công dụng tiêu nhọt và thũng, chữa lao gây, lá để trong sách trừ nhậy, lại dùng nước gội đầu rất thơm."
q2_3_4_page_379-0012,"Các thứ cây kể trên, các tỉnh đều có."
q2_3_4_page_379-0013,Ngải: tục gọi là ngãi cứu.
q2_3_4_page_379-0014,"Bản thảo gọi là thủy đài, là ngãi cao."
q2_3_4_page_379-0015,"Sứ Khoáng Chiêm gọi là bệnh thảo có công dụng cứu trừ bách bệnh, chỉ thống an thai."
q2_3_4_page_379-0016,"Ngày 5 tháng 5, hái cây ngãi bện thành hình con hổ treo ở trước cửa, có thể trừ khí độc; lá ngãi luộc chín có thể trộn với gạo nếp làm bánh."
q2_3_4_page_379-0017,"Cẩu kỷ: Bản thảo gọi là thiên tinh, là địa tiết."
q2_3_4_page_379-0018,Có công dụng tráng dương ích tuỷ và sáng mắt.
q2_3_4_page_379-0019,"Sách Mao thi có câu: ""Ngôn thái kỳ kỷ"" tức là thứ cây này, lá non có thể dùng nếu canh."
q2_3_4_page_379-0020,"Ngạn ngữ nói: ""Xa nhà ngàn dặm, chớ ăn cẩu kỷ"", ý nói cẩu kỷ làm tráng dương."
q2_3_4_page_379-0021,"Lý Thì Trân nói: cẩu kỷ trồng ở đất cát phương Bắc thì thuộc loài mộc, ở đất rắn phương Nam thì thuộc loài thảo."
q2_3_4_page_379-0022,"Cứu hoang bản thảo nói: người nông thôn gọi cẩu kỷ là điềm thái, có thể nếu chín để ăn; màu thu hái quả, gọi là cẩu kỷ tử, mùa đông hái củ gọi là địa cốt."
q2_3_4_page_379-0023,"Thanh cao: Bản thảo gọi là thảo cao, là hướng cao."
q2_3_4_page_379-0024,"Kinh Thi nói: ao ao lộc minh, thực đã chi cao (đàn hươu kêu gào, ăn cỏ cao ngoài nội) tức là cỏ này."
q2_3_4_page_379-0025,Có công dụng chữa được đao thương.
q2_3_4_page_379-0026,Lá như lá nhân trần mà mặt trái không trắng.
q2_3_4_page_379-0027,"Cứu hoang bản thảo nói tức là nhân trần cao, là lầm."
q2_3_4_page_379-0028,"Mùa xuân hái lá nấu ăn, hằng năm cứ ngày 2 tháng 2 người ta hái lá trộn với gạo gói bánh tức là rau này."
q2_3_4_page_379-0029,Cổ ích mẫu: chữ Hán là sung uất.
q2_3_4_page_379-0030,"Kinh Thi nói: ""Trung cốc hữu thôi"" (trong hang có cổ thôi), tức là cây này."
q2_3_4_page_379-0031,Đàn bà sau khi để dùng rất tốt.
q2_3_4_page_379-0032,"Cứu hoang bản thảo gọi là uất xú thảo, hái đọt và lá luộc chín, rửa sạch, trộn với dầu muối để ăn."
q2_3_4_page_380-0001,"Nhân trần cao: cỏ này trải qua mùa đông không chết, nhân đọt cũ lại mọc cây mới, nên gọi tên thế."
q2_3_4_page_380-0002,"Mặt trái lá sắc trắng, phần nhiều mọc ở đồng ruộng, có công dụng trừ bệnh thấp nhiệt và chữa nhức đầu."
q2_3_4_page_381-0001,Quả cúc áo: chữ Hán là kim phi thảo.
q2_3_4_page_381-0002,"Bán thảo gọi là kim tiền hoa, là trích kim hoa, hoa như hoa cúc kim tiền, mọc ở cạnh bờ nước thì hoa nhỏ, cánh hoa đơn, có công dụng tiêu đàm, khai vị và chỉ ẩu nghịch (mda)."
q2_3_4_page_381-0003,"Cứu hoang bản thảo nói: hái lá luộc chín, rửa hết vị đắng, trộn với dầu muối để ăn."
q2_3_4_page_381-0004,Cỏ đuôi mương: chữ Hán là thành tương tử.
q2_3_4_page_381-0005,"Bdn thảo gọi là thảo cao, là dã kê quan tử, là thảo quyết minh."
q2_3_4_page_381-0006,"Có công dụng chữa thanh manh, tê thấp và lở loét."
q2_3_4_page_381-0007,Cứu hoang bản thảo nói: hái đọt và lá luộc chín rửa sạch vị đắng rồi trộn dầu muối để ăn.
q2_3_4_page_381-0008,Rễ gai: chữ Hán là trữ ma căn.
q2_3_4_page_381-0009,"Thân cây cao 7, 8 thước, lá như lá cây dó, mặt phải sắc xanh mặt trái sắc trắng, có lông ngắn."
q2_3_4_page_381-0010,"Vỏ có thể ngâm dập lấy sợi để đan lưới hoặc bện day, lá có thể ngầm giã làm bánh rất ngon, có thể chữa chứng ung thư phát bối, lấy rễ lá giã nhỏ đắp vào, ngày đêm thay đổi cho tiêu hết độc."
q2_3_4_page_381-0011,"Cứu hoang bản thảo nói: đầo củ rửa và cạo bỏ vỏ, rồi luộc nhừ ăn Ld bà ả: chữ Hán là hy thiêm, cũng gọi là lá cứt lợn."
q2_3_4_page_381-0012,Bản thảo gọi là hy tiên.
q2_3_4_page_381-0013,"Có công dụng chữa chứng phong thấp, cây mọc ở núi công dụng tốt hơn."
q2_3_4_page_381-0014,Ciứu hoang bản thảo nói: hái dot và lá non luộc chín rửa bỏ vị đắng rồi trộn dầu muối để ăn.
q2_3_4_page_382-0001,"Cổ thấp bút: chữ Hán là mộc tặc, có công dụng đánh màng mắt, chữa được bệnh đổi xán (thiên truy) và thoát giang (lòi tỹ); lại đánh gỗ cho nhấn bóng, ví như giặc của gỗ, nên gọi là mộc tặc."
q2_3_4_page_382-0002,"Cải quy: chữ Hán là nam dương quy, lá như lá rau cải mà hơi dày, có thể dùng làm rau sống, củ có thể chữa huyết chứng."
q2_3_4_page_382-0003,"Bản thảo gọi là can quy, là văn vô, đầu tròn, nhiều đuôi, sắc tía, vị thơm, béo mập và nhấn, dùng làm thuốc rất tốt."
q2_3_4_page_382-0004,"Nam dương quy thì củ và đuôi to cứng tức, Bản thảo gọi là sàm đầu buy, chỉ dùng vào thuốc phát tán thôi."
q2_3_4_page_382-0005,"Nam trà: tục gọi chè Huế, sản ở hai huyện Hương Trà, Phú Lộc là tốt nhất."
q2_3_4_page_382-0006,"Bản thảo gọi là cao lồ, cũng giống cây vàng (chè đắng)."
q2_3_4_page_382-0007,"Hái lấy lá, giã nhỏ phơi âm can rồi nấu uống tức là chè nam vây."
q2_3_4_page_382-0008,"Kính xét lời chú bài thơ ""Vịnh Nam tra"" của Minh Mệnh thánh chế nói, xét cây này tuy cũng gọi là trà, nhưng cánh lá hơi khác, cách uống lại khác hẳn."
q2_3_4_page_382-0009,"Nhưng cái tính thanh lương, có thể sáng mất thứ lòng, trừ phiên giải khát thì cũng như trà."
q2_3_4_page_382-0010,"Khi làm thì không rang mà khi uống thì lại hòa thêm nước lạnh, cho nên đương mùa hạ nóng nực, uống một bát thì toát mổ hôi mà thần khí sảng khoái, cơ thể mát mẻ."
q2_3_4_page_382-0011,"Duy tính nó không khỏi là trệ, thực không hợp với người vị hàn."
q2_3_4_page_383-0001,"Dương trà: tục gọi là cà phê sản từ Tây Dương, cây cao 6, 7 thước, lá như lá hoàng bì mà không nhấn lắm, hạt to bằng đầu ngón tay, màu đỏ, bỏ vỏ và màng mỏng lấy nhân phối khô, sao vàng, nghiên nhỏ, nấu nước uống."
q2_3_4_page_383-0002,Cây muống: chữ Hán là quyết minh (theo Cương mục) cũng gọi muống muông.
q2_3_4_page_383-0003,"Bản thảo gọi là thê cao thảo, là mã đề thảo, đồng nội chỗ nào cũng có; có công dụng thanh can minh mục và chữa đau đầu."
q2_3_4_page_383-0004,"Địa phủ tử: tục gọi cành chổi rành, Bản thảo gọi là địa quỳ, là lạc trữu, hạt của nó tục gọi là hao hao."
q2_3_4_page_383-0005,"Có công dụng làm sáng mất, chữa chứng âm nuy và chứng xán khí."
q2_3_4_page_383-0006,"Lại có một loại là hoàng lô miêu, tục gọi cành chổi đót, và một loại là thiết trữu miêu, tục gọi cành chổi ràng, đều có thể dùng làm chổi."
q2_3_4_page_383-0007,"Dình lịch: tục gọi cây đây, cũng gọi là cây tây."
q2_3_4_page_383-0008,"Bản thảo chép là đinh lịch, là đan cao."
q2_3_4_page_383-0009,"Thiên Nguyệt lệnh sách Lễ ký nói rằng tháng mạnh xuân, cổ mi chết, tức là cây nảy."
q2_3_4_page_383-0010,"Công dụng có thể phá tích, trục tà, lợi tiểu tiện."
q2_3_4_page_383-0011,"Cây chàm: chữ Hán là lam, Bản thảo gọi là liễu lam, là mã lam, đọt và lá có thể dùng để nhuộm xanh."
q2_3_4_page_383-0012,"Kinh thi nói ""Chung triêu thái lam"" (suốt ngày hái chàm) tức là cây này."
q2_3_4_page_383-0013,Công dụng có thể sát trùng.
q2_3_4_page_383-0014,"Cứu hoang bản thảo nói: hái lá cây chàm lớn, nấu chín, ngâm nước rửa hết vị đắng, trộn dầu muối để ăn."
q2_3_4_page_383-0015,"Cổ điều: chữ Hán là hồng lam hoa, cũng gọi rau rum, Bản thảo gọi là hồng hoa, là hoàng lam."
q2_3_4_page_383-0016,"Người ta thường trồng ở vườn, có thể dùng để nhuộm màu đỏ; có công dụng trực ứ huyết và thông kinh."
q2_3_4_page_383-0017,"Cứu hoang bản thảo nói: hái lá non nấu chín, trộn dầu muối để ăn, hột dùng để ép dầu."
q2_3_4_page_383-0018,Tật lê: tục gọi cây ma vương.
q2_3_4_page_383-0019,"Bản thảo gọi là chỉ hành, là khuất nhân."
q2_3_4_page_383-0020,"Sư Khoáng Chiêm chép là hạn thảo, dây bò lan ra đất, hạt có ba cái gai nhọn."
q2_3_4_page_383-0021,"Kinh thi nói: ""Tường hữu từ"" (bờ tường có cây từ), tức là cây này."
q2_3_4_page_383-0022,"Có công dụng làm sáng mất, chữa tích khối và bệnh cổ họng."
q2_3_4_page_383-0023,"Cứu hoang bản thảo nói lấy hạt sao hơi vàng, giã bỏ gai, nghiên thành bột để làm bánh nướng, hoặc đồ lên ăn cũng được."
q2_3_4_page_383-0024,"Rau răm: chữ Hán là hương lục, Bản thảo gọi là gia lục, vị cay, có thể ăn sống và nấu canh."
q2_3_4_page_383-0025,Có công dụng trừ độc cá mú.
q2_3_4_page_384-0001,"Rau ngổ nước: chữ Hán là thành lục, lan bên bờ nước, hái đọt ở lá luộc ăn, vị thơm và ngon."
q2_3_4_page_384-0002,"Lại có một loài sinh ở trên cạn, tục gọi rau ngổ đất, có thể dùng ăn sống, vị rất cây và thơm."
q2_3_4_page_384-0003,"Thực vật tiệp lục nói có một tên nữa là khổ mãi, người tạng hàn không nên ăn."
q2_3_4_page_385-0001,"Rau nghế răm: chữ Hán là mã lục, phần nhiều mọc ở cạnh bờ có nước."
q2_3_4_page_385-0002,Bản thảo gọi là trạch lục.
q2_3_4_page_385-0003,Có công dụng sát trùng.
q2_3_4_page_385-0004,"Sách Cách trí kính nguyên chép rằng: dân cư ở sông Trăn sông Vĩ không biết đánh cá, họ chỉ giã cây trạch lục nấu lẫn đại mạch rồi vãi xuống chầm sâu, cá ăn phải liền chết nổi lên mặt nước, họ bèn vớt lấy để ít lâu cá sống lại, gọi là tuý ngư thảo."
q2_3_4_page_385-0005,"Rau dừa: chữ Hán là thủy lục, bò lan ở dưới nước, lá sắc tía."
q2_3_4_page_385-0006,Có công dụng chữa bệnh ly.
q2_3_4_page_385-0007,"Rau nghế hoang: chữ Hán là hồng thảo, mọc ở bờ nước, cây cao hơn trượng."
q2_3_4_page_385-0008,"Bản thảo gọi là cựu hộc, lá như lá cây mã lục (nghể răm) mà to hơn, tức là cây thủy hồng."
q2_3_4_page_385-0009,"Kinh Thi: chép: ""Thấp hữu du long"" (đất trũng có cây du long) tức là cây này."
q2_3_4_page_385-0010,"Cứu hoang bản thảo gọi là bạch thủy hồng, hái đọt và lá non luộc chín, rửa sạch, trộn dầu muối để ăn, hoặc xôi chín cũng được."
q2_3_4_page_385-0011,Cổ tóc tiền: chữ Hán là mạch môn đông.
q2_3_4_page_385-0012,"Bản thảo gọi là ô cửu, là giai tiền thảo."
q2_3_4_page_385-0013,Có công dụng giải nhiệt thanh tâm và chữa ho.
q2_3_4_page_385-0014,"Cứu hoang bản thảo nói: lấy củ ngâm nước cho hết mùi hôi rồi rửa sạch, xôi chín bỏ lõi để ăn."
q2_3_4_page_385-0015,Cổ tổ rộng: chữ Hán là cốt toái bổ.
q2_3_4_page_385-0016,Bản thảo gọi là thạch mao khương.
q2_3_4_page_385-0017,"Sống gửi trên cây khác, củ giống củ gừng mà nhỏ dài."
q2_3_4_page_385-0018,Có công dụng khoẻ gân cốt và chữa đau lựng.
q2_3_4_page_386-0001,"Các loại cây trên, các tỉnh đều có."
q2_3_4_page_386-0002,"Cổ mã tiền: Bản thảo gọi là long nha thảo, là phượng cảnh thảo, thân vuông, lá tựa lá ích mẫu, đối nhau, bông như bông xa tiền, có công dụng sát trùng, chỉ huyết băng, và chữa âm thũng của đàn ông."
q2_3_4_page_386-0003,"Rau dệu: chữ Hán là đạm trúc diệp, Bản thảo gọi là toái cốt tử, đồng nội chỗ nào cũng có, quanh năm người ta hái để nuôi lợn, năm mất mùa, hái đọt và lá luộc ăn, cũng có thể cứu đói."
q2_3_4_page_386-0004,"Cổ chân vịt: chữ Hán là áp chích thảo, đồng nội chỗ nào cũng có, cây nhỏ yếu, lá có ba khía, nấu chín ăn, mất mùa cũng có thể cứu đói."
q2_3_4_page_386-0005,"Rau trai: chữ Hán là trúc diệp thái, khi non ăn được."
q2_3_4_page_386-0006,"Cứu hoang bản thảo gọi là trúc tiết thái, hái đọt và lá nấu chín, trộn dầu muối để ăn."
q2_3_4_page_386-0007,"Rau ớt ngu: chữ Hán là nam bối mẫu, thân cây đỏ, cao 3, 4 tấc, lá nhỏ mà xanh, ăn sống được, hột bằng đầu ngón tay út mà tròn, giống hột bán hạ, quả sinh từng chùm ở dưới gốc, sắc vàng và trắng, dùng nước tro luộc chín có thể ăn được."
q2_3_4_page_386-0008,"Bản thảo chép là manh, là cần mẫu, là khổ qua, là không thảo, hột của nó như hình tụ họp các con ốc (bối), nên gọi là bối mẫu."
q2_3_4_page_386-0009,"Sách Mao thi nói: ""Ngôn thai kỳ manh"" tức là rau này."
q2_3_4_page_387-0001,"Cỏ phượng vĩ: Bản thảo gọi là kim tình thảo, là kim xuyến thảo, là thất tỉnh thảo."
q2_3_4_page_387-0002,"Hay mọc trên đá ở chỗ bóng râm sạch sẽ, hoặc chỗ ít bóng nắng trong bụi tre, hoặc dưới bóng cây lớn, hoặc chỗ râm dưới thềm nhà ngói cổ, gốc như gốc tre mà nhỏ, lá non có thể luộc ăn được."
q2_3_4_page_387-0003,"Cỏ bạch chỉ: Bản thảo gọi là phương hương, là trạch phương, là phù ly, đồng nội chỗ nào cũng có."
q2_3_4_page_387-0004,"Cành gốc cách đất 5 tấc, lá to bằng ba đầu ngón tay hoa trắng hơi vàng, rễ có thể chữa chứng đầu phong và mắt đỏ."
q2_3_4_page_387-0005,"Rau cúc: thân cao 4, 5 tic, lá sắc trắng, có lông nhỏ."
q2_3_4_page_387-0006,"Phần nhiều mọc ở đồng nội và bãi tha ma, đầu mùa xuân nẩy mầm, người ta hái trộn với gạo nếp làm bánh rất ngon (tục gọi là bánh khúc)."
q2_3_4_page_387-0007,Cỏ mực: chữ Hán là hạn liên thảo theo Cương mục).
q2_3_4_page_387-0008,"Bản thảo gọi là lễ trường, là mặc đầu thảo."
q2_3_4_page_387-0009,Có công dụng chữa mụn lỡ trên đầu.
q2_3_4_page_387-0010,"Cây ké: chữ Hán là thương nhĩ, Bdn thảo gọi là tỷ nhĩ, là thi, là địa quỳ, là thử niêm tử, là thường tư thái, là dương phụ me."
q2_3_4_page_387-0011,"Kinh Thi nói: ""Thái thái quyển nhĩ"" (hái rau quyển nhĩ), tức là cây này."
q2_3_4_page_387-0012,Có công dụng chữa các chứng phong.
q2_3_4_page_387-0013,"Hoa lá, củ và quả đều có thể ăn, là thuốc trường sinh."
q2_3_4_page_387-0014,"Quả có gai nhỏ, tục gọi là đạo nhân đầu."
q2_3_4_page_387-0015,"Cứu hoang bản thảo nói: hái dot và lá non luộc chin, thay nước ngâm cho hết vị đắng, rửa sạch rồi trộn dầu muối để ăn."
q2_3_4_page_387-0016,"Hạt hơi vàng, giã bỏ vỏ, nghiền thành bột làm bánh nướng hoặc đồ chín để ăn."
q2_3_4_page_388-0001,"Tầm gửi cây dâu: chữ Hán là tang ký sinh, có công dụng chữa chứng phong thấp và đau lưng."
q2_3_4_page_388-0002,Lại có các loại dao ký sinh (tầm gửi cây dâu) cũng có Chua me đất: chữ Hán là toan tương thảo.
q2_3_4_page_388-0003,"Bản thảo gọi là đăng lung, lá có chất chua, dùng Lá hổ nhì: Bản thảo gọi là thạch hà, cây bò leo, lá như hình tai hùm, người ta thường trồng ở non bộ."
q2_3_4_page_388-0004,"Mùa hè nở hoa, nhỏ, sắc dé nhạt, hoa có công dụng chữa chứng ù tai, giã hoa lấy nước nhỏ vào tai."
q2_3_4_page_388-0005,"Nếu bị lở ở giang môn thì phơi hoa ở chỗ rợp cho khô, rồi đốt để xông."
q2_3_4_page_388-0006,"Quần phương phả chép rằng: hổ nhĩ có tên nữa là thạch hà, lá và dot hơi đỏ có lông li ti trắng, lá như tấn sen, to bằng đồng tiền mặt phải sắc xanh, mặt trái hơi đỏ, mùa hè nở hoa nhỏ, sắc đỏ nhạt, mọc ở chỗ ẩm thấp."
q2_3_4_page_388-0007,"Bồ công anh: bản thảo gọi là cấu nậu thảo, là kim trầm thảo, là hoàng hoa địa định, thường mọc ở chỗ kế hở của bờ tường."
q2_3_4_page_388-0008,Có công dụng chữa nhũ ung và tan nhiệt độc.
q2_3_4_page_389-0001,"Thuốc lá: chữ Hán là yên thảo, cũng gọi là thuốc lào."
q2_3_4_page_389-0002,"Vân đài loại ngữ của Lê Quý Đôn chép rằng: xét xưa nước ta không có giống cây này, từ năm Canh Tý (1660) đời Vĩnh Thọ nhà Lê, ngang với năm Thanh Thuận Trị thứ 17 mới đem giống từ Ai Lao về, từ đấy dân ta mới biết trồng."
q2_3_4_page_389-0003,"Quan, dân, trai gái thi nhau hút, đến nỗi có thuyết: ""Có thể ba ngày nhịn cơm, không thể một ngày không thuốc""."
q2_3_4_page_389-0004,"Năm Kỷ Ty (1665) đời Cảnh Trị, đã hai lần nghiêm cấm mà người trồng, người bán và người hút vụng trộm, không sao cấm được."
q2_3_4_page_389-0005,"Nhiều người khoét ống tre làm điếu hút, hoặc chôn điếu bằng sành ở dưới đất, tàn lửa vương vãi thường xảy ra hỏa tai, ít lâu sau lệnh cấm ấy cũng bỏ, đến nay thì tập tục hút thuốc là thường."
q2_3_4_page_389-0006,"Gần đây, Ngô Nghi Khác, người nước Thanh, soạn sách Bản thảo tòng tân, chép thứ cây này vào loại thuốc độc, vì tính cay nóng, có thể trị phong hàn, tê thấp, khí trệ, đỡm và lam chướng."
q2_3_4_page_389-0007,"Sau khi đã hút vào, hơi thuốc không theo độ thường mà liền chạy khắp thân thể làm cho thân thể khoái hoạt, có thể thay rượu thay trà; suốt đời không chán, cho nên lại gọi là tương tự thảo."
q2_3_4_page_389-0008,"Nhưng hút vào thì hỏa khí nung nấu, làm tiêu huyết và tổn thọ mà người ta không biết."
q2_3_4_page_389-0009,"Sách Thuyết linh nói, thuốc lá xuất từ Mân Trung; lại có thuyết nói xuất từ Lữ Tống, nguyên gọi là đam cô."
q2_3_4_page_390-0001,"Cỏ xà sang: (theo Cương mục), Bản thảo chép là xà túc, là huỷ sàng, là tường mi, phần nhiều moc ở đồng nội, bờ bụi."
q2_3_4_page_390-0002,"Vì loài rắn hay nằm ở dưới cây và ăn quả, nên gọi là xà sàng."
q2_3_4_page_390-0003,"Tháng 3 nảy mầm tháng 5 nở hoa trắng, hột sắc vàng như bột ngô, tính rất nhẹ nhàng, có công dụng chữa chứng âm nuy, te thấp, nấu nước tắm cho khỏi ghẻ lở."
q2_3_4_page_390-0004,"Cây chàng xay: chữ Hán là manh ma, cũng gọi là cỏ cối xay."
q2_3_4_page_390-0005,"Bdn thảo gọi là bach ma, phần nhiều mọc ở nơi ẩm thấp, lá tròn mà nhọn."
q2_3_4_page_390-0006,"Tháng 6 tháng 7 nở hoa vàng, kết quả như nửa thớt cối xay, có răng, hạt giep mà đen."
q2_3_4_page_390-0007,"Vỏ có thể ngâm lấy sợi dệt vải, quả dùng chữa bệnh ly và ho."
q2_3_4_page_390-0008,"Cứu hoang bản thảo gọi là thoát mạn đầu, lấy hạt để ăn sống, khi hạt đã rắn chắc, thì ngâm vào nước cho hết chất đắng, phơi khô, nghiền thành bột để dùng."
q2_3_4_page_390-0009,"Cỏ sữa: chữ Hán là biến súc, Bản thảo gọi là phấn tiết thảo, là đạo sinh thảo."
q2_3_4_page_390-0010,"Đào Ổn Cư nói: hoa nở khắp đất, có đốt trắng lá nhỏ và xanh biếc, bẻ ra có nước trắng như sữa."
q2_3_4_page_390-0011,Công dụng có thể trị lở loét và bệnh lậu của nam giới.
q2_3_4_page_390-0012,"Lại có một loại biển súc nhỏ, tục gọi cỏ sữa nhỏ, cũng có thể chữa được chứng tả và huyết ly của trẻ con."
q2_3_4_page_390-0013,"Cứu hoang bản thảo nói hái đọt rửa sạch nấu chín, trộn dầu muối để ăn."
q2_3_4_page_390-0014,"Cỏ lau: chữ Hán là 16 căn, Bản thảo gọi là vi là hà."
q2_3_4_page_390-0015,"Kinh Thi nói: ""Kiêm hà thương thương"", tức là cỏ này."
q2_3_4_page_390-0016,"Có công dụng giải nhiệt, chi khát và lợi tiểu tiện."
q2_3_4_page_390-0017,"Cu hoang bản thảo nói: hái dot non nấu chín, trộn dầu muối để ăn; củ có chất ngọt, có thể Cỏ gà xước: chữ Hán là nam ngưu tất, đốt của nó giống bắp chân trâu, nên gọi tên thế."
q2_3_4_page_390-0018,"Tương truyền có thể thông tiểu tiện và tiêu phù thũng, tuy cùng tên với bắc ngưu tất nhưng là một loại khác."
q2_3_4_page_390-0019,"Đại từ bi: phần nhiều mọc ở tường rào, lá có lông nhỏ."
q2_3_4_page_390-0020,Tương truyền có thể chữa chứng đau đầu và chứng trâu bò phong bại.
q2_3_4_page_390-0021,"Lại có một loại từ bi nhỏ, lá có thể ăn sống được."
q2_3_4_page_390-0022,Cỏ đậu ràng: chữ Hán là lão bồ đằng (theo Chỉ nam thập di).
q2_3_4_page_390-0023,"Có công dụng giải noc độc, nấu nước để uống; lại có tên nữa là liệu đậu thảo."
q2_3_4_page_390-0024,Tự điển chép là lao dã đậu.
q2_3_4_page_390-0025,"Cây phất dụ: chữ Hán là châu thảo (theo tên vua Minh Mệnh cho), lại gọi là huyết thụ, lá sắc tía."
q2_3_4_page_390-0026,Tương truyền có thể chữa bệnh ho và nhiệt lậu.
q2_3_4_page_390-0027,"Xét Tống thu, Phù thuy chí chép: châu thảo là tĩnh của loài thảo, khi nào đời cd thánh nhân thi sinh, tức là loài thụy thảo, so với cây ở đây thì cùng một tên mà khác vật."
q2_3_4_page_390_391-0001,"Liễu âm dương: chữ Hán là bách thiên liệu (theo Chỉ nam thập di), lá như lá chè mà mỏng là cỏ này."
q2_3_4_page_391-0001,"Có công dụng giải nhiệt, chi khát và lợi tiểu tiện."
q2_3_4_page_391-0002,"Cu hoang bản thảo nói: hái dot non nấu chín, trộn dầu muối để ăn; củ có chất ngọt, có thể Cỏ gà xước: chữ Hán là nam ngưu tất, đốt của nó giống bắp chân trâu, nên gọi tên thế."
q2_3_4_page_391-0003,"Tương truyền có thể thông tiểu tiện và tiêu phù thũng, tuy cùng tên với bắc ngưu tất nhưng là một loại khác."
q2_3_4_page_391-0004,"Đại từ bi: phần nhiều mọc ở tường rào, lá có lông nhỏ."
q2_3_4_page_391-0005,Tương truyền có thể chữa chứng đau đầu và chứng trâu bò phong bại.
q2_3_4_page_391-0006,"Lại có một loại từ bi nhỏ, lá có thể ăn sống được."
q2_3_4_page_391-0007,Cỏ đậu ràng: chữ Hán là lão bồ đằng (theo Chỉ nam thập di).
q2_3_4_page_391-0008,"Có công dụng giải noc độc, nấu nước để uống; lại có tên nữa là liệu đậu thảo."
q2_3_4_page_391-0009,Tự điển chép là lao dã đậu.
q2_3_4_page_391-0010,"Cây phất dụ: chữ Hán là châu thảo (theo tên vua Minh Mệnh cho), lại gọi là huyết thụ, lá sắc tía."
q2_3_4_page_391-0011,Tương truyền có thể chữa bệnh ho và nhiệt lậu.
q2_3_4_page_391-0012,"Xét Tống thu, Phù thuy chí chép: châu thảo là tĩnh của loài thảo, khi nào đời cd thánh nhân thi sinh, tức là loài thụy thảo, so với cây ở đây thì cùng một tên mà khác vật."
q2_3_4_page_391_392-0001,"Liễu âm dương: chữ Hán là bách thiên liệu (theo Chỉ nam thập di), lá như lá chè mà mỏng mặt trái sắc xanh, mặt phải sắc tía."
q2_3_4_page_392-0001,Tương truyền chữa được chứng ho.
q2_3_4_page_392-0002,"Cây bán đỏ: chữ Hán là xích đồng nam, mọc từng bụi, hoa màu đỏ."
q2_3_4_page_392-0003,Tương truyền rễ có thể chữa chứng xích đái của phụ nữ.
q2_3_4_page_392-0004,"Cây bán trắng: chữ Hán là bạch đồng nữ, mọc từng bụi, hoa sắc trắng."
q2_3_4_page_392-0005,Tương truyền rễ có thể chữa chứng bạch đái của phụ nữ.
q2_3_4_page_392-0006,"Cổ lưỡi bò: chữ Hán là nam địa hoàng, Bản thảo gọi là dương đề, là ngưu thiệt thái, là dương đề đại hoàng, là ngưu đồi, là bại độc thái."
q2_3_4_page_392-0007,"Lá dài hơn một thước giống lưỡi trâu, đầu mùa hè nổ hoa và kết quả, đến tiết hạ chí thì khô."
q2_3_4_page_392-0008,"Hái lá mới mọc mài với giấm đắp vào chỗ lở, liền có công hiệu."
q2_3_4_page_392-0009,"Kinh Thi nói: ""Ngã hành kỳ dã, ngôn thác kỳ toại"" (đi ra ngoài nội để hái cổ toại), tức là thứ cây này; lá có thể nấu canh, ăn ngon và mát."
q2_3_4_page_392-0010,"Cứu hoang bản thảo nói: hái đọt và lá non luộc chín, rửa hết vị đáng rồi trộn dầu muối để ăn; hạt giã thành gạo, đun nước sôi đãi 5, 3 lần rồi nấu cháo."
q2_3_4_page_392-0011,Cổ móng trâu: chữ Hán là thiết truyền thảo.
q2_3_4_page_392-0012,"Tục gọi cổ móng trâu, cây cao 4, 5 thước, lá lớn như hình lưỡi dê."
q2_3_4_page_392-0013,Tương truyền hái lá giã nhỏ trộn lẫn giấm để bôi ghẻ lở.
q2_3_4_page_393-0001,Cây bả đậu: chữ Hán là nam ba đậu.
q2_3_4_page_393-0002,"Tương truyền lá chữa được chứng đau khớp xương, hạt có thể lợi đại tràng, dầu có thể thấp đèn; cành có mủ trắng, vào mất thì đau."
q2_3_4_page_393-0003,Lại tương truyền dùng để chữa voi bị bệnh ăn đất.
q2_3_4_page_393-0004,"Nam phương thảo mộc trạng nói: chuột ăn bả đậu thì to bằng con chồn, là bởi các loài vật có tính hợp nhau."
q2_3_4_page_393-0005,"Cổ vòi voi: chữ Hán là nam độc hoạt, ở đầu bông sắc xanh có pha sắc trắng mà cuộn vào như hình vòi vọi."
q2_3_4_page_393-0006,"Tương truyền dùng chữa nhọt ở đầu gối, bệnh đau lưng và chứng phong thấp rất hiệu."
q2_3_4_page_393-0007,"Bản thảo nói: cây này đầu như đầu tầm, đốt như đốt măng, lá giống lá cây thanh ma."
q2_3_4_page_393-0008,"Trước đây, viên Tuần phủ Biên Hòa đau mất bị mù, mộng thấy một người già bảo uống nam độc hoạt, mất được sáng dần."
q2_3_4_page_393-0009,"Ráy đẩm: chữ Hán là đàm phục, hình như khoai nước, phần nhiều mọc ở bờ ruộng, lá non có thể dùng để nấu lươn."
q2_3_4_page_393-0010,Tương truyền củ có thể chữa chứng phong thấp.
q2_3_4_page_393-0011,"Nam khổ sâm: cây cao 3, 4 thước, lá như lá cây thủy lục, hạt như hạt đậu xanh nhỏ, sắc đen, chất rắn."
q2_3_4_page_393-0012,Tương truyền dùng chữa chứng sản hậu.
q2_3_4_page_393-0013,"Bạch đường cây cao hơn trượng, lá giống lá ngô đồng, vị hơi thơm, người nông thôn hái để uống thay chè."
q2_3_4_page_394-0001,"Cây lưỡi rồng: chữ Hán là long thiệt thảo, lá dày xanh non mà có gai."
q2_3_4_page_394-0002,Tương truyền có thể trị bệnh nhiệt lâu và nấu ăn được.
q2_3_4_page_394-0003,"Bản thảo chép có lông thiệt thảo sanh ở trong nước đầm hồ, cùng tên mà khác vật."
q2_3_4_page_394-0004,Cổ may: chữ Hán là kim châm thảo (vâng mệnh chép tên chữ Hán).
q2_3_4_page_394-0005,"Tương truyền có công dụng chữa chứng xích bạch ly của trẻ con, củ của nó tục gọi nam hoàng liên; lại có một loại gọi là quỷ châm."
q2_3_4_page_394-0006,"Bản thảo nói, thứ cổ này mọc ở bờ ao, thân vuông, lá có chĩa, hạt như chân cái trâm cài đầu, dính vào quần áo sắc như mũi kim, có tên nữa là quỷ châm."
q2_3_4_page_394-0007,"Cây xương cá: chữ Hán là ngư ngạnh thảo, phần nhiều mọc ở bãi cát bỡ biển, vị đắng, đàn bà sản hậu thường dùng đọt và lá sắc nước uống."
q2_3_4_page_394-0008,"Lại có một loại tục gọi cây thần sạ, cũng mọc ở bãi biển, người ta hái dùng, công dụng như trên."
q2_3_4_page_394-0009,"Cây xương rồng: chữ Hán là long cốt thảo, củ to bằng năm tay, lá dày, có ba khía và nhiều gai, mủ của nó vào mắt thì đau."
q2_3_4_page_394-0010,"Lĩnh nam tạp ký gọi là tiên nhân chưởng, trồng ở bờ ruộng để tránh sự giấm xéo, trồng ở đầu tường để tránh hỏa tai."
q2_3_4_page_394-0011,Tương truyền lá non chữa bệnh đau lưng.
q2_3_4_page_394-0012,"Cây nha đam: chữ Hán là long tu thảo, hình dáng như cây xương rồng, lá dày mà hơi giẹp, tựa sống gươm, hai bên có gai, nhiều nhớt, tính mát."
q2_3_4_page_394-0013,"Có công dụng chữa đau mắt, nấu với tôm thịt ăn cũng ngon."
q2_3_4_page_394-0014,"Bản thảo chép có một thứ cây cũng tên long tu thảo, có thể dùng để dệt chiếu, cùng với cây chép ở đây một tên mà khác vật."
q2_3_4_page_394-0015,"Cổ bàn châu: chữ Hán là kê cước thảo, rễ mọc chẳng chịt, một cây đứng thẳng chừng 4, 5 tấc, nảy ra 5, 6 chẽ, như hình chân gà, trẻ con nông thôn thường lấy cổ này để chơi chọi gà."
q2_3_4_page_394-0016,Tương truyền có công dụng chữa bệnh xích bạch ly và huyết chứng đàn bà.
q2_3_4_page_394-0017,"Cam thảo nam: cũng có tên là cây chi chi, thân cây cao, 7, 8 tấc, ruột rỗng, lá hơi dài, hoa sắc vàng, vị đắng."
q2_3_4_page_394-0018,Tương truyền có công dụng chữa bệnh huyết chứng của phụ nữ.
q2_3_4_page_394-0019,Cải nhà trời: chữ Hán là thiên giới thái (theo Cương mục) cũng gọi là cải rừng.
q2_3_4_page_394-0020,"Bản thảo chép rằng giống cải này mọc ở đồng nội, lá nhỏ như lá cải, vị đắng."
q2_3_4_page_394-0021,"Lại có tên nữa là kê kha niêm, có thể chữa rắn cắn, dùng với kim phí thảo bỏ vào mấy hạt muối giã lẫn với nhau mà bôi; lại chữa được các chứng thũng độc."
q2_3_4_page_394-0022,"Cứu hoang bản thảo chép có tên nữa là hạ khô thảo, hái lấy lá non luộc chín, thay nước rửa hết vị đắng, trộn dầu muối để ăn."
q2_3_4_page_395-0001,"Cổ hàn the: chữ Hán là bằng sa thảo, bò lan ở bờ ruộng."
q2_3_4_page_395-0002,Tương truyền chữa được bệnh họ.
q2_3_4_page_396-0001,"Cổ mã kha thảo: phần nhiều mọc ở núi gò, đọt non có thể ăn sống."
q2_3_4_page_396-0002,Tương truyền lá nó chữa được bệnh đậu.
q2_3_4_page_396-0003,"Cổ bạch hạc: hoa trắng như hình đuôi chim hạt, nên gọi thế."
q2_3_4_page_396-0004,"Tương truyền củ nó dùng chữa lở ghẻ, giã nhỏ hòa với giấm để xức."
q2_3_4_page_396-0005,Cổ nhổi khung: chữ Hán là cốc tỉnh thảo.
q2_3_4_page_396-0006,"Bản thảo gọi là đái tỉnh thảo, là văn tỉnh thảo, là lưu tỉnh thảo."
q2_3_4_page_396-0007,"Mọc trong ruộng lúa, cao 4, 5 tấc, thân thẳng, nở hoa nhỏ, sắc trắng lốm đốm như sao, tháng 9 hái về dùng chữa các chứng đầu phong, đau cuống họng, mắt loà và chỉ huyết."
q2_3_4_page_396-0008,"Lá móng tay: chữ Hán là nhiềm chỉ giáp thảo, trẻ con thường lấy lá nhuộm móng tay."
q2_3_4_page_396-0009,Tương truyền có thể chữa vết thương chảy máu.
q2_3_4_page_396-0010,"Ngũ trảo: tục gọi là ngũ trảo, cây mỗi cành có năm lá nên gọi thế."
q2_3_4_page_396-0011,Tương truyền có thể trị đau khớp xương.
q2_3_4_page_396-0012,"Đinh lăng thân có từng đốt, lá hơi dài mà nhiều chĩa, vị thơm, lá non có thể ăn sống, lá già có thể dùng nhuộm đen, cũng có thể dùng gội đầu."
q2_3_4_page_396-0013,"Lại một loại lá hơi to và dài, có 3 chĩa, tục gọi đinh lăng tầu, phơi khô, nấu nước gội đầu rất thơm, bông của nó gọi là linh lăng hương, hai thứ này cùng tên mà khác vật."
q2_3_4_page_397-0001,"Lá bông mịch: chữ Hán là thuý hương thảo, lá dài mà nhọn, vị thơm, nấu nước hơi xanh, có thể nhuộm bánh."
q2_3_4_page_397-0002,Lá kim lông: chữ Hán là thiến thảo.
q2_3_4_page_397-0003,"Bản thảo gọi là địa huyết, lá dùng nhuộm đỏ thẫm, củ dùng chữa huyết chứng."
q2_3_4_page_397-0004,"Kinh Thi nói: ""Nhự lự trị pha"" (cỏ nhự lự mọc ở đất xấu), tức là cỏ này."
q2_3_4_page_397-0005,"Cổ bồng bồng: lá như lá phất dụ (tức huyết thụ) mà sắc xanh, vất lấy nước xanh thẫm, có thể nhuộm bánh nếp."
q2_3_4_page_397-0006,"Vỏ chu biên: chữ Hán là bạch long bì (theo Chỉ nam thập dì): sản ở các núi thuộc huyện Thành Hoá, có lệ thuế."
q2_3_4_page_397-0007,"Ngạn ngữ có câu: ""muốn trọc thì gội trốc chu biên"", tức là cây này; lại có một loại là hồ điệp căn, tục gọi rễ bươm bướm."
q2_3_4_page_397-0008,Tương truyền có thể chữa huyết chứng của phụ nữ.
q2_3_4_page_397-0009,"Cây vuốt hùm: chữ Hán là trần sa lực, lá như vuốt con hùm, nên gọi tên thế."
q2_3_4_page_397-0010,"Tương truyền, có thể chữa chứng sản hậu của đàn bà."
q2_3_4_page_397-0011,Cây súng ngái: chữ Hán là dã vô hoa.
q2_3_4_page_397-0012,Tương truyền nhọt loét thì đốt lá mà xức rất hiệu.
q2_3_4_page_397-0013,Làm tương thì lấy lá mà đậy xôi cho lên mốc.
q2_3_4_page_397-0014,"Sâu đâu rừng: chữ Hán là đã khổ luyện, thân nhỏ bé, cao 4, 5 tấc, gần nước mặn."
q2_3_4_page_397-0015,Tương truyền chữa vết thương què gãy và chứng giun của trẻ con.
q2_3_4_page_398-0001,"Cây tràng sinh: chữ Hán là thành tảo, mọc khắp các nơi, có thể chữa chứng đau đầu."
q2_3_4_page_398-0002,"Cổ cà: chữ Hán là dã gia, tương truyền hạt có thể chữa đau răng, bỏ hạt lấy vỏ chữa giun sán cho trẻ con."
q2_3_4_page_398-0003,"Dây tơ hồng: chữ Hán là thổ ty tử (theo Cương mục), bò leo, Bản thảo gọi là đường mông, là kim tuyến thảo."
q2_3_4_page_398-0004,"Kinh Thi nói: ""Hề thái đường hĩ"" và chua rằng: ""Đường là thổ ty""."
q2_3_4_page_398-0005,"Công dụng có thể bổ trung ích tuỷ, khoẻ gân xương, chữa đau lưng, dùng lâu thì sáng mắt, nhẹ mình, thêm tuổi thọ."
q2_3_4_page_398-0006,"Cứu hoang bản thảo gọi là thổ ty miêu, mùa xuân mùa hạ hái đọt, mùa thu mùa đông hái rễ, đồ chín, vị ngọt nhưng ăn nhiều thì choáng váng."
q2_3_4_page_398-0007,Hột năm cơn: chữ Hán là ngũ vị tử.
q2_3_4_page_398-0008,"Bản thảo gọi là huyền cập, là hội cập, tháng 3 nổ hoa vàng, tháng 7 kết quả, có công dụng thanh kim sinh tân dịch và chữa ho suyển."
q2_3_4_page_398-0009,Hội dây cơn xôi: chữ Hán là phúc bồn tử.
q2_3_4_page_398-0010,"Bản thảo gọi là khuyết bồn, là khuê đằng."
q2_3_4_page_398-0011,"Dây bò leo, thân có gai cộng, một cành năm lá, tháng 4, tháng 5 quả chín, lớn bằng đầu ngón tay, vị ngọt, ăn được, quả chưa chín thì sắc xanh, chín thì sắc đỏ."
q2_3_4_page_398-0012,"Có công dụng ích khí, tư âm; rễ chữa chứng ly, thủy thũng và thông tiểu tiện; lại có thể dùng ăn trầu thay cho cau, lá chữa chứng hoa mắt."
q2_3_4_page_399-0001,Quả giun: chữ Hán là sử quân tử.
q2_3_4_page_399-0002,"Bản thảo gọi là lưu cầu tử, tháng 3 nổ hoa, tháng 7 kết quả, hình dáng như quả dành dành, khía sâu mà hai đầu nhọn, thịt sắc trắng."
q2_3_4_page_399-0003,Có công dụng chữa chứng giun của trẻ con và kiện tỳ chỉ ly.
q2_3_4_page_399-0004,Quả chàm: chữ Hán là hạp đằng tử.
q2_3_4_page_399-0005,"Bản thảo chép là tượng đậu, là hạp tử, là hợp tử, mọc ở núi rừng, dây leo lên cây khác như dây thông thảo (tức dây ruột gà)."
q2_3_4_page_399-0006,"Hạt tía lẫn đen, màu hơi sáng, lớn chừng 1, 2 tấc, tròn và giẹt, người ta thường nhoi bỏ thịt đi để lấy vỏ làm bầu đựng thuốc đeo ở thất lưng."
q2_3_4_page_399-0007,Nhân của nó dùng chữa huyết ly trẻ con hoặc đốt thành tro uống có thể giải các thuốc độc.
q2_3_4_page_399-0008,"Hột gấc: chữ Hán là mộc miết tử, Bản thảo gọi là mộc giải."
q2_3_4_page_399-0009,"Mùa xuân nảy đọt, tháng 4 nổ hoa trắng, tháng 6 kết quả, tháng 8 tháng 9 hái quả."
q2_3_4_page_399-0010,"Quả có gai như quả mít mà nhỏ hơn, hai đầu nhọn, lúc chín màu đỏ, hột như hình con ba ba, nên gọi thế."
q2_3_4_page_399-0011,"Có công dụng chữa các chứng đau lưng, nhũ ung, thoát giang."
q2_3_4_page_399-0012,"Người ta thường lấy cả thịt lần hạt trộn với gạo nếp để thổi xôi, xôi thành màu đỏ."
q2_3_4_page_399-0013,"Tục ngữ nói: ""Ăn mày đòi xôi gấc"", ý nói thứ sôi rất ngon."
q2_3_4_page_399-0014,"Hột có vỏ rắn, nấu mãi không chín, cho nên đem trồng vẫn mọc cây."
q2_3_4_page_399-0015,Quả quà quà: chữ Hán là vương qua.
q2_3_4_page_399-0016,"Bản thảo gọi là thổ qua, là lão nha qua, là dã điểm, là sư cô thảo, là xích bac tử."
q2_3_4_page_399-0017,"Thiên Nguyệt lệnh sách Lễ ky nói: ""Tháng 4, cây vương qua mọc"", tức thứ cây này."
q2_3_4_page_399-0018,"Dây nó bò lan ra đất, lá như lá cây quát lâu mà có lông rậm."
q2_3_4_page_399-0019,"Tháng năm nở hoa, dưới hoa kết quả như viên đạn, chưa chín có sắc xanh, chín có sắc đỏ, chim quạ hay ăn."
q2_3_4_page_399-0020,"Củ như củ quát lâu mà nhỏ, giã nhỏ lọc lấy bột, bột rất trắng và mịn, vị như củ mài."
q2_3_4_page_399-0021,"Muốn lấy củ, cần phải đào sâu 2, 3 thước mới lấy được."
q2_3_4_page_399-0022,"Củ có công dụng chữa các bệnh đàm ngược, lợi đại tiểu tiện; hột có công dụng chữa yếu phổi và xích bạch ly, người nông thôn gọi là công công tu (râu ông), cùng với địa hoàng gọi là bà ba nhũ (vú bà)để đối nhau."
q2_3_4_page_399-0023,"Hội bìm bìm: chữ Hán là hắc khiên ngưu, Bản thảo gọi là ty kim linh, là hắc sửu, là bồn tăng thảo."
q2_3_4_page_399-0024,"Lại có một loại bạch sửu, tục gọi bìm bìm trắng; có hai thứ, thứ đen có lông trắng, thứ trắng không có lông, cuối mùa thu mới kết quả."
q2_3_4_page_399-0025,"Có công dụng lợi đại tiện, long đờm và chữa chứng đầy hơi."
q2_3_4_page_399-0026,Chè ray: chữ Hán là quát lâu.
q2_3_4_page_399-0027,"Bản thảo gọi là quả loã, là qua lâu, là thiên hoa phấn, tức tục gọi là bột dăng, cái răng."
q2_3_4_page_399-0028,"Củ ăn thẳng xuống đất, củ lâu năm dài đến vài thước."
q2_3_4_page_399_400-0001,"Sau mùa thu đào thì củ có bột, mùa hạ đào thì có xơ mà không có bột, công dụng nhuận phế và bổ lao, thảo, là xích bac tử."
q2_3_4_page_400-0001,"Thiên Nguyệt lệnh sách Lễ ky nói: ""Tháng 4, cây vương qua mọc"", tức thứ cây này."
q2_3_4_page_400-0002,"Dây nó bò lan ra đất, lá như lá cây quát lâu mà có lông rậm."
q2_3_4_page_400-0003,"Tháng năm nở hoa, dưới hoa kết quả như viên đạn, chưa chín có sắc xanh, chín có sắc đỏ, chim quạ hay ăn."
q2_3_4_page_400-0004,"Củ như củ quát lâu mà nhỏ, giã nhỏ lọc lấy bột, bột rất trắng và mịn, vị như củ mài."
q2_3_4_page_400-0005,"Muốn lấy củ, cần phải đào sâu 2, 3 thước mới lấy được."
q2_3_4_page_400-0006,"Củ có công dụng chữa các bệnh đàm ngược, lợi đại tiểu tiện; hột có công dụng chữa yếu phổi và xích bạch ly, người nông thôn gọi là công công tu (râu ông), cùng với địa hoàng gọi là bà ba nhũ (vú bà)để đối nhau."
q2_3_4_page_400-0007,"Hội bìm bìm: chữ Hán là hắc khiên ngưu, Bản thảo gọi là ty kim linh, là hắc sửu, là bồn tăng thảo."
q2_3_4_page_400-0008,"Lại có một loại bạch sửu, tục gọi bìm bìm trắng; có hai thứ, thứ đen có lông trắng, thứ trắng không có lông, cuối mùa thu mới kết quả."
q2_3_4_page_400-0009,"Có công dụng lợi đại tiện, long đờm và chữa chứng đầy hơi."
q2_3_4_page_400-0010,Chè ray: chữ Hán là quát lâu.
q2_3_4_page_400-0011,"Bản thảo gọi là quả loã, là qua lâu, là thiên hoa phấn, tức tục gọi là bột dăng, cái răng."
q2_3_4_page_400-0012,"Củ ăn thẳng xuống đất, củ lâu năm dài đến vài thước."
q2_3_4_page_400-0013,"Sau mùa thu đào thì củ có bột, mùa hạ đào thì có xơ mà không có bột, công dụng nhuận phế và bổ lao."
q2_3_4_page_401-0001,"Cát căn: tục gọi củ sắn, lại gọi sắn cơm."
q2_3_4_page_401-0002,"Bản thảo gọi là kê tề, là lộc hoắc."
q2_3_4_page_401-0003,"Củ mọc sâu dưới đất thì tốt, có công dụng chỉ khát thanh cơ, khử nhiệt."
q2_3_4_page_401-0004,"Đạo Quảng Trị sản nhiều, người ta múc làm bột gọi là bột sắn."
q2_3_4_page_401-0005,"Cứu hoang bản thảo nói: đào củ ăn sâu dưới đất, ngâm nước rửa sạch luộc ăn hoặc múc lấy bột nấu ăn cũng được."
q2_3_4_page_401-0006,Lại hái hoa phơi khô xào ăn.
q2_3_4_page_401-0007,Cổ tóc tiên: chữ Hán là thiên môn đông.
q2_3_4_page_401-0008,Bản thảo chép là vạn túi đẳng.
q2_3_4_page_401-0009,"Có công dụng giáng hỏa, thanh kim và nhuận tam tiêu."
q2_3_4_page_401-0010,"Cứu hoang bản thảo nói: hái lấy củ, ngâm nước cho hết tà vị, rút bỏ lõi rỗi nấu ăn hoặc phơi khô, nấu chín ăn với mật."
q2_3_4_page_401-0011,Dây bách bộ: lại gọi cổ má.
q2_3_4_page_401-0012,"Bản thảo chép là bà phụ thảo, là dã thiên môn đông, rễ nó liên tiếp nhau như hàng ngũ bộ đội, nên gọi tên thế."
q2_3_4_page_401-0013,Có công dụng chữa bệnh ho lao.
q2_3_4_page_401-0014,Đọt xanh non có thể nấu ăn được.
q2_3_4_page_401-0015,"Dây sữa bò: chữ Hán là hà thủ ô, Bản thảo gọi là giao đẳng, là dạ hợp, mỗi góc là hai dây bện vào nhau, không sinh một mình."
q2_3_4_page_401-0016,"Có công dụng khoẻ gân bổ tỳ, trừ ung độc, rễ vị ngọt, ăn sống có thể trừ cơm."
q2_3_4_page_401-0017,"Cứu hoang bản thảo nói: đào củ rửa sạch, lấy dao tre cắt từng lát, ngâm nước gạo lâu, thay nước, nấu cho hết vị đắng, lại rửa, hoặc chứng hoặc luộc, hoa cũng xào ăn được."
q2_3_4_page_402-0001,Củ kim cương: chữ Hán là ty giải.
q2_3_4_page_402-0002,Bản thảo gọi là xích tiết.
q2_3_4_page_402-0003,"Có hai loại vàng và trắng, loại vàng cứng loại trắng mềm: mùa xuân mùa thu lấy rễ phơi khô để chữa bệnh đau lưng."
q2_3_4_page_402-0004,"""Cũ khúc khắc: chữ Hán là thổ ổ phục linh, cố hai loại đó và thắng, loại Tráng tốt, có thể khỏe gân khử thấp trừ phong."
q2_3_4_page_402-0005,"4 Củ nâu: cũng gọi là củ bồ nâu, Bán thảo gọi là vũ dư lương, củ to như đấu, có nhựa như son, đủng nhuộm màu đỏ thâm."
q2_3_4_page_402-0006,Ngâm rước bỏ hết chất chát có thể ăn được.
q2_3_4_page_402-0007,"Công dụng trị được chứng tích tự và sát trùng oo Cử dạo: chữ Hán Tã cẩm địa là, rễ như rễ tỳ giải mọc ở ven núi."
q2_3_4_page_402-0008,Có công dụng trừ lam chưởng.
q2_3_4_page_402-0009,Cỏ ruột gà: chữ Hán là mộc thông.
q2_3_4_page_402-0010,"Bản thảo gọi là thông thảo, là đinh ông, là vượng ông, có ruột trắng nốn n đáng yêu, phụ nữ dùng để trang, sức mái toc."
q2_3_4_page_402-0011,Hot: quan am: chit Han là mạn kinh tử.
q2_3_4_page_402-0012,"Bản thảo nói: cành yếu nhỏ như dây leo, nên gọi tên thế, mùa hè nở hoa thành chùm sắc đỏ lợt, nhị vàng trắng, mùa thu kết quả."
q2_3_4_page_402-0013,Có công dụng chữa phong tà và nhức đầu..
q2_3_4_page_402-0014,Dây bướm bạc: chữ Hán là kim ngân hoa.
q2_3_4_page_402-0015,"Bản thảo gọi là nhẫn đông đằng, là thông linh thảo."
q2_3_4_page_402-0016,"Hoa có công dụng chữa các mụn lở về phong thấp, dây lá sắc nước để uống thường."
q2_3_4_page_403-0001,Dây tầm bổng: chữ Hán là mã đầu linh.
q2_3_4_page_403-0002,"Bản thảo gọi là độc hành căn, mùa xuân mọc mầm, tháng 6 nở hoa sắc vàng và tía, tháng 7 kết quả, tháng 8 hái quả."
q2_3_4_page_403-0003,Có công dụng thanh phế và giáng nhiệt khí.
q2_3_4_page_403-0004,"Cứu hoang bản thảo nói: hái lá luộc chín, ngâm nước cho hết vị đáng, rửa sạch trộn dầu muối để ăn."
q2_3_4_page_403-0005,"Dây cát muộn: chữ Hán là nam sâm đẳng, leo ở trên cây tre cây gỗ, hoa như hoa nam nhân sâm."
q2_3_4_page_403-0006,"Tương truyền, lá chữa chứng nhiệt lậu, giã lá lấy nước để cho đông lại như mỡ, rồi ăn với đường rất nghiệm."
q2_3_4_page_403-0007,Dây đau xương: chữ Hán là tục cốt đẳng (theo Chỉ nam thập di) khi bỏ nghe có tiếng.
q2_3_4_page_403-0008,Có công dụng chữa chứng sốt rét và đau khớp xương.
q2_3_4_page_403-0009,"Dây vẫn sẻ: chữ Hán là tước văn đằng (vâng mệnh chép tên chữ Hán), bò leo trên cây tre hoặc gỗ, hoa trắng, hạt nhỏ, quả chưa chín có sắc xanh, chín có sắc đen, có thể ăn được."
q2_3_4_page_403-0010,"Dây và lá có công dụng thông ứ huyết và tiêu thực, đàn bà sản hậu thường dùng."
q2_3_4_page_403-0011,"Lại một loại ngưu văn đằng, dây và lá to hơn, cũng có công dụng như tước văn đằng."
q2_3_4_page_403-0012,"Dây tẩm sét: chữ Hán là tích lịch đằng (theo Chỉ nam thập di), leo trên cây tre hoặc gỗ, lá có năm chĩa như năm ngón tay."
q2_3_4_page_403-0013,"Tương truyền, củ nó có công dụng chữa phong thũng, mài với rượu để đổ."
q2_3_4_page_404-0001,"Dây lông nhím: chữ Hán là thành phong đằng (theo Cương mục), lại gọi là lôi phong, mọc nhiều ở bãi cát bờ biển."
q2_3_4_page_404-0002,"Bản thảo chép là thành đằng, là tầm phong đằng."
q2_3_4_page_404-0003,"Có công dụng chữa bệnh phong; phầm bị phong thấp chạy khắp thân thể và các đốt xương, cùng bị hạc tất, tê dại, phù thũng, ngửa thì giã dây này hòa với rượu để xoa."
q2_3_4_page_404-0004,"Tâm xuân đằng: tục gọi dây giấm, lá có thể trị bệnh thấp thũng."
q2_3_4_page_404-0005,"Bản thảo chép có tên là cổ đằng, trẻ con lấy dây căng trên đất đánh nghe như trống nên gọi thế."
q2_3_4_page_404-0006,"Lại có tên là long lân tiết lệ, sinh ở rừng dây leo quấn ở trên."
q2_3_4_page_404-0007,"Lá đầu nhọn, hột tròn, chín như hạt châu sắc biếc."
q2_3_4_page_404-0008,"Chủ trị phong huyết, ung thư, thũng độc."
q2_3_4_page_404-0009,"Dây toái: chữ Hán là trạch đẳng (theo Tu tri lục), sản ở sơn phần huyện Phú Lộc, người địa phương lấy để làm thừng chão."
q2_3_4_page_404-0010,Gia Định thông chi chép là mao đẳng.
q2_3_4_page_404-0011,"Mây nước: chữ Hán là thủy đằng, sản ở nguồn Du Mộc, huyện Hương Trà, có lệ thuế."
q2_3_4_page_404-0012,"Quả có thể dùng để ăn trầu thay cho cau, khác với quả mây khác vị đắng không ăn được."
q2_3_4_page_404-0013,"Sách Quảng Châu ký của Cố Vi chép rằng: người đi rừng khát nước thì cắt dây này ra lấy nước uống, dùng để gội đầu thì dài tóc."
q2_3_4_page_405-0001,"Mây hèo: chữ Hán là phù lão đẳng (theo Cương mục), sản ở sơn phần huyện Phú Lộc, dây to bằng ngón tay cái, có vẫn đen, có thể dùng làm gây; lá dùng lợp nhà rất bền, khác với các lá mây khác hay mọt."
q2_3_4_page_405-0002,"Khốn học ký văn chép rằng: ""Chống gây phù lão để đi rong"", ý nói dùng mây làm gây, Lâm hải dị vật chí chép rằng: tiêu đằng vòng tròn vài tấc, có thể dùng làm gây, tức là mây này."
q2_3_4_page_405-0003,"Mây lửa: chữ Hán là thiết đằng (theo Tu tri lục), sản ở nguồn Tả Trạch huyện Hương Trà, có lệ thuế."
q2_3_4_page_405-0004,"Chất rắn và dẻo, dùng trong việc nhà, đóng thuyền rất nhiều công dụng."
q2_3_4_page_405-0005,"Mây song: chữ Hán là song đẳng, sản ở nguồn Vân Kiêu huyện Thành Hoá, có lệ thuế."
q2_3_4_page_405-0006,"Có hai loại: loại lớn tục gọi song mật, loại nhỏ tục gọi song cám; lại có một loại nữa gọi là long đẳng, từ Quảng Nam, Quảng Ngãi trở vào Nam có nhiều."
q2_3_4_page_405-0007,Mây đẩng: chữ Hán là khổng đằng.
q2_3_4_page_405-0008,"Mây phun: chữ Hán là thạch đằng, có thể dùng làm roi hoặc làm thừng chão, sản ở các sách Man huyện Thành Hoá, có lệ thuế."
q2_3_4_page_405-0009,"Theo Ô châu cận lục thì mây có các loại mây đắng, mây trắng, mây lỡ và mây nhỏ."
q2_3_4_page_405-0010,"Dây phấn: chữ Hán là bạch phấn đằng, lại có tên là dây (chìa) vôi, trên thân có nhiều phấn trắng."
q2_3_4_page_406-0001,"Tương truyền có thể trừ đau lưng, ngày Đoan Ngọ đàn bà thường lấy buộc vào lưng."
q2_3_4_page_406-0002,Rễ có độc nếu ăn phải sẽ chết.
q2_3_4_page_406-0003,"Dây năm ấm: chữ Hán là thành long đằng, lại có tên là lồng, hoa giống như quả, dài 3, 4 tấc mà bên trong rỗng."
q2_3_4_page_406-0004,Tương truyền có thể chữa đàn bà sản hậu và các chứng phong.
q2_3_4_page_406-0005,"Dây lòi tói: chữ Hán là đại cung đằng, bò leo, dây quấn quýt nhau."
q2_3_4_page_406-0006,Tương truyền có thể chữa các chứng phong thấp.
q2_3_4_page_406-0007,"Dây mối: chữ Hán là tiệt lộ đằng, lá có thể nấu canh."
q2_3_4_page_406-0008,Thẩy phù thủy dùng dây này ngăn đường để trừ ma quỷ nên gọi tên thế.
q2_3_4_page_406-0009,"Dây chiêng chiếng: chữ Hán là kim anh đằng, hoa nhỏ mà sắc đỏ, trẻ con lấy để đeo."
q2_3_4_page_406-0010,Tương truyền có thể chữa chứng phong.
q2_3_4_page_406-0011,Các loài thảo kể trên tỉnh nào cũng có.
q2_3_4_page_406-0012,"Lá tơi: chữ Hán là du quy diệp (theo Loại ngữ), cây giống cây thù đủ, cành lá um tùm, mọc ở ven núi, lá dùng làm áo tơi rất bền."
q2_3_4_page_406-0013,"Cây bạch đường cây cao hơn trượng, lá như lá ngô đồng, vị thơm thoảng, người ta dùng để uống thay trà."
q2_3_4_page_407-0001,"Lá móng tay: chữ Hán là kim phương diệp (theo Chỉ nam thập di), trẻ con thường hái lá nhuộm móng tay cho đỏ nên gọi thế."
q2_3_4_page_407-0002,Tương truyền có thể chữa vết thương chảy máu.
q2_3_4_page_407-0003,Lá bổng: chữ Hán là bổ quỳ diệp.
q2_3_4_page_407-0004,"Có thể dùng làm áo tơi, quạt."
q2_3_4_page_407-0005,"Nam phương bản thảo trạng chép lá bổ quỳ như lá cây móc mà mềm mỏng, có thể chằm nón."
q2_3_4_page_407-0006,"Các nơi đều có. Lá dong: chữ Hán là đông diệp, hình dạng như lá chuối mà nhỏ."
q2_3_4_page_407-0007,"Chiết chi từ nói: tháng 5 ở đầu phổ ngưỡi ta bán lá, cuốn thành từng tấm, giống như lá chuối, chôn xuống đất không nát."
q2_3_4_page_407-0008,Có thể đánh ngà voi cho bóng.
q2_3_4_page_407-0009,"Nam phương bản thảo trạng nói lá dong giống lá gừng, dùng để bao gói đồ; các xứ Giao Quảng đều có."
q2_3_4_page_407-0010,"Miền Nam đất nóng, vật dễ hư hỏng, duy lấy lá dong mà bọc thì để lâu được."
q2_3_4_page_407-0011,Cây bông bạc: (dưới khe) chữ Hán là nam trạch tả.
q2_3_4_page_407-0012,"Bản thảo là thủ trạch, là hộc tả, là cấp tả, là mang vu, là vu tôn."
q2_3_4_page_407-0013,"Mùa xuân sinh mầm mọc nhiều ở chỗ nước cạn, các khe suối, lá giống lưỡi trâu, chỉ một thân mà dài, mùa thu nở hoa trắng."
q2_3_4_page_407-0014,"Kinh Thi nói: ""Ngôn thái kỳ tụ"" tức là cây này."
q2_3_4_page_407-0015,"Có công dụng tiêu thủy, chỉ ẩu."
q2_3_4_page_407-0016,"Cứu hoang bản thảo nói: hái lá non luộc chín, ngâm nước rửa sạch, trộn dẫu muối mà ăn."
q2_3_4_page_408-0001,"Xương bổ: Bản thảo gọi là xương dương, là nghiêu cứu hay mọc ở trên đá khe suối, một tấc chín đốt là tốt."
q2_3_4_page_408-0002,"Tô Đông Pha có câu: ""Cứu tiết xương bổ thạch thượng tiên""."
q2_3_4_page_408-0003,"Có công dụng an thần, cưỡng ký, làm sáng tai mắt, chỉ đau tim."
q2_3_4_page_408-0004,"Lại nói: để một châu xương bổ trên bàn, ban đêm xem sách thì nó thu khói, không sợ hại mắt, hoặc để ở giữa trời cho đến sáng, lấy sương ở đầu lá mà rửa mắt thì sáng mắt ra."
q2_3_4_page_408-0005,"Cứu hoang bản thảo nói: hái cây rễ to ít đốt, ngâm nước cho hết tà vị mà chế làm mứt để ăn."
q2_3_4_page_408-0006,"Cổ lông: chữ Hán là đăng tâm thảo, hay sinh trong nước."
q2_3_4_page_408-0007,"Bản thảo gọi là long tu thảo, là bích ngọc thảo, sinh thành bụi."
q2_3_4_page_408-0008,"Thân tròn, nhỏ mà dài thẳng, người ta lấy ruột làm bấc đèn, lấy cây dệt chiếu và chằm áo tới."
q2_3_4_page_408-0009,"Kính xét lời chú bài thơ ""Vịnh đăng tâm thảo"" của Minh Mệnh thánh chế nói đăng tâm thảo có thể làm buổm, có thể làm chiếu, ruột làm tim đèn, công dụng rất rộng."
q2_3_4_page_408-0010,"Bản thảo nói có thể giáng khí, khó ngủ, có thể uống thay chè."
q2_3_4_page_408-0011,Cổ lác: chữ Hán là hương bồ.
q2_3_4_page_408-0012,"Bản thảo chép trong hoa có nhuy như phấn vàng gọi là xương hoàng, có thể trị huyết băng, lợi tiểu tiện, lá có thể làm chiếu, làm giày."
q2_3_4_page_408-0013,"Cứu hoang bản thảo nói: hái đọt trắng ở gần gốc, chọn bóc rửa sạch đem luộc rồi trộn dầu muối để ăn, chứng ăn cũng được."
q2_3_4_page_408-0014,"Lấy rễ cao vỏ đi, giã lấy bột làm bánh hấp ăn cũng được."
q2_3_4_page_409-0001,"Rau cổ: chữ Hán là hạnh, sinh trong ao hồ."
q2_3_4_page_409-0002,"Bản thảo gọi là thủy quỳ, là thủy kính."
q2_3_4_page_409-0003,"Kinh Thi nói: ""Sâm si hạnh thái"" là rau này."
q2_3_4_page_409-0004,"Thân cây trắng mà lá tía hình tròn xoe, dài hơn tấc, nổi trên mặt nước, rễ ở dưới nước lớn như mình thoa, trên xanh dưới trắng."
q2_3_4_page_409-0005,Bản thảo nói: hạnh với bạc là một loại mà hai vật.
q2_3_4_page_409-0006,"Lá giống lá mã đề mà tròn là bạc, lá giống lá bạc mà nhỏ là hạnh."
q2_3_4_page_409-0007,Cứu hoang bản thảo nói: đọt và lá non luộc chín rồi trộn dầu muối để ăn.
q2_3_4_page_409-0008,Rau bọ: chữ Hán là tần.
q2_3_4_page_409-0009,"Bản thảo gọi là phần thái, là tử diệp thái, là điền tự thảo."
q2_3_4_page_409-0010,"Kinh Thi nói: ""Vu dĩ thái tần"" tức là rau này."
q2_3_4_page_409-0011,Bản thảo nói: bốn lá hợp thành một lá nhà chữ điền là rau tần.
q2_3_4_page_409-0012,"Bèo: chữ Hán là bình, có hai loại lớn và nhỏ, lớn là bèo ván, nhỏ là bèo cám."
q2_3_4_page_409-0013,"Rong mái bèo: chữ Hán là trơ thảo, Bản thảo gọi là tiểu tảo."
q2_3_4_page_409-0014,"Cứu hoang bản thảo nói: hái lá với rễ non, chọn lặt rửa sạch, thái nhỏ luộc chín rồi trộn dầu muối mà ăn, hoặc thêm chút gạo nấu cháo ăn càng tốt."
q2_3_4_page_409-0015,Rong đuôi chồn: chữ Hán là thủy đậu nhi.
q2_3_4_page_409-0016,Cứu hoang bản thảo nói: hái đọt và rễ rửa sạch nấu ăn hoặc muối dưa cũng được.
q2_3_4_page_409-0017,Cây lạt lòng: chữ Hán là chuyện tử miêu.
q2_3_4_page_409-0018,"Cứu hoang bản thảo nói rằng, hái lấy hạt nghiên thành bột để ăn hoặc hái lấy rễ rửa sạch nấu ăn, hoặc phơi khô giã bột cũng được."
q2_3_4_page_409-0019,"Rong biển: chữ Hán là hải tảo (theo Cương mục), lá đen như tóc rối mà lớn, vị ngọt, có thể ăn được."
q2_3_4_page_409-0020,"Thù đủ tía: chữ Hán là tỳ mạ, lại có tên nữa là thầu dầu tía."
q2_3_4_page_409-0021,"Bản thảo nói: có loại thân đỏ và loại thân trắng ruột rồng, lá lớn như lá bầu, mỗi lá có năm chĩa."
q2_3_4_page_409-0022,"Mùa hè mùa thu ở nách cuống lá nảy chùm hoa, màu vàng, mỗi chùm có hàng chục quả, có gai tua tủa như lông nhím mà mềm."
q2_3_4_page_409-0023,"Mỗi quả 3, 4 hột, khi quả khô thì vỏ nứt ra, trong vỏ có hột bằng hột đậu có vần, trong có nhân non sắc trắng, nấu lấy dầu có thể dùng đóng dấu hoặc làm giấy dầu."
q2_3_4_page_409-0024,"Quả không gai thì lành, có gai là độc."
q2_3_4_page_409-0025,"Phép nấu dầu: lấy 5 cân giã nát, lấy một đấu nước mà nấu, váng dầu nổi lên, đợi váng dầu nổi hết thì thôi, gạn cho hết nước, lấy váng dầu nấu cho thắp được đèn, hay nhỏ giọt vào nước mà không tan là được."
q2_3_4_page_409-0026,"Bản thảo lại nói: dầu tì ma có công dụng bạt bệnh khí ra ngoài, nên các thứ cao hay dùng; cánh tay sứng đau thì giã nhân tỳ mà làm cao để dịt, thiên đầu thống thì lấy nhân tì ma giã lẫn với nhũ hương và muối rịt vào huyệt thái dương."
q2_3_4_page_409_410-0001,"Lại có công dụng chữa đàn bà để không ra nhau thì rịt vào lòng bột để ăn hoặc hái lấy rễ rửa sạch nấu ăn, hoặc phơi khô giã bột cũng được."
q2_3_4_page_410-0001,"Rong biển: chữ Hán là hải tảo (theo Cương mục), lá đen như tóc rối mà lớn, vị ngọt, có thể ăn được."
q2_3_4_page_410-0002,"Thù đủ tía: chữ Hán là tỳ mạ, lại có tên nữa là thầu dầu tía."
q2_3_4_page_410-0003,"Bản thảo nói: có loại thân đỏ và loại thân trắng ruột rồng, lá lớn như lá bầu, mỗi lá có năm chĩa."
q2_3_4_page_410-0004,"Mùa hè mùa thu ở nách cuống lá nảy chùm hoa, màu vàng, mỗi chùm có hàng chục quả, có gai tua tủa như lông nhím mà mềm."
q2_3_4_page_410-0005,"Mỗi quả 3, 4 hột, khi quả khô thì vỏ nứt ra, trong vỏ có hột bằng hột đậu có vần, trong có nhân non sắc trắng, nấu lấy dầu có thể dùng đóng dấu hoặc làm giấy dầu."
q2_3_4_page_410-0006,"Quả không gai thì lành, có gai là độc."
q2_3_4_page_410-0007,"Phép nấu dầu: lấy 5 cân giã nát, lấy một đấu nước mà nấu, váng dầu nổi lên, đợi váng dầu nổi hết thì thôi, gạn cho hết nước, lấy váng dầu nấu cho thắp được đèn, hay nhỏ giọt vào nước mà không tan là được."
q2_3_4_page_410-0008,"Bản thảo lại nói: dầu tì ma có công dụng bạt bệnh khí ra ngoài, nên các thứ cao hay dùng; cánh tay sứng đau thì giã nhân tỳ mà làm cao để dịt, thiên đầu thống thì lấy nhân tì ma giã lẫn với nhũ hương và muối rịt vào huyệt thái dương."
q2_3_4_page_410_411-0001,"Lại có công dụng chữa đàn bà để không ra nhau thì rịt vào lòng bàn chân, sa dạ con rịt vào đan điền, đều có công hiệu; lá chữa các chứng cước khí phong thấp, chứng lên rồi giã nhỏ buộc vào chỗ đau sẽ tiêu ngay."
q2_3_4_page_411-0001,"Cổ thường sơn: Bản thảo gọi là áp niệu thảo (cổ cứt vịt), đọt gọi là thục tất, mọc ở hang núi, thân cây tròn có đốt cao 3, 4 thước, lá như lá chè nhưng hẹp dài hơn, cứ hai lá đối nhau."
q2_3_4_page_411-0002,"Tháng 2 nở hoa trắng, tháng 5 kết quả, tháng 8, tháng 9 hái quả, có công dụng trừ đàm, trị sốt rét."
q2_3_4_page_411-0003,Củ dái hưu: chữ Hán là thiên nam tinh.
q2_3_4_page_411-0004,"Bản thảo gọi là hổ chưởng, là hổ cao, là quỷ củ nhược, có thể trừ đầm tiêu mụn nhọt, tán huyết, chữa vết đao thương, rắn cắn, lợi tiểu tiện."
q2_3_4_page_411-0005,Lý Thì Trân nói hổ chưởng nhân hình lá giống bàn tay cọp mà gọi tên.
q2_3_4_page_411-0006,Củ vá: chữ Hán là bán hạ.
q2_3_4_page_411-0007,"Bản thảo gọi là thủ điền, là thủy ngọc, là địa trượng, là hòa cô."
q2_3_4_page_411-0008,Tô tụng nói: xứ nào cũng có chỉ Tề Châu là tốt.
q2_3_4_page_411-0009,"Tháng 2 sinh một mầm, đầu thân có ba lá, sắc lục lợt giống lá tre, củ trên lớn dưới nhỏ, vỏ vàng thịt trắng."
q2_3_4_page_411-0010,"Tháng 5 tháng 8 hái củ để ở trong tro hai ngày, lấy nước sôi rửa rồi phơi khô."
q2_3_4_page_411-0011,"Nay các tỉnh đều có, duy ở huyện Bình Chính tỉnh Quảng Bình là nhiều nhất, người địa phương đào củ nấu canh ăn, song chỉ bằng ngón tay thôi."
q2_3_4_page_411-0012,"Có công dụng tiêu đàm, hạ phế khí, chỉ hoắc loạn, chuyển gân, lợi vị khí."
q2_3_4_page_412-0001,Củ ráy: chữ Hán là vũ vu.
q2_3_4_page_412-0002,"Có hai loại, tía và trắng."
q2_3_4_page_412-0003,"Loại lá tía tục gọi là ráy tía, lá có thể giải độc đầu, loại lá trắng tục gọi ráy trắng, đọt non nấu canh ăn, có thể trừ chứng sốt rét."
q2_3_4_page_412-0004,"Hai loại củ đều ăn được, dùng nước tro nấu cho kỹ cho hết độc ngữa đi, mất mùa có thể ăn đỡ đói."
q2_3_4_page_412-0005,"Bản thảo gọi là củ nhược, là quỷ đầu, mọc nhiều ở chỗ ẩm, lâu năm thành củ to như cái bát."
q2_3_4_page_412-0006,"Cuối mùa thu, lấy củ rửa cọ cho sạch, hoặc giã hoặc thái lát, lấy nước tro nấu cho sôi hơn 10 lần, rửa sạch, thay nước nấu lại 5, 6 lần cho nhừ ra, lấy rượu và ngũ vị ướp mà ăn."
q2_3_4_page_412-0007,Không lấy nước tro nấu thì không được.
q2_3_4_page_412-0008,"Chủ trị mụn nhọt, phong độc, giã bôi lên, tiêu khát."
q2_3_4_page_412-0009,"Củ nưa: chữ Hán là quỷ cửu, cũng gọi là khoai nưa, nhà nông thường trồng ở ruộng lẫy."
q2_3_4_page_412-0010,Cây có thể dùng để nấu canh.
q2_3_4_page_412-0011,"Bản thảo gọi là cửu cữu, là độc cước liên, là mộc luật thảo, phương Nam chỗ nào cũng có."
q2_3_4_page_412-0012,"Cổ rẻ quát: chữ Hán là xạ can, Bản thảo gọi là tiên nhân chưởng, là ô phiến, là biển trúc."
q2_3_4_page_412-0013,"Lá mọc nghiêng như hình bàn tay nghiêng, thân cây cũng thế, sắc xanh lục, một loại hoa tía, một loại hoa vàng, một loại hoa biếc."
q2_3_4_page_412-0014,Có thể chữa bệnh nấc và đau họng; lại mài với rượu đồ vào chỗ nhọt độc.
q2_3_4_page_412-0015,"Cổ nàng hai bà: chữ Hán là tầm ma, Bản thảo gọi là mao tầm."
q2_3_4_page_412-0016,"Thân cây có gai, cao 2, 3 thước, lá giống lá dâu, hoặc xanh hoặc tía, có lông gai dễ sợ, châm vào người thi buốt như ong đốt, dùng nước tiểu thì giải độc ngay."
q2_3_4_page_412-0017,"Đỗ Tử Mỹ nhà Đường có bài thơ ""Trừ tầm thảo"", tức cây này."
q2_3_4_page_412-0018,"Có thể trị nọc rắn, giã lá mà xức nếu bị phong chẩn cũng dùng để bôi vào, một hôm là hết."
q2_3_4_page_412-0019,"Lại có một loại lá nhỏ sắc xanh, tục gọi nàng hai sã1, cũng có công dụng như trên."
q2_3_4_page_412-0020,"Bài thơ của Bạch Cư Dị có câu ""Cỏ tầm bốn mùa xanh"", tức cây nay."
q2_3_4_page_412-0021,"Sdn đông: chữ Hán là dã cát, Bản thảo gọi là câu vẫn."
q2_3_4_page_412-0022,"Lý Thì Trân nói, theo Nam phương thảo mộc trang, thì dã cát có dây bò leo, lá như lá cây la lic, nhọn mà day, có tên nữa là hồ man thảo, người ăn thì chết ngay; giống ê rừng ăn thì béo, đó là do loài vật chế phục nhau."
q2_3_4_page_412-0023,"Ci chỉ: chữ Hán là mã tiền tử, hột tròn mà bẹp sắc đen lợt, khí vị hăng mạnh, có thể trị các chứng phong."
q2_3_4_page_412-0024,"Có độc, chó chuột ăn thì chết."
q2_3_4_page_412-0025,"Cà dược: chữ Hán là lang túc, cây cao 3, 4 thước, thân và lá có lông gai, hoa sắc trắng, quả như quả thạch lựu nhỏ."
q2_3_4_page_412-0026,"Bdn thảo gọi là thiên tiên tử, là hoành đường, là hành đường tử, có độc, ăn phải thì phat điền."
q2_3_4_page_412-0027,"Tương truyền rễ có thể chữa mụn nhọt hen suyển lâu năm lấy cành và lá phơi khô cuốn thành ống đốt hút như hút thuốc, rất nghiệm."
q2_3_4_page_412-0028,Lại sao sắc uống thì tiệt bệnh sốt rét.
q2_3_4_page_413-0001,Các loại kể trên các tỉnh đều có.
q2_3_4_page_414-0001,LOẠI MỘC
q2_3_4_page_414-0002,"Tùng (thông): Bản thảo nói rằng tùng là đàn anh trong các loại mộc, cho nên viết theo chữ công, lại nói: tùng già thì dư khí kết thành phục linh, một nghìn năm thì nhựa nó kết thành hổ phách."
q2_3_4_page_414-0003,"Nay ở đàn Nam Giao, các sơn lăng, núi Ngự Bình, các nơi thông mọc thành rừng."
q2_3_4_page_414-0004,"Mất cây dùng gây rượu, trị yếu chân, lá xông khói trị phù thũng, nhựa có tên là tùng hương, cũng có tên là lịch thanh."
q2_3_4_page_414-0005,"Năm Minh Mệnh thứ 17, khắc hình tượng vào Dụ đỉnh."
q2_3_4_page_414-0006,"Bách: Bản thảo gọi là cúc, là trắc bách."
q2_3_4_page_414-0007,"Các cây đều hướng về mặt trời, chỉ cây bách là chỉ về nam, được chính khí của cây, nên viết theo chữ bạch."
q2_3_4_page_414-0008,"Ngày Nguyên đán ngâm rượu uống trừ tà gọi là rượu bách, quả nó có thể bổ tâm kiện tỳ, lấy nước trị ghẻ lở, cành mắt gây rượu trị phong thấp."
q2_3_4_page_414-0009,"Liệt tiền truyện nói: Xích Tùng Tử ăn quả bách, răng rụng lại mọc."
q2_3_4_page_414-0010,"Hái lá bách mới đâm đọt đắng, thay nước rửa cho hết vị đắng, mới ăn thì đắng chát, ngào mật hay hòa với thịt quả táo mà ăn rất tốt, ăn không thấy đói, mùa đông không biết rét, mùa hạ không biết nóng."
q2_3_4_page_414-0011,"Năm Minh Mệnh thứ 17, khắc hình tượng vào Tuyên đỉnh."
q2_3_4_page_414-0012,"Quế: Bản thảo gọi là mẫu quế, là xâm."
q2_3_4_page_414-0013,"Phầm loài mộc, giữa lá đều có một gân dọc, riêng quế có hai gần như hình ngọc khuê."
q2_3_4_page_414-0014,"Lại có công dụng dẫn được các vị thuốc khác, như sứ giả cầm ngọc khuê, cho nên viết theo chữ khuê."
q2_3_4_page_414-0015,"Nay trồng nhiều ở các sơn lăng, vị rất cay."
q2_3_4_page_414-0016,"Kính xét lời chú bài thơ ""Vịnh nam quế"" của Minh Mệnh thánh chế, cây quế lớn vòng đến mấy thước, hoa nhỏ như hột gạo mà không thơm, lá to dài và nhấn, có ba sống dọc, vỏ thô dày mà ngọt thơm ngào ngạt, dùng làm thuốc rất tốt."
q2_3_4_page_414-0017,"Tuy cùng sản ở phương Nam, mà quế Thanh Hoá tốt hơn cả, thứ đến quế Nghệ An, quế Quảng Nam thì kém."
q2_3_4_page_414-0018,Tương truyền lá của nó dùng chữa bệnh phù thũng rất hiệu.
q2_3_4_page_414-0019,"Năm Minh Mệnh thứ 17, khắc hình tượng vào Nghị đỉnh."
q2_3_4_page_414-0020,Trâm hương: tục gọi cây trầm.
q2_3_4_page_414-0021,Bản thảo chép rằng bỏ xuống nước thì chìm nên gọi là trầm.
q2_3_4_page_414-0022,"Có thể trị thấp khử tà, bổ dương."
q2_3_4_page_414-0023,"Từ Nghệ An trở vào Nam các tỉnh đều có, có hộ thái hương."
q2_3_4_page_414-0024,Năm Minh Mệnh thứ 17 khắc hình tượng vào Cao đỉnh.
q2_3_4_page_414-0025,"Nghệ An phong thổ ký chép rằng: cây gió già cỗi, tỉnh dịch kết lại thành hương, cây còn sống mà đẽo lấy thì gọi là sinh trầm, có thể dùng làm thuốc, cây đã chết mà lấy gọi là tử trầm, chỉ dùng chế chất thơm, lấy lúc cây đã mục nát gọi là tốc hương, là mật hương."
q2_3_4_page_414_415-0001,"Thảo mộc trạng của Kê Hàm nhà Tấn nói rằng: cây giống cây liễu to, muốn lấy hương thì ngả cây để lâu năm cỗi rễ cành đốt đều có màu sắc khác nhau hai gần như hình ngọc khuê."
q2_3_4_page_415-0001,"Lại có công dụng dẫn được các vị thuốc khác, như sứ giả cầm ngọc khuê, cho nên viết theo chữ khuê."
q2_3_4_page_415-0002,"Nay trồng nhiều ở các sơn lăng, vị rất cay."
q2_3_4_page_415-0003,"Kính xét lời chú bài thơ ""Vịnh nam quế"" của Minh Mệnh thánh chế, cây quế lớn vòng đến mấy thước, hoa nhỏ như hột gạo mà không thơm, lá to dài và nhấn, có ba sống dọc, vỏ thô dày mà ngọt thơm ngào ngạt, dùng làm thuốc rất tốt."
q2_3_4_page_415-0004,"Tuy cùng sản ở phương Nam, mà quế Thanh Hoá tốt hơn cả, thứ đến quế Nghệ An, quế Quảng Nam thì kém."
q2_3_4_page_415-0005,Tương truyền lá của nó dùng chữa bệnh phù thũng rất hiệu.
q2_3_4_page_415-0006,"Năm Minh Mệnh thứ 17, khắc hình tượng vào Nghị đỉnh."
q2_3_4_page_415-0007,Trâm hương: tục gọi cây trầm.
q2_3_4_page_415-0008,Bản thảo chép rằng bỏ xuống nước thì chìm nên gọi là trầm.
q2_3_4_page_415-0009,"Có thể trị thấp khử tà, bổ dương."
q2_3_4_page_415-0010,"Từ Nghệ An trở vào Nam các tỉnh đều có, có hộ thái hương."
q2_3_4_page_415-0011,Năm Minh Mệnh thứ 17 khắc hình tượng vào Cao đỉnh.
q2_3_4_page_415-0012,"Nghệ An phong thổ ký chép rằng: cây gió già cỗi, tỉnh dịch kết lại thành hương, cây còn sống mà đẽo lấy thì gọi là sinh trầm, có thể dùng làm thuốc, cây đã chết mà lấy gọi là tử trầm, chỉ dùng chế chất thơm, lấy lúc cây đã mục nát gọi là tốc hương, là mật hương."
q2_3_4_page_415_416-0001,"Thảo mộc trạng của Kê Hàm nhà Tấn nói rằng: cây giống cây liễu to, muốn lấy hương thì ngả cây để lâu năm cỗi rễ cành đốt đều có màu sắc khác nhau ruột cây rắn và đen, bỏ xuống nước mà chìm gọi là trẩm hương, ngang với mặt nước là kê cốt hương, gốc là hoàng thục hương, thân cây là sạn hương, cành nhỏ rắn chắc chưa nát là thành quế hương, gốc và mắt cứng mà lớn là mã đề hương."
q2_3_4_page_416-0001,"Gỗ lim: thiết mộc, sắc gỗ đen tía, bền rắn như đá, dùng để làm nhà, đóng thuyền, thật là thượng phẩm trong loài mộc, sản ở rừng sâu."
q2_3_4_page_416-0002,Các tỉnh nào có sản gỗ này đều có thuế.
q2_3_4_page_416-0003,Năm Minh Mệnh thứ 17 khắc hình tượng vào Cao đỉnh.
q2_3_4_page_416-0004,"Gỗ sao: nam mộc, Bản thảo nói là cây ở phương Nam nên viết theo chữ nam; lại có một tên là gỗ sến."
q2_3_4_page_416-0005,"Gia Đinh thông chí chép rằng: nam có bốn loại là nam xanh, nam vàng, nam tôm và nam đá, cây to và ôm cao hơn trăm thước, thớ thịt đông đặc là thượng phẩm."
q2_3_4_page_416-0006,Nước có lệ cấm dân không được dùng.
q2_3_4_page_416-0007,"Các núi sâu từ Thừa Thiên vào Nam đều có gỗ này, nhưng đường xa khó lấy; rừng Nam Kỳ bằng phẳng dễ lấy, nên phần nhiều lấy ở đấy, có hộ chuyện lấy."
q2_3_4_page_416-0008,"Gỗ giổi: chất cứng thổ mịn, vào đất không nát, dùng làm quan tài rất tốt."
q2_3_4_page_416-0009,"Các tỉnh đều có. Hoặc nói là gỗ chương, lá giống lá mai mà dài nhọn, mùa hạ nở hoa nhỏ, kết quả nhỏ."
q2_3_4_page_416-0010,"Cây lớn đến vài ôm, thổ mịn, rất thơm, có thể chữa ghẻ lở và chứng phong; làm guốc đi để trừ cước khí."
q2_3_4_page_417-0001,"Gỗ hoàng đàn (theo Thông chí): thớ thịt thơm, sắc trắng hơi vàng, chôn lâu dưới đất không nát, dùng làm quan quách rất tốt."
q2_3_4_page_417-0002,"Thứ nữa đến gỗ giáng hương, các tỉnh đều có, mà nhiều nhất là ở Nam Kỳ."
q2_3_4_page_417-0003,Năm Minh Mệnh thứ 17 khắc hình tượng vào Nghị đỉnh.
q2_3_4_page_417-0004,"Gỗ giáng hương: cây lớn có đến 4, 5 ôm, chất gỗ dày dặn, sắc tía mà thơm, rất bền, dùng đóng quan quách; có nhiều ở các tỉnh từ Quảng Bình trở vào Nam."
q2_3_4_page_417-0005,"Bản thảo gọi là giáng chân hương, là tử đẳng hương."
q2_3_4_page_417-0006,Có thể chữa vết thương chảy máu và ung thư độc.
q2_3_4_page_417-0007,"Gỗ vàng tâm: Bản thảo gọi là mộc lan, sắc vàng, thớ đặc, cây lớn đến hơn 3 thước khoát, thịt mịn bền, dùng đóng rương hòm và quan quách rất tốt."
q2_3_4_page_417-0008,"Các tỉnh đều có, nhưng nhiều nhất là hai tỉnh Nghệ An và Tuyên Quang."
q2_3_4_page_417-0009,"Gỗ dạ hương: chất rắn, thớ trắng mà thơm, có thể dùng đóng đồ, sản ở các núi đạo Quảng Trị."
q2_3_4_page_417-0010,"Gỗ chay: chữ Hán là thiết trai mộc, cây cao vài trượng, lá nhỏ mà dài, cành và thân cao thẳng lên như cán chổi, chất rắn bền, chôn dưới đất không mục."
q2_3_4_page_417-0011,"Cây lớn có thể dùng làm quan quách, cây nhỏ dùng làm cột cửa và mốc giới."
q2_3_4_page_417_418-0001,"Các tỉnh đều có. Gỗ gỡ: chữ Hán là vạn cổ mộc, cũng gọi là gỗ gụ, cao chừng vài ba trượng, lá ròn, quả có lông gai, vỏ thô, thớ thịt sắc tía xanh, chất rắn, có thể dùng làm rưỡng cột và ván dừng."
q2_3_4_page_418-0001,Các tỉnh đều có. Gỗ kiền kiền: chữ Hán là tử mộc (theo tên mới đổi vào đời Minh Mệnh).
q2_3_4_page_418-0002,"Bản thảo gọi là mộc vương, có ba loại: cây thớ trắng gọi là tử, thớ đỏ gọi là thu, thớ vàng gọi là ý; lá dùng bôi lở loét rất có công hiệu."
q2_3_4_page_418-0003,"Từ Thừa Thiên trở vào Nam, các tỉnh đều có."
q2_3_4_page_418-0004,"Năm Minh Mệnh thứ 17, khắc hình tượng vào Anh đỉnh."
q2_3_4_page_418-0005,"Gỗ huống: thuận mộc, có hai loại tía và trắng, loại tía chất rắn, dai, có thể dùng làm nhà và ván dừng, loại trắng rất xấu, chỉ làm đồ tạp dụng."
q2_3_4_page_418-0006,Các tỉnh đều có. Năm Minh Mệnh thứ 17 khắc hình tượng vào Chương đỉnh.
q2_3_4_page_418-0007,"Gỗ bàn lân (theo Thông chí): thờ gỗ trắng, có thể dùng làm kèo chồng đấu, gốc nó quánh thành hình thù kỳ quái, như hình người, hình chim muông hoặc hình hoa cỏ."
q2_3_4_page_418-0008,"Dùng làm ống bút hoặc làm khay đựng hoa quả, trông có vẻ cổ kính thanh nhã."
q2_3_4_page_418-0009,"Các tỉnh đều có. Cây xôi: xích du, thớ gỗ đỏ thẫm; cành nhỏ dùng làm đổ điển khí như cày, bừa, mai, cuốc; thân to dùng làm trục ép, hoặc neo thuyền, chất rắn, bền."
q2_3_4_page_418-0010,Các tỉnh từ Quảng Bình trở vào Nam đều có.
q2_3_4_page_419-0001,"Gỗ táu: thiết tú mộc, cây nhiều mắt bướu, có hoa như hoa ếch, chất rất cứng bền, dùng làm nhà hoặc đóng đinh thuyền, có thể thay cho đinh sắt."
q2_3_4_page_419-0002,"Các tỉnh đều có. Gỗ hiệp: sắc gỗ tía đen, muốn dùng làm khí dụng gì cần phải làm lúc còn tươi, nếu để lâu thì rìu búa khó bổ, tính chịu nước; than của nó có thể dùng để nấu đồng."
q2_3_4_page_419-0003,Các tỉnh ở Nam Kỳ đều cố.
q2_3_4_page_419-0004,"Gỗ bời lời: chất nhẹ mà thớ đặc, có hai loại vàng và trắng, loại trắng hơi kém."
q2_3_4_page_419-0005,"Đều có thể dùng làm đồ đạc, lại có một loại giống cây mít."
q2_3_4_page_419-0006,"Gỗ sâu đâu: khổ luyện mộc, Bản thảo nói cây mọc rất mau, ba bốn năm có thể làm cột."
q2_3_4_page_419-0007,"Giao long rất sợ, cho nên người nước Sở lấy lá gói bánh để ném xuống sông mà điếu Khuất Nguyên."
q2_3_4_page_419-0008,Than trộn với lưu hoàng làm thuốc súng.
q2_3_4_page_419-0009,"Gỗ cũng bền lâu, có thể dùng làm nhà."
q2_3_4_page_419-0010,"Từ Bình Định trở ra Bắc, các tỉnh đều có."
q2_3_4_page_419-0011,"Gỗ the mốc: sam mộc, Vân đài loại ngữ chép rằng, theo lời chú trong Bản thảo thì cây này giống cây thông mà cứng và thẳng, lá sát vào cành như hình kim đâm vào."
q2_3_4_page_419-0012,"Có hai loại, loại sam đỏ chắc mà nhiều dầu, loại sam trắng rỗng mà khô ráo."
q2_3_4_page_419-0013,Người nước Thanh làm nhà hay dùng gỗ này nhưng thân cây lớn không đầy thước.
q2_3_4_page_419-0014,"Loại sam đỏ sản ở Tuyên Quang nước ta khoát đến hơn thước, Nghệ An cũng có nhiều loại sam trắng, nhưng kém Tuyên Quang."
q2_3_4_page_419-0015,Nay trồng nhiều ở các sơn lăng.
q2_3_4_page_419-0016,"Gỗ đồng: thân cây thẳng, chất bền dẻo, dùng làm trục buổm cột buổm."
q2_3_4_page_419-0017,"Có hai loại tía và trắng, các tỉnh đều có."
q2_3_4_page_419-0018,"Gỗ lỏng mật: nha đồng mộc, thớ gỗ trắng sáng như ngà voi, dùng để khắc con dấu và ván in rất tốt, các tỉnh đều có (cũng gọi là gỗ mức)."
q2_3_4_page_419-0019,"Nam chử: tục gọi cây tương (? ), Bản thảo gọi là cốc tang, lá như lá cây dâu rừng, lột lấy vỏ mà ngâm để làm giấy, mềm dịu trắng tinh; các tỉnh đều có, nhưng có giấy ở Biên Hòa tốt hơn."
q2_3_4_page_419-0020,"Cứu hoang bản thảo chép là chử đào thụ, lấy lá và cành tử đào có hoa luộc cho nhừ, ngâm nước qua rồi vất cho ráo nước, dùng làm bánh nướng ăn."
q2_3_4_page_419-0021,"Cây chua me: hợp hoan mộc, Bản thảo gọi là hợp hôn, là dạ hợp, là thành thường, là bằng cút, là điểu lại thụ, người ta hay trồng ở chỗ sân thêm."
q2_3_4_page_419-0022,"Cây giống cây ngô đồng, cành rất mềm yếu, lá giống lá cây bồ kết, rất nhỏ và rậm, tháng 5 nở hoa đỏ trắng, trên có tơ nhung, mùa thu kết quả như quả bồ kết, hột rất nhỏ, lá đến đêm thì cụp lại."
q2_3_4_page_419-0023,"Lấy vỏ cây cao ngoài đi mà nấu cao, có thể tiêu mụn nhọt, khỏe gần cốt."
q2_3_4_page_419_420-0001,"Quản phương phả nói tục Quang nước ta khoát đến hơn thước, Nghệ An cũng có nhiều loại sam trắng, nhưng kém Tuyên Quang."
q2_3_4_page_420-0001,Nay trồng nhiều ở các sơn lăng.
q2_3_4_page_420-0002,"Gỗ đồng: thân cây thẳng, chất bền dẻo, dùng làm trục buổm cột buổm."
q2_3_4_page_420-0003,"Có hai loại tía và trắng, các tỉnh đều có."
q2_3_4_page_420-0004,"Gỗ lỏng mật: nha đồng mộc, thớ gỗ trắng sáng như ngà voi, dùng để khắc con dấu và ván in rất tốt, các tỉnh đều có (cũng gọi là gỗ mức)."
q2_3_4_page_420-0005,"Nam chử: tục gọi cây tương (? ), Bản thảo gọi là cốc tang, lá như lá cây dâu rừng, lột lấy vỏ mà ngâm để làm giấy, mềm dịu trắng tinh; các tỉnh đều có, nhưng có giấy ở Biên Hòa tốt hơn."
q2_3_4_page_420-0006,"Cứu hoang bản thảo chép là chử đào thụ, lấy lá và cành tử đào có hoa luộc cho nhừ, ngâm nước qua rồi vất cho ráo nước, dùng làm bánh nướng ăn."
q2_3_4_page_420-0007,"Cây chua me: hợp hoan mộc, Bản thảo gọi là hợp hôn, là dạ hợp, là thành thường, là bằng cút, là điểu lại thụ, người ta hay trồng ở chỗ sân thêm."
q2_3_4_page_420-0008,"Cây giống cây ngô đồng, cành rất mềm yếu, lá giống lá cây bồ kết, rất nhỏ và rậm, tháng 5 nở hoa đỏ trắng, trên có tơ nhung, mùa thu kết quả như quả bồ kết, hột rất nhỏ, lá đến đêm thì cụp lại."
q2_3_4_page_420-0009,"Lấy vỏ cây cao ngoài đi mà nấu cao, có thể tiêu mụn nhọt, khỏe gần cốt."
q2_3_4_page_420_421-0001,"Quản phương phả nói tục gọi là mã anh hoa, hương nông, ban ngày nổ, ban đêm chụm lại nên có tên là hoa dạ hợp, rễ có thể ăn, có công dụng hòa ngũ tạng."
q2_3_4_page_421-0001,"Cây bông vang: tô mộc, Nam phương thảo mộc trạng chép rằng: cây giống cây hoè, sản ở Cửu Chân và Nhật Nam, người ta dùng để nhuộm đỏ; nấu nước thì kỵ sắt, sắt đụng vào thì nước thành tối."
q2_3_4_page_421-0002,"Có công dụng chữa vết thương gãy xương, trừ ác huyết, nay địa phương nào cũng có."
q2_3_4_page_421-0003,"Gỗ chò chỉ: trù mộc, thân cao lớn, thớ thẳng, ván nhà và ván thuyền đều dùng; các tỉnh đều có."
q2_3_4_page_421-0004,"Gỗ sơn: hồng mộc (theo Tạp lục), cây cao vài trượng, thớ thịt màu đỏ, chất gỗ rắn bền, mùa hè nở hoa trắng, mùa thu mùa đông kết quả; có độc, nếu ăn lâm phải thì da thịt nứt ra, mắc bệnh phung."
q2_3_4_page_421-0005,"Có hai loại, một loại tục gọi là sơn nghệ, một loại tục gọi là sơn sừng, chỉ loại sơn nghệ là chịu đất, có thể dùng làm cột nhà."
q2_3_4_page_421-0006,"Gỗ trắc mật: hoa lê mộc, vần thớ nhỏ mịn, có hương như mía nướng, chất rắn không mọt, dùng đóng đồ dùng rất tốt."
q2_3_4_page_421-0007,"Các tỉnh đều có. Gỗ thai bái: thớ gỗ nhỏ và mềm, sắc trắng như ngà voi, có thể uốn được mà không thể bẻ gãy được, dùng làm cán giáo mác, có thể dùng làm trường côn."
q2_3_4_page_422-0001,"Gỗ dư: cây cao vài ba thước, lá mọc chùm 5, 6 cành."
q2_3_4_page_422-0002,"Vỏ có sắc trắng, chất bền dai, chịu chôn dưới đất lâu ngày, có thể dùng làm cột nhà."
q2_3_4_page_422-0003,"Các tỉnh đều có. Gỗ trâm: cây cao vài ba trượng, là như lá dương đào, chất gỗ rắn chắc, chịu chôn được lâu, có thể dùng vào vật liệu làm nhà."
q2_3_4_page_422-0004,"Tục ngữ nói: ""Thứ nhất trâm trai"", ý nói gỗ tốt lâu năm không mục."
q2_3_4_page_422-0005,"Các tỉnh đều có. Gỗ trường: cây cao vài ba trượng, lá to như lá trâm, chất cứng rắn có thể dùng làm nhà."
q2_3_4_page_422-0006,"Các tỉnh đều có. Gỗ muổng: thiết tuyền mộc (theo Thông chí), lá nhỏ mà xanh, chất cứng rắn, sắc vàng và đen, tính chịu đất, có thể dùng làm cột nhà; thịt có phấn vàng, dùng chữa lở ghẻ."
q2_3_4_page_422-0007,"Các tỉnh đều có. Cây dầu rái: du mộc, thân cây có dầu nên gọi thế."
q2_3_4_page_422-0008,"Người nghiệp hộ đẽo ba lỗ ở chỗ gần gốc, đốt lửa vào đấy cho dầu chảy ra, theo thời giờ lấy gáo hứng lấy, dầu chảy không dứt, dùng để sơn trát thuyền, công dụng rất rộng."
q2_3_4_page_422-0009,"Vũ bị chí nói mảnh hỏa du, tức là dầu này."
q2_3_4_page_422-0010,"Các tỉnh đều có. Cây bông: mộc khoáng, có hai loại, một loại tục gọi cây gòn, lại gọi là cây gạo, tức là mộc khoáng về loại mộc."
q2_3_4_page_422-0011,"Quả to như chén rượu, người ta ít hái lấy, theo gió bay rớt, chỉ lặt lấy để độn gối thôi."
q2_3_4_page_422-0012,"Một loại tục gọi bông tàu, tức là mộc khoáng về loại thảo."
q2_3_4_page_422-0013,"Bản thảo gọi tên là cổ chung, là cát bối, đều dùng đệt vải, vốn sản ở huyện Yên Định tỉnh Thanh Hoá, nay nơi nào cũng có."
q2_3_4_page_422-0014,"Quản phương phả nói mộc khoáng mùa xuân trồng hột, hoa vàng như hoa thu quỳ, kết quả có ba khía, tua tủa như quả đào, khi chín thì quả nứt mà lòi xơ bông ra, dùng độn áo rất nhẹ ấm."
q2_3_4_page_422-0015,"Hột như hạt châu, có thể đánh dầu, bã dầu có thể làm phân bón."
q2_3_4_page_422-0016,"Lõi hột rất cứng có thể chịu đốt được; lá cho trâu bò ăn, công dụng rất rộng."
q2_3_4_page_422-0017,"Minh Mệnh năm thứ 17, khắc hình tượng vào Huyền đỉnh."
q2_3_4_page_422-0018,"Cây mù u: nam mai, hoa như hoa mai trắng, quả tròn như ngón chân cái, ép dầu, trị vết đao thương, thấp đèn kiến dán không ăn."
q2_3_4_page_422-0019,"Cây cộng queo bền chắc, nhà nước hay trồng để dùng làm tay cộng và cán bánh lái ở thuyền."
q2_3_4_page_422-0020,Các tỉnh từ Thừa Thiên vào Nam hay dùng.
q2_3_4_page_422-0021,Ngô đồng: các tỉnh ven núi đều có.
q2_3_4_page_422-0022,"Kính xét: đời Minh Mệnh được từ Quảng Đông đem về, trồng ở hai bên gốc điện Cần Chánh."
q2_3_4_page_422-0023,"Lại sai biền binh đem lá lên các núi để tìm khắp, tìm được đem trồng ở các góc điện."
q2_3_4_page_422-0024,"Kinh Thi nói: ""Ngô đồng sinh hỷ, vu bĩ triều dương"", tức là cây này."
q2_3_4_page_422_423-0001,"Nhĩ nhã chép là sấn ngô, lại có tên là vang đồng, thôi."
q2_3_4_page_423-0001,"Một loại tục gọi bông tàu, tức là mộc khoáng về loại thảo."
q2_3_4_page_423-0002,"Bản thảo gọi tên là cổ chung, là cát bối, đều dùng đệt vải, vốn sản ở huyện Yên Định tỉnh Thanh Hoá, nay nơi nào cũng có."
q2_3_4_page_423-0003,"Quản phương phả nói mộc khoáng mùa xuân trồng hột, hoa vàng như hoa thu quỳ, kết quả có ba khía, tua tủa như quả đào, khi chín thì quả nứt mà lòi xơ bông ra, dùng độn áo rất nhẹ ấm."
q2_3_4_page_423-0004,"Hột như hạt châu, có thể đánh dầu, bã dầu có thể làm phân bón."
q2_3_4_page_423-0005,"Lõi hột rất cứng có thể chịu đốt được; lá cho trâu bò ăn, công dụng rất rộng."
q2_3_4_page_423-0006,"Minh Mệnh năm thứ 17, khắc hình tượng vào Huyền đỉnh."
q2_3_4_page_423-0007,"Cây mù u: nam mai, hoa như hoa mai trắng, quả tròn như ngón chân cái, ép dầu, trị vết đao thương, thấp đèn kiến dán không ăn."
q2_3_4_page_423-0008,"Cây cộng queo bền chắc, nhà nước hay trồng để dùng làm tay cộng và cán bánh lái ở thuyền."
q2_3_4_page_423-0009,Các tỉnh từ Thừa Thiên vào Nam hay dùng.
q2_3_4_page_423-0010,Ngô đồng: các tỉnh ven núi đều có.
q2_3_4_page_423-0011,"Kính xét: đời Minh Mệnh được từ Quảng Đông đem về, trồng ở hai bên gốc điện Cần Chánh."
q2_3_4_page_423-0012,"Lại sai biền binh đem lá lên các núi để tìm khắp, tìm được đem trồng ở các góc điện."
q2_3_4_page_423-0013,"Kinh Thi nói: ""Ngô đồng sinh hỷ, vu bĩ triều dương"", tức là cây này."
q2_3_4_page_423-0014,"Nhĩ nhã chép là sấn ngô, lại có tên là vang đồng."
q2_3_4_page_424-0001,"Cây vông: hải đồng, Bản thảo chép là thích đồng vỏ vàng trắng, có gai, tháng 3 nổ hoa đỏ như lửa."
q2_3_4_page_424-0002,"Các tỉnh người ta hay trồng ở vườn tược để cho dây trầu leo; lá nó ăn được, vỏ có công dụng sát trùng, đau mất thì nấu nước để rửa."
q2_3_4_page_424-0003,"Thiên Nguyệt lệnh sách Lễ ký nói: ""Tháng 3 cây đồng mới nổ hoa"" tức là cây này."
q2_3_4_page_424-0004,Tương truyền trồng về tháng 3 thì cây chóng lớn.
q2_3_4_page_424-0005,Cây bổ hòn: chữ Hán là Vô hoan mộc.
q2_3_4_page_424-0006,"Bản thảo gọi là hoàn, lá như lá liễu, quả như quả xoan, có thể ép dầu, lại có thể dùng giặt quần áo."
q2_3_4_page_424-0007,"Nhà chùa dùng làm tràng hạt, lại gọi là hạt bổ đề."
q2_3_4_page_424-0008,"Theo Cổ kim chú thì ngày xưa thầy cúng dùng gỗ hoàn làm gây để trừ quỷ tức là cây này, vì quỷ sợ."
q2_3_4_page_424-0009,"Các tỉnh đều có. Cây dương: cành cây cứng mà giương lên, nên gọi là dương."
q2_3_4_page_424-0010,"Bản thảo gọi là thành dương, là bồ liễu, thân có thể dùng làm tên, cành lá có thể chữa chứng xích bạch ly."
q2_3_4_page_424-0011,Cây liễu: cành yếu mà rủ xuống nên gọi là liễu.
q2_3_4_page_424-0012,"Bản thảo gọi là tiểu dương, là dương liễu."
q2_3_4_page_424-0013,"Khi trồng, muốn cắm ngang dọc, hoặc ngược xuôi thế nào cũng sống; bông rụng xuống nước hoá thành bèo."
q2_3_4_page_424-0014,"Đào Chu nói: trồng được ngàn cây liễu có thể đủ được than củi, mẫm non có thể nấu nước uống, hoa có thể chữa chứng tê thấp và đau đầu gối."
q2_3_4_page_424-0015,"Quản phương phả chép rằng cây dương và cây liễu là hai loại, không dính dáng với nhau, mà nhiều người gọi lẫn lộn là dương liễu, thậm chí nhận là một cây, bởi vì phương Nam không có cây dương."
q2_3_4_page_424-0016,Lá nó có thể luộc chín ăn đỡ đói năm mất mùa.
q2_3_4_page_424-0017,"Hai loại cây kể trên nguyên sản ở Quảng Đông, hồi đầu đời Minh Mệnh mới lấy giống về trồng, nay các tỉnh đều có."
q2_3_4_page_424-0018,"Cây sênh: chữ Hán là thánh liễu, thân nhỏ, cành yếu, vỏ đỏ, lá nhỏ như sợi chỉ, ẻo lả đáng yêu."
q2_3_4_page_424-0019,"Bản thảo gọi là thuỳ ty liễu, là quan âm liễu, là hà liễu, là vũ sư."
q2_3_4_page_424-0020,"Trời sắp mưa, khí sắc phấn khởi để hưởng hứng; được mưa thì rủ xuống như tơ, dầu gặp sương tuyết cũng không rụng, thật là bậc thánh trong loài mộc."
q2_3_4_page_424-0021,"Lại có tên là trường thọ tiên nhân, một năm ba lần xanh tốt, nên gọi là tam xuân liễu."
q2_3_4_page_424-0022,"Các tỉnh đều có. Cây đa: dung mộc, cành có dây rủ xuống đất lại mọc rễ hoặc một cành lớn có ba bốn chỗ, mà cành ngang lại liền cành với cây bên cạnh."
q2_3_4_page_424-0023,"Nam phương thảo mộc trạng nói cây đa toả bóng mười mẫu, người ta có thể nghỉ dưới bóng."
q2_3_4_page_424_425-0001,"Các tỉnh đều có. Cây dâu: tang mộc, Bản thảo gọi là thần mộc, quả gọi là ""tang thầm""; lá có thể chăn tầm."
q2_3_4_page_425-0001,"Sách Điển thuật nói: cây dâu là tỉnh của sao Cơ, sâu ăn lá thành nét chữ; người ăn thì ông già hoá thành trẻ con."
q2_3_4_page_425-0002,"Cứu hoang bản thảo nói: hái quả dâu nấu chín để ăn, hoặc nấu thành cao bôi lên trên lá dâu phơi khô, có thể để lâu năm, ăn rất ngon."
q2_3_4_page_425-0003,"Lá non có thể luộc ăn, vỏ phơi khô có thể giã làm bột để ăn."
q2_3_4_page_425-0004,"Các tỉnh đều có. Cây hoè: cũng gọi là cây bóng hoè, Bản thảo gọi là tương."
q2_3_4_page_425-0005,Nhĩ nhã nói cây lá lớn sắc đen gọi là tương hoè.
q2_3_4_page_425-0006,"Quản phương phả nói cây hoè tháng 4, 5 nổ hoa, còn nụ thì như hột gạo, hái phơi khô, sao qua, nấu nước nhuộm sắc vàng rất tươi."
q2_3_4_page_425-0007,"Hoè có cây cao lớn, gỗ rất chắc nặng, có thể làm đổ dùng."
q2_3_4_page_425-0008,"Có mấy loại: xanh, vàng, trắng, đen."
q2_3_4_page_425-0009,"Đen là hoè cứt lợn, gỗ không dùng được."
q2_3_4_page_425-0010,"Quả có thể làm mát đại tràng nhuận can táo, lá trị chứng phong chạy, nấu nước xông tắm rất tốt."
q2_3_4_page_425-0011,"Các tỉnh đều có. Cứu hoang bản thảo nói: hái mầm non luộc chín, thay nước ngâm cho hết vị đắng, trộn dầu muối để ăn, hoặc hái hoa hoè sao chín để ăn."
q2_3_4_page_425-0012,Cây bối đa: (theo Thông chí): người Gia Định gọi là thốt nốt.
q2_3_4_page_425-0013,"Cây giống cây bồ quỳ mà lớn, thẳng vót không có cành, lá mọc quanh ngọn cây như cái lọng, cuống lá có ba cạnh, cuống lá nhỏ mọc chĩa ở bên, hai cái đối nhau, bốn mùa không rụng."
q2_3_4_page_425_426-0001,"Cuống lớn dùng làm cung, cuống nhỏ dùng làm thừng chão; lá già đan thành tấm để che mưa gió, lá non chẻ ra lá thành nét chữ; người ăn thì ông già hoá thành trẻ con."
q2_3_4_page_426-0001,"Cứu hoang bản thảo nói: hái quả dâu nấu chín để ăn, hoặc nấu thành cao bôi lên trên lá dâu phơi khô, có thể để lâu năm, ăn rất ngon."
q2_3_4_page_426-0002,"Lá non có thể luộc ăn, vỏ phơi khô có thể giã làm bột để ăn."
q2_3_4_page_426-0003,"Các tỉnh đều có. Cây hoè: cũng gọi là cây bóng hoè, Bản thảo gọi là tương."
q2_3_4_page_426-0004,Nhĩ nhã nói cây lá lớn sắc đen gọi là tương hoè.
q2_3_4_page_426-0005,"Quản phương phả nói cây hoè tháng 4, 5 nổ hoa, còn nụ thì như hột gạo, hái phơi khô, sao qua, nấu nước nhuộm sắc vàng rất tươi."
q2_3_4_page_426-0006,"Hoè có cây cao lớn, gỗ rất chắc nặng, có thể làm đổ dùng."
q2_3_4_page_426-0007,"Có mấy loại: xanh, vàng, trắng, đen."
q2_3_4_page_426-0008,"Đen là hoè cứt lợn, gỗ không dùng được."
q2_3_4_page_426-0009,"Quả có thể làm mát đại tràng nhuận can táo, lá trị chứng phong chạy, nấu nước xông tắm rất tốt."
q2_3_4_page_426-0010,"Các tỉnh đều có. Cứu hoang bản thảo nói: hái mầm non luộc chín, thay nước ngâm cho hết vị đắng, trộn dầu muối để ăn, hoặc hái hoa hoè sao chín để ăn."
q2_3_4_page_426-0011,Cây bối đa: (theo Thông chí): người Gia Định gọi là thốt nốt.
q2_3_4_page_426-0012,"Cây giống cây bồ quỳ mà lớn, thẳng vót không có cành, lá mọc quanh ngọn cây như cái lọng, cuống lá có ba cạnh, cuống lá nhỏ mọc chĩa ở bên, hai cái đối nhau, bốn mùa không rụng."
q2_3_4_page_426_427-0001,"Cuống lớn dùng làm cung, cuống nhỏ dùng làm thừng chão; lá già đan thành tấm để che mưa gió, lá non chẻ ra làm chiếu buồm."
q2_3_4_page_427-0001,"Các tỉnh đều có. Dậu dương tạp trở chép rằng: cây bối đa sản ở Ma Già Đà (Magatha) cao 6, 7 trượng, qua mùa đông không tàn."
q2_3_4_page_427-0002,"Cây này có ba loại, người Tây Vực dùng vỏ lá để chép kinh."
q2_3_4_page_427-0003,"Cây bổ đề: (theo Loại ngữ), cũng gọi cây đề, phần nhiều trồng ở chùa phật các làng, hột nó hình tròn vỏ dày, có thể dùng làm tràng hạt."
q2_3_4_page_427-0004,"Dậu dương tạp trở chép rằng, cây này sản ở chùa Bồ Đề thuộc nước Ma Già Đà, có lẽ là cây Phật Thích Ca Như Lai ngồi lúc thành đạo; lại có tên nữa là tư duy thụ, cành lá xanh tốt, qua mùa đông không tàn."
q2_3_4_page_427-0005,"Cây lụi: chữ Hán là hoa lư mộc (theo Thông chí), cây nhỏ bằng ngón tay cái, chất rắn bền, màu tía đỏ, có văn, có thể làm đồ dùng và rẻ quạt."
q2_3_4_page_427-0006,Ven núi các tỉnh đều có.
q2_3_4_page_427-0007,"Cây móc: tung lư, Bản thảo gọi là liệp quỳ."
q2_3_4_page_427-0008,"Lúc lá mới mọc như lá bạch cập, cây cao 2, 3 thước thì có mấy lá trên ngọn cây to như cái quạt, cao vót và tách thành từng mảnh, toả ra bốn bên."
q2_3_4_page_427-0009,"Cây lớn cao đến 1, 2 trượng, có lá to bằng bánh xe; cuống lá có ba cạnh, bốn mùa không rụng."
q2_3_4_page_427-0010,"Thân cây thẳng tuột, không có cành, chỗ cuống lá có bẹ ấp lại, cứ dài ra một tầng lại thành một đốt."
q2_3_4_page_427-0011,"Sắc gỗ đỏ và đen, đều có gân, có thể dùng làm vỏ chuông, cũng có thể làm đỏ dùng."
q2_3_4_page_428-0001,"Vỏ có sợi nhỏ như tơ, người ta dùng để khâu nón, khâu mũ, mỗi năm bóc vỏ ba lần, nếu không bóc thì cây sẽ chết hoặc không lớn được."
q2_3_4_page_428-0002,Lại có một loại gọi là đồng đình.
q2_3_4_page_428-0003,"Bản thảo chép rằng, cây này giống cây tỉnh lư, có từng đốt, cây nhỏ, không có sợi cước, có thể dùng làm chổi, người ta thường trồng ở bờ dậu."
q2_3_4_page_428-0004,"Cây kè: quỳ lư, giống cây dừa, tính chịu được nước, có thể dùng làm cột cẩu, làm máng hứng nước và làm phao lưới, lá giống lá cây bồ quỳ (cây cọ), có gai, cỏ thể dùng lợp nhà."
q2_3_4_page_428-0005,"Các tỉnh đều có. Cây bồng: bồ quỳ (theo Loại ngữ), các miền ven núi đều có."
q2_3_4_page_428-0006,"Nghệ An phong thổ ký chép rằng, cây cao vài ba trượng, quả rất sai, om quả để ăn, vị rất béo và ngon, lá già dùng để lợp nhà, có thể bền được vài chục năm, lá non dùng lợp nón."
q2_3_4_page_428-0007,"Vân đài loại ngữ dẫn Quảng Đông tân ngữ nói rằng: thân cây giống cây quang lang (búng báng), lá cũng thế, một chẽ có đến vài trăm hoa, quả rủ xuống như quả trám, lá dùng làm quạt rất tốt, quạt có thể che được mặt trời; búp lá có thể dùng làm nón, làm áo tơi và làm chiếu."
q2_3_4_page_428-0008,"Chim chim rừng: ngũ gia bì (theo Cương mục), Bản thảo gọi là văn khố thảo, là sài tiết."
q2_3_4_page_428-0009,"Cây năm lá quý hơn, dùng để cất rượu, chữa bệnh bại phong thũng, hái lá nấu nước uống, rất có công hiệu."
q2_3_4_page_428_429-0001,Các tỉnh đều có. Hột máu chó: đại phong tử.
q2_3_4_page_429-0001,"Bản thảo chép rằng, hột cây này chữa bệnh bại phong, ép dầu để chữa lở ghẻ."
q2_3_4_page_429-0002,Sơn phận các tỉnh đều có.
q2_3_4_page_429-0003,"Cây bàng: sơn phong (vâng mệnh chép tên chữ Hán): thân cây cao lớn, cành lá mọc thành tầng, hình vòng tròn như hình tán lọng."
q2_3_4_page_429-0004,"Sau tiết sương giáng, lá biến thành sắc đỏ, như lá cây phong, nên gọi là sơn phong."
q2_3_4_page_429-0005,Nay trồng nhiều ở các cung điện phủ thự.
q2_3_4_page_429-0006,"Có người cho đó là đỗ lê, có người cho là cây phong, chưa rõ thuyết nào là đúng, vậy nay thêm chữ ""sơn"" lên trên để phân biệt."
q2_3_4_page_429-0007,"Hạt có chất chua, có thể ăn được, lá nấu nước để nhuộm màu đen."
q2_3_4_page_429-0008,"Cây cườn: tương tự tử mộc (theo Cương mục), Bản thảo gọi là hồng đậu tử, cây cao hơn một trượng, quả như quả đậu con, một nửa màu đỏ, một nửa màu đen, trẻ con thường xâu dây để đeo."
q2_3_4_page_429-0009,"Cây bổ kết: tạo giáp, Bản thảo gọi là tạo dác, lại gọi là kê thê tử, là ô tê, là huyền đao, cây rất cao lớn, nhiều gai khó trèo."
q2_3_4_page_429-0010,"Lấy dây tre đánh đai thân cây, qua một đêm thì quả tự rụng."
q2_3_4_page_429-0011,"Lại có cây chưa kết quả thì đục một lỗ ở thân cây, bỏ chừng năm ba cân sắt sống vào rồi bịt lại cây sẽ có quả."
q2_3_4_page_429-0012,"Quả có thể trừ phong, phá hòn báng, tiêu đàm, nhuận đại tràng, tan ghét cáu."
q2_3_4_page_429-0013,Ven núi các tỉnh đều có.
q2_3_4_page_430-0001,"Đỗ trọng: Bản thảo gọi là tư trong, là tư tiên nói: ngày xưa có người tên là Đố Trọng ăn cây này mà đắc đạo, nên lấy tên mà đặt cho cây."
q2_3_4_page_430-0002,"Ở sơn phần các tỉnh đều có, vỏ có tơ trắng, chữa bệnh đau lưng gỗ dùng đếo guốc, đỡ hại da chân."
q2_3_4_page_430-0003,"Cây vốt: hậu phác, Bản thảo gọi là xích phác là hậu bì, chất gỗ thô mà dày vỏ, nên gọi tên thế."
q2_3_4_page_430-0004,"Hột của nó chưa chín sắc xanh, chín thì sắc đỏ, vị ngọt và thơm, có công dụng chữa các chứng đau bụng thổ tả và đàm tích."
q2_3_4_page_430-0005,"Các tỉnh đều có, nhưng vối ở Biên Hòa và Hà Tiên thuộc Nam Kỳ ngon hơn."
q2_3_4_page_430-0006,"Ô dược: Bản thảo thập di gọi là bàng kỳ, là oải trạo, cây cao hơn một trượng, một lá ba gạc, lá xanh thân trắng, giống cây sơn thược dược, củ có công dụng chữa bệnh nấc và chân đau."
q2_3_4_page_430-0007,Các tỉnh gần biển đều có.
q2_3_4_page_430-0008,"Cây tra: nhiều người trồng ở giậu, vỏ có thể dùng làm thừng chão."
q2_3_4_page_430-0009,Tục truyền cây tra trồng về tháng 10 thì đễ mọc.
q2_3_4_page_430-0010,Cây núc nác: nam hoàng bá.
q2_3_4_page_430-0011,"Cây cao mà thẳng có thể cho dây trầu không và dầy hồ tiêu leo, vỏ mau vàng giống hoàng bá nên gọi tên thế."
q2_3_4_page_430-0012,"Tương truyền, dùng để chữa bệnh quai bị."
q2_3_4_page_430-0013,"Các tỉnh đều có. Cây răng cựa: cứ xỉ mộc, lá giống lá dâu, mép lá có răng cưa nên gọi tên thế."
q2_3_4_page_430-0014,"Tương truyền có công dụng lợi tiểu tiện, tiêu phù thũng, các tỉnh đều có."
q2_3_4_page_431-0001,"Cây cách: lớn bằng cây dầu, lá như lá dâu rừng."
q2_3_4_page_431-0002,"Có công dụng chữa bệnh phù thũng, hái lá nấu uống."
q2_3_4_page_431-0003,"Các tỉnh đều có. Cây sưa: sơ mộc, cây như cây bưởi mà to đến vài ôm, thớ gỗ rắn dai; mùa xuân rụng lá nở hoa màu tía, đầy dẫy trên cây, mùi thơm đưa xa."
q2_3_4_page_431-0004,"Các tỉnh đều có. Cây tràm: sàm mộc, cây cao vài trượng, vỏ rất mềm dẻo, có thể dùng để xảm thuyền; có thuế."
q2_3_4_page_431-0005,"Lại có một loại cây nhỏ như cây bề thị, lá có thể nấu nước uống, tháng 6 tháng 7 gặp mưa, mọc nấm có thể ăn được."
q2_3_4_page_431-0006,Lâm phận các tỉnh đều có.
q2_3_4_page_431-0007,"Cây giổi: hoàng oanh bì (theo Chỉ nam thập dì), cây cao 6, 7 thước, lớn vài ôm, lá có lông nhỏ mà ráp và cứng, vỏ có thể làm giấy, rễ màu vàng lợt, thẳy thuốc nhà quê thường dùng để thay cho vị bắc hoàng kỳ khi thiếu."
q2_3_4_page_431-0008,"Các tỉnh đều có. Cây ngũ trảo: cây cao 8, 9 thước, mỗi cành có ngạc đối nhau, mỗi ngạc năm lá hẹp và nhọn như năm móng rồng, nên gọi tên thế."
q2_3_4_page_431-0009,Tương truyền chữa được chứng đau khớp xương.
q2_3_4_page_431-0010,"Lại có một loại tục gọi cây trâm, lá cũng có công dụng chữa bệnh như trên."
q2_3_4_page_431-0011,"Gỗ thớ trắng, có thể dùng làm đũa."
q2_3_4_page_431-0012,"Các tỉnh đều có. Cây vỏ dẻ: hoàng chỉ bì, cây cao vài trượng, vỏ có thể dùng để ăn trầu thay cau."
q2_3_4_page_431-0013,Tương truyền có công dụng chữa rắn cắn.
q2_3_4_page_431-0014,Sơn phận các tỉnh đều có.
q2_3_4_page_432-0001,"Cây bò cạp: mộc lang, cao chừng vài trượng, tháng 4 nổ hoa đỏ, quả tròn và dài hơn một thước, vỏ mỏng, thịt có từng phiến liền nhau, trong có hột, phơi khô có thể dùng để ăn trầu thay cau, lại có thể chữa rắn cắn."
q2_3_4_page_432-0002,Sản ở các gò huyện Hương Thủy.
q2_3_4_page_432-0003,"Cây dầu chuổn: thanh du mộc, cao chừng vài trượng, quả như quả thạch lật, ép lấy dầu để thấp đèn."
q2_3_4_page_432-0004,"Vị đắng, kiến dán không ăn, có công dụng chữa lở loét."
q2_3_4_page_432-0005,Người địa phương thường xem quả nhiều hay ít để nghiệm năm nào được mùa hay mất mùa.
q2_3_4_page_432-0006,"Cây dầu tràng: hoàng du mộc, giống cây mít, lá cũng giống lá mít mà hơi dài."
q2_3_4_page_432-0007,"Quả như quả cây chè, có chất béo ăn được; ép dầu, dùng chữa lở loét."
q2_3_4_page_432-0008,"Các tỉnh đều có. Cây dầu sở: sở du mộc, cao hơn một trượng; lá nhỏ hơi dày, quả giống quả mù u, ép dầu để xào nấu rất ngon."
q2_3_4_page_432-0009,"Các tỉnh đều có. Cây sơn: tất mộc, Phủ biên tạp lục của Lê Quý Đôn chép rằng, cây sơn sản ở địa phận tổng Bái Ân huyện Minh Linh, do người trồng."
q2_3_4_page_432-0010,"Cây giống cây dương đào, lá như lá chè mà dày, có ba chĩa; quả như quả hồng mà vỏ xù xì, có 4 hột."
q2_3_4_page_432-0011,"Mùa xuân hái quả, lấy hột giã cho nhỏ, đem đổ qua rồi ép dầu, sắc vàng mà sáng, sâu bọ và chuột không ăn."
q2_3_4_page_432-0012,"Nếu dùng để sơn đổ thì lại nấu lại cho đặc như mỡ, đánh nhỏ giã thành cao trộn với lưỡi rách mà xám thuyện, rắn như đá, sâu bọ không thể đục."
q2_3_4_page_432-0013,Hồi đầu bản triều có đặt đội Du tất.
q2_3_4_page_432-0014,"Hoàng bì: (theo Cương mục): cây như cây bưởi, quả như quả xoan, vị ngọt ăn được, lá có công dụng chữa bệnh phù thũng."
q2_3_4_page_432-0015,"Cây ô rô: bạch ức, Bản thảo gọi là xích long trảo, mọc thành hàng thấp, thân có nhiều gai to, nhiều người trồng làm giậu để giữ trộm."
q2_3_4_page_432-0016,"Cây găng: thanh dương (theo Chỉ nam thập di), nhiều gai, người ta hay trồng làm giậu để giữ trộm; quả có thể dùng giặt quần áo, rễ có công dụng chữa bệnh nhiệt."
q2_3_4_page_432-0017,"Cây đa lông: tân di thụ, cây giống cây đa mà thấp, mặt sau lá có lông."
q2_3_4_page_432-0018,"Các tỉnh đều có. Tương truyền có thể trị bệnh ly, bệnh chốc đầu của trẻ con, nấu nước gội rất tốt."
q2_3_4_page_432-0019,"Cây gáo nước: thủy dương liễu, những chỗ gần nước đều có."
q2_3_4_page_432-0020,Tương truyền chữa bệnh nhiệt.
q2_3_4_page_433-0001,"Cây vải ốc: lân mộc, mọc ở gò cát, thân cao vài thước, lá tròn như hình vải ốc, chỗ nào cũng có."
q2_3_4_page_433-0002,Tương truyền có công dụng chữa mụn lở.
q2_3_4_page_434-0001,"Cây ngọt: phỉ mộc, Bản thảo gọi là phỉ thực."
q2_3_4_page_434-0002,"Nhĩ nhã dực chép rằng, cây có văn hoa như cây bách."
q2_3_4_page_434-0003,"Các tỉnh đều có, nhưng ở Nghệ An nhiều hơn."
q2_3_4_page_434-0004,"Cây táu: phù lão, các tỉnh đều có."
q2_3_4_page_434-0005,"Công dụng có thể chữa chứng đau lưng, lá có tính chát, giã ra để ngâm son sứa thì sứa rắn lại."
q2_3_4_page_434-0006,"Cây sắn: tử niêm, các tỉnh đều có, vỏ đem ngâm nước rất dính, có thể dùng để đánh bìa sách và phất quạt giấy."
q2_3_4_page_434-0007,"Cây bài bái: độc lực, các tỉnh đều có."
q2_3_4_page_434-0008,Củ của nó có thể chữa phong thấp và thũng thống.
q2_3_4_page_434-0009,"Cây quýt rừng: bạch lực, Bản thảo gọi là xú quất, cây và lá giống quýt, quả như viên đạn, giống quả trấp, vỏ mỏng, không thơm."
q2_3_4_page_434-0010,Củ có thể chữa các chứng ly và yết hầu.
q2_3_4_page_434-0011,"Các tỉnh đều có. Cây tất: chỉ (theo Cương mục), Bản thảo nói, quả là chỉ thực, có tên là chỉ xác, cây và lá giống cây quýt, cao 5, 7 thước."
q2_3_4_page_434-0012,"Có công dụng long đồm, hạ khí, tiêu tích."
q2_3_4_page_434-0013,"Các tỉnh đều có. Tre gai: thích trúc, Bản thảo chép là lặc trúc, là tư lao trúc, có nhiều gai, cây nào lớn chu vi đến một thước, người ta thường trồng ở vườn để ngăn trộm cướp."
q2_3_4_page_434-0014,"Chỗ nào cũng có. Ngày 13 tháng 5 hàng năm là ngày ""trúc tuý"", 60 năm một lần kết quả sau đó cây khô đi rồi chết, quả rụng xuống đất, 6 năm lại mọc thành bụi rậm."
q2_3_4_page_434-0015,Sách Tam thủy tiểu độc chép rằng trúc gọi là thành sĩ?
q2_3_4_page_434-0016,Tài thụ thư chép rằng trúc có tính hướng về phương tây nam.
q2_3_4_page_434-0017,"Tre làng ngà: bạc trúc, lại gọi là tre bương, thân to thịt dày, chu vi chừng vài thước, có thể dùng làm rường cột."
q2_3_4_page_434-0018,"Tre: thanh bì trúc, vỏ xanh, không có gai, làm đồ dùng rất tốt."
q2_3_4_page_434-0019,"Các tỉnh đều có. Nứa: sa trúc, loại nhỏ gọi là nứa, loại lớn gọi là lồ ô, thịt mỏng mà thẳng, không gai, có thể dùng làm chiếu trúc, hoặc đan phên thưa."
q2_3_4_page_434-0020,"Các tỉnh đều có. Lại có loại trúc đài, gọi là tre giang, thịt vàng, đốt dài, có thể dùng làm lạt, măng rất ngọt, hơn cả các loại măng."
q2_3_4_page_434-0021,"Tre hoa: bàn trúc, sản ở chín châu phủ Cam Lộ, vẫn nhiều vằng đỏ, cây nào có vằng đỏ thầm gọi là phượng nhãn bàn trúc; lại cây nào có từng điểm lác đác như tuyết rơi, gọi là giáng tuyết bàn trúc."
q2_3_4_page_434-0022,"Tre tàu: hoàng trúc, sắc vàng, mỗi đốt có một đường vần, chất không được bền, măng phần nhiều đáng nên ít người trồng."
q2_3_4_page_435-0001,"Trúc càng cua: giải trúc, đốt nó khẳng khiu, có thể dùng làm gây người già."
q2_3_4_page_435_436-0001,"Các tỉnh đều có. Tre cán giáo: thực tâm trúc, ruột dày, thân thẳng, không gai, dùng làm cán giáo, vừa nhẹ vừa bền."
q2_3_4_page_436-0001,"Từ Thừa Thiên trở vào Nam đều có, nhiều nhất ở Nam Kỳ."
q2_3_4_page_436-0002,"Trúc hoá rổng: hoá long trúc, rễ đi ngầm trong đất, mọc thành bụi, chất rắn, có thể dùng làm điếu ống."
q2_3_4_page_436-0003,"Lại có điếu can trúc (tre cần câu), quan âm trúc, địch quản trúc (trúc ống sáo), chủng loại rất nhiều, không thể chép hết."
q2_3_4_page_436-0004,LOẠI BÁCH HOÁ
q2_3_4_page_436-0005,"Vải, lụa, đũi, trừu, nhiều, lãnh đen."
q2_3_4_page_436-0006,"Sáu loại trên, tỉnh nào cũng có."
q2_3_4_page_436-0007,"Muối: thuế muối trong phủ hạt, mỗi phương nộp thay tiên 3 tiền."
q2_3_4_page_436-0008,Đạo Quảng Trị mỗi phương nộp 4 tiền 30 đồng.
q2_3_4_page_436-0009,Hai châu Tầm Bồn và Mường Vang cũng có ruộng muối.
q2_3_4_page_436-0010,"Mỗi năm cứ tháng giêng tháng hai, tức tháng 3, tháng 4, chất mặn ở trong đất nổi lên mặt ruộng cát, sắc trắng toát, người địa phương lấy nấu thành muối trắng, nhưng vị mặn mà hơi đắng."
q2_3_4_page_436-0011,"Sắt: ở núi Phù Bài, huyện Hương Thủy, Ô châu cận lục chép rằng: hai xã Tâm Lam và Hoài Tài huyện Phú Vang nổi tiếng về việc rèn đổ sắt."
q2_3_4_page_436-0012,Dây thau: kim thau: đều sản ở xã Mậu Tài huyện Phú Vang.
q2_3_4_page_437-0001,Đồ đồng: do Phường Đúc huyện Hương Thủy sản xuất.
q2_3_4_page_437-0002,Đò gốm: do huyện Phong Điền sản xuất.
q2_3_4_page_437-0003,"Chiêng đồng: màn vải, dao lửa, đá lửa: do huyện Thanh Hoá sản xuất."
q2_3_4_page_437-0004,"Có lệ cống. Sáp ong: do nguồn Tả Trạch sản xuất, có lệ thuế."
q2_3_4_page_437-0005,"Mật ong: sơn phần các huyện đều có, nhiều nhất là chín châu phủ Cam Lộ."
q2_3_4_page_437-0006,Mật mía: dầu phụng (lạc): do huyện Hương Thủy sản xuất.
q2_3_4_page_437-0007,Nhựa trám: do huyện Thành Hoá sản xuất.
q2_3_4_page_437-0008,Đầu chuổn: sản ở Cam Lộ.
q2_3_4_page_437-0009,"Ngà voi, sừng tê: sản ở Cam Lộ, có lệ cống."
q2_3_4_page_437-0010,Tốc hương: do nguồn Hứng Bình huyện Hương Trà sản xuất.
q2_3_4_page_437-0011,Rượu: sản xuất ở xã Kim Lung huyện Hải Lăng rất ngon.
q2_3_4_page_437-0012,"Ô châu cận lục chép rằng: ""Xã Tân Lại huyện Tư Vang có rượu ngon""."
q2_3_4_page_437-0013,Chè: ở vườn và rừng các huyện đều có.
q2_3_4_page_437-0014,"Khảo Du địa chí của Nguyễn Trãi chép, thì châu Sa Bôi có chè lưỡi sẽ; Ô châu cận lục chép huyện Kim Trà có chè lưỡi sẽ."
q2_3_4_page_438-0001,Chiếu: sản ở hai huyện Phú Vang và Hải Lăng.
q2_3_4_page_438-0002,"Lại gối mây do xã An Ninh huyện Hương Trà sản xuất, ghế mây do huyện Hương Thủy sản xuất."
q2_3_4_page_438-0003,"Dây mây sản nhiều ở miền sách Man huyện Hương Trà và huyện Thành Hoá, trước có lệ cống."
q2_3_4_page_438-0004,Giấy: sản ở xã Đốc Sơ huyện Hương Trà và xã Tuy Lộc đạo Quảng Trị.
q2_3_4_page_438-0005,Lại quat giấy sản ở xã Phương Ngàn đạo Quảng Trị.
q2_3_4_page_438-0006,"Áo tơi, nón: sản ở xã Sư Lỗ Đông huyện Phú Vang và xã Văn Quỹ đạo Quảng Trị, xã Triều Sơn huyện Hương Trà."
q2_3_4_page_438-0007,LOÀI CHIM
q2_3_4_page_438-0008,"Gà: loài giống rất nhiều, nơi nào cũng có."
q2_3_4_page_438-0009,"Tính hay báo giỡ, xương có thể bói việc lành dữ, vì là loài chim thiêng."
q2_3_4_page_438-0010,Năm Minh Mệnh thứ 17 khắc hình tượng vào Chương đỉnh.
q2_3_4_page_438-0011,"Ngạn ngữ có câu: ""Ếch tháng ba, gà tháng mười"", chỉ món ăn ngon."
q2_3_4_page_438-0012,"Gà xước: ô cốt kê, lông mọc chổng lên, chân lùn, hay ở dưới mái nhà tìm ăn con mối."
q2_3_4_page_438-0013,"Các tỉnh đều có. Thịt có thể chữa bệnh ho lao, nấu lẫn với lá dâu non mà ăn."
q2_3_4_page_438-0014,"Trĩ: sản ở sơn phần huyện Thành Hoá, chỗ nó bay đậu là chỗ rất sạch, bị mắc lưới liền tự tử, đúng như người xưa nói nó có tính ngay thẳng."
q2_3_4_page_438-0015,"Thi Kinh tạp chú nói: chim trĩ trống có mào, đuôi dài, thân nhiều màu sắc, hay chọi nhau."
q2_3_4_page_438-0016,"Cầm kinh nói: con nào lông đỏ vàng gọi là miết trĩ, lông trắng gọi là hãn trĩ, lông đen mỡ gọi là hải trĩ, lông có hoa vần gọi là sơn trĩ, cổ có diều đỏ gọi là tị chu trĩ, lông ở trên lưng có màu sắc gọi là phỉ thuý trĩ, loài giống rất nhiều, nhưng giống trĩ trắng quý hơn cả."
q2_3_4_page_438-0017,"An Nam chí chép rằng: thời vua Thành Vương nhà Chu, Việt Thường thị dâng chim trĩ trắng, thời vua Quang Vũ nhà Hán, các quận Nhật Nam và Cửu Chân dâng chim trĩ trắng."
q2_3_4_page_438-0018,"Thiên Nguyệt lệnh sách Lễ ký chép rằng: ""Chim trĩ bay xuống biển hoá thành con sò"" tức là chim này."
q2_3_4_page_438-0019,Năm Minh Mệnh thứ 17 khắc hình tượng vào Cao đỉnh.
q2_3_4_page_438-0020,"Chim công: khổng tước, Bản thảo gọi là việt điểu, tiếng gáy nghe như thốt ra tiếng ""đô hộ"", phần nhiều ở cây to trên núi cao."
q2_3_4_page_438-0021,"Các tỉnh đều có. Thịt có công dụng giải độc, lông nó không thể cho đụng chạm vào mắt vì có thể làm mù; mật rất độc, khi làm thịt phải bỏ mật đi; thịt công chần qua làm nem, là một món trong hàng bát trân."
q2_3_4_page_438-0022,"An Nam chí chép rằng: chim công trống sau khi nở được một năm, đuổi dài chừng vài thước, gặp gió thì xoè đuổi để múa, trông óng ánh như bánh xe gấm."
q2_3_4_page_438-0023,"Lại có một loại công trắng, lông trắng tinh, toàn thân như tuyết."
q2_3_4_page_438_439-0001,"Đời Minh Mệnh tinh thần Biên Hòa bắt được đem dâng, năm thứ 17 khắc hình tượng vào Nhân đỉnh, tạp chú nói: chim trĩ trống có mào, đuôi dài, thân nhiều màu sắc, hay chọi nhau."
q2_3_4_page_439-0001,"Cầm kinh nói: con nào lông đỏ vàng gọi là miết trĩ, lông trắng gọi là hãn trĩ, lông đen mỡ gọi là hải trĩ, lông có hoa vần gọi là sơn trĩ, cổ có diều đỏ gọi là tị chu trĩ, lông ở trên lưng có màu sắc gọi là phỉ thuý trĩ, loài giống rất nhiều, nhưng giống trĩ trắng quý hơn cả."
q2_3_4_page_439-0002,"An Nam chí chép rằng: thời vua Thành Vương nhà Chu, Việt Thường thị dâng chim trĩ trắng, thời vua Quang Vũ nhà Hán, các quận Nhật Nam và Cửu Chân dâng chim trĩ trắng."
q2_3_4_page_439-0003,"Thiên Nguyệt lệnh sách Lễ ký chép rằng: ""Chim trĩ bay xuống biển hoá thành con sò"" tức là chim này."
q2_3_4_page_439-0004,Năm Minh Mệnh thứ 17 khắc hình tượng vào Cao đỉnh.
q2_3_4_page_439-0005,"Chim công: khổng tước, Bản thảo gọi là việt điểu, tiếng gáy nghe như thốt ra tiếng ""đô hộ"", phần nhiều ở cây to trên núi cao."
q2_3_4_page_439-0006,"Các tỉnh đều có. Thịt có công dụng giải độc, lông nó không thể cho đụng chạm vào mắt vì có thể làm mù; mật rất độc, khi làm thịt phải bỏ mật đi; thịt công chần qua làm nem, là một món trong hàng bát trân."
q2_3_4_page_439-0007,"An Nam chí chép rằng: chim công trống sau khi nở được một năm, đuổi dài chừng vài thước, gặp gió thì xoè đuổi để múa, trông óng ánh như bánh xe gấm."
q2_3_4_page_439-0008,"Lại có một loại công trắng, lông trắng tinh, toàn thân như tuyết."
q2_3_4_page_439-0009,"Đời Minh Mệnh tinh thần Biên Hòa bắt được đem dâng, năm thứ 17 khắc hình tượng vào Nhân đỉnh."
q2_3_4_page_440-0001,"Bổ câu: cáp, các tỉnh đều có."
q2_3_4_page_440-0002,"Bản thảo gọi là bột cáp, là phi nô."
q2_3_4_page_440-0003,"Trương Cửu Linh đời Đường dùng chim cáp đưa thư tín, đặt tên là phi nô (đầy tớ biết bay)."
q2_3_4_page_440-0004,"Phầm giống chim khi giao hợp, chim trống cỡi chim mái, duy giống chim này thì chim mái cỡi chim trống, tính rất dâm."
q2_3_4_page_440-0005,Có công dụng chữa độc lở loét.
q2_3_4_page_440-0006,Chim đa đa: giá cô.
q2_3_4_page_440-0007,"Sách Bài nhã nói: hình như con gà mái, cổ như cun cút, trước ngực có vòng trắng; hay gáy đối nhau, tiếng gáy nghe như thốt ra tiếng ""câu lư cách kiệt, hành bất đắc dã ca ca""."
q2_3_4_page_440-0008,"Chí thường hướng về phương Nam, lúc bắt đầu cất cánh là lượn về phía nam, cho nên có tên là hoài nam, là trục ảnh."
q2_3_4_page_440-0009,"Quảng Đông tân ngữ gọi là tuỳ dương việt điểu, bay tất hướng về mặt trời, bay theo số tháng, tức tháng giêng bay một đợt rồi thôi, tháng chạp bay 12 đợt mới thôi."
q2_3_4_page_440-0010,Người ở rừng núi thường theo số đợt bay của chim này để nhận số tháng.
q2_3_4_page_440-0011,"Ví dụ: tháng này là tháng máy, thì nói: chim đa đa đã bay máy đợt rồi."
q2_3_4_page_440-0012,"Tính ôn, vị ngọt, có công dụng chữa bệnh sốt rét."
q2_3_4_page_440-0013,"Chim cun cút: thuần, Giao Châu ký chép rằng: ""Biển Nam có giống cá vàng, tháng 9 hoá làm chim thuần""."
q2_3_4_page_440-0014,Thịt nó ướp muối nướng chả ăn rất béo ngon.
q2_3_4_page_440-0015,"Chim thuần trước là hoá thành, sau thì sinh trứng, bốn mùa thường có."
q2_3_4_page_440-0016,"Thịt nó ngon và ôn hòa, có công dụng trừ phiên, chữa bệnh cam và bệnh ly."
q2_3_4_page_441-0001,"Chim sẻ: tước, Bản thảo gọi là ngoả tước, là tân tước."
q2_3_4_page_441-0002,"Tục gọi giống lốm đốm là ma tước, giống nhỏ mà mỏ vàng là hoàng tước."
q2_3_4_page_441-0003,"Thiên Nguyệt lệnh sách Lễ ký chép rằng ""Chim tước bay xuống biển hoá thành con sò"", tức là giống chim này."
q2_3_4_page_441-0004,"Thịt nó ngon và ôn, có công dụng tráng dương và khoẻ gân cốt."
q2_3_4_page_441-0005,"Cù dục: tục gọi chim sáo, Bản thảo chép là hàn cao, là bát bát điểu, lông đen, mỏ vàng, Lý Thì Trân nói giống chim này thích tắm, con người mắt hay lấp láy, nên gọi tên thế."
q2_3_4_page_441-0006,"Lục Điền nói: trẻ con ở thôn quê thường cắt bớt đầu lưỡi nó đi, dạy nói tiếng người rất chóng."
q2_3_4_page_441-0007,Thịt nó có công dụng chữa bệnh hen.
q2_3_4_page_441-0008,"Chim khướu: bách thiệt điểu, Bản thảo nói: giống chim này hay ở trong hốc cây, hình như chim sáo mà nhỏ, thân hơi dài, lông đen mờ, khi hót có thể uốn lưỡi làm như tiếng trăm giống chim."
q2_3_4_page_441-0009,"Sách Sơn đường tứ khảo chép là chim vọng xuân, là chim hoán khởi, người Giang Nam gọi là hoán xuân, tiếng hát tròn trặn như tiếng âm nhạc."
q2_3_4_page_441-0010,"Đời Minh Mệnh, từng nuôi ở trong cung, một hôm trổ lồng bay đi, mấy hôm sau lại bay trở về, nhân đấy ban tên là mộ nghĩa lang."
q2_3_4_page_441-0011,"Trẻ con chậm nói, thì nướng thịt cho ăn."
q2_3_4_page_441-0012,Lại có một tên là phản thiệt.
q2_3_4_page_441-0013,"Thiên Nguyệt lệnh sách Lễ ký chép rằng: ""Chim phản thiệt không hót"", tức là chim này."
q2_3_4_page_442-0001,"Hoạ mi: Tiềm xác loại thư chép rằng: chim hoạ mi giống chim oanh mà nhỏ, sắc vàng và đen, lông mi như vẽ, cũng hay hót như chim bách thiệt."
q2_3_4_page_442-0002,Các ngoại tỉnh Bắc Kỳ đều có.
q2_3_4_page_442-0003,"An Nam chí chép có một loại gọi là sơn hô, giống chim hoạ mi mà sắc đen, hay hót, chọi khoẻ."
q2_3_4_page_442-0004,"Chim nhỏng: tần cát liều, lại gọi là chim yếng, hình dáng như chim sáo, lại có tên là liều ca, sắc đen thầm."
q2_3_4_page_442-0005,"Trên đầu có mào, thịt sắc vàng, mỏ đỏ cựa vàng, dưới mắt liền với cổ có lông vàng thầm, có đường chỉ."
q2_3_4_page_442-0006,"Tâm tính thông minh, miệng lưỡi khéo léo, hay bắt chước tiếng người."
q2_3_4_page_442-0007,"Năm Minh Mệnh thứ 11, phủ Trấn Nam dâng một con, nuôi ở trong cung, mỗi khi trông thấy vua đi qua, thì đạ đạ không thôi, lại luôn mồm bắt chước câu ""Vạn tuế sơn hô"", đọc kinh Phật rất nhanh (xem lời chú trong tập Thiệu Trị thánh chế)."
q2_3_4_page_442-0008,Năm Minh Mệnh thứ 17 khắc hình tượng vào Dụ đỉnh.
q2_3_4_page_442-0009,"Bạch anh vũ: sản ở các gò thuộc Hạ Châu (Tân Gia Ba), có người mang về dâng."
q2_3_4_page_442-0010,"Giống chim này lông trắng toát, cũng có một loại lông đủ năm sắc, gọi là ngũ sắc anh vũ."
q2_3_4_page_442-0011,"Con lớn gọi là anh mẫu, con nhỏ gọi là anh ca."
q2_3_4_page_442-0012,"An Nam chỉ chép rằng, đời Hán Vũ Đế, quận Giao Chỉ dâng chim anh vũ biết nói, đời Đường Trinh Quán, Lâm Ấp dâng chim anh vũ năm sắc."
q2_3_4_page_443-0001,"Kính xét lời chú bài ""Vịnh ngũ sắc anh vũ"" của Minh Mệnh thánh chế, nói đầu đời Trung Hưng Gia Định đem dâng mấy con, nuôi ở trong cung."
q2_3_4_page_443-0002,"Có một con rất tỉnh khôn, đêm nằm trong lồng, thấy chuột bò đến thì giả làm tiếng mèo kêu để doạ; lúc mèo bò đến lại giả làm tiếng người giận dữ mắng chửi, mèo liền lẻn tránh không dám đến gần; khi thấy chó ngủ, thì bay lẻn xuống để mổ, chó giật mình tỉnh dậy chạy cuống cuồng, chim liền nhảy lên bàn, dở trò cười ngặt nghẽo."
q2_3_4_page_443-0003,"Thiên Khúc lễ sách Lễ ký chép rằng: chim anh vũ biết nói, tức là chim này."
q2_3_4_page_443-0004,Năm Minh Mệnh thứ 17 khắc hình tượng vào Tuyên đỉnh.
q2_3_4_page_443-0005,"Lại có một loại lục anh vũ, tục gọi chim vẹt mỏ đỏ, lông xanh biếc, cắt bớt ngọn lưỡi đi cũng có thể nói được tiếng người."
q2_3_4_page_443-0006,Sơn phận các tỉnh đều có.
q2_3_4_page_443-0007,"Chim tu hú: minh cựu, Bản thảo gọi là bố cốc, là cát cúc, là quách công."
q2_3_4_page_443-0008,"Lý Thì Trân nói: xét Mao thi sớ nghĩa nói rằng chim minh cựu lớn như chim thước cựu mà sắc hơi vàng, hay kêu gọi nhau mà không hợp với nhau; không biết làm tổ, hay ở tổ không của chim thước trong hốc cây."
q2_3_4_page_443-0009,"Cho con ăn thì sớm từ trên xuống, chiều từ dưới lên, để cho đều nhau."
q2_3_4_page_443-0010,"Tháng 3, sau tiết Cốc vũ thì nó mới kêu, đến sau tiết hạ chí mới thôi."
q2_3_4_page_443-0011,Thịt nó có thể an thần định chí.
q2_3_4_page_443-0012,Mang xương dùi nó vào mình thì khiến vợ chồng yêu nhau.
q2_3_4_page_443-0013,"Sách Nam dược thần hiệu của Tuệ Tĩnh thiên sư ở Hải Dương nói chim bá lao, tục gọi là tu hú."
q2_3_4_page_443-0014,"Nhưng xét chim minh cưu sau tiết Cốc vũ tháng 3 thì kêu cho đến sau Hạ chí thì thôi, mà ở sau đều nói về chim bá lao, lại nói tháng 4 kêu đến mùa đông thì thôi, như thế thì thời hạn khác nhau, vậy tu hú là minh cưu chứ không phải là bá lao, rõ lắm."
q2_3_4_page_443-0015,"Chim cúc: ban cưu, Bản thảo gọi là cẩm cưu, là chúc cưu, là bột cưu, loài hình nhỏ mà sắc xám thì không hay gáy, duy loài dưới cổ có cưỡm thì mới biết gáy, có thể dùng làm chim mồi để nhử."
q2_3_4_page_443-0016,Thịt có công dụng minh mục ích khí.
q2_3_4_page_443-0017,Chim cưu tính có hiểu mà vụng làm tổ.
q2_3_4_page_443-0018,"Có người nói chim đực kêu thì tạnh, chim cái kêu thì mưa."
q2_3_4_page_443-0019,Lại có loài cu xanh.
q2_3_4_page_443-0020,"Vân đài loại ngữ của Lê Quý Đôn nói cũng gọi là cu ngói, tháng 8 tháng 9 tiết cơm mới tất làm thịt, nấu canh, người ta hay bắt bỏ lồng để biểu nhau."
q2_3_4_page_443-0021,"Chim gầm ghì: thanh chùy, Bản thảo chép là hoàng kệ hậu, giống chim cưu mà lớn, sắc xanh xám, tiếng kêu như tiếng còi của trẻ con; thịt có thể trợ khí, bổ hư, chữa lở ghẻ."
q2_3_4_page_444-0001,"Chim chèo bẻo: cáp cưu: Lý Thì Trân nói: chim cáp cưu nhỏ hơn qua mà có thể đuổi qua, tháng 3 thì kêu."
q2_3_4_page_444-0002,"Tục ngày nay gọi là chim giá lê (vác cày) người làm ruộng lấy làm chim báo giờ, cứ canh năm thì nó kêu: ""Giá giá cách cách"" đến sáng mới thôi., xưa có chim giục sáng, tên là hoán khỉ (thức dậy), tức là chim này."
q2_3_4_page_444-0003,"Thân lớn hơn chim yến, sắc đen, đuôi dài."
q2_3_4_page_444-0004,"Chỗ nó làm tổ thì đồng loài không được làm tổ lại ở đấy, nó sẽ đánh đuổi không thôi."
q2_3_4_page_444-0005,"Chim khách: luyện thước, lại có tên là linh thước, hình giống chim cáp cưu, sắc đen xám, đuôi dài."
q2_3_4_page_444-0006,"Nhà nào có tin xa gần đến thì nó đến trước cửa mà kêu báo tin, thường thường có nghiệm."
q2_3_4_page_444-0007,"Chim cà cương: bạch luyện thước, cất đầu lưỡi có thể nói được tiếng người."
q2_3_4_page_444-0008,"Chim giải phướn: sơn thước, hình như chim thước mà đuôi rất dài, nướng thịt ăn có thể giải độc."
q2_3_4_page_444-0009,"Chim ác là: can thước, Bản thảo gọi là ô thước, là hỷ thước, là chi thước."
q2_3_4_page_444-0010,Kinh Phật gọi là Sô Nê.
q2_3_4_page_444-0011,"Tục truyền là bắc cầu cho Ngưu Lang Chức Nữ gặp nhau, không thể tin được."
q2_3_4_page_444-0012,Thịt có thể trừ chứng kết đàm thông thạch lâm (đái ra sỏi).
q2_3_4_page_444-0013,"Lại có một loại là ly thước, tục gọi chim chích choè, hình giống can thước mà nhỏ, hót nhiều mà tiếng dài."
q2_3_4_page_445-0001,"Chim ác: ô nha, cũng gọi là chim quạ."
q2_3_4_page_445-0002,Tiểu nhĩ nhã của Khổng Phụ nói rằng: sắc đen mà trún cho mẹ ăn gọi là ô; nhỏ mà bụng trắng không trún cho mẹ thì gọi là nha ô; đầu trắng mà bay từng đàn gọi là yến.
q2_3_4_page_445-0003,"Bản thảo gọi là hiếu ô, là từ ô, là hàn nha."
q2_3_4_page_445-0004,"Mới sinh thì mẹ trún cho trong 60 ngày, lớn lên lại trún cho mẹ trong 60 ngày."
q2_3_4_page_445-0005,Thịt có thể trị bệnh ho lao.
q2_3_4_page_445-0006,"Chim chúc mào: đái thắng điểu, trên đầu có mào, má trắng, đít đỏ."
q2_3_4_page_445-0007,"Vì cái mào ở trên đầu, trông như đoá hoa trang sức trên đầu phụ nữ, nên gọi là ""đái thắng""."
q2_3_4_page_445-0008,"Thiên Nguyệt lệnh sách Lễ ký chép rằng: tháng 3 chim đái thắng xuống ruộng dâu, tức là chim này."
q2_3_4_page_445-0009,"Chim bìm bịp: báo trào điểu, lông đầu và đuôi đều đen, hai cành màu nâu, hay ăn rắn."
q2_3_4_page_445-0010,"Gia Định thông chí chép rằng, khi nó kêu thường ứng với thủy triều, nên gọi là chim báo trào."
q2_3_4_page_445-0011,"Khâm châu chí chép là ngũ canh kê, vì tiếng kêu hợp với năm trống canh."
q2_3_4_page_445-0012,"Bá lao: tục gọi là tu hú, là chèo bẻo, là sáo sậu, chưa biết thế nào là đúng."
q2_3_4_page_445-0013,"Đỗ quyên: tục gọi chim cuốc, Bản thảo gọi là đỗ vũ, là tử quy, là thôi quy, là oán điểu."
q2_3_4_page_445-0014,"Tính hay ở nước, cuối mùa xuân thì kêu, nhà nông theo chừng mà bắt đầu canh tác."
q2_3_4_page_446-0001,"Vàng anh: hoàng anh, Bản thảo gọi là hoàng ly, là thương canh, là thành điểu, là hoàng điểu, sắc vàng, lông và đuôi có lần sắc đen, tiếng kêu tròn trận như tiếng dệt cửi, người ta cho là thứ chim ứng theo thời tiết."
q2_3_4_page_446-0002,"Mao thi nói: ""Hữu minh thương canh"", tức là chim này."
q2_3_4_page_446-0003,"Thịt nó có công dụng bổ tì, ăn nhiều làm cho người ta bỏ được tính ghen tuôn."
q2_3_4_page_446-0004,"Năm Minh Mệnh thứ 17, khắc hình tượng vào Tuyên đỉnh."
q2_3_4_page_446-0005,"Sơn phượng: có một tên là hùng phượng, thân to bằng con ngỗng, mỏ giống chim phượng, sản ở núi, nên gọi tên thế."
q2_3_4_page_446-0006,"Năm Minh Mệnh thứ 18, có một con bay lạc về bến đò sông Hương, người lái thuyền bắt được đem dâng."
q2_3_4_page_446-0007,"Chim dục dục: xảo phụ điểu (theo Cương mục), lại gọi chim chinh chích, Bản thảo gọi là tiêu liêu, là đào trùng, là đề quyết, là mông cưu, là xảo tượng, là hoàng đậu tước."
q2_3_4_page_446-0008,"Tính khéo, hay làm tổ trên cành tre, mỏ sắc như dùi, dùng mỏ bóc vỏ cây làm thành từng sợi để kết tổ rất tỉnh tế."
q2_3_4_page_446-0009,"Thịt có tính ôn và ngọt, có thể làm cho người thêm đẹp và thông minh, tổ của nó dùng chữa bệnh nghện."
q2_3_4_page_446-0010,"Chim nắc nước: tích linh, cũng gọi là chọi choi."
q2_3_4_page_446-0011,"Kinh Thi nói ""Tích linh tại nguyên"", tức là chim nẩy, lời truyện giải rằng: ""Chim tích linh bay thì kêu, đi thì lắc lư""."
q2_3_4_page_446-0012,"Lục Cơ chú thích rằng: ""Chim tích linh lớn bằng chim sẻ, dưới cổ có điểm đen liền nhau như đồng tiền nên có tên nữa là tiền mẫu."
q2_3_4_page_446_447-0001,"Tính thích ăn tuyết, gọi là tuyết cô, ứng theo thời tiết."
q2_3_4_page_447-0001,"Mao thi nói: ""Hữu minh thương canh"", tức là chim này."
q2_3_4_page_447-0002,"Thịt nó có công dụng bổ tì, ăn nhiều làm cho người ta bỏ được tính ghen tuôn."
q2_3_4_page_447-0003,"Năm Minh Mệnh thứ 17, khắc hình tượng vào Tuyên đỉnh."
q2_3_4_page_447-0004,"Sơn phượng: có một tên là hùng phượng, thân to bằng con ngỗng, mỏ giống chim phượng, sản ở núi, nên gọi tên thế."
q2_3_4_page_447-0005,"Năm Minh Mệnh thứ 18, có một con bay lạc về bến đò sông Hương, người lái thuyền bắt được đem dâng."
q2_3_4_page_447-0006,"Chim dục dục: xảo phụ điểu (theo Cương mục), lại gọi chim chinh chích, Bản thảo gọi là tiêu liêu, là đào trùng, là đề quyết, là mông cưu, là xảo tượng, là hoàng đậu tước."
q2_3_4_page_447-0007,"Tính khéo, hay làm tổ trên cành tre, mỏ sắc như dùi, dùng mỏ bóc vỏ cây làm thành từng sợi để kết tổ rất tỉnh tế."
q2_3_4_page_447-0008,"Thịt có tính ôn và ngọt, có thể làm cho người thêm đẹp và thông minh, tổ của nó dùng chữa bệnh nghện."
q2_3_4_page_447-0009,"Chim nắc nước: tích linh, cũng gọi là chọi choi."
q2_3_4_page_447-0010,"Kinh Thi nói ""Tích linh tại nguyên"", tức là chim nẩy, lời truyện giải rằng: ""Chim tích linh bay thì kêu, đi thì lắc lư""."
q2_3_4_page_447-0011,"Lục Cơ chú thích rằng: ""Chim tích linh lớn bằng chim sẻ, dưới cổ có điểm đen liền nhau như đồng tiền nên có tên nữa là tiền mẫu."
q2_3_4_page_447-0012,"Tính thích ăn tuyết, gọi là tuyết cô."
q2_3_4_page_448-0001,"Chim yến: Bản thảo gọi là ất điểu, là huyền điểu, là chí điểu, là du ba, là thiên nữ hoa, là ý nhi."
q2_3_4_page_448-0002,"Có mấy loại, loại trắng, lông như sợi tơ bạc, thứ nữa đến loại vàng."
q2_3_4_page_448-0003,"Quảng Đông tân ngữ chép rằng: chim yến ăn rêu đá ở bãi biển, nhả ra làm tổ treo lủng lắng ở vách đá, người ở hải đảo thường đến mùa thu dùng cái cần dài móc xuống để lấy."
q2_3_4_page_448-0004,"Yến sào có công dụng tiêu đàm và khai vị, là món quý nhất trong bát trân."
q2_3_4_page_448-0005,Năm Minh Mệnh thứ 17 khắc hình tượng vào Tuyên đỉnh.
q2_3_4_page_448-0006,"Hải phận Thừa Thiên không có đảo, hằng năm cứ đến sau mùa thu người ta thường thấy ngoài đồng có hàng đàn chim yến bay lượn, trẻ chăn trâu đánh bãy được cũng nhiều."
q2_3_4_page_448-0007,"Thiên Nguyệt lệnh sách Lễ ký chép rằng: ""Tháng giêng chim huyền điểu bay đến, tháng 8 chim huyền điểu bay đi"", tức là giống chim này."
q2_3_4_page_448-0008,"Thịt nó có thể chữa lở loét, ăn nhiều thì tinh thần mỏi mệt."
q2_3_4_page_448-0009,"Con đời: biên bức, Bản thảo gọi là phục dực, là thiên thử, là dạ yến."
q2_3_4_page_448-0010,"Lý Thì Trân nói: phục dực ban ngày cũng bay được, nhưng sợ loài chim dữ nên không dám bay ra."
q2_3_4_page_448-0011,"Có thuyết nói: chim yến tránh ngày mậu, ngày kỷ, con đời núp ngày canh, ngày thân, lẽ ấy khó hiểu."
q2_3_4_page_448-0012,"Thịt nó có công dụng tiêu thũng, sáng mắt và chữa chứng băng, đái, suyễn và sốt rét; cứt đời gọi là dạ minh sa."
q2_3_4_page_449-0001,"Chim gõ kiến: trác một điểu, Bản thảo gọi là liệt, giống chim này có đặc tính mổ xé thịt cây ra bắt sâu để ăn."
q2_3_4_page_449-0002,Sách Bác vật chí chép rằng: chim này biết dùng mỏ vạch thành chữ làm cho sâu bọ tự nhiên bò ra.
q2_3_4_page_449-0003,"Các thầy cúng lấy chữ bùa ấy để chữa chứng kinh phong và trị lở loét; thịt của nó có thể chữa bệnh giản phong, bệnh trĩ lậu."
q2_3_4_page_449-0004,"Lại có loài tên là hỏa lão nha, có thể ăn được than lửa."
q2_3_4_page_449-0005,"Chim bà cất: ưng, Bản thảo gọi là chí điểu."
q2_3_4_page_449-0006,"Thiên Nguyệt lệnh sách Lễ ký nói: ""Tháng 2, chim ưng hoá ra chim cưu"", tức là giống chim này."
q2_3_4_page_449-0007,"Đầu của nó có công dụng chữa chứng choáng đầu, thịt trừ được tà khí, mất có thể làm sáng mất, xương có thể dùng tiếp xương."
q2_3_4_page_449-0008,"Chim diêu: diên, Bản thảo gọi là chuẩn, là diễu."
q2_3_4_page_449-0009,"Bài nhã chép rằng: ""Buổi sáng, nếu chim diên vừa bay vừa kêu tức có gió lớn""."
q2_3_4_page_449-0010,Lại có tên nữa là phong cầm.
q2_3_4_page_449-0011,Thịt có công dụng chữa chứng choáng đầu.
q2_3_4_page_449-0012,"Chim cất cu: tùng điểu, theo Quảng vận trong Tự điển thì chim này giống chim diễu mà nhỏ hơn, hay bắt chim sẻ."
q2_3_4_page_449-0013,"Chim tê cú: trúc kê (theo Cương mục), tè hốt hốt, hình dáng như gà mái."
q2_3_4_page_449-0014,"Bản thảo thích danh nói: sơn khuẩn tử tức là chim trúc kê, sở đĩ gọi ""sơn khuẩn"" là láy vì nó ngon như nấm."
q2_3_4_page_449-0015,"Người đất Thục gọi là kê cảnh cốt, người phương Nam gọi là nê cút cút, đều là theo tiếng kêu của nó mà gọi tên."
q2_3_4_page_449-0016,"Giống chim này thường ở trong rừng, nếu thấy người hoặc thú đi đụng gần, thì cất tiếng kêu để chống lại, tiếng kêu nghe ""tè hốt hốt"" cũng như người phương Nam gọi là ""nê cút cút""."
q2_3_4_page_450-0001,Các loài chim kể trên các tỉnh đều có.
q2_3_4_page_450-0002,"Hạc: Bản thảo gọi là tiên cầm, là thai cầm, cổ dài, chân cao, ở cổ có da đỏ chừng vài tấc, lông trắng, cánh đen."
q2_3_4_page_450-0003,"Cũng có con màu tro hoặc màu xanh, thường kêu về nửa đêm, tiếng kêu vang tầng mây, chim trống kêu trên gió, chim mái kêu dưới gió, tiếng hòa nhau mà có mang; cũng ăn các loài rắn."
q2_3_4_page_450-0004,"Mao thi nói: ""Hạc minh vu cửu cao"", tức là chim này."
q2_3_4_page_450-0005,"Nay chim hạc nuôi ở miếu đình hoặc cung điện là giống khôi hạc, phần nhiều sản ở Nam Kỳ."
q2_3_4_page_450-0006,Năm Minh Mệnh thứ 17 khắc hình tượng vào Anh đỉnh.
q2_3_4_page_450-0007,"Chim dang: chữ Hán là quán, Bản thảo gọi là phụ phẫu, là tạo quân, giống hạc mà đầu không đổ, cổ dài, mỏ đỏ, sắc trắng tro, cánh và đuôi đều đen, hay làm tổ ở cây cao."
q2_3_4_page_450-0008,"Bay thì lên bống mây xanh, quanh lượn thành trận."
q2_3_4_page_450-0009,"Cẩm kinh nói rằng hạc sinh ba con, một con là chim dang."
q2_3_4_page_450-0010,"Thốc thu: thốc thu lại gọi chim dang sen, đầu đời Minh Mênh ban cho tên là thọ nhi điểu."
q2_3_4_page_450-0011,"Bản thảo gọi là phù lão, là thi lão, một giống chim lớn trong thủy điểu, sản ở chỗ đầm hồ lớn phương Nam."
q2_3_4_page_450-0012,"Hình dáng giống chim hạc mà lớn hơn, sắc xanh biếc, cổ dài, mắt đỏ, đầu không có lông, mỏ dẹp mà thẳng, dài hơn một thước."
q2_3_4_page_450-0013,"Phầm giống chim này đến mùa thu thì đổi lông thành trọc đầu, duy giống chim này đầu trụi lông như đầu ông già, lại như hình cái đầu gây ông già, cho nên gọi các tên như trên."
q2_3_4_page_450-0014,"Kinh Thi nói: ""Hữu thu tại lương"" (Có chim thu ở đập nước), tức chim này."
q2_3_4_page_450-0015,"Thịt nướng chả ăn rất bổ, lông có công dụng giải độc thủy trùng."
q2_3_4_page_450-0016,"Năm Minh Mệnh thứ 17, khắc hình tượng vào Huyền đỉnh."
q2_3_4_page_450-0017,"Chim chàng bè: đề hồ, cũng gọi chim lềnh đềnh; Bản thảo gọi là lê đề, là ô trạch, là đào hà, là đao nga."
q2_3_4_page_450-0018,"Kinh Thi nói: ""Duy đề tại lương"" (Chim đề ở nơi đập nước), tức chim này."
q2_3_4_page_450-0019,"Lý Thì Trân nói: chim đề hồ xứ nào cũng có, hình dáng giống chim hào mà rất lớn, sắc tro như sắc chim thiên nga, mỏ dài hơn một thước, thẳng và rộng, dưới cầm có cái điều lớn bằng cái túi, đựng được vài thăng gạo, hay lặn dưới nước bắt cá."
q2_3_4_page_450-0020,"Lục Cơ chú thích rằng: đề hồ thuộc loại thủy điểu, hễ thấy chầm có cá thì bay đến hàng đàn, hút nước vào đầy điều đem đổ ra chỗ khác để làm cạn nước trong chầm, cá phơi mình trên mặt đất, bèn cùng nhau mổ ăn."
q2_3_4_page_450-0021,Dầu đề hồ dùng bôi mụn lở và chữa tai điểc.
q2_3_4_page_450_451-0001,"Theo Bản thảo thì đề hồ có loại thảo gọi là phù lão, là thi lão, một giống chim lớn trong thủy điểu, sản ở chỗ đầm hồ lớn phương Nam."
q2_3_4_page_451-0001,"Hình dáng giống chim hạc mà lớn hơn, sắc xanh biếc, cổ dài, mắt đỏ, đầu không có lông, mỏ dẹp mà thẳng, dài hơn một thước."
q2_3_4_page_451-0002,"Phầm giống chim này đến mùa thu thì đổi lông thành trọc đầu, duy giống chim này đầu trụi lông như đầu ông già, lại như hình cái đầu gây ông già, cho nên gọi các tên như trên."
q2_3_4_page_451-0003,"Kinh Thi nói: ""Hữu thu tại lương"" (Có chim thu ở đập nước), tức chim này."
q2_3_4_page_451-0004,"Thịt nướng chả ăn rất bổ, lông có công dụng giải độc thủy trùng."
q2_3_4_page_451-0005,"Năm Minh Mệnh thứ 17, khắc hình tượng vào Huyền đỉnh."
q2_3_4_page_451-0006,"Chim chàng bè: đề hồ, cũng gọi chim lềnh đềnh; Bản thảo gọi là lê đề, là ô trạch, là đào hà, là đao nga."
q2_3_4_page_451-0007,"Kinh Thi nói: ""Duy đề tại lương"" (Chim đề ở nơi đập nước), tức chim này."
q2_3_4_page_451-0008,"Lý Thì Trân nói: chim đề hồ xứ nào cũng có, hình dáng giống chim hào mà rất lớn, sắc tro như sắc chim thiên nga, mỏ dài hơn một thước, thẳng và rộng, dưới cầm có cái điều lớn bằng cái túi, đựng được vài thăng gạo, hay lặn dưới nước bắt cá."
q2_3_4_page_451-0009,"Lục Cơ chú thích rằng: đề hồ thuộc loại thủy điểu, hễ thấy chầm có cá thì bay đến hàng đàn, hút nước vào đầy điều đem đổ ra chỗ khác để làm cạn nước trong chầm, cá phơi mình trên mặt đất, bèn cùng nhau mổ ăn."
q2_3_4_page_451-0010,Dầu đề hồ dùng bôi mụn lở và chữa tai điểc.
q2_3_4_page_451_452-0001,"Theo Bản thảo thì đề hồ có loại gọi là mạn hoạch, vì nó dùng mỏ vạch nước để tìm cá không lúc nào ngợi."
q2_3_4_page_452-0001,"Lại có một loại là tín thiên duyên, suốt ngày đứng nguyên một chỗ, nhằm có cá bơi qua để bắt."
q2_3_4_page_452-0002,"Ngỗng: chữ Hán là nga, Bản thảo gọi là gia nhạn, là thư nhạn, mỏ vàng lông trắng, cũng có sắc tro, kêu hay ứng theo canh."
q2_3_4_page_452-0003,"Cao nó trị điểc tai, thịt lợi ngũ tạng; lại có một loài là thiên nga, sống thành bầy ở bãi biển, nó bay che trời."
q2_3_4_page_452-0004,Bản thảo gọi là hộc điểu (ngỗng trời).
q2_3_4_page_452-0005,"Vịt: chữ Hán là cáp, Bản thảo gọi tên là vụ, có tên là thư phù, là gia phù."
q2_3_4_page_452-0006,"Vịt nước gọi là phù, vịt nhà gọi là vụ."
q2_3_4_page_452-0007,Ăn với thuốc thì càng tốt.
q2_3_4_page_452-0008,"Vịt nước: chữ Hán là phù, Bản thảo gọi là dã áp, là trầm phù, sông biển đầm hồ đều có, giống vịt mà nhỏ."
q2_3_4_page_452-0009,"Người ta bảo dùng thứ dầu xanh lục là tốt nhất, rồi đến thứ đuôi nhọn."
q2_3_4_page_452-0010,"Trong biển có một loại là quan phù, trên đầu có mào, là do cá thạch đều hoá thành."
q2_3_4_page_452-0011,"Lại Dương tử phương ngôn nói dã phù, giống nhỏ mà hay lội trong nước, phía ngoài Nam Sở gọi là bích thê, tức tục gọi chim chàng bồng, giống lớn gọi là cốt thê-tức tục gọi là chim le le."
q2_3_4_page_452-0012,"Uyên ương: Bản thảo gọi là hoàng áp, là thất điểu."
q2_3_4_page_452-0013,"Thân thể bằng con vịt nhỏ, sắc vàng, có màu sắc văn hoa, đầu đỏ, lông xanh biếc, cánh đen, đuôi đen, móng đỏ, ở cổ có lông tring dài rủ xuống đến đuôi."
q2_3_4_page_452-0014,"Khi nằm, con trống, con mái tréo cổ với nhau không bao giờ lìa; nếu một con bị bắt thì con kia tương tư mà chết, nên gọi là thất điểu."
q2_3_4_page_452-0015,Thịt nướng chả ăn chữa được chứng mơ màng tưởng nhớ.
q2_3_4_page_452-0016,"Chim trích: giao tinh, Bản thảo gọi là giao kê."
q2_3_4_page_452-0017,Cẩm kinh nói ring chim giao tỉnh trời tanh thì giao nhau mà chứa nên gọi tên thế.
q2_3_4_page_452-0018,"Sản ở các đầm hồ phương Nam, lớn như con vịt mà chân cao, giống gà, mỏ dài, hay mổ, đầu có chòm lông đó, bờm như lông chả, có chấm biếc, mỏ đỏ cổ xanh, làm tổ ở trong hốc cây cao."
q2_3_4_page_452-0019,"Con mới sinh chưa biết bay thì cắn lấy cánh mẹ mà bay lên bay xuống, người ta thường bắt về nuôi, quen rồi thì đuổi không đi."
q2_3_4_page_452-0020,Thịt nướng ăn giải được độc tôm cá.
q2_3_4_page_452-0021,"Chim co: lộ tư. Có hai loại: lớn mà mỏ chân vàng tục gọi là cò ngàng, nhỏ mà mỏ chân đen tục gọi là cò cá."
q2_3_4_page_452-0022,"Bản thảo chép là ty cầm, là tuyết khách là thung sừ, là điểu lâm, lội nước kiếm ăn, bày thành hàng lối."
q2_3_4_page_452-0023,"Lại Trương Anh nói: con cò con nhỏ không vượt con lớn, bay có thứ tự, là hình tượng của bách quan."
q2_3_4_page_452-0024,Thịt nó người ốm mỏi mệt thì nướng mà ăn.
q2_3_4_page_452-0025,"Chim chàng cốc: lư tư, Bản thảo gọi là ý, là thủy lão, mỏ như mỏ qua mà đầu cộng như móc câu, ăn cá."
q2_3_4_page_452_453-0001,"Di vật chí nói chim lu tư có thể lặn đen, móng đỏ, ở cổ có lông tring dài rủ xuống đến đuôi."
q2_3_4_page_453-0001,"Khi nằm, con trống, con mái tréo cổ với nhau không bao giờ lìa; nếu một con bị bắt thì con kia tương tư mà chết, nên gọi là thất điểu."
q2_3_4_page_453-0002,Thịt nướng chả ăn chữa được chứng mơ màng tưởng nhớ.
q2_3_4_page_453-0003,"Chim trích: giao tinh, Bản thảo gọi là giao kê."
q2_3_4_page_453-0004,Cẩm kinh nói ring chim giao tỉnh trời tanh thì giao nhau mà chứa nên gọi tên thế.
q2_3_4_page_453-0005,"Sản ở các đầm hồ phương Nam, lớn như con vịt mà chân cao, giống gà, mỏ dài, hay mổ, đầu có chòm lông đó, bờm như lông chả, có chấm biếc, mỏ đỏ cổ xanh, làm tổ ở trong hốc cây cao."
q2_3_4_page_453-0006,"Con mới sinh chưa biết bay thì cắn lấy cánh mẹ mà bay lên bay xuống, người ta thường bắt về nuôi, quen rồi thì đuổi không đi."
q2_3_4_page_453-0007,Thịt nướng ăn giải được độc tôm cá.
q2_3_4_page_453-0008,"Chim co: lộ tư. Có hai loại: lớn mà mỏ chân vàng tục gọi là cò ngàng, nhỏ mà mỏ chân đen tục gọi là cò cá."
q2_3_4_page_453-0009,"Bản thảo chép là ty cầm, là tuyết khách là thung sừ, là điểu lâm, lội nước kiếm ăn, bày thành hàng lối."
q2_3_4_page_453-0010,"Lại Trương Anh nói: con cò con nhỏ không vượt con lớn, bay có thứ tự, là hình tượng của bách quan."
q2_3_4_page_453-0011,Thịt nó người ốm mỏi mệt thì nướng mà ăn.
q2_3_4_page_453-0012,"Chim chàng cốc: lư tư, Bản thảo gọi là ý, là thủy lão, mỏ như mỏ qua mà đầu cộng như móc câu, ăn cá."
q2_3_4_page_453_454-0001,"Di vật chí nói chim lu tư có thể lặn nước sâu mà bắt cá để ăn, không sinh trứng mà có thai, khi có thai thì để đường mồm, nhiều đến 8, 9 con, ít cũng 5, 6 con."
q2_3_4_page_454-0001,"Người Thục ở gần nước hay nuôi chim này, buộc dây khiến đi bắt cá, được cá thì lại ựa nhả ra, rất là mau chóng, gọi là điểu cảnh vuông (lưới cổ chim)."
q2_3_4_page_454-0002,"Năm Minh Mệnh thứ 17, tỉnh Cao Bằng dâng chim ấy, sai thả ở sông Hương cho bắt cá, ngự giá ra xem."
q2_3_4_page_454-0003,"Chim nghịch: chữ Hán là như, Thiên Nguyệt lệnh sách Lễ ký nói: tháng ba chuột đồng hoá thành chim như, tức chim này."
q2_3_4_page_454-0004,"Gà nước: ương kê, Bản thảo nói: ương kê bằng con gà nhỏ, cổ trắng, mỏ dài, đuôi ngắn, lưng có đốm trắng, hay ở bờ ruộng, bờ ao."
q2_3_4_page_454-0005,"Sau hạ chí thì ban đêm có kêu đến sáng, đến mùa thu thì thôi."
q2_3_4_page_454-0006,"Chim mỏ nhát: đanh chủy điểu (vâng mệnh chép tên chữ Hán), mỏ dài và nhọn như mũi dùi nên gọi tên thế, thịt cũng béo ngon."
q2_3_4_page_454-0007,"Chim chả: phỉ thuý (theo Cương mục), Cầm kinh chép rằng: lưng nó có lông nhiều sắc gọi là phỉ thuý."
q2_3_4_page_454-0008,"Lời chú nói rằng hình dáng giống chim giao tinh (tức chim trích) mà sắc biếc, tươi sáng đáng yêu, ăn uống ở bên vực nước trong, rất quý lông nó."
q2_3_4_page_454-0009,Hằng ngày tắm rửa giữa dòng nước; phụ nữ các nhà công hậu thường dùng lông của nó để trang sức đầu tóc.
q2_3_4_page_455-0001,"Chim thẳng chài: ngư hổ, lông xanh biếc, cổ đỏ trông rất đẹp."
q2_3_4_page_455-0002,"Bài nhã nói: chim phỉ thuý nhỏ gọi thuý bích, lại có tên là ngư sư (chim bói cá)."
q2_3_4_page_455-0003,"Chim thảy bói: ngư ưng, cũng gọi là bói cá, hình dáng lớn bằng chim sáo, lông đen trắng lần nhau."
q2_3_4_page_455-0004,"Hề thấy cá bơi trên mặt nước, liền vươn cổ nhìn kỹ như dáng bói toán, rồi liền xông thẳng xuống đánh, không lần nào sai."
q2_3_4_page_455-0005,"Chim kềnh kềnh: khương kình (theo Tự điển), lông vàng, thịt tanh hôi, không thể ăn được."
q2_3_4_page_455-0006,"Tập vận trong Tự điển chép rằng: ""Khương kình là tên chim, sản ở phương Nam"", tức là chim này."
q2_3_4_page_455-0007,"Chim sít: khôi lô (vâng mệnh chép tên bằng chữ Hán), hình lớn như con cò, lông màu tro, mỏ dài, chân cao, có tài bất cá, thịt rất thơm ngon."
q2_3_4_page_455-0008,"Cò ma: quỷ lộ, cũng gọi cò lửa, lông vàng, chân dài mà đen, cũng có tài bất cá."
q2_3_4_page_455-0009,"Chim cú: phục điểu (theo Cương mục), Bản thảo gọi là hào, kém vẻ đẹp, lại có mùi hôi, hình dáng như gà mái, mắt như mắt mèo, ban đêm mắt sáng ban ngày mắt mỡ."
q2_3_4_page_455-0010,"Người ta ghét tiếng nó kêu, cho là điềm xấu, lấy tro muối mà đuổi đi."
q2_3_4_page_455-0011,"Lại có một loài khiêu điểu, tục gọi chim heo, cũng gọi chim lợn, tiếng kêu như tiếng lợn, cũng là loài ác điểu."
q2_3_4_page_455-0012,"Chim dủ dỉ: hưu lưu, Bản thảo chép là chi, mặt và mắt giống mèo, dài hàng thước, ban ngày đỗ, ban đêm bay, thuộc loài ác điểu."
q2_3_4_page_455-0013,"Trang Tử nói: chim chi hưu đêm đi tìm mổi, trông thấy được sợi lông nhỏ, ban ngày mắt nhắm lại, không trông thấy quả núi."
q2_3_4_page_455-0014,"Chim bổ chao: náo cưu (vâng mệnh chép tên chữ Hán), bay từng đàn kêu inh tai, bị nhiều người ghét."
q2_3_4_page_455-0015,"Các giống chim kể trên, các tỉnh đều có."
q2_3_4_page_455-0016,"LOÀI THÚ Trâu: chữ Hán là ngưu (theo Cương mục), có tên nữa là thủy ngựu, sản phẩn nhiều ở chín châu phủ Cam Lộ."
q2_3_4_page_455-0017,"Sách Lễ ký chép là nhất nguyên đại vũ, là thái lao, tức là nó."
q2_3_4_page_455-0018,"Trâu tai điếc, nghe bằng mũi, con người đứng mà không ngang."
q2_3_4_page_455-0019,"Lại có một loại hoàng ngưu, mõm đen, gọi là thuẩn."
q2_3_4_page_456-0001,"Ngựa: mã, Bản thảo chép rằng: ngựa ở miền tây bắc là tốt, ở miền đông nam là kém."
q2_3_4_page_456-0002,Đời xưa có phép xem tướng ngựa.
q2_3_4_page_456-0003,Năm Minh Mệnh thứ 17 khắc hình tượng vào Anh đỉnh.
q2_3_4_page_457-0001,"Dê: đương, Bản thảo gọi là cổ, là dê, là yết."
q2_3_4_page_457-0002,"Sách Lễ ký chép là nhu mao, là thiếu lao; sách Chu Dịch chú rằng, con dê mất không có con người mà vẫn trông được."
q2_3_4_page_457-0003,"Lại có một loại đại vĩ đương, đuôi rất to."
q2_3_4_page_457-0004,Năm Minh Mệnh thứ 17 khắc hình tượng vào Dụ đỉnh.
q2_3_4_page_457-0005,"Chó: khuyển, Bản thảo gọi là địa dương."
q2_3_4_page_457-0006,"Sách Khúc lễ chép là canh hiến, lời chú nói: chó lớn gọi là khuyển, nhỏ gọi là cẩu, chó sói trông thấy phải quỳ, hùm ăn thịt thì say, con của chó gọi là cẩy."
q2_3_4_page_457-0007,"Lợn: thỉ, Bản thảo chép là trư, là đồn, là ngải, là trệ, là phẫn; sách Lễ ký chép là cương liệp."
q2_3_4_page_457-0008,Năm Minh Mệnh thứ 17 khắc hình tượng vào Tuyên đỉnh.
q2_3_4_page_457-0009,Năm giống thú kể trên các tỉnh đều có.
q2_3_4_page_457-0010,"Voi: tượng, Bài nhã chép rằng: thân con voi đủ cả hình dáng 12 giống vật."
q2_3_4_page_457-0011,"Phép bắt voi: lùa voi cái vào rừng, hàng ngày cho ăn mía để dụ voi đực đến, đặt bãy để bắt rồi đem về nuôi dạy, dẫn dẫn hiểu biết ý người, người nài chỉ cầm cái búa có mỏ cộng để sai khiến mà voi không dám trái ý."
q2_3_4_page_457-0012,"Tương truyền hồi đầu bản triều, ở địa phận xã Nguyệt Biểu Thừa Thiên và phường Thị Bình Định đều có sở dụ voi."
q2_3_4_page_457-0013,"Tai voi có dầu, gọi là ""sơn tính phát""."
q2_3_4_page_457-0014,"Thường dùng cây ràng buộc để phòng chạy xổng, nếu voi mắc bệnh ăn đất thì dùng bả đậu cho ăn liền khỏi."
q2_3_4_page_457-0015,"Bồn thảo nói voi đi biết chỗ chắc hay không chắc, thấy chỗ không được chắc thì không chịu đi qua, nên lỗ bộ của đế vương thường dùng voi dẫn đường đi trước."
q2_3_4_page_457-0016,Năm Minh Mệnh thứ 17 khắc hình tượng vào Nghị đính.
q2_3_4_page_457-0017,"Hổ: Bản thảo chép là đại trùng, là lý nhĩ."
q2_3_4_page_457-0018,Dịch quái thông nghiêm nói: tiết lập thu thì hổ mới kêu tháng trọng đông thì hổ mới giao nhau.
q2_3_4_page_457-0019,"Lại nói: hổ biết vạch qué ở đất để xem chắn lẻ mà bói kiếm ăn ăn chó thì say, chó là rượu của hổ vậy; thịt hổ có thể trị chứng âm tà."
q2_3_4_page_457-0020,Năm Minh Mệnh thứ 17 khắc hình tượng và Cao đỉnh.
q2_3_4_page_457-0021,"Tê: Nhĩ nhã chép rằng: con tê hình dáng như con trầu, đầu lợn, bụng to, chân ngắn, chân có ba móng sắc đen."
q2_3_4_page_457-0022,"Có ba sừng, một sừng ở đỉnh đầu một sừng ở trên trần và một sừng ở trên mũi, sừửng trên mũi tức là sừng để ăn."
q2_3_4_page_457-0023,Cũng có loài chỉ có một sừng.
q2_3_4_page_457-0024,"Sách Bài nhã chép rằng: giống tê ba sừng là thủy tê, giống tê hai sừng là sơn tê."
q2_3_4_page_457-0025,"Bản thảo chép tỷ, tức là giống tê một sừng, giống này nặng hàng ngàn cân, như con dã ngưu, da cứng bền, có thể chế áo giáp."
q2_3_4_page_457-0026,Cổ ngữ nói: giống tê trông lên mặt trăng mà mọc sừng.
q2_3_4_page_457-0027,"Lại nói sừng tê có vần như hình trứng cá, gọi là túc vần, giữa vằn có mất, gọi là mắt thóc."
q2_3_4_page_457_458-0001,"Sừng nào giữa điểm đen có hoa vàng là chính thấu, giữa điểm vàng có hoa đen là đảo thấu cho ăn liền khỏi."
q2_3_4_page_458-0001,"Bồn thảo nói voi đi biết chỗ chắc hay không chắc, thấy chỗ không được chắc thì không chịu đi qua, nên lỗ bộ của đế vương thường dùng voi dẫn đường đi trước."
q2_3_4_page_458-0002,Năm Minh Mệnh thứ 17 khắc hình tượng vào Nghị đính.
q2_3_4_page_458-0003,"Hổ: Bản thảo chép là đại trùng, là lý nhĩ."
q2_3_4_page_458-0004,Dịch quái thông nghiêm nói: tiết lập thu thì hổ mới kêu tháng trọng đông thì hổ mới giao nhau.
q2_3_4_page_458-0005,"Lại nói: hổ biết vạch qué ở đất để xem chắn lẻ mà bói kiếm ăn ăn chó thì say, chó là rượu của hổ vậy; thịt hổ có thể trị chứng âm tà."
q2_3_4_page_458-0006,Năm Minh Mệnh thứ 17 khắc hình tượng và Cao đỉnh.
q2_3_4_page_458-0007,"Tê: Nhĩ nhã chép rằng: con tê hình dáng như con trầu, đầu lợn, bụng to, chân ngắn, chân có ba móng sắc đen."
q2_3_4_page_458-0008,"Có ba sừng, một sừng ở đỉnh đầu một sừng ở trên trần và một sừng ở trên mũi, sừửng trên mũi tức là sừng để ăn."
q2_3_4_page_458-0009,Cũng có loài chỉ có một sừng.
q2_3_4_page_458-0010,"Sách Bài nhã chép rằng: giống tê ba sừng là thủy tê, giống tê hai sừng là sơn tê."
q2_3_4_page_458-0011,"Bản thảo chép tỷ, tức là giống tê một sừng, giống này nặng hàng ngàn cân, như con dã ngưu, da cứng bền, có thể chế áo giáp."
q2_3_4_page_458-0012,Cổ ngữ nói: giống tê trông lên mặt trăng mà mọc sừng.
q2_3_4_page_458-0013,"Lại nói sừng tê có vần như hình trứng cá, gọi là túc vần, giữa vằn có mất, gọi là mắt thóc."
q2_3_4_page_458_459-0001,"Sừng nào giữa điểm đen có hoa vàng là chính thấu, giữa điểm vàng có hoa đen là đảo thấu giữa hoa lại có hoa là trùng thấu, là hạng thượng phẩm, sừng có vẫn như hột tiêu hột đậu là hạng thứ nhì, sừng đen tuyển không có hoa là hạng kém."
q2_3_4_page_459-0001,"Sừng tê có thể dùng làm thuốc, da nó là món ăn quý trong bát trân."
q2_3_4_page_459-0002,Năm Minh Mệnh thứ 17 khắc hình tượng vào Chương đỉnh.
q2_3_4_page_459-0003,"Gấu: hùng, Bản thảo nói: con gấu như con lợn lớn, thường trèo lên cây cao để dẫn khí rồi lấy làm thích thú lăn mình xuống đất, người ta gọi là điệt lộc."
q2_3_4_page_459-0004,"Gấu lúc đói, thường mút bàn tay."
q2_3_4_page_459-0005,Bàn tay gấu vị rất ngon.
q2_3_4_page_459-0006,"Bi là gấu đực, cổ dài chân cao, mạnh khoẻ lắm, có sức nhổ được cây."
q2_3_4_page_459-0007,"Mật gấu có thể chữa được vết thương gãy xương, làm cho sáng mắt và chữa bệnh trĩ lâu."
q2_3_4_page_459-0008,"Hươu: lộc, tính đa dâm, một con cái thường giao cấu với mấy con đực, gọi là tựu bưu."
q2_3_4_page_459-0009,Loài hươu sắc trắng là quí hơn cả.
q2_3_4_page_459-0010,"Sách Đông Hán ký chép rằng: đời Hán Quang Vũ (25-57), quận Nhật Nam dâng hươu trắng."
q2_3_4_page_459-0011,An Nam chỉ chép: đầu đời Tấn Nguyên Khang (291-299) hươu trắng xuất hiện ở huyện Vũ Ninh quận Giao Chỉ; cuối đời Tống Nguyên Gia (424-453) Giao Chỉ dâng hươu trắng.
q2_3_4_page_459-0012,"Đời Gia Long bản triều nước Chân Lạp dâng hươu trắng, nuôi ở vườn Thượng Uyển."
q2_3_4_page_459-0013,"Nhung hươu dùng làm thuốc bổ, gạc hươu dùng nấu cao ban long, gần hươu là một món ăn trong bát trân."
q2_3_4_page_460-0001,"Nai: mi, Bản thảo chép: nai (mi) thuộc loài lộc."
q2_3_4_page_460-0002,"Hướu quen ở núi mà thuộc dương, cho nên đến tiết Hạ chí thì rụng gạc, nai quen ở chằm mà thuộc âm, cho nên đến tiết Đông chí thì rụng gạc."
q2_3_4_page_460-0003,"Thịt nai có công dụng điều hòa ngũ trạng, chữa đau lưng, đau chân, gạc nai có công dụng bổ dương và ích tinh."
q2_3_4_page_460-0004,"Dê rừng trắng sừng: linh dương, Bản thảo gọi là lộc linh dương."
q2_3_4_page_460-0005,"Hoàn vũ ký chép rằng núi cao thuộc An Nam sản giống linh dương có một sừng, rất rắn, có thể hút nát được đá kim cương."
q2_3_4_page_460-0006,"Mùa xuân năm Nhâm Dần đời Thiệu Trị, ở ngoài thành Hiếu Lăng có con linh dương từ nguồn Tả Trạch lạc về, người giữ lăng bắt được đem dâng, nuôi lâu thành quen, có phần khác với con sơn dương."
q2_3_4_page_460-0007,Sừng nó có công dụng chữa nhiệt phong và kinh giản.
q2_3_4_page_460-0008,Dê rừng đen sừng: sơn dương.
q2_3_4_page_460-0009,"Bản thảo gọi là dã dương, là nguyên dương."
q2_3_4_page_460-0010,Thịt của nó có công dụng trừ khí lam chương.
q2_3_4_page_460-0011,Thực vật tiệp lục chép rằng thịt nó ngọt không độc.
q2_3_4_page_460-0012,"Bò tốt: li ngưu, Bản thảo gọi là mao tê."
q2_3_4_page_460-0013,Năm Minh Mệnh thứ 17 khắc hình tượng vào Thuần đỉnh.
q2_3_4_page_460-0014,"Heo rừng: dã trư, Bản thảo nói hình giống lợn nhà, nhưng bụng nhỏ mà chân dài, hay lăn mình vào nhựa tùng nhựa bách để chống nạn."
q2_3_4_page_461-0001,"Con nhím: hào trư, Bản thảo gọi là sơn trư, là nguyên du, là loan trư, trông lông nhỏ, lại có những lông to bằng mũi tên có thể bắn người được."
q2_3_4_page_461-0002,"Quách Phác nói: hoàn trư tức hào trư, tự thụ tỉnh mà có mang."
q2_3_4_page_461-0003,"Quyền du lục của Trương Duyệt chép: biển Nam có bào ngư, lớn bằng con trâu, thân có gai, hoá thành con nhím."
q2_3_4_page_461-0004,Thịt nhím có công dụng lợi đại trường và tiêu thũng trướng.
q2_3_4_page_461-0005,"Vượn: viên, Bản thảo nói con vượn có tài leo trèo (tục chép là viên), tay rất dài, hay dẫn khí nên sống lầu."
q2_3_4_page_461-0006,"Khi đi, kéo từng đàn hay hót, mỗi lần hót ba tiếng, nghe rất thê thảm."
q2_3_4_page_461-0007,"Thịt đùi của nó có công dụng chữa bệnh trĩ, bệnh lậu và lở loét."
q2_3_4_page_461-0008,"Bản thảo lại chép những tên là dã nhân, là dã nữ, là dã bà, đều là giống vượn, có con cái không có con đực."
q2_3_4_page_461-0009,"Hán thư nói: ""Dã nữ đi từng đàn để tìm chồng"", tức là giống này."
q2_3_4_page_461-0010,"Con bạc mày: chữ Hán là quả nhiên, Bản thảo gọi là ngẫu nhiên, là lũy, là tiên hầu, Lý Thì Trân nói: quả nhiên là giống thú có lòng nhân, sản trong núi phía tây nam, ở trên cây."
q2_3_4_page_461-0011,"Hình dáng như con vượn sắc đen mà nhiều râu, đuôi dài hơn mình, chỗ mút đuôi tách ra từng chẽ, mũi chổng lên trời, gặp mưa thì dùng chẽ đuôi đút vào mũi."
q2_3_4_page_461-0012,"Hay đi từng đàn, con già đi trước, con trẻ đi sau; ăn thì nhường nhau; ở thì yêu nhau, lúc sống đoàn tụ, lúc chết thăm nhau."
q2_3_4_page_461-0013,"Liều Tử nói giống này có đủ đức nhân, nhượng, hiếu từ."
q2_3_4_page_461-0014,Nay trong núi Hải Vân có nhiều.
q2_3_4_page_461-0015,"Lưỡi ươi: tỉnh tinh, Nhĩ nhã nói: lưỡi ươi nhỏ mà hay hót, mặt ngưỡi thân lợn, sản ở huyện Phong Khê quận Giao Chỉ."
q2_3_4_page_461-0016,Nay ở núi sâu các tỉnh cũng có.
q2_3_4_page_461-0017,"Sách Khúc lễ chép rằng: ""tỉnh tỉnh nói được tiếng ngưỡi"", tức là giống này."
q2_3_4_page_461-0018,"An Nam chí chép: lưỡi ươi ở trong hang núi, đi không theo đường nhất định."
q2_3_4_page_461-0019,"Ngưỡi ta đem rượu và vài chục giày dép buộc liền với nhau để ở đất, lưỡi ươi trông thấy, biết được họ tên tiên tổ ngưỡi ta, liền hô lên và khóc rằng: ""Mi muốn dụ ta"", rồi cùng nhau bỏ đấy mà đi, sau đó lại trở lại, gọi nhau uống rượu và đi giày, vì quá say nên vương phải dây, thành ra bị bắt."
q2_3_4_page_461-0020,"Thịt môi rất ngon, lông dùng làm ngòi bút, máu dùng để nhuộm màu đỏ."
q2_3_4_page_461-0021,Ấn thịt lưỡi ươi có thể nhịn ăn ngũ cốc được.
q2_3_4_page_461-0022,"Hầu: tục gọi là khỉ, Bản thảo gọi là mộc hầu, là di hầu; Quảng vận gọi là vương tôn, là hồ tôn."
q2_3_4_page_461-0023,"Giống hầu hình dáng như người mà thể chất như loài vật, tính hay lau mặt như gội, nên gọi là mộc hầu."
q2_3_4_page_461-0024,"Người nuôi ngựa thường nuôi nó trong tàu ngựa, có thể tránh được tật bệnh cho ngựa."
q2_3_4_page_461-0025,"Tục cũng gọi là mã lựu, lại có một loại gọi là nao, cũng thuộc loại hầu."
q2_3_4_page_462-0001,"Thỏ: sách Lễ ký chép là minh thị, ý nói mất nó không chớp mà sáng, đít có chín lỗ; con cái liếm lông con đực mà có mang, chửa 5 tháng thì nhả con ra."
q2_3_4_page_463-0001,"Chổn: hồ, cũng gọi con cẩy."
q2_3_4_page_463-0002,"Bài nhã nói: hình dáng như con chó vàng nhỏ, mũi nhọn, đuôi to."
q2_3_4_page_463-0003,Thịt nó có công dụng trừ phong và chữa lở ghẻ.
q2_3_4_page_463-0004,"Lại có một loại là ly, tục gọi con cáo; một loại là thoan, tục gọi cẩy dông, và một loại là hoan, tục gọi cẩy ngàng."
q2_3_4_page_463-0005,"Chó sói: sài, Bản thảo gọi là sài cẩu."
q2_3_4_page_463-0006,"Con sài thấy con cẩu liền quỳ, cũng bởi chế phục được nhau."
q2_3_4_page_463-0007,Thịt nó có công dụng chữa bệnh tê dại và ngũ can.
q2_3_4_page_463-0008,"Lại có một loại là lang, cũng gọi là mao cẩu."
q2_3_4_page_463-0009,"Tập giải chép rằng: lang thuộc loài chó sói, tính tham ăn, lúc sắp đi xa để tìm mồi, tất đứng kiểng chân để bói xem nên đi phương nào; người đi săn gặp được thì lấy làm mừng, vì hễ thấy con lang đi về hướng nào, tất chỗ ấy có giống thú."
q2_3_4_page_463-0010,"Dậu dương tạp trở chép rằng: lang và bối là hai con vật khác nhau, con bối chân đằng trước ngắn, con lang chân đằng sau ngắn, con bối biết được chỗ có mồi, con lang ôm lấy con bối để cùng đi, cho nên gọi là ""lang bối""."
q2_3_4_page_463-0011,"Cheo: chương, Bản thảo chép rằng tính nó hay sợ, nên gọi là chương."
q2_3_4_page_463-0012,"Phù thụy chí chép rằng có giống ngân chương sắc trắng, khi nào việc hình phạt của vua chúa đúng lý thì nó xuất hiện."
q2_3_4_page_463-0013,"Mèo: miêu, Bản thảo gọi là gia mai."
q2_3_4_page_463-0014,"Xem con người mất của nó có thể định được thì khắc, những giờ Tí, Ngọ, Mão, Dậu thì con người như một sợi dây thẳng những giờ Dân, Thân, Tị, Hợi thì con người như trăng tròn, những giờ Thìn, Tuất, Sửu, Mùi thì con người như hạt táo."
q2_3_4_page_463-0015,Thịt có công dụng trị trùng độc.
q2_3_4_page_463-0016,"Chuột: thử, Bản thảo gọi là lão thử, là thủ thử, là chuỳ, chủng loại rất nhiều."
q2_3_4_page_463-0017,"Người ở Lĩnh Nam ăn thịt chuột mà kiêng nói tên, họ gọi là gia lộc (hưu nhà)."
q2_3_4_page_463-0018,Lông nó có công dụng chữa bỏng lửa.
q2_3_4_page_463-0019,"Lại có một loại xú thử, tục gọi chuột hôi, có thuyết nói giống chuột nẩy do con dơi hoá ra, phần nhiều ở trong tường, mùi rất hôi."
q2_3_4_page_463-0020,"Hươu nhím: vị, Bản thảo gọi là vựng, là mao thích, là vị thử."
q2_3_4_page_463-0021,"Lý Thì Trân nói: đầu và chân giống chuột, có lông nhọn, giống con hào trư."
q2_3_4_page_463-0022,"Da có thể trị chứng nghịch (nôn oẹ), vị khí."
q2_3_4_page_463-0023,"Đào Hoằng Cảnh nói: trong đồng nội thỉnh thoảng có con thú nảy, người đụng đến thì nó rụt đầu và chân lại, lấy lông mà đâm, không thể bắt được."
q2_3_4_page_463-0024,Nó có thể nhảy vào tai hổ.
q2_3_4_page_463-0025,Thấy chim hạc thì nó ngửa bụng ra cho mổ.
q2_3_4_page_463-0026,"Rái: thát, có ba loại: một là thủy thát, mỗi năm hai lần tế cá, như thế là nó biết báo bản, thịt nó có công dụng chữa cốt chứng và thông huyết hải."
q2_3_4_page_463-0027,"Một loại gọi là sơn thát, tục gọi con sóc, thịt nó có công dụng trị tên độc."
q2_3_4_page_463-0028,"Một loại gọi là hải thát, người ta lấy da nó để choàng cổ."
q2_3_4_page_464-0001,Các giống kể trên các tỉnh đều có.
q2_3_4_page_465-0001,LOẠI CÓ VẨY CÓ MAI
q2_3_4_page_465-0002,"Con trút: lăng lý (theo Cương mục) cũng gọi là con tê tê, con xuyên sơn giáp."
q2_3_4_page_465-0003,"Có công dụng chữa chứng đậu hãm, sốt rét, tràng nhạc, thông tiểu tiện và tia sữa."
q2_3_4_page_465-0004,Ven núi các tỉnh đều có.
q2_3_4_page_465-0005,"Thần lần: thủ cung, Ngô thị bản thảo gọi là thạch long tử, là thổ long tử."
q2_3_4_page_465-0006,"Tam giáo châu anh chép rằng: con thủ cung hình sắc tươi sáng, giống con rắn mà có bốn chân, ở bụi cỏ gọi là tích dịch, ở tường vách gọi là yển đình."
q2_3_4_page_465-0007,"Cắc kè: cáp giới, Bản thảo gọi là cáp giải, là tiên thiểm."
q2_3_4_page_465-0008,"Hình dáng như con thần lần lớn, đầu như đầu cóc, vảy nhỏ, hay ở trong gốc cây đa cổ, một đực một cái, thường theo nhau."
q2_3_4_page_465-0009,"Đuôi và mình ngang nhau, nó rất quý đuôi của nó, bị người bắt thì tự cắn đứt đuôi đi."
q2_3_4_page_465-0010,"Dùng làm thuốc thì dược lực ở đuôi, nếu đuôi không toàn thì không còn công hiệu."
q2_3_4_page_465-0011,"Kỳ đà: chữ Hán là đà, người ta dùng da để bứng trống."
q2_3_4_page_465-0012,"Sách Loại dịch dẫn Hải vật ký của Tấn An nói rằng: tiếng kỳ đà kêu như tiếng trống báo động, có người gọi là đà canh, vì tiếng kêu của nó bong bong như tiếng trống."
q2_3_4_page_465-0013,"Kỳ đà hay kêu về đêm, số tiếng kêu hợp với số trống canh."
q2_3_4_page_465-0014,"Ví dụ: trống canh một kêu một tiếng, trống canh hai kêu hai tiếng v v."
q2_3_4_page_466-0001,"Con trăn: nhiềm xà, Bản thảo chép rằng: mai cảnh xà ở trong rừng, rình thú vật đi qua thì nuốt ăn."
q2_3_4_page_466-0002,"Sơn hải kinh chép rằng: con ba xà nuối voi, ba năm thì ỉa ra xương, người quân tử dùng làm thuốc uống, sẽ không có bệnh lòng dạ."
q2_3_4_page_466-0003,"Quách Phác chú rằng, nay gọi là nhiềm xà, tức là loại nảy."
q2_3_4_page_466-0004,Mật nó có công dụng chữa đau mắt và huyết chứng.
q2_3_4_page_466-0005,Trong núi các tỉnh đều có.
q2_3_4_page_466-0006,Năm Minh Mệnh thứ 17 khắc hình tượng vào Anh đỉnh.
q2_3_4_page_466-0007,"Rẩn mai gầm: hoàng hạm xà, mai gầm có công dụng chữa bệnh chó dại, bệnh phong độc."
q2_3_4_page_466-0008,"Rắn hổ đất: ô xà, Bản thảo gọi là ô tiêu xà, lại có tên nữa là hắc hoa xà."
q2_3_4_page_466-0009,Có công dụng chữa bệnh tê dại và lở loét.
q2_3_4_page_466-0010,"Lại có một loại là hoa tiêu xà, tục gọi là rắn hổ chuối."
q2_3_4_page_466-0011,"Mãng xà: Nhĩ nhã chép là mãng vương xà, chú thích rằng: mãng xà lớn nhất trong loài rắn gọi là vương xà, mất tròn."
q2_3_4_page_466-0012,"Mùa xuân và mùa đông ở trên cạn, mùa hạ và mùa thu ở dưới nước."
q2_3_4_page_466-0013,Năm Minh Mệnh thứ 17 khắc hình tượng vào Huyền đỉnh.
q2_3_4_page_466-0014,"Rấn liu điu: thủy xà, có công dụng chữa bệnh phong hủi và lở loét."
q2_3_4_page_466-0015,"Rắn lửa: hỏa xà (vâng mệnh chép tên chữ Hán), cũng gọi rắn học trò, tính hiển lành, không cắn người."
q2_3_4_page_466-0016,"Rẩn lỏng: long xà, tính hay bất chuột."
q2_3_4_page_467-0001,"Rdn'mdéi: nghị xà. Có công dung chữa mun lở nhiệt độc, đốt xác rắn thành than, hòa vào dầu vừng Cá gáy: lý ngư, Bài nhã chép rằng: lý tức là trinh ngư bây giờ, lại có tên là chiên lý, giữa xương sống có một đường vay, trên mỗi cái vầy có một điểm đen nhỏ, con lớn con nhỏ đều có 36 vảy, là giống cá quý."
q2_3_4_page_467-0002,Nay từ Bình Định trở ra Bắc đều có.
q2_3_4_page_467-0003,Từ cá gáy trở xuống là cá ở nước ngọt.
q2_3_4_page_467-0004,"Cá ok hoan ngư, hình dáng giống cá gáy mà thân tròn, cổ có vần ngang sắc xanh, nhiều xương dặm, vdy trắng, ở trong khe suối, ăn cỏ mà chóng lớn, gọi là thảo ngư."
q2_3_4_page_467-0005,"Hàng năm, gặp nước lũ mùa thu đi theo lũ mà đến, chài lưới được nhiều."
q2_3_4_page_467-0006,Mật rất trắng có công dụng chữa bệnh yết hầu.
q2_3_4_page_467-0007,"Cá vược: lư ngư, Thuyết văn nói cá lư miệng to vay nhỏ, Kim cốc viên ký nói: cá lư tháng trọng thu thì từ biển vào sông, có thể làm gói."
q2_3_4_page_467-0008,"Hón thư điển thú khảo nói: trong biển có cá lư bốn mang, thịt chắc dòn mà day, gọi là cá vược giòn; có cá vược sông nhỏ hơn mà hai mang, vị lat; có cá vược hồ tuy lớn mà không giòn."
q2_3_4_page_467-0009,"Cá me: phường ngư, Thuyết văn nói phường ngư là cá đuôi đỏ; Chính tự thông nói cá phường đầu nhỏ mà cổ ngắn, bụng rộng mà sống cộng, vay nhỏ Cá cháy: tiền ngư, hình trạng giống cá mè."
q2_3_4_page_467-0010,"Ninh Ba phủ chí nói: cá cháy biển rất lớn, béo ngon lạ thường."
q2_3_4_page_467-0011,"Dưới bụng có xương nhỏ như mũi tên, tục gọi là tiến ngư."
q2_3_4_page_467-0012,"Tô Đông Pha có cái hận về cá nhiều xương, tức là cá này."
q2_3_4_page_467-0013,"Cá đối: thường ngư. Lục dị ký chép rằng: cá đối hình dáng giống cá quả, có vẫn đỏ, dài hơn thước."
q2_3_4_page_467-0014,"Bài nhã chép rằng: thường ngư nay là cá hoàng thường, tính bơi nổi mà tài bay nhảy, cho nên có tên nữa là dương."
q2_3_4_page_467-0015,Gia Đinh thông chí chép là cá chuồn sông.
q2_3_4_page_467-0016,"Cá chày: tôn ngư, Bản thảo chép rằng: tôn ngư có mạch máu đổ chạy suốt con ngươi, thân tròn mà dài, có tài tránh lưới."
q2_3_4_page_467-0017,"Thịt có công dụng tiêu thức ăn lâu tiêu, nhưng ăn nhiều thì động phong."
q2_3_4_page_467-0018,"Cá giếc: tức ngư, Bản thảo chép rằng: tức ngư hình dáng giống cá gáy, sắc đen, thân ngắn, bụng to sống gỗ, hay bơi lội xủi tăm lên mặt nước."
q2_3_4_page_467-0019,"Lấy nghĩa đi theo nhau, nên gọi là tức ngư, lấy nghĩa cùng nương tựa nhau nên gọi là phụ ngư."
q2_3_4_page_467-0020,"Khi bơi, cứ ba con bơi một chỗ, một con bơi trước, hai con bơi sau, như thân phận tỳ thiếp, nên cũng gọi tỳ ngư, thiếp ngư."
q2_3_4_page_467-0021,"Dậu dương tập trở nói: hồ Thanh Lâm ở Tâm Dương có cá tức ngư, con lớn đến hai thước, con nhỏ cũng đầy thước."
q2_3_4_page_468-0001,"Cá cháy: tiền ngư, hình trạng giống cá mè."
q2_3_4_page_468-0002,"Ninh Ba phủ chí nói: cá cháy biển rất lớn, béo ngon lạ thường."
q2_3_4_page_468-0003,"Dưới bụng có xương nhỏ như mũi tên, tục gọi là tiến ngư."
q2_3_4_page_468-0004,"Tô Đông Pha có cái hận về cá nhiều xương, tức là cá này."
q2_3_4_page_468-0005,"Cá đối: thường ngư. Lục dị ký chép rằng: cá đối hình dáng giống cá quả, có vẫn đỏ, dài hơn thước."
q2_3_4_page_468-0006,"Bài nhã chép rằng: thường ngư nay là cá hoàng thường, tính bơi nổi mà tài bay nhảy, cho nên có tên nữa là dương."
q2_3_4_page_468-0007,Gia Đinh thông chí chép là cá chuồn sông.
q2_3_4_page_468-0008,"Cá chày: tôn ngư, Bản thảo chép rằng: tôn ngư có mạch máu đổ chạy suốt con ngươi, thân tròn mà dài, có tài tránh lưới."
q2_3_4_page_468-0009,"Thịt có công dụng tiêu thức ăn lâu tiêu, nhưng ăn nhiều thì động phong."
q2_3_4_page_468-0010,"Cá giếc: tức ngư, Bản thảo chép rằng: tức ngư hình dáng giống cá gáy, sắc đen, thân ngắn, bụng to sống gỗ, hay bơi lội xủi tăm lên mặt nước."
q2_3_4_page_468-0011,"Lấy nghĩa đi theo nhau, nên gọi là tức ngư, lấy nghĩa cùng nương tựa nhau nên gọi là phụ ngư."
q2_3_4_page_468-0012,"Khi bơi, cứ ba con bơi một chỗ, một con bơi trước, hai con bơi sau, như thân phận tỳ thiếp, nên cũng gọi tỳ ngư, thiếp ngư."
q2_3_4_page_468-0013,"Dậu dương tập trở nói: hồ Thanh Lâm ở Tâm Dương có cá tức ngư, con lớn đến hai thước, con nhỏ cũng đầy thước."
q2_3_4_page_469-0001,"Cá dưng: tiết ngư, giống như cá giếc mà hình hơi giẹp, nhiều xương dăm."
q2_3_4_page_469-0002,Bản thảo phụ lục chép rằng: tiết ngư và tức ngư cùng một loại mà vị khác nhau.
q2_3_4_page_469-0003,Cá dầu dầu: thạch ban ngư.
q2_3_4_page_469-0004,"Bản thảo tập giải chép rằng: thạch ban ngư sản trong khe suối phương Nam, dài vài tấc, vảy trắng, vần đen, bơi lội ở mặt nước, nghe có tiếng người thì tức khắc lặn sâu."
q2_3_4_page_469-0005,"Lại một loại nữa là bạch ngư, tục gọi cá ngạo."
q2_3_4_page_469-0006,"Theo Thực vật tiệp lục thì cá ngạo vị ngon, có công dụng trợ tỳ khai vị."
q2_3_4_page_469-0007,"Cá vàng: kim ngư (theo Kính nguyên), có mấy loại như kim lý, kim tức."
q2_3_4_page_469-0008,"Bản thảo chép rằng: lúc mới nở thì sắc đen, sau biến thành sắc đổ, lại có loài biến thành sắc trắng, gọi là ngân ngư (cá bạc), cũng có loài lẫn lộn cả trắng và đổ."
q2_3_4_page_469-0009,"Cá này người ta bắt đầu nuôi từ đời Tống, nay chỗ nào cũng nuôi chơi."
q2_3_4_page_469-0010,"Cá thia: hoa ngư, sản trong khe suối, thân nhỏ và giẹp, đuôi dài hơn thân, tính thích chọi nhau nên có tên là đấu ngư."
q2_3_4_page_469-0011,"Lại có một loại mắt đỏ và lỗi, tục gọi cá thia tàu, cũng gọi cá long nhãn."
q2_3_4_page_469-0012,"Sách Vưng uyển chú thích rằng, cá thia lớn bằng ngón tay, dài 2, 3 tấc, thân có hoa văn đỏ xanh lẫn lộn, đuôi màu đỏ tươi, có điểm nốt vàng, chọi nhau rất giỏi."
q2_3_4_page_469-0013,"Trẻ con hay nuôi ở trong châu, mỗi khi chọi nhau thì cẩm cự không buông, lâu lắm mới phân được thua."
q2_3_4_page_469-0014,"Con nào thua thì nhảy lên mặt nước bơi đi, hình dáng bơ phỡ, con nào được thì hớn hở tự đắc, hình dáng tươi tỉnh."
q2_3_4_page_469-0015,"Du hoạn ký văn chép rằng: trong khe Tam Sơn, sản thứ cá nhỏ, đốm vẫn sắc đỏ lẫn lộn, trẻ con trong thôn thường nuôi cho chọi nhau để đánh cuộc, cũng là việc chơi lý thú."
q2_3_4_page_469-0016,"Cá hanh: bạch lư ngư (vâng mệnh chép chữ Hán), hình dáng như cá giếc mà sắc trắng, dưới bụng có xương cứng, vị béo và thơm, dùng để ăn gỏi hoặc nướng chả đều ngon."
q2_3_4_page_469-0017,"Cá dày: tề ngư (theo Tập vận), giống cá gáy mà nhỏ, vảy lớn, sắc vàng, cũng về loài cá gáy."
q2_3_4_page_469-0018,"Cá di: tri ngư. Tục gọi là cá di, Bản thảo chép rằng hình dáng như cá gáy, đầu dẹp, thân hơi tròn, sản ở trong nước vừa mặn vừa ngọt, dài không đầy thước."
q2_3_4_page_469-0019,"Cá lành canh: tế ngư, hình dáng gięt và dài, mỏng như mảnh tre, nhiều xương."
q2_3_4_page_469-0020,Bản thảo chép rằng có công dụng chữa bệnh trĩ và lỏ.
q2_3_4_page_470-0001,"Cá mương: hoàng cổ ngư, Bản thảo gọi là điều ngư, là cổ ngư, sản trong sông ngồi, là cá nhỏ, dài chừng vài tấc."
q2_3_4_page_470-0002,"Hình dáng hẹp mà giẹp như hình lá liều, trắng trẻo trông cũng thích, hay bơi từng đàn."
q2_3_4_page_470-0003,Có công dụng noãn tỳ và chữa chứng lãnh tả.
q2_3_4_page_471-0001,"Cá ong hương: lớn bằng ngón tay cái, hơi giẹp, sắc đen nhợt, thân có hai đường vần dọc; gặp trời tạnh, thuyền đi qua nghe tiếng như đàn ong giữ tổ nên gọi tên thế."
q2_3_4_page_471-0002,"Cá cẩn: thạch tất ngư (theo Cương mục), Bản thảo chép rằng giống cá này sản trong khe suối, dài chừng một tấc, trên lưng và dưới bụng đều có sắc vàng và đỏ, người phương Nam dùng làm mắm, là một thứ cá nhỏ."
q2_3_4_page_471-0003,"Cá trắng: tiểu bạch ngư, thuộc loài cá ăn bọt nước, ướp muối hoặc làm mắm đều tốt."
q2_3_4_page_471-0004,"Cá bọt nước: nga mao ngư (theo Kính nguyên), theo Bắc hộ lục thì thứ cá này nhỏ như cái kim, người phương Bắc dùng làm mắm, là loại cá nhỏ, ướp muối ăn vị rất ngon."
q2_3_4_page_471-0005,"Quách Nghĩa Cung nói: cá nhỏ mỗi cân đến ngàn con, không phải quá đáng, có lẽ là thứ cá này."
q2_3_4_page_471-0006,"Cá chim sông xương ngư (theo Cương mục), vị ngon, thịt nó có công dụng kiện tỳ; trứng nó có độc không nên ăn nhiều."
q2_3_4_page_471-0007,"Cá ngân: khoái tàn ngư, Bản thảo dẫn Bác vật chí chép rằng, vua nước Ngô đi chơi sông, ăn gỏi không hết, đổ xuống sông, hoá thành thứ cá này, gọi là Ngô Vương dư khoái."
q2_3_4_page_472-0001,"Cá bống: xuy sa ngư, Bản thảo nói giống cá này sẵn trong cát, thổi cát đi để bơi, hút cát vào để ăn, thịt nhiều, mình tròn, béo nung núc."
q2_3_4_page_472-0002,"Nhĩ nhã chép là đà, người ở bãi biển gọi là tế tí, họ cho là món ăn quý."
q2_3_4_page_472-0003,"Cá bống mú: đỗ phụ ngư, Bản thảo dẫn lời Trần Tàng Khí nói, giống cá này sản trong khe suối, hình dáng giống cá bống mà vẫn, đuôi chẻ ra làm đôi, đầu to, miệng rộng, sắc vàng và đen, có vẫn trên lưng và vảy dùng để đâm người."
q2_3_4_page_472-0004,Có công dụng chữa trẻ con sa đì (tức ngọc hành hột lớn hột nhỏ).
q2_3_4_page_472-0005,"Cá rõ: quá sơn ngư, mình nhiều nhớt."
q2_3_4_page_472-0006,Nước khô thì lấy mang chống xuống đất mà đi trên cạn.
q2_3_4_page_472-0007,"Năm Minh Mệnh thứ 17, khắc hình tượng vào Thuần đỉnh."
q2_3_4_page_472-0008,"Cá chuổi: lễ ngư (theo Cương mục), thân có vần hoa."
q2_3_4_page_472-0009,"Bản thảo gọi là ô ngư; trên đầu có điểm chấm như thất tinh, đêm hướng về sao Bắc Đẩu, người đạo gia kiêng ăn."
q2_3_4_page_472-0010,Khoảng đời Thiệu Trị ban cho tên là thất tỉnh ngư.
q2_3_4_page_472-0011,"Bản thảo chép rằng lễ ngư có công dụng chữa phù thũng, trừ phong thấp, người có mụn lở không nên ăn."
q2_3_4_page_472-0012,"Cá lóc: lê ngư, lại gọi là cá tràu, giống cá chuối mà sức khoẻ, ở Nam Kỳ có nhiều."
q2_3_4_page_472-0013,"Tương truyền, trước kia ở Thừa Thiên không có cá nảy, đầu đời Gia Long mới chở về nuôi, nay chỗ não cũng có."
q2_3_4_page_472-0014,"Lại có một loại giống cá lóc mà nhỏ hơn, tục gọi cá tràu cận tính hay nhảy."
q2_3_4_page_472-0015,Tục truyền trẻ con chậm biết đi thì đem cá nảy đập vào cổ chân sẽ biết đi ngay.
q2_3_4_page_472-0016,"Cá măng: cảm ngư (theo Cương mục), Bản thảo chép rằng giống cá này bụng phẳng, miệng rộng, vảy hơi nhỏ, sắc vàng."
q2_3_4_page_472-0017,"Cũng có con sắc đỏ, tục gọi cá măng lửa, con lớn nặng đến ba bốn mươi cân, ăn thịt cá khác rất dữ, trong ao mà có cá này thì không thể nuôi được cá khác."
q2_3_4_page_472-0018,Có công dụng ích tì và trị ho.
q2_3_4_page_472-0019,"Cá kim: châm ngư, giống cá nẩy miệng có kim, nên gọi tên thế."
q2_3_4_page_472-0020,"Tương truyền, cá nẩy do lưỡi câu của Khương Thái Công hoá ra, quái đản không tin được."
q2_3_4_page_472-0021,"Cá móm: lão ông ngư (theo Thông chí), sống lưng gỗ cao, hàm trên dài ra, hàm dưới thụt vào, như mồm người già, nên gọi tên thế."
q2_3_4_page_472-0022,"Lại có một loại là cử trừ ngư, sống gô lên cao, tục gọi cá gỗ."
q2_3_4_page_472-0023,Các thứ cá kể trên đều là loại cá nhỏ trong hồ ao.
q2_3_4_page_472-0024,"Cá luổi trâu: ngưu thiệt ngư, nửa mình như chẻ, một bên sắc đen."
q2_3_4_page_473-0001,"Cá nheo: yển ngư (theo Cương mục), Bản thảo gọi là niêm ngư, là di ngư, trán cao, hai mắt trô trố trên trán, miệng vuông, đầu lớn, đuôi nhỏ, không vảy, sắc trắng mà hơi vàng, nhớt lầy nhầy."
q2_3_4_page_473-0002,Có công dụng chữa chứng phong thũng.
q2_3_4_page_474-0001,"Cá chình: man lễ ngư, Quảng vận trong Tự điển chép là lai ngư."
q2_3_4_page_474-0002,"Có hai loại là hắc man và hoa man các tỉnh từ Thừa Thiên trở vào Nam đến Bình Định tỉnh nào cũng có, mà tỉnh Bình Định nhiều hơn cả có lệ cống; từ Bình Định ra Bắc cũng có nhưng rất nhỏ."
q2_3_4_page_474-0003,"Lại có một loại gọi là xà ngư, tục gọi cá loa; lại có một loại gọi là cá lóc, hình dáng như cá hắc man sắc hơi lợt, nhiều xương dăm, vị cũng thanh đạm."
q2_3_4_page_474-0004,"Bài nhã chép rằng: cá man không có vay, bụng trắng hình dáng như con lươn mà lớn hơn, sắc xanh, nếu dùng lửa đốt thì khói của nó có thể trừ được mối mọt."
q2_3_4_page_474-0005,"Giống cá nầy không có con đực, cá cái nhờ bóng cá chuối mà sinh đẻ, con nó đều bám vào vây cá chuối để sống, cho nên gọi là man lễ."
q2_3_4_page_474-0006,"Có thứ gọi là niêm cũng sinh ra cá man; con của cá niêm, hai phần ba là cá niêm, còn một phần là cá man."
q2_3_4_page_474-0007,"Bdn thảo chép rằng, cá man có công dụng sát trùng, đốt xương của nó để trừ muỗi."
q2_3_4_page_474-0008,"Sách Di kiên tục chí chép rằng cá man con nào lưng có điểm trắng mà không có mang thì không nên ăn, con nào bốn mắt nếu ăn thì chết."
q2_3_4_page_474-0009,"Cá chạch: thu ngư, Bản thảo chép là nê thu.."
q2_3_4_page_474-0010,"Lại nói hải thu sinh ở biển, rất lớn; giang thu sinh ở sông, dài chừng 7, 8 tấc; nê thu sinh ở hồ ao, rất nhỏ, dài chừng 2, 3 tấc, chui rúc trong bùn."
q2_3_4_page_474-0011,"Hình dáng như con lươn mà nhỏ, đầu nhọn thân nhiều thịt, sắc xanh và den, không có vdy, dùng nhớt để giữ mình, nhớt trơn nên khó bất."
q2_3_4_page_474-0012,"Thịt nó có công dụng giải tửu, tiêu khát, cưỡng dương và chữa bệnh trĩ lậu."
q2_3_4_page_474-0013,Vật loại tương cảm chỉ chép rằng: đăng tâm thảo nấu với cá chạch vị khá ngon.
q2_3_4_page_474-0014,"Cá nhệch: lan hồ ngư, Lưỡng hàng tạp lục chép rằng cá lan hồ như con chạch, nhỏ mà ngắn, con lớn chỉ bằng ngón tay, dài chừng 3, 4 tấc, thân có từng điểm hoa như sao."
q2_3_4_page_474-0015,"Lúc thủy triều rút, thường nhảy trong bùn lầy; lại có tên là đàn đổ."
q2_3_4_page_474-0016,"Người ta bắt được, dùng cái bồn đậy lại, sáng hôm sau trông thấy con nào sống đều quay đầu hướng về sao đầu, có lẽ cũng có ý triều đầu."
q2_3_4_page_474-0017,Người đạo gia kiêng ký không ăn.
q2_3_4_page_474-0018,"Gia Định thông chí chép rằng, giống cá này có tên nữa là hoa man ngư, đầu bằng, thân tròn, có vần mà không vảy, lớn bằng ngón tay, vị béo ngon, sau khi mưa, thường bơi ra ruộng, người địa phương cắm đăng tre ngăn sông để bắt."
q2_3_4_page_474-0019,"Có lệ thuế. Cá trê: đốc ngư (Gia Định thông chí), có râu, không có vảy, miệng vuông, đầu lớn mà bằng."
q2_3_4_page_474-0020,Có công dụng giải nọc độc.
q2_3_4_page_474-0021,"Vân đài loại ngữ chép là đối mạo ngư, là lầm, vì theo Phí tuyết lục thì đối mạo ngư, đầu nhọn, không vảy, có xương như mũi tên, vị như cá hà đồn."
q2_3_4_page_475-0001,"Cá ngạnh: loát ngư, sắc vàng hơi đen, không vảy, hai mang có hai cái xương ngạnh, ở trên lừng có một cái ngạnh rất sắc, đâm vào người đau lắm."
q2_3_4_page_476-0001,"Con lượn: hoàng thiện, sản trong bùn lầy, sắc vàng, vần đen, thân có nhiều nhớt."
q2_3_4_page_476-0002,"Bản thảo chép rằng, lượn có công dụng bổ hư, ích khuyết và trừ phong thấp."
q2_3_4_page_476-0003,"Con lượn nào khi ngoi đi đầu cất cao, hoặc con nào đưới cổ có điểm trắng, chớ ăn, vì có thể chết người."
q2_3_4_page_476-0004,"Con lệch: bạch thiện, có hai loại, đỏ và trắng, loại lệch đỏ vị rất ngon, bắt đầu nước lũ mùa thu mới có."
q2_3_4_page_476-0005,Sông nào có nước mặn ra vào thường có giống này.
q2_3_4_page_476-0006,Các hạng cá không vảy kể trên các tỉnh đều có.
q2_3_4_page_476-0007,"Cá sấu: ngạc ngư, da của nó gọi là giao cách (da thuông luông) có thể dùng làm túi đại đao."
q2_3_4_page_476-0008,"Châu Tầm Bồn phủ Cam Lệ có giống cá này, mà Nam Kỳ nhiều hơn."
q2_3_4_page_476-0009,"Tự điển dẫn lời chép trong Tú thủy nhàn cư lục nói rằng: ngạc ngư, hình cá, mồm rồng, móng hổ, mất cua, vảy kỳ đà, đuôi dài vài ba thước, to như lá cờ, có gai như móc câu, lặn dưới nước, thấy người hoặc súc vật đi qua, thì vung đuôi lên chụp bắt, cũng như loài voi dùng vòi vậy."
q2_3_4_page_476-0010,Năm Minh Mệnh thứ 17 khắc hình tượng vào Chương đỉnh.
q2_3_4_page_476-0011,"Cá đĩ: lăng ngư, da đen thịt béo."
q2_3_4_page_476-0012,"Cá ông voi: đức ngư (theo tên đời Tự Đức ban cho), đầu tròn, trên trán có lỗ phun nước sắc đen, nhấn nhụi không vảy, đuôi chẻ ra như đuôi tôm, tính hiền lành hay cứu người: Đầu đời Minh Mệnh cho tên là nhân ngư, đầu đời Tự Đức cho đổi tên hiện nay."
q2_3_4_page_476-0013,"Con nào ở biển Nam thì có linh tính, ở biển khác thì không."
q2_3_4_page_476-0014,"Tục truyền, long diên hương là do nước dãi của cá này kết lại, chưa rõ có đúng thế không."
q2_3_4_page_476-0015,"Dị lục ký trong An Nam chí của Cao Hùng Trưng chép rằng: hải thu là thứ cá rất lớn trong loài cá, phun hơi nước lên trên không, gió bay đi như mưa."
q2_3_4_page_476-0016,"Cách trí kính nguyên dẫn sách Chính tụ thông chép rằng: bạch ngư dài 20 trượng, tính hiền lành, hay cứu người, hoặc thấy người chài bị loài cá dữ làm khốn quẫn, nó cũng giải cứu."
q2_3_4_page_476-0017,"Lại sách Bắc sử chép: nước Chân Lạp có thứ cá trên là kiến đồng, bốn chân, không vảy, mũi như vòi voi, hút nước phun lên cao đến 6, 7 mươi thước."
q2_3_4_page_476-0018,Vậy chép ra đây để phòng khảo cứu.
q2_3_4_page_476-0019,Năm Minh Mệnh thứ 17 khắc hình tượng vào Nhân đỉnh.
q2_3_4_page_476-0020,Từ đức ngư trở xuống đều thuộc về cá nước mặn.
q2_3_4_page_476-0021,"Cá nhám: hải sa (theo Cương mục), Bản thảo chép rằng giống cá này trên da có cát nên gọi tên thế."
q2_3_4_page_476-0022,"Mắt xanh, má đỏ, trên lưng có bỡm, dưới bụng có vây, miệng rộng, không vây, đẻ bằng bào thai, vị béo ngon, làm gỏi, làm chạo đều tốt; bóng và vây là hai món trong bát trân."
q2_3_4_page_476_477-0001,"Lại có một loại gọi giao ngư, là cá lớn nhất trong loài hải sa, tục gọi cá xà, dài đến hơn vài trượng, mắt đỏ, miệng to, tính hiền lành hay cứu người: Đầu đời Minh Mệnh cho tên là nhân ngư, đầu đời Tự Đức cho đổi tên hiện nay."
q2_3_4_page_477-0001,"Con nào ở biển Nam thì có linh tính, ở biển khác thì không."
q2_3_4_page_477-0002,"Tục truyền, long diên hương là do nước dãi của cá này kết lại, chưa rõ có đúng thế không."
q2_3_4_page_477-0003,"Dị lục ký trong An Nam chí của Cao Hùng Trưng chép rằng: hải thu là thứ cá rất lớn trong loài cá, phun hơi nước lên trên không, gió bay đi như mưa."
q2_3_4_page_477-0004,"Cách trí kính nguyên dẫn sách Chính tụ thông chép rằng: bạch ngư dài 20 trượng, tính hiền lành, hay cứu người, hoặc thấy người chài bị loài cá dữ làm khốn quẫn, nó cũng giải cứu."
q2_3_4_page_477-0005,"Lại sách Bắc sử chép: nước Chân Lạp có thứ cá trên là kiến đồng, bốn chân, không vảy, mũi như vòi voi, hút nước phun lên cao đến 6, 7 mươi thước."
q2_3_4_page_477-0006,Vậy chép ra đây để phòng khảo cứu.
q2_3_4_page_477-0007,Năm Minh Mệnh thứ 17 khắc hình tượng vào Nhân đỉnh.
q2_3_4_page_477-0008,Từ đức ngư trở xuống đều thuộc về cá nước mặn.
q2_3_4_page_477-0009,"Cá nhám: hải sa (theo Cương mục), Bản thảo chép rằng giống cá này trên da có cát nên gọi tên thế."
q2_3_4_page_477-0010,"Mắt xanh, má đỏ, trên lưng có bỡm, dưới bụng có vây, miệng rộng, không vây, đẻ bằng bào thai, vị béo ngon, làm gỏi, làm chạo đều tốt; bóng và vây là hai món trong bát trân."
q2_3_4_page_477_478-0001,"Lại có một loại gọi giao ngư, là cá lớn nhất trong loài hải sa, tục gọi cá xà, dài đến hơn vài trượng, mắt đỏ, miệng to, tính nanh ác, hay ăn thịt người, cũng để con; lại có thứ gọi là hổ đầu xa, vẫn đen chân như ba ba, thường hoá ra hổ."
q2_3_4_page_478-0001,"Cá thu: thanh kỳ ngư (vâng mệnh chép tên chữ Hán), Gia Định thông chí chép rằng giống cá này lưng xanh, không có vảy, dài 5, 6 thước, ăn gỏi rất tốt, làm mắm để được lâu."
q2_3_4_page_478-0002,"Cá ngừ: hắc kỳ ngư, tục gọi cá ngừ."
q2_3_4_page_478-0003,"Gia Định thông chí chép là liên ngư, thịt có từng lớp như đoá hoa sen, không vảy, làm mắm rất ngon."
q2_3_4_page_478-0004,"Cá hồng: hồng ngư (theo Thông chí), Gia Định thông chí chép rằng, cá hồng ở rạng đá giữa biển, người làm nghề, cứ đến lúc mùa xuân, mùa hè tiếp nhau chuẩn bị lương ăn nửa tháng, chèo thuyền hướng về phía đông ra biển, chỗ ấy không có gì làm tiêu chí, chỉ theo ám ký của mình, nhận kỹ chỗ rạng đá để bỏ neo."
q2_3_4_page_478-0005,"Neo thì trước lấy dây neo buộc chặt đầu mỏ neo bằng gỗ, rồi đem thân dây buộc giáp vào lỗ của cán neo, sau dùng cái dây nhỏ buộc hờ lại mà thả xuống nước."
q2_3_4_page_478-0006,"Lúc về thì cố sức nhổ neo, cái dây buộc hờ tự khắc đứt, mà neo cất đầu lên, nếu không thể thì chạc neo mắc vào rạng đá, khó lòng gỡ được."
q2_3_4_page_478-0007,Khi neo đã vững thì thả câu.
q2_3_4_page_478-0008,"Giống cá này tính thích tĩnh mịch, thường ẩn núp ở cạnh mỏm đá ngầm, nếu thả câu xa mỏm đá thì cá không ra nếu thả câu đầu mỏm đá thi cá cũng không lên, phải giỏi nghề lặn mới được cá."
q2_3_4_page_478-0009,"Hễ được cá thì mổ luôn mà phơi khô, kiếm được đầy thuyền rồi trở về."
q2_3_4_page_478-0010,"Cá này tiêu thụ khắp nơi, được lời nhiều."
q2_3_4_page_478-0011,"Nhưng nếu gặp bão, thường bị trôi giạt đến nước khác."
q2_3_4_page_478-0012,"Nghề này rất khó nhọc, nguy hiểm, chỉ có cha con truyền lẫn cho nhau mới có thể làm được."
q2_3_4_page_478-0013,"Lại có một loại cá vay den, tuc goi ca hong viên, thịt rắn mà vô vi mau, nha chùa gọi là bồ tất ngư, đến tuần chay có người vẫn ăn cá này."
q2_3_4_page_478-0014,Năm Minh Mệnh thử 17 khắc hình tượng và Dụ đỉnh.
q2_3_4_page_478-0015,"Cá bo: hoàng tảng ngư, Bdn thảo gọi là hoàng thường ngư, có tên là hoàng loát ngư."
q2_3_4_page_478-0016,"Lý Thì Trân nói hoàng tảng ngư là cá không vảy, mang có hai Cá lờn bơn: tỷ mục ngư, Bản thảo gọi là điệp ngư, là vương dư ngư, là hài để ngư."
q2_3_4_page_478-0017,Nam việt chí chép là bản ngư.
q2_3_4_page_478-0018,Dị vật chí chép là nhược điệp ngư.
q2_3_4_page_479-0001,Đấy đều là dựa vào hình dáng con cá mà chép tên.
q2_3_4_page_479-0002,"Tục truyền Việt Vương ăn gỏi cá không hết, đem một nửa còn thừa đổ xuống sông, hoá ra cá, thành ra cá này, nên gọi là ""vương dư""."
q2_3_4_page_479-0003,"Bài tán cá lờn bơn của Quách Phác, đại ý nói: ""Cá tỉ mục tên riêng là vương dư, tuy có hai mảnh, thực ra chỉ là một con""."
q2_3_4_page_479-0004,"Sông nước các nơi đều có cá này; hình dáng như lá nách trâu, như đế giày phụ nữ, vảy nhỏ, sắc tía và trắng."
q2_3_4_page_479-0005,"Khi bơi, tất phải ghép hai mảnh lại với nhau mới bơi đi được, chỗ ghép nhau bằng và không vảy, miệng ở gần dưới bụng."
q2_3_4_page_479-0006,"Cá đao: đao ngư, trên đầu có xương dài, nanh sắc như dao như cưa, sắc xanh không vảy, có loại đẻ con."
q2_3_4_page_479-0007,"Tục truyền khi cá ông voi bơi đi, tất có một đôi cá đao đi trước để hộ vệ."
q2_3_4_page_479-0008,Đấy cũng là việc lạ.
q2_3_4_page_479-0009,"Cá khoai: sàn ngư, Gia định thông chí chép là nhuyễn ngư, thịt mềm nhũn, không vảy, có xương sống, răng sắc như răng cưa, thịt dùng nấu cháo lẫn với bột gạo hoặc làm phơi khô, đều ngon."
q2_3_4_page_479-0010,"Lưỡng hàng tạp lục chép rằng, sàn ngư thân mềm như miếng mỡ, vảy nhỏ, miệng rộng, răng nhiều, có tên nữa là sạn."
q2_3_4_page_479-0011,"Cá mối: lặc ngư, Bản thảo chép rằng: giống cá này có xương ngạnh đâm người nên gọi là lặc ngư."
q2_3_4_page_479-0012,"Hình dáng như tiền ngư (cá cháy), đầu bé, vảy nhỏ, dưới bụng có xương gai, trên đầu có xương hợp lại như hình mỏ hạc."
q2_3_4_page_479-0013,"Có công dụng khai vị và noãn trung, làm mắm ăn rất tốt."
q2_3_4_page_480-0001,"Cá chim trắng: bạch điểu ngư, Gia Định thông chí chép rằng giống cá này đầu như mỏ chim, thân vuông rộng mà dẹp mỏng, sắc trắng, không vảy, bay nhảy trên mặt nước, bề ngang đến hơn thước, vị ngon ngọt."
q2_3_4_page_480-0002,"Các tỉnh đều có, nhiều nhất là ở biển Đồng Ninh tỉnh Gia Định."
q2_3_4_page_480-0003,"Lại có một loại là hắc điểu ngư, thân đen, da xù xì, vị nhạt, chỗ nào cũng có."
q2_3_4_page_480-0004,"Cá mòi: mòi ngư (theo Tự điển), tục gọi cá mòi, hình hơi giẹp, nhiều xương dăm, chất béo, có mỡ trắng."
q2_3_4_page_480-0005,"Sông biển các tỉnh đều có, nhiều nhất là ở biển Bình Thuận."
q2_3_4_page_480-0006,"Tự điển dẫn Chính tư thông chép là hoàng hoa ngư; On hải chí chép là hoàng linh ngư, tức là cá đầu nhỏ, trên đầu cũng có sỏi."
q2_3_4_page_480-0007,"Cá ướp: ấp ngư, đầu có chẩm đá, lại có tên nữa là thạch đầu ngư, vảy nhỏ, thịt nhiều, vì dùng muối ướp nên gọi tên thế, béo ngon và nhiều mỡ, cũng chỉ Bình Thuận là có nhiều."
q2_3_4_page_480-0008,"Hán thư hoá thực chỉ chép rằng: ""Cá thai và cá ấp nặng hàng ngàn cân"", cá ấp tức là cá này."
q2_3_4_page_480-0009,"Cá bi: dư ngư (theo Thông chí), Gia Định thông chí chép thân giẹp, đầu bằng, bề ngang 2, 3 tấc, bề dài hơn 2 thước, nhiều xương dăm, không vảy."
q2_3_4_page_480-0010,"Bản thảo chép hình giẹp, vẩy nhỏ bụng béo, sắc trắng toát nhưng ăn nhiều sinh mụn lở."
q2_3_4_page_481-0001,"Cá bẹ: vị ngư, hình giẹp, nhiều xương dăm, thân dài, vảy lớn trắng như ngọc, vị béo ngon."
q2_3_4_page_482-0001,"Cá hố: điều ngư, hình dáng như dư ngư mà nhỏ, đầu nhọn, răng cưa; thân hẹp và dài như cái đai lưng."
q2_3_4_page_482-0002,"Cá cơm trắng: bạch mề ngư (vâng mệnh chép chữ Hán), hình mỏng, trắng như thiếc, đầu nhọn, xương mềm, vị ngon, phơi khô hoặc làm mắm đều được cả."
q2_3_4_page_482-0003,"Lại có một loại nhỏ, tục gọi cá cơm than."
q2_3_4_page_482-0004,"Cá bạc má: ngân tai ngư, sắc trắng, không vảy, rất ngon."
q2_3_4_page_482-0005,"Cá song: song ngư, vảy dài và xếp ngang, sắc như dao, vị cũng ngon."
q2_3_4_page_482-0006,"Cá bình thiên: bình thiên ngư, sắc trắng, không vảy, dài chừng một thước, thịt dày dặn, nhiều xương dăm, vị rất ngon."
q2_3_4_page_482-0007,"Cá nhã: nhã ngư, hình dáng như cá hồng, sắc hơi đen, vị rất thanh đạm, phần nhiều sản vào cuối mùa đông, người ta rất quý."
q2_3_4_page_482-0008,"Cá chuẩn: thanh đình ngư (theo Thông chí), ưng xanh, bụng trắng, có hai cánh, có thể bay trên mặt nước nên gọi tên thế."
q2_3_4_page_482-0009,"Giống cá này ở biển xa, người làm nghề phải đi một ngày một đêm mới đến nơi, cứ đến đêm họ đốt đuốc soi trên mặt nước, cá thấy ánh lửa liền nhảy vào thuyền, khi cá đầy thuyền thì chở về."
q2_3_4_page_482-0010,"Ngày trước, Thường Bác là sứ thần phương Bắc sang sứ Phù Nam, khi thuyền vào biển, thấy cá sắc xanh bay hàng đàn trên mặt nước, tức là cá này."
q2_3_4_page_482-0011,"Lại có một loại gọi là hải ngôi, tục gọi cá sổ."
q2_3_4_page_482-0012,Thực vật tiệp lục chép cá nằy có thể phơi khô hoặc ăn gỏi.
q2_3_4_page_482-0013,"Cá mú: hải đà ngư (vâng mệnh chép chữ Hán) hình dáng như cá bống mà lớn hơn, lưng tròn đến 3, 4 chét, dài vài thước, miệng rộng, đuôi nhỏ, thịt rắn vị nhạt."
q2_3_4_page_482-0014,"Cá lác: hải man lễ (theo Cương mục), đầu nhọn, sắc trắng, không vảy, nhiều xương dăm, dài chừng vài thước; lại có tên nữa là từ man lễ."
q2_3_4_page_482-0015,"Cá mực ống: nhu ngư, hình tròn, có tám sợi râu, thân dài 3, 4 tấc, ruột đen, có thể phơi khô."
q2_3_4_page_482-0016,"Chính tư thông chép rằng cá nhu giống cá ô tặc, không có xương, sản ở biển, người Việt rất quý."
q2_3_4_page_482-0017,Cá mực nang: ô tặc ngư.
q2_3_4_page_482-0018,"Nam việt ký chép rằng cá ô tặc thường nổi trên mặt nước, qua trông thấy tưởng là chết, đáp xuống để mổ, cá liền quặp lấy qua lặn xuống nước nên gọi là ô tặc ngư."
q2_3_4_page_482-0019,"Bản thảo chép là ô tặc, là mặc ngư, không vảy có râu dài, da và thịt sắc trắng, con lớn bằng cái quạt bổ quỳ, trên lưng có xương mai, hai đầu nhọn, gọi là hải phiêu tiêu."
q2_3_4_page_482_483-0001,"Tập vận trong Tự điển chép là ô và chua rằng tháng 9 rét, qua bay xuống nước hoá ra thứ cá nảy, biển, thấy cá sắc xanh bay hàng đàn trên mặt nước, tức là cá này."
q2_3_4_page_483-0001,"Lại có một loại gọi là hải ngôi, tục gọi cá sổ."
q2_3_4_page_483-0002,Thực vật tiệp lục chép cá nằy có thể phơi khô hoặc ăn gỏi.
q2_3_4_page_483-0003,"Cá mú: hải đà ngư (vâng mệnh chép chữ Hán) hình dáng như cá bống mà lớn hơn, lưng tròn đến 3, 4 chét, dài vài thước, miệng rộng, đuôi nhỏ, thịt rắn vị nhạt."
q2_3_4_page_483-0004,"Cá lác: hải man lễ (theo Cương mục), đầu nhọn, sắc trắng, không vảy, nhiều xương dăm, dài chừng vài thước; lại có tên nữa là từ man lễ."
q2_3_4_page_483-0005,"Cá mực ống: nhu ngư, hình tròn, có tám sợi râu, thân dài 3, 4 tấc, ruột đen, có thể phơi khô."
q2_3_4_page_483-0006,"Chính tư thông chép rằng cá nhu giống cá ô tặc, không có xương, sản ở biển, người Việt rất quý."
q2_3_4_page_483-0007,Cá mực nang: ô tặc ngư.
q2_3_4_page_483-0008,"Nam việt ký chép rằng cá ô tặc thường nổi trên mặt nước, qua trông thấy tưởng là chết, đáp xuống để mổ, cá liền quặp lấy qua lặn xuống nước nên gọi là ô tặc ngư."
q2_3_4_page_483-0009,"Bản thảo chép là ô tặc, là mặc ngư, không vảy có râu dài, da và thịt sắc trắng, con lớn bằng cái quạt bổ quỳ, trên lưng có xương mai, hai đầu nhọn, gọi là hải phiêu tiêu."
q2_3_4_page_483-0010,"Tập vận trong Tự điển chép là ô và chua rằng tháng 9 rét, qua bay xuống nước hoá ra thứ cá nảy."
q2_3_4_page_484-0001,"Cá phèn chỉ: thạch phàn ngư (theo Thông chí), sắc vàng và đổ, vảy nhỏ, vị ngon và thanh đạm; lại có một loại hoàng phàn ngư, tục gọi cá phèn đổng."
q2_3_4_page_484-0002,"Cá thiều: triệu ngư, sắc trắng, không vảy, thịt rắn mà thanh đam."
q2_3_4_page_484-0003,"Cá cút: Thuần ngư (vâng mệnh chép bằng chữ Hán), một thứ cá nhỏ ở biển, một bên đen, một bên trắng, hình dáng như cá lồn bơn, mà nhỏ hơn."
q2_3_4_page_484-0004,"Cá nóc: giang đồn, Bản thảo chép rằng, hình dáng như cá hải đồn mà nhỏ hơn."
q2_3_4_page_484-0005,"Theo nó lên xuống mặt nước, người đi thuyền nhận để xem tin gió; xương rắn, thịt béo, ăn không được ngon."
q2_3_4_page_484-0006,"Mỡ nó dùng thắp đèn, chiếu vào đám cỡ bạc thì sáng, chiếu vào chỗ đọc sách thì tối."
q2_3_4_page_484-0007,Tục truyền do con rái cá hoá ra.
q2_3_4_page_484-0008,"Cá đốc: hà đồn, Bản thảo gọi là xuy đổ ngư, bụng trắng, lưng có đường đỏ như vết ấn, đụng đến thì nó giận kêu lên, bụng căng lên như quả bóng; răng nó rất sắc, cắn người chảy máu."
q2_3_4_page_484-0009,"Gan nó có độc, ăn phải chết người."
q2_3_4_page_484-0010,Người đánh cá đánh được thì sợ độc mà vứt đi.
q2_3_4_page_484-0011,"Cá lổ ảo: phi ngư (theo Kính nguyên), cũng gọi là đào hoa ngư, đầu nhỏ, thân tròn như cá bống, không vảy, da sắc đỏ."
q2_3_4_page_485-0001,"Cá bổ nấu: ban tỉnh ngư (vâng mệnh chép bằng chữ Hán), đầu nhỏ, thân vuông, da nhiều vằng đen, thịt béo ngon."
q2_3_4_page_485-0002,"Cá khế: khế ngư, thân lớn mà giẹp, thịt rắn, vị ngon."
q2_3_4_page_485-0003,"Cá bánh xe: xa lun ngư (vâng mệnh chép tên chữ Hán), thân giẹp như bánh xe, thịt trắng vị ngon."
q2_3_4_page_485-0004,"Lại có một loại tục gọi là cá liệt, hình giẹp như bánh xe mà nhỏ, cũng về loại cá này."
q2_3_4_page_485-0005,"Cá nục: nục ngư, hình hơi tròn, thịt dày dặn, vị béo ngon, có hai loại, một loại đuôi có vảy rắn và một loại vảy không rắn, hải phận các tỉnh đều có, mà nhiều nhất là phủ Thừa Thiên."
q2_3_4_page_485-0006,"Cá mạo: mạo ngư, sắc trắng, vảy nhỏ, nhiều xương dăm, con lớn sắc cũng trắng, tục gọi cá chích, thịt cũng béo và ngon."
q2_3_4_page_485-0007,"Cá trà: trà ngư, sản ở đạo Quảng Trị, hải phận Tùng Luật có nhiều; cá nhỏ và giẹp, làm mắm rất ngon."
q2_3_4_page_485-0008,"Cá tích: tích ngư, lại có tên là phần ngư, tục gọi cá phần, cũng một loại mà tên gọi khác nhau."
q2_3_4_page_485-0009,"Con sứa: thủy mẫu (theo Cương mục), Bản thảo gọi là hải kính, là hải thiệt, là phần, một vật xuấn."
q2_3_4_page_485-0010,"Hình dáng như dạ dày dê, không có đầu mất, ruột gan, lớn bằng cái quạt, tôm hay bám vào để báo tin tức, sắc trắng nõn, con nào sắc hơi tía thì không ăn được."
q2_3_4_page_485-0011,Có loài tròn nhỏ như cái chén.
q2_3_4_page_485-0012,"Đều ngâm phèn và muối, tính ôn, ăn về mùa hè; sản ở biển, thì gọi là sứa, sản ở sông thì gọi là nuốt."
q2_3_4_page_485-0013,"Hải mã: Bản thảo chép hải mã thuộc về loài tôm, hình dáng như con ngựa nên gọi tên thế, đầu như đầu ngựa, thân như thân tôm, con cái sắc vàng, con đực sắc xanh, đàn bà đẻ khó thì cho cầm, sẽ dễ đẻ."
q2_3_4_page_485-0014,Tôm: chữ Hán là hà.
q2_3_4_page_485-0015,"Tự diễn dẫn Chính tự thông nói: con tôm thuộc loại thủy trùng, ăn ngon, khe đẫm sông biển chỗ nào cũng có; râu cứng, mũi rắn, lựng có từng đốt, đuôi có ngạnh, nhiều chân, hay nhảy, ruột óc liền nhau, trứng ở ngoài bụng."
q2_3_4_page_485-0016,"Bản thảo nói, khi bỏ vào nước sôi thì sắc đỏ như ráng, nên gọi là ""hà""; loài sản ở sông biển thì lớn mà sắc trắng, sản ở hồ ao thì nhỏ và sắc xanh."
q2_3_4_page_485-0017,"Tôm có nhiều loại, tôm gạo, tôm cám, là theo hình thể to nhỏ để gọi tên; tôm xanh, tôm trắng là theo màu sắc để gọi tên; tôm ao, tôm biển là theo chỗ sinh sản để gọi tên."
q2_3_4_page_485-0018,"Lại có một loại là tôm đỏ, râu nó có thể dùng làm trâm, thịt dùng làm gỏi rất ngon; lại có một loại gọi là tôm hùm, vỏ có văn hoa, nhiều gai, lớn bằng cổ tay, thịt ăn rất ngon, vỏ dùng treo làm đồ chơi; lại có loại tôm biển rất lớn."
q2_3_4_page_485_486-0001,"Nam hải tạp chí chép rằng: có một thuyền buôn đi biển, trông thấy hai cột gan, lớn bằng cái quạt, tôm hay bám vào để báo tin tức, sắc trắng nõn, con nào sắc hơi tía thì không ăn được."
q2_3_4_page_486-0001,Có loài tròn nhỏ như cái chén.
q2_3_4_page_486-0002,"Đều ngâm phèn và muối, tính ôn, ăn về mùa hè; sản ở biển, thì gọi là sứa, sản ở sông thì gọi là nuốt."
q2_3_4_page_486-0003,"Hải mã: Bản thảo chép hải mã thuộc về loài tôm, hình dáng như con ngựa nên gọi tên thế, đầu như đầu ngựa, thân như thân tôm, con cái sắc vàng, con đực sắc xanh, đàn bà đẻ khó thì cho cầm, sẽ dễ đẻ."
q2_3_4_page_486-0004,Tôm: chữ Hán là hà.
q2_3_4_page_486-0005,"Tự diễn dẫn Chính tự thông nói: con tôm thuộc loại thủy trùng, ăn ngon, khe đẫm sông biển chỗ nào cũng có; râu cứng, mũi rắn, lựng có từng đốt, đuôi có ngạnh, nhiều chân, hay nhảy, ruột óc liền nhau, trứng ở ngoài bụng."
q2_3_4_page_486-0006,"Bản thảo nói, khi bỏ vào nước sôi thì sắc đỏ như ráng, nên gọi là ""hà""; loài sản ở sông biển thì lớn mà sắc trắng, sản ở hồ ao thì nhỏ và sắc xanh."
q2_3_4_page_486-0007,"Tôm có nhiều loại, tôm gạo, tôm cám, là theo hình thể to nhỏ để gọi tên; tôm xanh, tôm trắng là theo màu sắc để gọi tên; tôm ao, tôm biển là theo chỗ sinh sản để gọi tên."
q2_3_4_page_486-0008,"Lại có một loại là tôm đỏ, râu nó có thể dùng làm trâm, thịt dùng làm gỏi rất ngon; lại có một loại gọi là tôm hùm, vỏ có văn hoa, nhiều gai, lớn bằng cổ tay, thịt ăn rất ngon, vỏ dùng treo làm đồ chơi; lại có loại tôm biển rất lớn."
q2_3_4_page_486_487-0001,"Nam hải tạp chí chép rằng: có một thuyền buôn đi biển, trông thấy hai cột buổm lay động trong làn sóng, cao đến hơn 10 trượng, ngờ là thuyền."
q2_3_4_page_487-0001,"Người trưởng lão trong thuyền nói đấy là con tôm biển, nhân trời tạnh phơi đôi râu đấy."
q2_3_4_page_487-0002,"Xét các loài cá tôm, tỉnh nào cũng có, nhưng nhiều và ngon ihì chỉ hải phận Thừa Thiên là hơn cả."
q2_3_4_page_487-0003,Các đầm và phá Hà Trung rất nhiều.
q2_3_4_page_487-0004,Các loại cá tôm kể trên từ cá ông voi các tỉnh đều có.
q2_3_4_page_487-0005,"Con rùa: thủy quy (theo Cương mục), Bản thảo chép là huyền y đốc bưu, sông ngòi chỗ nào cũng có, đẻ trứng, lúc nào cũng ấp, thở hơi bằng tai; con đực con cái giao cấu bằng đuôi, cũng có khi giao cấu với rắn."
q2_3_4_page_487-0006,Mai rùa có công dụng bổ âm và chữa bệnh ho.
q2_3_4_page_487-0007,Năm Minh Mệnh thứ 17 khắc hình tượng vào Chương đỉnh.
q2_3_4_page_487-0008,"Con trạnh: miết, Bản thảo chép là đoàn ngư, là hà bá tòng sự."
q2_3_4_page_487-0009,Bài nhã nói con trạnh đi rù rỡ mà khập khiễng.
q2_3_4_page_487-0010,Lại có một loại gọi là nguyên.
q2_3_4_page_487-0011,"Nhĩ nhã dực chép rằng, con nguyên giống con trạnh mà to, thân rộng hơn, có con đến 1, 2 trượng, đứng đầu các loại có mai, tục gọi con giải."
q2_3_4_page_487-0012,Năm Minh Mệnh thứ 17 khắc hình tượng vào Tuyên đỉnh.
q2_3_4_page_487-0013,"Gia Định thông chí chép rằng: miết có tên nữa là tư, đầu nhọn mà ở ria có thịt, tính hay cắn, vị béo và ngon, con nhỏ càng ngon lắm."
q2_3_4_page_487-0014,"Tục ngữ có câu ""rùa dùng cân, trạnh dùng lạng""."
q2_3_4_page_488-0001,"Ba ba: phong miết (theo Thông chí), mai có rìa mềm, hình thể khum khum như chỏm núi."
q2_3_4_page_488-0002,"Con cua: giải (theo Cương mục), Bản thảo dẫn lời Quách Phác gọi là hoành hành giới sĩ (giáp sĩ đi ngang), là vô trường công tử (công tử không ruột), con đực gọi là lang khải, con cái gọi là bác đái."
q2_3_4_page_488-0003,"Giải phả nói: con cua cấp chẽ lúa để dâng cua chúa, cũng giống vua tôi loài ong."
q2_3_4_page_488-0004,"Lại nói: cua bấy rất ngon, cua gạch là quý."
q2_3_4_page_488-0005,"Lại có một loại gọi là bành kỳ, tục gọi con vọ."
q2_3_4_page_488-0006,"Cổ kim chú chép rằng: con cua nhỏ sinh trong bùn lầy bãi bể, ăn đất, có tên là trường khanh, lại có tên là sa cẩu, tục gọi con còng, xây cát làm hang để ở."
q2_3_4_page_488-0007,"Rạm đồng: điền giải: những ruộng nước và sông ngòi chỗ nào cũng có, hay cấp hại lúa, người ta thường bắt để ăn."
q2_3_4_page_488-0008,"Bản thảo chép rằng, có công dụng liền gân, tiếp cốt, trừ độc và trị mụn lở."
q2_3_4_page_488-0009,"Lại có một loại rạm con ở biển, tục gọi rạm bè, hằng năm cứ sau ngày mồng 5 tháng 5 nổi ở bờ biển rất nhiều, vị ngon."
q2_3_4_page_488-0010,"Con sam: hậu, hải phận các tỉnh đều có, nhiều nhất là ở đầm Sam thuộc phủ Thừa Thiên."
q2_3_4_page_488-0011,"Nó có đặc tính biết tin gió, nên gọi là ""hậu""."
q2_3_4_page_488-0012,"Con đực, con cái theo nhau, con đực không có mắt, phải dựa vào con cái mới bơi đi được, khi vượt biển thì cống nhau theo gió bơi đi, tục gọi buồm sam, lại gọi bè sam."
q2_3_4_page_488-0013,"Quảng Đông tân ngữ nói: giống sam chứa con đầy cả bụng, cua biển đều do giống sam đẻ ra, sam đẻ 10 con, thì 9 con là cua, 1 con là sam; nếu không do con sam, mà tự cua đẻ ra con thì con lại khác."
q2_3_4_page_488-0014,Năm Minh Mệnh thứ 17 khắc hình tượng vào Tuyên đỉnh.
q2_3_4_page_488-0015,"Con hàu: mầu lệ, Bản thảo gọi là cổ phần trùng, giống hầu sống bám vào đá, chồng chất với nhau như tổ ong, nên có tên nữa là lệ phòng."
q2_3_4_page_488-0016,"Lúc mới chỉ to bằng năm tay, sau dài đến 1, 2 trượng, lô nhô như núi, tục gọi núi hầu, phải đục ra để lấy."
q2_3_4_page_488-0017,"Vị ngọt ngon, làm mắm cũng tốt."
q2_3_4_page_488-0018,Ven biển các tỉnh đều có.
q2_3_4_page_488-0019,"Con ngao: bạng cáp, chủng loại rất nhiều, sông biển các tỉnh đều có."
q2_3_4_page_488-0020,"Xét bạng và cáp cùng một loại mà hình dáng khác nhau, con dài gọi chung là bạng, con tròn gọi chung là cáp; thịt ăn được, vỏ có thể nung vôi, tục gọi vôi hàu."
q2_3_4_page_488-0021,Lại hạt châu do giống trai sinh ra ở đầm Sam.
q2_3_4_page_488-0022,"Khoảng đời Minh Mệnh sai người lặn xuống đầm tìm hạt châu, nhưng ngọc còn non, nên sau lại thôi."
q2_3_4_page_488-0023,Năm thứ 17 khắc hình tượng vào Thuận đỉnh.
q2_3_4_page_489-0001,"Con sò: khôi cáp, Bản thảo gọi là ngõa ốc tử, là ngõa lũng tử."
q2_3_4_page_489-0002,"Gia Định thông chí chép rằng: sò huyết ở biển nhiều bùn lây, tròn như cái chén rượu, lô nhô cắm trong cát, chỗ nông chỗ sâu, thành từng hàng; vi rất thơm ngon, cửa biển Tư Hiền và cửa biển Thuận An phủ Thừa Thiên đều có."
q2_3_4_page_489-0003,Năm Minh Mệnh thứ 17 khắc hình tượng vào Du đỉnh.
q2_3_4_page_489-0004,"Lại có một loại gọi là thạch hoa, cũng thuộc loài sò; một loại nữa gọi là trình (theo tên trong Thực vật tạp lục), tục gọt cdi trùng trục, có công dụng chữa bệnh sản hậu và chứng gầy còm."
q2_3_4_page_489-0005,"Con điệp: hải nguyệt, hình dáng như mặt gương tròn, sắc trắng trụ thịt như đầu trầm, vị tươi ngon."
q2_3_4_page_489-0006,"Bản thảo chép là ngọc diêu, là giang diêu, là mã cảnh, là mã giáp."
q2_3_4_page_489-0007,"Có công dụng lợi ngũ tạng và bớt tiểu tiện, ăn kèm với gừng sống và tương."
q2_3_4_page_489-0008,"Con vẹm: mã đao, Bản thảo gọi là mã cáp, là tề cáp, là bệ, là đơn mẫu, sinh trong bùn lầy, giống con trai mà nhỏ, hình hẹp và dài, chủng loại rất nhiều."
q2_3_4_page_489-0009,"Có công dụng chữa chứng thạch lâm, bệnh xích bạch 1ậu của phụ nữ."
q2_3_4_page_489-0010,"Ốc lồi: điền loa, có hai loại lớn và nhỏ, loại lớn gọi ốc bươu, loại nhỏ gọi ốc hút, sản ở ruộng nước và hồ ao."
q2_3_4_page_489-0011,"Bản thảo nói: thịt của nó gầy béo theo với tuần trăng khuyết, tròn."
q2_3_4_page_489-0012,"Có công dụng chữa chứng đau mất, tan được chứng kết trong bụng, trừ được bệnh trĩ, bệnh lở và tiêu phù thũng."
q2_3_4_page_489-0013,"Ốc bẹn: bối tử, Bản thảo gọi là oa bối xỉ, là bạch bối; lại có tên nữa là hải ba."
q2_3_4_page_489_490-0001,"Đời xưa dùng vỏ hàng; vi rất thơm ngon, cửa biển Tư Hiền và cửa biển Thuận An phủ Thừa Thiên đều có."
q2_3_4_page_490-0001,Năm Minh Mệnh thứ 17 khắc hình tượng vào Du đỉnh.
q2_3_4_page_490-0002,"Lại có một loại gọi là thạch hoa, cũng thuộc loài sò; một loại nữa gọi là trình (theo tên trong Thực vật tạp lục), tục gọt cdi trùng trục, có công dụng chữa bệnh sản hậu và chứng gầy còm."
q2_3_4_page_490-0003,"Con điệp: hải nguyệt, hình dáng như mặt gương tròn, sắc trắng trụ thịt như đầu trầm, vị tươi ngon."
q2_3_4_page_490-0004,"Bản thảo chép là ngọc diêu, là giang diêu, là mã cảnh, là mã giáp."
q2_3_4_page_490-0005,"Có công dụng lợi ngũ tạng và bớt tiểu tiện, ăn kèm với gừng sống và tương."
q2_3_4_page_490-0006,"Con vẹm: mã đao, Bản thảo gọi là mã cáp, là tề cáp, là bệ, là đơn mẫu, sinh trong bùn lầy, giống con trai mà nhỏ, hình hẹp và dài, chủng loại rất nhiều."
q2_3_4_page_490-0007,"Có công dụng chữa chứng thạch lâm, bệnh xích bạch 1ậu của phụ nữ."
q2_3_4_page_490-0008,"Ốc lồi: điền loa, có hai loại lớn và nhỏ, loại lớn gọi ốc bươu, loại nhỏ gọi ốc hút, sản ở ruộng nước và hồ ao."
q2_3_4_page_490-0009,"Bản thảo nói: thịt của nó gầy béo theo với tuần trăng khuyết, tròn."
q2_3_4_page_490-0010,"Có công dụng chữa chứng đau mất, tan được chứng kết trong bụng, trừ được bệnh trĩ, bệnh lở và tiêu phù thũng."
q2_3_4_page_490-0011,"Ốc bẹn: bối tử, Bản thảo gọi là oa bối xỉ, là bạch bối; lại có tên nữa là hải ba."
q2_3_4_page_490_491-0001,"Đời xưa dùng vỏ ốc làm hoá tệ để trao đổi, cứ lấy hai cái vỏ làm một đơn vị."
q2_3_4_page_491-0001,"Có công dụng chữa được màng mắt phủ, lợi tiểu tiện, trị lở loét và giải tên độc."
q2_3_4_page_491-0002,"Ốc vặn: loa sư, Bản thảo gọi là loa oa, vỏ sáng bóng gọi là vỏ nhãn."
q2_3_4_page_491-0003,"Ao hồ chỗ nào cũng có, lớn bằng đầu ngón tay mà dày vỏ hơn ốc lỗi."
q2_3_4_page_491-0004,"Mùa xuân người ta thường bắt luộc chín hút lấy thịt, nhưng sau tiết Thanh minh thì trong ruột có bọ, không nên ăn."
q2_3_4_page_491-0005,"Có công dụng làm sáng mất, lợi tiểu tiện, giải nhiệt và tiêu thủy thũng."
q2_3_4_page_491-0006,"Con hến: hiện, Bản thảo gọi là biển loa, chủng loại rất nhiều, có đặc tính biết được thời tiết mưa gió, dùng vỏ để bay."
q2_3_4_page_491-0007,"Tục truyền một con sông trước có hến, tự nhiên bay đi chỗ khác, người địa phương sợ mất mối lợi, sửa lễ cầu đảo, sau hến lại trở về."
q2_3_4_page_491-0008,Ấy giống vật nhỏ mọn mà cũng có linh tính như thế.
q2_3_4_page_491-0009,"Có công dụng khai vị, thông tia sữa, giải sốt nóng, làm sáng mắt và lợi tiểu tiện."
q2_3_4_page_491-0010,LOẠI CÔN TRÙNG
q2_3_4_page_491-0011,Con tầm: tầm nga (theo Cương mục).
q2_3_4_page_491-0012,"Sách Quý tân tạp chí chép rằng: con tầm ở trên lá dâu, ba lần ngủ, ba lần thức, 27 ngày tầm chín thì sắc đỏ, nên gọi là xích tầm."
q2_3_4_page_491-0013,"Nam phương thảo mộc trạng chép rằng tầm sản ở Nhật Nam, một năm 8 lứa kén; ở liền (giấy trứng tầm gọi là liền) là trứng, lột xác là nhộng."
q2_3_4_page_491-0014,"Bài nhã chép có một loại là xích quặc, có một tên nữa là lang túc, giống con tầm mà rất nhỏ, tục gọi sâu đo, khi đi phải co lưng lại mới tiến lên được, ăn lá cây, lúc già cũng nhả tơ làm tổ kén."
q2_3_4_page_491-0015,"Cựu thuyết nói, con sâu đo trong kén hoá thành con bướm, cũng như con nhộng hoá thành con ngài."
q2_3_4_page_491-0016,Sâu cước: dã tàm (theo Kính nguyên).
q2_3_4_page_491-0017,"Chính tự thông chép rằng: con sâu ở trên cây chương (1), đem ngâm vào giấm thanh cho chết, rút lấy gân trong bụng nó dài đến hơn một trượng, người ở Phúc Kiến dùng để khâu quạt bổ quỳ."
q2_3_4_page_491-0018,"Lại có thứ sâu ngũ hậu thanh ti trùng, sản ở Hoành Châu phủ Nam Ninh, ăn lá cây phong, cũng nhả ra tơ, sáng như dây đàn, có lẽ cũng thuộc loại này."
q2_3_4_page_491-0019,"Con ve: trách thiền, Bản thảo gọi là điều, là tề nữ; con tề tào biến mà thành con ve, đều chỉ sống 30 ngày thôi."
q2_3_4_page_491-0020,Thiên Nguyệt lệnh sách Lễ ký nói tháng trọng hạ con thiền bắt đầu kêu là nó.
q2_3_4_page_491-0021,Năm Minh Mệnh thứ 17 khắc hình tượng vào Anh đỉnh.
q2_3_4_page_491-0022,"Chuôn chuôn: thanh đình, Nhĩ nhã gọi là đinh hinh, là phụ lao; Bản thảo gọi là sa dương, con chuôn đỏ gọi là xích tốt."
q2_3_4_page_491_493-0001,"Bài nhã chép rằng: chuôn chuôn gặp mưa hay tụ tập bay trên mặt nước, lúc nào đuôi (1) Cây chương: ta thường gọi là cây sau sau, nó thẳng ra không nhúng xuống nước là đúng giờ ngọ thì tạnh mưa, nên gọi là đình."
q2_3_4_page_493-0001,"Bản thảo hội biên chép rằng chuồn chuồn là do con bọ nước hoá ra, sau khi đã hoá ra chuồn chuồn, giao cấu với nhau lại để trứng bám vào vật khác ở trên mặt nước, rồi lại nở ra bọ nước."
q2_3_4_page_493-0002,Yết ong: tục gọi con tò vò.
q2_3_4_page_493-0003,"Bản thảo chép là thổ phong, là tế yêu phong, là quả loã, là bồ lô, sắc đen, lưng rất nhỏ, thường lấy đất nát làm tổ ở nhà người ta, bền cạnh các đồ dùng."
q2_3_4_page_493-0004,"Trứng của nó như hạt thóc lớn, nó để trứng vào trong tổ, sau đó đi bắt con nhện ở trên ngọn cỏ chứa đầy tổ, rồi dùng đất nát bịt cửa lại để dành làm thức ăn cho con sau này."
q2_3_4_page_493-0005,"Mao thi nói: ""Minh linh chi tử, quả loã phủ chi"" (Tò vò nuôi con nhện) tức là thế."
q2_3_4_page_493-0006,"Có thuyết cho rằng ""Tò vò không có con, nó bắt lấy con sâu xanh, huấn luyện tô điểm biến thành con mình"", nói như thế là lầm."
q2_3_4_page_493-0007,"Con ong: phong, Bài nhã gọi là mại, nọc độc ở đuôi, mút đuôi rủ xuống như mũi nhọn, nên gọi là phong."
q2_3_4_page_493-0008,"Bản thảo chép rằng ong có ba loại, dã phong (ong rừng), gia phong (ong nhà) và thạch phong (ong đá)."
q2_3_4_page_493-0009,"Chúng ở hàng đàn, có ong chúa lớn hơn ong quân, mà sắc xanh biếc, theo thủy triều mà lên xuống; con đực đuôi nhọn, con cái đuôi chẻ làm hai."
q2_3_4_page_493-0010,"Khi mút hoa thì dùng vòi thay mũi, khi hái hoa thì cặp vào vế đùi, khi được hoa quý thì đội trên đầu đem về dâng chúa."
q2_3_4_page_494-0001,"Sách Hoá thư nói: ""Loài ong biết lễ vua tôi"", tức là nghĩa này."
q2_3_4_page_494-0002,Mật của nó gọi là bách hoa cao.
q2_3_4_page_494-0003,"Sâu đậu: ban mâu, Bản thảo gọi là ban miêu, chỗ nào cũng có, tức là con sâu ở trên lá cây đậu."
q2_3_4_page_494-0004,Có công dựng chữa lở ghẻ và đồ mụn nhọt độc.
q2_3_4_page_494-0005,"Con ruổi: đăng, Nông chính toàn thư chép rằng tháng 6 không có ruổi, thì lúa mới được phong đăng giá gạo bình thường."
q2_3_4_page_494-0006,"Tục cho rằng loài ruổi là do khí độc tích lũy, năm nào có khí độc tất sinh nhiều ruổi."
q2_3_4_page_494-0007,"Con nhện: tri thù, tục gọi là hỷ tử, khi nó đến đầu vào áo người ta thì hẳn có khách thân đến."
q2_3_4_page_494-0008,"Có một loại nhện lớn, dưới bụng ôm ổ trứng, sắc trắng bằng đồng tiền, gọi là bích tiền (tiền ở vách)."
q2_3_4_page_494-0009,Có thể trị chứng cam ung.
q2_3_4_page_494-0010,"Con bọ ngựa: đường lạng, có thể trị chứng trẻ con động kinh."
q2_3_4_page_494-0011,"Lại có tên ngựa trời, tổ nó làm ở cành dâu."
q2_3_4_page_494-0012,Có thể trị đau lưng và bế kinh.
q2_3_4_page_494-0013,"Lại có một loài là do tử, tục gọi con châu chấu."
q2_3_4_page_494-0014,"Con kiến: nghĩ, Bản thảo gọi là huyền câu, giống kiến lớn là tỳ phù, trứng có thể dùng làm tương; lại có một loại bạch nghị, tục gọi con mối."
q2_3_4_page_494-0015,"Con lãi đất: tề tào, Bản thảo gọi là nhũ tề, là địa tàm, phần nhiều sinh ở gốc cây và trong đất bẩn do khí thấp nhiệt sinh ra."
q2_3_4_page_494-0016,"Có công dụng thông tia sữa, lại có trừ được màng mắt."
q2_3_4_page_494-0017,"Con giun mâyt): hồ đằng tử (vâng mệnh chép sở nói du tê tức sâu yết ở trong cây go, Sac tra na dài, cho nên thi nhân dùng để vi với cổ người phụ nữ; thơ Thạc nhân trong sách Mao thi nói ""Lãnh (cổ) như du tế"", tức là nghĩa ấy."
q2_3_4_page_494-0018,"Bản thảo chéprằng sâu du tê ăn ruột gỗ, đục như dao khoét, thân dài chân vắn, miệng đen, không có lông."
q2_3_4_page_494-0019,"Hàng năm đến tiết xuân vũ thì hoá thành con thiên ngưu, tục gọi con nghiến tốc."
q2_3_4_page_494-0020,"Lại có một tên nữa là thiên thủy ngưu, có hai sừng giống con trâu, nên gọi tên thế."
q2_3_4_page_494-0021,Trách thiên: tục gọi con ve.
q2_3_4_page_494-0022,"Bản thảo chép là điêu, là té nữ, do con té tào biến thành, cũng có con tự hoá thành; đều chỉ sống được 30 ngày là chết."
q2_3_4_page_494-0023,Năm thứ 17 khắc hình tượng vào Anh đỉnh.
q2_3_4_page_494-0024,"Con đế: tất suất, Bản thảo chép là lấn phụ, là vương tôn, là sa kê, là cô lâu."
q2_3_4_page_494-0025,"Xét tất suất có ba loại hình lớn bằng ngón tay giữa, sắc vàng, gọi là dế đương-Hồ gia tử tức là con đương, là thứ sâu ở ngọn cây dừa nước."
q2_3_4_page_494_495-0001,"(1) Tức là con sâu ở trong cây mây, giống như con sâu dâu, hay con do khí thấp nhiệt sinh ra."
q2_3_4_page_495-0001,"Có công dụng thông tia sữa, lại có trừ được màng mắt."
q2_3_4_page_495-0002,"Con giun mâyt): hồ đằng tử (vâng mệnh chép sở nói du tê tức sâu yết ở trong cây go, Sac tra na dài, cho nên thi nhân dùng để vi với cổ người phụ nữ; thơ Thạc nhân trong sách Mao thi nói ""Lãnh (cổ) như du tế"", tức là nghĩa ấy."
q2_3_4_page_495-0003,"Bản thảo chéprằng sâu du tê ăn ruột gỗ, đục như dao khoét, thân dài chân vắn, miệng đen, không có lông."
q2_3_4_page_495-0004,"Hàng năm đến tiết xuân vũ thì hoá thành con thiên ngưu, tục gọi con nghiến tốc."
q2_3_4_page_495-0005,"Lại có một tên nữa là thiên thủy ngưu, có hai sừng giống con trâu, nên gọi tên thế."
q2_3_4_page_495-0006,Trách thiên: tục gọi con ve.
q2_3_4_page_495-0007,"Bản thảo chép là điêu, là té nữ, do con té tào biến thành, cũng có con tự hoá thành; đều chỉ sống được 30 ngày là chết."
q2_3_4_page_495-0008,Năm thứ 17 khắc hình tượng vào Anh đỉnh.
q2_3_4_page_495-0009,"Con đế: tất suất, Bản thảo chép là lấn phụ, là vương tôn, là sa kê, là cô lâu."
q2_3_4_page_495-0010,"Xét tất suất có ba loại hình lớn bằng ngón tay giữa, sắc vàng, gọi là dế đương-Hồ gia tử tức là con đương, là thứ sâu ở ngọn cây dừa nước."
q2_3_4_page_495_496-0001,"(1) Tức là con sâu ở trong cây mây, giống như con sâu dâu, hay con cơm, lớn bằng đầu ngón tay út, sắc than nhợt gọi là dế dũi, nhỏ bằng đầu đũa, sắc mỡ mỡ gọi là dế tro."
q2_3_4_page_496-0001,"Con đom đóm: huỳnh hỏa, Bản thảo chép là dạ quang, là tiêu chúc, là cảnh thiên."
q2_3_4_page_496-0002,"Thiên Nguyệt lệnh sách Lễ ký chép rằng: ""tháng quý hạ, cổ mục hoá ra đom đóm"", tức là con này."
q2_3_4_page_496-0003,"Con yêu đuổi: y ngư, Bản thảo chép là bạch ngư, là đố ngư (1)."
q2_3_4_page_496-0004,Có công dụng chữa được màng mắt.
q2_3_4_page_496-0005,"Con mòng: phi manh, hình dáng như con nhặng to, có thể hút máu trâu ngựa."
q2_3_4_page_496-0006,Có công dụng chữa chứng chứng hà tích khối.
q2_3_4_page_496-0007,"Con gián: du trùng (vâng mệnh chép tên chữ Hán), ruột nó có công dụng chữa chứng đau mắt."
q2_3_4_page_496-0008,"Lại có một loại gọi là gián đất, có công dụng chữa chứng bế tiểu tiện."
q2_3_4_page_496-0009,"Con vờ: phù du (theo Cương mục), Nhĩ nhã chép là cử lược, hình dáng giống con bọ hung, thân hẹp mà dài, có sừng, sắc vàng và đen, sản trong đất bẩn, buổi sáng sinh, buổi chiều chết, lợn thích ăn giống này."
q2_3_4_page_496-0010,"Thiên Tào phong trong Kinh Thi chép ""Phù du chi vũ"", tức là giống này."
q2_3_4_page_496-0011,"Lục Cơ nói: phù du giống loại giáp trùng, mùa hè gặp mưa thì nó ở dưới đất bay ra, người ta bắt lấy, nướng ăn, vị ngon như con ve."
q2_3_4_page_496-0012,(1) Tức là con nhậy.
q2_3_4_page_497-0001,"Bọ hung: khương lượng, Bản thảo gọi là thôi hoàn, là thôi xa khách, là thiết giáp tướng quân."
q2_3_4_page_497-0002,"Có công dụng chữa chứng điên, đổ mụn độc; nếu bị tên độc bắn vào tận xương thì trộn lẫn bọ hung với bã đậu sao vàng giã nhỏ, rổi đổ vào chỗ bị thương."
q2_3_4_page_497-0003,Con muỗi: chữ Hán là văn.
q2_3_4_page_497-0004,Hạ tiểu chính chú rằng: bạch điểu là con muỗi.
q2_3_4_page_497-0005,"Bài nhã dẫn lời tục truyền rằng muỗi có buổi chợ tối, ruôi hợp chợ về sáng, muỗi hợp chợ về tối."
q2_3_4_page_497-0006,"Con cóc: thiểm thừ, phần nhiều ở chỗ ẩm thấp trong nhà."
q2_3_4_page_497-0007,"Có công dụng chữa mụn độc, chó dại, đốt thành than đổ vào chỗ lở loét liền khỏi."
q2_3_4_page_497-0008,"Con nhái: hà mô, Bản thảo chép rằng thân nhỏ hay nhảy, con lớn gọi là điền phụ."
q2_3_4_page_497-0009,"Có đặc tính nhớ đất ở cũ, nếu bắt nó bỏ ra một chỗ xa, một ngày kia lại thấy nó trở về chỗ cũ."
q2_3_4_page_497-0010,"Có công dụng chữa bệnh ung thũng, trị mụn lở độc, con nó có tục gọi là nòng nọc."
q2_3_4_page_497-0011,"Bản thảo chép là khoa đẩu, là hoạt động, đầu tròn to mà đuôi nhỏ."
q2_3_4_page_497-0012,"Con éch: chữ Hán là oa, Bản thảo chép là trường cổ, là điền kê."
q2_3_4_page_497-0013,"Thiên Nguyệt lệnh sách Lễ ký chép rằng: ""Tháng 4, con lâu quốc kêu"", và chua rằng lâu quốc tức con éch."
q2_3_4_page_497_498-0001,"Nhà làm ruộng thường nhận tiếng kêu của nó sớm hay muộn, to hay nhỏ, để nghiệm năm được mùa hay mất mùa cho nên thơ của Chương Hiếu Tiêu nhà Đường có câu: ""Điền gia vô ngũ hành thủy hạn bốc oa thanh "" (nhà nông không biết ngũ hành, mưa nắng nghiệm vào tiếng ếch)."
q2_3_4_page_498-0001,"Ếch cũng có thể hoá thành chim Con giun: khưu dẫn, Bản thảo gọi là thổ long là ca nữ."
q2_3_4_page_498-0002,"Thiên Nguyệt lệnh sách Lễ ký chép: ""Tháng mạnh hạ, giun bò ra, tháng trọng đông, giun xuống lỗ"", tức là giống này."
q2_3_4_page_498-0003,"Có công dụng chữa ôn dịch bệnh phát cuồng, bệnh phong thấp và lở sơn."
q2_3_4_page_498-0004,Làm thuốc dùng giun khoang cổ thì tốt.
q2_3_4_page_498-0005,"Con rết: ngô công, Bản thảo gọi là thiện long sách Phát mông ky của Thúc Tích nhà Tấn nói: ngô công là rượu của gà, vì gà ăn rết thì say."
q2_3_4_page_498-0006,Có công dụng chữa chứng xà đầu thũng.
q2_3_4_page_498-0007,"Lại có một loại giống con cù cừu, tục gọi con giời."
q2_3_4_page_498-0008,"Ngữ tạp trở chép ring con giời hình dáng giống con rết, nhiều chân mà nhỏ, sắc vàng, nước đái của nó có nọc độc, nó đái vào người sẽ thành mụn lở."
q2_3_4_page_498-0009,"Lại một loại nữa là huyền, tục gọi là con cuốn chiếu, Sơn đường tứ khảo gọi là thư cừ, là thương cự, thân có từng đốt, đốt có vết nhỏ, cũng thuộc loại bách túc trùng."
q2_3_4_page_498-0010,"Con ốc sên: chữ Hán là oa ngưu, Bdn thảo gọi là diên do loa, khi đội vỏ bò đi thì đầu thò ra, khi sợ hãi thì đầu rut vào trong vỏ."
q2_3_4_page_499-0001,"Con cà cuống: quế đố (theo Loại ngữ), lại có một tên nữa là bát thủy trùng, phần nhiều sản ở ruộng sâu."
q2_3_4_page_499-0002,"Kính xét lời chú trong bài thơ ""Vịnh quế đố"" của Minh Mệnh thánh chế nói rằng, giống trùng này sản ở ruộng nước, có sáu chân, cánh như cánh con ve, có thể bay được nhưng không bay được xa, hay lặn nước, giống con xạ công, có thể nướng ăn được, dùng để tra vào thức ăn, có vị thơm, nên gọi quế đố."
q2_3_4_page_499-0003,"Đời Hán Văn Đế, Triệu Đà thường đem cống, tức là con này."
q2_3_4_page_499-0004,Năm Minh Mệnh thứ 17 khắc hình tượng và Huyền đỉnh.
q2_3_4_page_499-0005,"Con rươi: hòa trùng, lại có tên là hỏa trùng."
q2_3_4_page_499-0006,"Hình dáng như con rết mà nhỏ, sắc xanh, sản ở huyện Phú Vang, ruộng ở gần nước mặn đều có, mà nhiều nhất là từ tỉnh Quảng Bình trở ra Bắc."
